==========================================================
Starting on g006
Time is Mon Mar 16 12:09:49 PM EDT 2026
SLURM_JOB_ID: 2181063
Node type: GPU
Running command: python train_semi-supervised.py
==========================================================
Python path: /projects/weilab/liupeng/conda/envs/ssl_seg/bin/python
Micromamba environment: ssl_seg
JUST_RUNTIME_DIR set to: /home/liupen/.just_runtime
{'exp': 'cond_mode_film_began_semi2000_con4000', 'method': 'C3PS', 'train_3D': True, 'backbone': 'unet_3D_old', 'backbone2': 'unet_3D_condtion_decoder', 'dataset_name': 'BTCV', 'gpu': '0', 'continue_wandb': False, 'continue_training': False, 'wandb_id': '2jkdqxmi', 'model_checkpoint': '/projects/weilab/liupeng/semi-seg/model/LA_8_CCRPS_test_SGD_SGD/unet_3D_old/model1_iter_17600_dice_0.9036.pth', 'model2_checkpoint': '/projects/weilab/liupeng/semi-seg/model/LA_8_CCRPS_test_SGD_SGD/unet_3D_old/model2_iter_17600_dice_0.9036.pth', 'current_iter_num': 17600, 'began_semi_iter': 2000, 'began_condition_iter': 4000, 'began_eval_iter': 2000, 'val_freq': 400, 'val_sample_num': 4, 'condition_eval_batch_size': 2, 'save_checkpoint_freq': 200, 'max_iterations': 20000, 'iters_per_epoch': 100, 'num_epochs': 500, 'use_CAC': True, 'use_PL': False, 'deterministic': 1, 'initial_lr': 0.01, 'initial2_lr': 0.01, 'optimizer_type': 'SGD', 'optimizer2_type': 'SGD', 'model1_thresh': 0.9, 'model2_thresh': 0.95, 'seed': 1337, 'ema_decay': 0.99, 'consistency_type': 'mse', 'consistency': 0.1, 'consistency_rampup': 200.0, 'weight_decay': 1e-05, 'lr_scheduler_patience': 30, 'lr_scheduler_eps': 0.001, 'show_img_freq': 1000, 'train_log_interval': 20, 'dataloader_num_workers': 8, 'dataloader_prefetch_factor': 2, 'dataloader_persistent_workers': True, 'dataloader_pin_memory': True, 'sam': {'use_sam_refinement': False, 'sam_backend': 'medsam', 'sam_checkpoint': './pretrained/medsam_vit_b.pth', 'sam_model_type': 'vit_b', 'auto_download': True, 'download_url': 'https://drive.google.com/uc?id=1ARiB5RkSsWmAB_8mqWnwkjHVy46vzkhR', 'sam_refine_interval': 20, 'use_multiplanar': True, 'use_propagation': False, 'min_component_area': 100, 'bbox_expand_ratio': 0.05, 'max_expansion_ratio': 1.5, 'feature_layer': '', 'visualize_refine': True, 'visualize_interval': 20, 'visualize_case_index': 0, 'visualize_slice_strategy': 'max_change', 'save_compare_npz': True, 'confidence_alpha': 0.5, 'confidence_temperature': 1.0, 'spatial_smooth_sigma': 2.0, 'use_fn_recovery': False, 'fn_recovery_start_epoch': 50, 'fn_recovery_interval': 100, 'fn_iou_threshold': 0.1, 'fn_similarity_threshold': 0.7, 'fn_consistency_slices': 3, 'prototype_update_interval': 5, 'sam_points_per_side': 32, 'sam_pred_iou_thresh': 0.86}, 'METHOD': {'ICT': {'ict_alpha': 0.2}, 'MT': None, 'UAMT': None, 'CPS': None, 'DAN': None, 'EM': None, 'Baseline': None, 'URPC': None, 'C3PS': {'stride': 2, 'iou_bound_low': 0.1, 'iou_bound_high': 0.9, 'con_list': [1, 2, 3, 4, 5, 6, 7, 8, 9, 10, 11, 12, 13], 'addition_con_list': [], 'condition_mode': 'film', 'embed_dim': 8, 'cond_dim': 32}, 'ConNet': {'stride': 2, 'iou_bound_low': 0.1, 'iou_bound_high': 0.9, 'con_list': [1, 2, 3, 4, 5, 6, 7], 'addition_con_list': [8], 'condition_mode': 'concat', 'embed_dim': 8, 'cond_dim': 32}, 'McNet': None, 'CVCL': {'stride': 8, 'step_save': 2, 'iou_bound_low': 0.1, 'iou_bound_high': 0.9, 'con_list': [1, 2, 3, 4, 5, 6, 7], 'addition_con_list': [8], 'threshold': 0.5}, 'CVCL_partial': {'stride': 8, 'step_save': 2, 'iou_bound_low': 0.1, 'iou_bound_high': 0.9, 'con_list': [1, 2, 3, 4, 5], 'addition_con_list': [8], 'threshold': 0.5, 'began_partial': 4000}, 'CSSR': {'stride': 2, 'iou_bound_low': 0.1, 'iou_bound_high': 1.01, 'patch_size_large': [128, 256, 256]}, 'CTCT': {'cache_mode': 'part', 'zip': True, 'accumulation_steps': None, 'use_checkpoint': False, 'amp_opt_level': 'O1', 'tag': None, 'eval': False, 'throughput': False}, 'CAML': None}, 'DATASET': {'labeled_num': 5, 'labeled_num_pl': 60, 'labeled_bs': 1, 'batch_size': 2, 'patch_size': [96, 160, 160], 'cutout': True, 'rotate_trans': True, 'scale_trans': True, 'random_rotflip': False, 'edge_prob': 0.1, 'normalization': 'Zscore', 'LA': {'num_classes': 2, 'class_name_list': ['LA'], 'weights': [1.0], 'train_list': '/projects/weilab/liupeng/dataset/ssl_seg/LA/TrainingSet/LA_train.txt', 'train_list_pl': '/projects/weilab/liupeng/dataset/ssl_seg/LA/test.txt', 'test_list': '/projects/weilab/liupeng/dataset/ssl_seg/LA/TrainingSet/LA_test.txt', 'training_data_num': 80, 'testing_data_num': 20, 'cut_upper': 300, 'cut_lower': -200}, 'MMWHS': {'num_classes': 8, 'class_name_list': ['MYO', 'LA', 'LV', 'RA', 'AA', 'PA', 'RV', 'Foreground'], 'weights': [1.0, 1.0, 1.0, 1.0, 1.0, 1.0, 1.0], 'train_list': '/projects/weilab/liupeng/dataset/ssl_seg/Task012_Heart/MMWHS_train.txt', 'train_list_pl': '../data/Pancreas/pancreas_test.txt', 'test_list': '/projects/weilab/liupeng/dataset/ssl_seg/Task012_Heart/MMWHS_test.txt', 'training_data_num': 14, 'testing_data_num': 6, 'cut_upper': 300, 'cut_lower': -200}, 'MMWHS_MR': {'num_classes': 8, 'train_list': '../data/MMWHS_MR/train.txt', 'test_list': '../data/MMWHS_MR/test.txt', 'training_data_num': 14, 'testing_data_num': 6, 'cut_upper': 1000, 'cut_lower': -1000}, 'BCV': {'num_classes': 6, 'class_name_list': ['Spleen', 'Right_Kidney', 'Left_Kidney', 'Liver', 'Pancreas', 'Foreground'], 'weights': [1.0, 1.0, 1.0, 1.0, 1.0], 'train_list': '/projects/weilab/liupeng/dataset/ssl_seg/Task11_BCV/train.txt', 'train_list_pl': '/projects/weilab/liupeng/dataset/ssl_seg/Pancreas/pancreas_test.txt', 'test_list': '/projects/weilab/liupeng/dataset/ssl_seg/Task11_BCV/test.txt', 'training_data_num': 24, 'testing_data_num': 6, 'cut_upper': 275, 'cut_lower': -125}, 'BTCV': {'num_classes': 14, 'class_name_list': ['Spleen', 'Right_Kidney', 'Left_Kidney', 'Gallbladder', 'Esophagus', 'Liver', 'Stomach', 'Aorta', 'Inferior_Vena_Cava', 'Portal_Vein_And_Splenic_Vein', 'Pancreas', 'Right_Adrenal_Gland', 'Left_Adrenal_Gland', 'Foreground'], 'weights': [1, 1, 1, 1, 1, 1, 1, 1, 1, 1, 1, 1, 1], 'train_list': '/projects/weilab/liupeng/dataset/ssl_seg/BTCV/Training_resampled_1.5_1.5_2.0_npy_zscore/train.txt', 'train_list_pl': '/projects/weilab/liupeng/dataset/ssl_seg/BTCV/Training_resampled_1.5_1.5_2.0_npy_zscore/test.txt', 'test_list': '/projects/weilab/liupeng/dataset/ssl_seg/BTCV/Training_resampled_1.5_1.5_2.0_npy_zscore/test.txt', 'training_data_num': 18, 'testing_data_num': 12, 'cut_upper': 275, 'cut_lower': -125}, 'FLARE': {'num_classes': 5, 'weights': [1.0, 1.0, 1.0, 1.0], 'class_name_list': ['Liver', 'Kidney', 'Spleen', 'Pancreas', 'Foreground'], 'train_list': '../data/AbdomenCT-1K/Flare_train.txt', 'test_list': '../data/AbdomenCT-1K/Flare_test.txt', 'train_list_pl': '../data/Pancreas/pancreas_test.txt', 'training_data_num': 200, 'testing_data_num': 161, 'cut_upper': 275, 'cut_lower': -125}, 'FLARE_FR': {'num_classes': 5, 'weights': [1.0, 1.0, 1.0, 1.0], 'class_name_list': ['Liver', 'Kidney', 'Spleen', 'Pancreas', 'Foreground'], 'train_list': '../data/AbdomenCT-1K/Flare_train_fullres.txt', 'test_list': '../data/AbdomenCT-1K/Flare_test_fullres.txt', 'train_list_pl': '../data/Pancreas/pancreas_test.txt', 'training_data_num': 200, 'testing_data_num': 161, 'cut_upper': 275, 'cut_lower': -125}, 'FLARE_MR': {'num_classes': 5, 'weights': [1.0, 1.0, 1.0, 1.0], 'class_name_list': ['Liver', 'Kidney', 'Spleen', 'Pancreas', 'Foreground'], 'train_list': '../data/AbdomenCT-1K/Flare_train_midres.txt', 'test_list': '../data/AbdomenCT-1K/Flare_test_midres.txt', 'train_list_pl': '../data/Pancreas/pancreas_test.txt', 'training_data_num': 200, 'testing_data_num': 161, 'cut_upper': 275, 'cut_lower': -125}}, 'model': {'name': 'Semi3DUNet', 'in_channels': 1, 'out_channels': 8, 'layer_order': 'gcr', 'f_maps': 16, 'num_levels': 5, 'num_groups': 8, 'final_sigmoid': False, 'is_segmentation': True}}
Using class DATASETSEMI **********
total img:18
lower:-125,upper:275
do affine:True, do cutout:True
condition list:[1, 2, 3, 4, 5, 6, 7, 8, 9, 10, 11, 12, 13]
Using class DATASETSEMI **********
C3PS fixed-epoch mode: 100 iters/epoch x 500 epochs => max_iterations=50000
================> Training C3PS<===============
iteration 1 :model1 loss : 1.987080model2 loss : 0.694450pseudo_supervision1 : 0.000000pseudo_supervision2 : 0.000000
iteration 20 :model1 loss : 1.257685model2 loss : 0.285593pseudo_supervision1 : 0.000000pseudo_supervision2 : 0.000000
began evaluation!
iteration 20: validation sampled 4/12 cases
Total test images: 4
Validation begin
Validation end
avg metric shape: (13, 3)
save model to ../model/BTCV_5_C3PS_cond_mode_film_began_semi2000_con4000_SGD_SGD/unet_3D_old/iter_20_dice_0.0348
iteration 20 : model_dice_score : 0.034770 model_hd95 : 0.000000
began evaluation!
Total test images: 4
Validation begin
===>test image:/projects/weilab/liupeng/dataset/ssl_seg/BTCV/Training_resampled_1.5_1.5_2.0_npy_zscore/img/img0004.npy
condition batch eval, img shape:(210, 203, 203), sx:3, sy:2, sz:2, num_conditions:2
condition:1, metric:[0. 0. 0.]
condition:2, metric:[0. 0. 0.]
condition batch eval, img shape:(210, 203, 203), sx:3, sy:2, sz:2, num_conditions:2
condition:3, metric:[0. 0. 0.]
condition:4, metric:[0. 0. 0.]
condition batch eval, img shape:(210, 203, 203), sx:3, sy:2, sz:2, num_conditions:2
condition:5, metric:[0. 0. 0.]
condition:6, metric:[0. 0. 0.]
condition batch eval, img shape:(210, 203, 203), sx:3, sy:2, sz:2, num_conditions:2
condition:7, metric:[0. 0. 0.]
condition:8, metric:[0. 0. 0.]
condition batch eval, img shape:(210, 203, 203), sx:3, sy:2, sz:2, num_conditions:2
condition:9, metric:[0. 0. 0.]
condition:10, metric:[0. 0. 0.]
condition batch eval, img shape:(210, 203, 203), sx:3, sy:2, sz:2, num_conditions:2
condition:11, metric:[0. 0. 0.]
condition:12, metric:[0. 0. 0.]
condition batch eval, img shape:(210, 203, 203), sx:3, sy:2, sz:2, num_conditions:1
condition:13, metric:[0. 0. 0.]
===>test image:/projects/weilab/liupeng/dataset/ssl_seg/BTCV/Training_resampled_1.5_1.5_2.0_npy_zscore/img/img0001.npy
condition batch eval, img shape:(220, 228, 228), sx:3, sy:3, sz:3, num_conditions:2
condition:1, metric:[  0. 150. 150.]
condition:2, metric:[  0. 150. 150.]
condition batch eval, img shape:(220, 228, 228), sx:3, sy:3, sz:3, num_conditions:2
condition:3, metric:[  0. 150. 150.]
condition:4, metric:[  0. 150. 150.]
condition batch eval, img shape:(220, 228, 228), sx:3, sy:3, sz:3, num_conditions:2
condition:5, metric:[  0. 150. 150.]
condition:6, metric:[  0. 150. 150.]
condition batch eval, img shape:(220, 228, 228), sx:3, sy:3, sz:3, num_conditions:2
condition:7, metric:[  0. 150. 150.]
condition:8, metric:[  0. 150. 150.]
condition batch eval, img shape:(220, 228, 228), sx:3, sy:3, sz:3, num_conditions:2
condition:9, metric:[  0. 150. 150.]
condition:10, metric:[  0. 150. 150.]
condition batch eval, img shape:(220, 228, 228), sx:3, sy:3, sz:3, num_conditions:2
condition:11, metric:[  0. 150. 150.]
condition:12, metric:[  0. 150. 150.]
condition batch eval, img shape:(220, 228, 228), sx:3, sy:3, sz:3, num_conditions:1
condition:13, metric:[  0. 150. 150.]
===>test image:/projects/weilab/liupeng/dataset/ssl_seg/BTCV/Training_resampled_1.5_1.5_2.0_npy_zscore/img/img0002.npy
condition batch eval, img shape:(208, 246, 246), sx:3, sy:3, sz:3, num_conditions:2
condition:1, metric:[  0. 150. 150.]
condition:2, metric:[  0. 150. 150.]
condition batch eval, img shape:(208, 246, 246), sx:3, sy:3, sz:3, num_conditions:2
condition:3, metric:[  0. 150. 150.]
condition:4, metric:[  0. 150. 150.]
condition batch eval, img shape:(208, 246, 246), sx:3, sy:3, sz:3, num_conditions:2
condition:5, metric:[  0. 150. 150.]
condition:6, metric:[  0. 150. 150.]
condition batch eval, img shape:(208, 246, 246), sx:3, sy:3, sz:3, num_conditions:2
condition:7, metric:[  0. 150. 150.]
condition:8, metric:[  0. 150. 150.]
condition batch eval, img shape:(208, 246, 246), sx:3, sy:3, sz:3, num_conditions:2
condition:9, metric:[  0. 150. 150.]
condition:10, metric:[  0. 150. 150.]
condition batch eval, img shape:(208, 246, 246), sx:3, sy:3, sz:3, num_conditions:2
condition:11, metric:[  0. 150. 150.]
condition:12, metric:[  0. 150. 150.]
condition batch eval, img shape:(208, 246, 246), sx:3, sy:3, sz:3, num_conditions:1
condition:13, metric:[  0. 150. 150.]
===>test image:/projects/weilab/liupeng/dataset/ssl_seg/BTCV/Training_resampled_1.5_1.5_2.0_npy_zscore/img/img0038.npy
condition batch eval, img shape:(250, 333, 333), sx:4, sy:4, sz:4, num_conditions:2
condition:1, metric:[0. 0. 0.]
condition:2, metric:[0. 0. 0.]
condition batch eval, img shape:(250, 333, 333), sx:4, sy:4, sz:4, num_conditions:2
condition:3, metric:[0. 0. 0.]
condition:4, metric:[0. 0. 0.]
condition batch eval, img shape:(250, 333, 333), sx:4, sy:4, sz:4, num_conditions:2
condition:5, metric:[0. 0. 0.]
condition:6, metric:[0. 0. 0.]
condition batch eval, img shape:(250, 333, 333), sx:4, sy:4, sz:4, num_conditions:2
condition:7, metric:[0. 0. 0.]
condition:8, metric:[0. 0. 0.]
condition batch eval, img shape:(250, 333, 333), sx:4, sy:4, sz:4, num_conditions:2
condition:9, metric:[0. 0. 0.]
condition:10, metric:[0. 0. 0.]
condition batch eval, img shape:(250, 333, 333), sx:4, sy:4, sz:4, num_conditions:2
condition:11, metric:[0. 0. 0.]
condition:12, metric:[0. 0. 0.]
condition batch eval, img shape:(250, 333, 333), sx:4, sy:4, sz:4, num_conditions:1
condition:13, metric:[0. 0. 0.]
Validation end
avg metric shape: (13, 3)
iteration 20 : model2_dice_score : 0.000000 model2_hd95 : 75.000000
iteration 40 :model1 loss : 0.795760model2 loss : 0.253427pseudo_supervision1 : 0.000000pseudo_supervision2 : 0.000000
iteration 60 :model1 loss : 0.660247model2 loss : 0.248408pseudo_supervision1 : 0.000000pseudo_supervision2 : 0.000000
iteration 80 :model1 loss : 0.682953model2 loss : 0.263840pseudo_supervision1 : 0.000000pseudo_supervision2 : 0.000000
iteration 100 :model1 loss : 0.695162model2 loss : 0.262126pseudo_supervision1 : 0.000000pseudo_supervision2 : 0.000000
iteration 120 :model1 loss : 0.649480model2 loss : 0.250679pseudo_supervision1 : 0.000000pseudo_supervision2 : 0.000000
iteration 140 :model1 loss : 0.654430model2 loss : 0.255981pseudo_supervision1 : 0.000000pseudo_supervision2 : 0.000000
iteration 160 :model1 loss : 0.593338model2 loss : 0.245509pseudo_supervision1 : 0.000000pseudo_supervision2 : 0.000000
iteration 180 :model1 loss : 0.688446model2 loss : 0.272314pseudo_supervision1 : 0.000000pseudo_supervision2 : 0.000000
iteration 200 :model1 loss : 0.577155model2 loss : 0.246879pseudo_supervision1 : 0.000000pseudo_supervision2 : 0.000000
save model to ../model/BTCV_5_C3PS_cond_mode_film_began_semi2000_con4000_SGD_SGD/unet_3D_old/model_iter_200.pth
save model2 to ../model/BTCV_5_C3PS_cond_mode_film_began_semi2000_con4000_SGD_SGD/unet_3D_old/model2_iter_200.pth
iteration 220 :model1 loss : 0.651488model2 loss : 0.245732pseudo_supervision1 : 0.000000pseudo_supervision2 : 0.000000
iteration 240 :model1 loss : 0.833631model2 loss : 0.273392pseudo_supervision1 : 0.000000pseudo_supervision2 : 0.000000
iteration 260 :model1 loss : 0.564451model2 loss : 0.237575pseudo_supervision1 : 0.000000pseudo_supervision2 : 0.000000
iteration 280 :model1 loss : 0.506546model2 loss : 0.202617pseudo_supervision1 : 0.000000pseudo_supervision2 : 0.000000
iteration 300 :model1 loss : 0.597414model2 loss : 0.241774pseudo_supervision1 : 0.000000pseudo_supervision2 : 0.000000
iteration 320 :model1 loss : 0.549191model2 loss : 0.244705pseudo_supervision1 : 0.000000pseudo_supervision2 : 0.000000
iteration 340 :model1 loss : 0.514106model2 loss : 0.265830pseudo_supervision1 : 0.000000pseudo_supervision2 : 0.000000
iteration 360 :model1 loss : 0.680968model2 loss : 0.236184pseudo_supervision1 : 0.000000pseudo_supervision2 : 0.000000
iteration 380 :model1 loss : 0.544546model2 loss : 0.263990pseudo_supervision1 : 0.000000pseudo_supervision2 : 0.000000
iteration 400 :model1 loss : 0.469389model2 loss : 0.242147pseudo_supervision1 : 0.000000pseudo_supervision2 : 0.000000
save model to ../model/BTCV_5_C3PS_cond_mode_film_began_semi2000_con4000_SGD_SGD/unet_3D_old/model_iter_400.pth
save model2 to ../model/BTCV_5_C3PS_cond_mode_film_began_semi2000_con4000_SGD_SGD/unet_3D_old/model2_iter_400.pth
iteration 420 :model1 loss : 0.497822model2 loss : 0.207997pseudo_supervision1 : 0.000000pseudo_supervision2 : 0.000000
iteration 440 :model1 loss : 0.511488model2 loss : 0.252364pseudo_supervision1 : 0.000000pseudo_supervision2 : 0.000000
iteration 460 :model1 loss : 0.496457model2 loss : 0.212813pseudo_supervision1 : 0.000000pseudo_supervision2 : 0.000000
iteration 480 :model1 loss : 0.479093model2 loss : 0.249749pseudo_supervision1 : 0.000000pseudo_supervision2 : 0.000000
iteration 500 :model1 loss : 0.540033model2 loss : 0.252788pseudo_supervision1 : 0.000000pseudo_supervision2 : 0.000000
iteration 520 :model1 loss : 0.480184model2 loss : 0.204886pseudo_supervision1 : 0.000000pseudo_supervision2 : 0.000000
iteration 540 :model1 loss : 0.432879model2 loss : 0.222195pseudo_supervision1 : 0.000000pseudo_supervision2 : 0.000000
iteration 560 :model1 loss : 0.428241model2 loss : 0.237851pseudo_supervision1 : 0.000000pseudo_supervision2 : 0.000000
iteration 580 :model1 loss : 0.401822model2 loss : 0.241278pseudo_supervision1 : 0.000000pseudo_supervision2 : 0.000000
iteration 600 :model1 loss : 0.417162model2 loss : 0.257183pseudo_supervision1 : 0.000000pseudo_supervision2 : 0.000000
save model to ../model/BTCV_5_C3PS_cond_mode_film_began_semi2000_con4000_SGD_SGD/unet_3D_old/model_iter_600.pth
save model2 to ../model/BTCV_5_C3PS_cond_mode_film_began_semi2000_con4000_SGD_SGD/unet_3D_old/model2_iter_600.pth
iteration 620 :model1 loss : 0.447848model2 loss : 0.210135pseudo_supervision1 : 0.000000pseudo_supervision2 : 0.000000
iteration 640 :model1 loss : 0.441073model2 loss : 0.239682pseudo_supervision1 : 0.000000pseudo_supervision2 : 0.000000
iteration 660 :model1 loss : 0.372823model2 loss : 0.206931pseudo_supervision1 : 0.000000pseudo_supervision2 : 0.000000
iteration 680 :model1 loss : 0.407210model2 loss : 0.231134pseudo_supervision1 : 0.000000pseudo_supervision2 : 0.000000
iteration 700 :model1 loss : 0.377033model2 loss : 0.262629pseudo_supervision1 : 0.000000pseudo_supervision2 : 0.000000
iteration 720 :model1 loss : 0.414093model2 loss : 0.241332pseudo_supervision1 : 0.000000pseudo_supervision2 : 0.000000
iteration 740 :model1 loss : 0.494172model2 loss : 0.258024pseudo_supervision1 : 0.000000pseudo_supervision2 : 0.000000
iteration 760 :model1 loss : 0.531434model2 loss : 0.227788pseudo_supervision1 : 0.000000pseudo_supervision2 : 0.000000
iteration 780 :model1 loss : 0.408382model2 loss : 0.210476pseudo_supervision1 : 0.000000pseudo_supervision2 : 0.000000
iteration 800 :model1 loss : 0.356634model2 loss : 0.236374pseudo_supervision1 : 0.000000pseudo_supervision2 : 0.000000
save model to ../model/BTCV_5_C3PS_cond_mode_film_began_semi2000_con4000_SGD_SGD/unet_3D_old/model_iter_800.pth
save model2 to ../model/BTCV_5_C3PS_cond_mode_film_began_semi2000_con4000_SGD_SGD/unet_3D_old/model2_iter_800.pth
iteration 820 :model1 loss : 0.386677model2 loss : 0.257107pseudo_supervision1 : 0.000000pseudo_supervision2 : 0.000000
iteration 840 :model1 loss : 0.358760model2 loss : 0.164351pseudo_supervision1 : 0.000000pseudo_supervision2 : 0.000000
iteration 860 :model1 loss : 0.437815model2 loss : 0.203072pseudo_supervision1 : 0.000000pseudo_supervision2 : 0.000000
iteration 880 :model1 loss : 0.337830model2 loss : 0.263911pseudo_supervision1 : 0.000000pseudo_supervision2 : 0.000000
iteration 900 :model1 loss : 0.401789model2 loss : 0.254971pseudo_supervision1 : 0.000000pseudo_supervision2 : 0.000000
iteration 920 :model1 loss : 0.334110model2 loss : 0.248390pseudo_supervision1 : 0.000000pseudo_supervision2 : 0.000000
iteration 940 :model1 loss : 0.347874model2 loss : 0.236560pseudo_supervision1 : 0.000000pseudo_supervision2 : 0.000000
iteration 960 :model1 loss : 0.357527model2 loss : 0.214299pseudo_supervision1 : 0.000000pseudo_supervision2 : 0.000000
iteration 980 :model1 loss : 0.371390model2 loss : 0.256960pseudo_supervision1 : 0.000000pseudo_supervision2 : 0.000000
iteration 1000 :model1 loss : 0.501493model2 loss : 0.257382pseudo_supervision1 : 0.000000pseudo_supervision2 : 0.000000
save model to ../model/BTCV_5_C3PS_cond_mode_film_began_semi2000_con4000_SGD_SGD/unet_3D_old/model_iter_1000.pth
save model2 to ../model/BTCV_5_C3PS_cond_mode_film_began_semi2000_con4000_SGD_SGD/unet_3D_old/model2_iter_1000.pth
iteration 1020 :model1 loss : 0.336150model2 loss : 0.248164pseudo_supervision1 : 0.000000pseudo_supervision2 : 0.000000
iteration 1040 :model1 loss : 0.399982model2 loss : 0.252193pseudo_supervision1 : 0.000000pseudo_supervision2 : 0.000000
iteration 1060 :model1 loss : 0.330697model2 loss : 0.281776pseudo_supervision1 : 0.000000pseudo_supervision2 : 0.000000
iteration 1080 :model1 loss : 0.392714model2 loss : 0.270136pseudo_supervision1 : 0.000000pseudo_supervision2 : 0.000000
iteration 1100 :model1 loss : 0.373141model2 loss : 0.284139pseudo_supervision1 : 0.000000pseudo_supervision2 : 0.000000
iteration 1120 :model1 loss : 0.321753model2 loss : 0.233483pseudo_supervision1 : 0.000000pseudo_supervision2 : 0.000000
iteration 1140 :model1 loss : 0.407864model2 loss : 0.225458pseudo_supervision1 : 0.000000pseudo_supervision2 : 0.000000
iteration 1160 :model1 loss : 0.315992model2 loss : 0.224062pseudo_supervision1 : 0.000000pseudo_supervision2 : 0.000000
iteration 1180 :model1 loss : 0.331299model2 loss : 0.260333pseudo_supervision1 : 0.000000pseudo_supervision2 : 0.000000
iteration 1200 :model1 loss : 0.317452model2 loss : 0.147046pseudo_supervision1 : 0.000000pseudo_supervision2 : 0.000000
save model to ../model/BTCV_5_C3PS_cond_mode_film_began_semi2000_con4000_SGD_SGD/unet_3D_old/model_iter_1200.pth
save model2 to ../model/BTCV_5_C3PS_cond_mode_film_began_semi2000_con4000_SGD_SGD/unet_3D_old/model2_iter_1200.pth
iteration 1220 :model1 loss : 0.332458model2 loss : 0.230529pseudo_supervision1 : 0.000000pseudo_supervision2 : 0.000000
iteration 1240 :model1 loss : 0.342735model2 loss : 0.221124pseudo_supervision1 : 0.000000pseudo_supervision2 : 0.000000
iteration 1260 :model1 loss : 0.298892model2 loss : 0.247822pseudo_supervision1 : 0.000000pseudo_supervision2 : 0.000000
iteration 1280 :model1 loss : 0.366422model2 loss : 0.246705pseudo_supervision1 : 0.000000pseudo_supervision2 : 0.000000
iteration 1300 :model1 loss : 0.443497model2 loss : 0.239701pseudo_supervision1 : 0.000000pseudo_supervision2 : 0.000000
iteration 1320 :model1 loss : 0.263005model2 loss : 0.217595pseudo_supervision1 : 0.000000pseudo_supervision2 : 0.000000
iteration 1340 :model1 loss : 0.327402model2 loss : 0.271362pseudo_supervision1 : 0.000000pseudo_supervision2 : 0.000000
iteration 1360 :model1 loss : 0.465108model2 loss : 0.235225pseudo_supervision1 : 0.000000pseudo_supervision2 : 0.000000
iteration 1380 :model1 loss : 0.287343model2 loss : 0.210562pseudo_supervision1 : 0.000000pseudo_supervision2 : 0.000000
iteration 1400 :model1 loss : 0.266422model2 loss : 0.249144pseudo_supervision1 : 0.000000pseudo_supervision2 : 0.000000
save model to ../model/BTCV_5_C3PS_cond_mode_film_began_semi2000_con4000_SGD_SGD/unet_3D_old/model_iter_1400.pth
save model2 to ../model/BTCV_5_C3PS_cond_mode_film_began_semi2000_con4000_SGD_SGD/unet_3D_old/model2_iter_1400.pth
iteration 1420 :model1 loss : 0.304996model2 loss : 0.264140pseudo_supervision1 : 0.000000pseudo_supervision2 : 0.000000
iteration 1440 :model1 loss : 0.323519model2 loss : 0.218931pseudo_supervision1 : 0.000000pseudo_supervision2 : 0.000000
iteration 1460 :model1 loss : 0.276708model2 loss : 0.129284pseudo_supervision1 : 0.000000pseudo_supervision2 : 0.000000
iteration 1480 :model1 loss : 0.322290model2 loss : 0.291384pseudo_supervision1 : 0.000000pseudo_supervision2 : 0.000000
iteration 1500 :model1 loss : 0.279118model2 loss : 0.245114pseudo_supervision1 : 0.000000pseudo_supervision2 : 0.000000
iteration 1520 :model1 loss : 0.391057model2 loss : 0.217795pseudo_supervision1 : 0.000000pseudo_supervision2 : 0.000000
iteration 1540 :model1 loss : 0.308069model2 loss : 0.235648pseudo_supervision1 : 0.000000pseudo_supervision2 : 0.000000
iteration 1560 :model1 loss : 0.340981model2 loss : 0.258505pseudo_supervision1 : 0.000000pseudo_supervision2 : 0.000000
iteration 1580 :model1 loss : 0.307115model2 loss : 0.254717pseudo_supervision1 : 0.000000pseudo_supervision2 : 0.000000
iteration 1600 :model1 loss : 0.264240model2 loss : 0.208963pseudo_supervision1 : 0.000000pseudo_supervision2 : 0.000000
save model to ../model/BTCV_5_C3PS_cond_mode_film_began_semi2000_con4000_SGD_SGD/unet_3D_old/model_iter_1600.pth
save model2 to ../model/BTCV_5_C3PS_cond_mode_film_began_semi2000_con4000_SGD_SGD/unet_3D_old/model2_iter_1600.pth
iteration 1620 :model1 loss : 0.285458model2 loss : 0.261172pseudo_supervision1 : 0.000000pseudo_supervision2 : 0.000000
iteration 1640 :model1 loss : 0.260763model2 loss : 0.162800pseudo_supervision1 : 0.000000pseudo_supervision2 : 0.000000
iteration 1660 :model1 loss : 0.265668model2 loss : 0.235188pseudo_supervision1 : 0.000000pseudo_supervision2 : 0.000000
iteration 1680 :model1 loss : 0.282240model2 loss : 0.221144pseudo_supervision1 : 0.000000pseudo_supervision2 : 0.000000
iteration 1700 :model1 loss : 0.254662model2 loss : 0.189637pseudo_supervision1 : 0.000000pseudo_supervision2 : 0.000000
iteration 1720 :model1 loss : 0.267506model2 loss : 0.251051pseudo_supervision1 : 0.000000pseudo_supervision2 : 0.000000
iteration 1740 :model1 loss : 0.299278model2 loss : 0.245417pseudo_supervision1 : 0.000000pseudo_supervision2 : 0.000000
iteration 1760 :model1 loss : 0.317153model2 loss : 0.311781pseudo_supervision1 : 0.000000pseudo_supervision2 : 0.000000
iteration 1780 :model1 loss : 0.281372model2 loss : 0.146071pseudo_supervision1 : 0.000000pseudo_supervision2 : 0.000000
iteration 1800 :model1 loss : 0.410353model2 loss : 0.242109pseudo_supervision1 : 0.000000pseudo_supervision2 : 0.000000
save model to ../model/BTCV_5_C3PS_cond_mode_film_began_semi2000_con4000_SGD_SGD/unet_3D_old/model_iter_1800.pth
save model2 to ../model/BTCV_5_C3PS_cond_mode_film_began_semi2000_con4000_SGD_SGD/unet_3D_old/model2_iter_1800.pth
iteration 1820 :model1 loss : 0.253533model2 loss : 0.212087pseudo_supervision1 : 0.000000pseudo_supervision2 : 0.000000
iteration 1840 :model1 loss : 0.393475model2 loss : 0.258710pseudo_supervision1 : 0.000000pseudo_supervision2 : 0.000000
iteration 1860 :model1 loss : 0.355207model2 loss : 0.249273pseudo_supervision1 : 0.000000pseudo_supervision2 : 0.000000
iteration 1880 :model1 loss : 0.253196model2 loss : 0.205819pseudo_supervision1 : 0.000000pseudo_supervision2 : 0.000000
iteration 1900 :model1 loss : 0.265381model2 loss : 0.248756pseudo_supervision1 : 0.000000pseudo_supervision2 : 0.000000
iteration 1920 :model1 loss : 0.260452model2 loss : 0.162482pseudo_supervision1 : 0.000000pseudo_supervision2 : 0.000000
iteration 1940 :model1 loss : 0.336487model2 loss : 0.170656pseudo_supervision1 : 0.000000pseudo_supervision2 : 0.000000
iteration 1960 :model1 loss : 0.326399model2 loss : 0.264967pseudo_supervision1 : 0.000000pseudo_supervision2 : 0.000000
iteration 1980 :model1 loss : 0.286342model2 loss : 0.260935pseudo_supervision1 : 0.000000pseudo_supervision2 : 0.000000
iteration 2000 :model1 loss : 0.277809model2 loss : 0.234172pseudo_supervision1 : 0.000000pseudo_supervision2 : 0.000000
save model to ../model/BTCV_5_C3PS_cond_mode_film_began_semi2000_con4000_SGD_SGD/unet_3D_old/model_iter_2000.pth
save model2 to ../model/BTCV_5_C3PS_cond_mode_film_began_semi2000_con4000_SGD_SGD/unet_3D_old/model2_iter_2000.pth
iteration 2020 :model1 loss : 0.227378model2 loss : 0.213406pseudo_supervision1 : 0.000000pseudo_supervision2 : 0.507041
iteration 2040 :model1 loss : 0.315350model2 loss : 0.300429pseudo_supervision1 : 0.000000pseudo_supervision2 : 0.525520
iteration 2060 :model1 loss : 0.310531model2 loss : 0.206456pseudo_supervision1 : 0.000000pseudo_supervision2 : 0.476838
iteration 2080 :model1 loss : 0.307819model2 loss : 0.238253pseudo_supervision1 : 0.000000pseudo_supervision2 : 0.515700
iteration 2100 :model1 loss : 0.320254model2 loss : 0.205138pseudo_supervision1 : 0.000000pseudo_supervision2 : 0.498371
iteration 2120 :model1 loss : 0.329344model2 loss : 0.211165pseudo_supervision1 : 0.000000pseudo_supervision2 : 0.503274
iteration 2140 :model1 loss : 0.278014model2 loss : 0.162053pseudo_supervision1 : 0.000000pseudo_supervision2 : 0.326752
iteration 2160 :model1 loss : 0.302938model2 loss : 0.146227pseudo_supervision1 : 0.000000pseudo_supervision2 : 0.521259
iteration 2180 :model1 loss : 0.262927model2 loss : 0.246538pseudo_supervision1 : 0.000000pseudo_supervision2 : 0.525073
iteration 2200 :model1 loss : 0.298162model2 loss : 0.239590pseudo_supervision1 : 0.000000pseudo_supervision2 : 0.328925
save model to ../model/BTCV_5_C3PS_cond_mode_film_began_semi2000_con4000_SGD_SGD/unet_3D_old/model_iter_2200.pth
save model2 to ../model/BTCV_5_C3PS_cond_mode_film_began_semi2000_con4000_SGD_SGD/unet_3D_old/model2_iter_2200.pth
iteration 2220 :model1 loss : 0.249173model2 loss : 0.234074pseudo_supervision1 : 0.000000pseudo_supervision2 : 0.602459
iteration 2240 :model1 loss : 0.221066model2 loss : 0.221891pseudo_supervision1 : 0.000000pseudo_supervision2 : 0.459556
iteration 2260 :model1 loss : 0.264233model2 loss : 0.266451pseudo_supervision1 : 0.000000pseudo_supervision2 : 0.565910
iteration 2280 :model1 loss : 0.323757model2 loss : 0.207916pseudo_supervision1 : 0.000000pseudo_supervision2 : 0.308284
iteration 2300 :model1 loss : 0.303291model2 loss : 0.204365pseudo_supervision1 : 0.000000pseudo_supervision2 : 0.510967
iteration 2320 :model1 loss : 0.211690model2 loss : 0.261175pseudo_supervision1 : 0.000000pseudo_supervision2 : 0.505715
iteration 2340 :model1 loss : 0.410399model2 loss : 0.257310pseudo_supervision1 : 0.000000pseudo_supervision2 : 0.504960
iteration 2360 :model1 loss : 0.216932model2 loss : 0.253890pseudo_supervision1 : 0.000000pseudo_supervision2 : 0.577342
iteration 2380 :model1 loss : 0.243998model2 loss : 0.253735pseudo_supervision1 : 0.000000pseudo_supervision2 : 0.493810
iteration 2400 :model1 loss : 0.291202model2 loss : 0.255173pseudo_supervision1 : 0.000000pseudo_supervision2 : 0.357470
began evaluation!
iteration 2400: validation sampled 4/12 cases
Total test images: 4
Validation begin
Validation end
avg metric shape: (13, 3)
save model to ../model/BTCV_5_C3PS_cond_mode_film_began_semi2000_con4000_SGD_SGD/unet_3D_old/iter_2400_dice_0.5467
iteration 2400 : model_dice_score : 0.546688 model_hd95 : 14.423077
began evaluation!
Total test images: 4
Validation begin
===>test image:/projects/weilab/liupeng/dataset/ssl_seg/BTCV/Training_resampled_1.5_1.5_2.0_npy_zscore/img/img0002.npy
condition batch eval, img shape:(208, 246, 246), sx:3, sy:3, sz:3, num_conditions:2
condition:1, metric:[0.4823082 0.        0.       ]
condition:2, metric:[0. 0. 0.]
condition batch eval, img shape:(208, 246, 246), sx:3, sy:3, sz:3, num_conditions:2
condition:3, metric:[0.39312435 0.         0.        ]
condition:4, metric:[  0. 150. 150.]
condition batch eval, img shape:(208, 246, 246), sx:3, sy:3, sz:3, num_conditions:2
condition:5, metric:[  0. 150. 150.]
condition:6, metric:[0.69315877 0.         0.        ]
condition batch eval, img shape:(208, 246, 246), sx:3, sy:3, sz:3, num_conditions:2
condition:7, metric:[0. 0. 0.]
condition:8, metric:[0.07387247 0.         0.        ]
condition batch eval, img shape:(208, 246, 246), sx:3, sy:3, sz:3, num_conditions:2
condition:9, metric:[0. 0. 0.]
condition:10, metric:[  0. 150. 150.]
condition batch eval, img shape:(208, 246, 246), sx:3, sy:3, sz:3, num_conditions:2
condition:11, metric:[  0. 150. 150.]
condition:12, metric:[  0. 150. 150.]
condition batch eval, img shape:(208, 246, 246), sx:3, sy:3, sz:3, num_conditions:1
condition:13, metric:[  0. 150. 150.]
===>test image:/projects/weilab/liupeng/dataset/ssl_seg/BTCV/Training_resampled_1.5_1.5_2.0_npy_zscore/img/img0029.npy
condition batch eval, img shape:(150, 299, 299), sx:2, sy:4, sz:4, num_conditions:2
condition:1, metric:[0.35769182 0.         0.        ]
condition:2, metric:[0.00857216 0.         0.        ]
condition batch eval, img shape:(150, 299, 299), sx:2, sy:4, sz:4, num_conditions:2
condition:3, metric:[0.01165083 0.         0.        ]
condition:4, metric:[  0. 150. 150.]
condition batch eval, img shape:(150, 299, 299), sx:2, sy:4, sz:4, num_conditions:2
condition:5, metric:[  0. 150. 150.]
condition:6, metric:[0.48242355 0.         0.        ]
condition batch eval, img shape:(150, 299, 299), sx:2, sy:4, sz:4, num_conditions:2
condition:7, metric:[0. 0. 0.]
condition:8, metric:[0.09642724 0.         0.        ]
condition batch eval, img shape:(150, 299, 299), sx:2, sy:4, sz:4, num_conditions:2
condition:9, metric:[0. 0. 0.]
condition:10, metric:[  0. 150. 150.]
condition batch eval, img shape:(150, 299, 299), sx:2, sy:4, sz:4, num_conditions:2
condition:11, metric:[  0. 150. 150.]
condition:12, metric:[  0. 150. 150.]
condition batch eval, img shape:(150, 299, 299), sx:2, sy:4, sz:4, num_conditions:1
condition:13, metric:[  0. 150. 150.]
===>test image:/projects/weilab/liupeng/dataset/ssl_seg/BTCV/Training_resampled_1.5_1.5_2.0_npy_zscore/img/img0035.npy
condition batch eval, img shape:(235, 314, 314), sx:4, sy:4, sz:4, num_conditions:2
condition:1, metric:[0.16942229 0.         0.        ]
condition:2, metric:[0. 0. 0.]
condition batch eval, img shape:(235, 314, 314), sx:4, sy:4, sz:4, num_conditions:2
condition:3, metric:[0. 0. 0.]
condition:4, metric:[  0. 150. 150.]
condition batch eval, img shape:(235, 314, 314), sx:4, sy:4, sz:4, num_conditions:2
condition:5, metric:[  0. 150. 150.]
condition:6, metric:[0.37502508 0.         0.        ]
condition batch eval, img shape:(235, 314, 314), sx:4, sy:4, sz:4, num_conditions:2
condition:7, metric:[0. 0. 0.]
condition:8, metric:[0.00907737 0.         0.        ]
condition batch eval, img shape:(235, 314, 314), sx:4, sy:4, sz:4, num_conditions:2
condition:9, metric:[0. 0. 0.]
condition:10, metric:[  0. 150. 150.]
condition batch eval, img shape:(235, 314, 314), sx:4, sy:4, sz:4, num_conditions:2
condition:11, metric:[  0. 150. 150.]
condition:12, metric:[  0. 150. 150.]
condition batch eval, img shape:(235, 314, 314), sx:4, sy:4, sz:4, num_conditions:1
condition:13, metric:[  0. 150. 150.]
===>test image:/projects/weilab/liupeng/dataset/ssl_seg/BTCV/Training_resampled_1.5_1.5_2.0_npy_zscore/img/img0032.npy
condition batch eval, img shape:(216, 253, 253), sx:3, sy:3, sz:3, num_conditions:2
condition:1, metric:[0. 0. 0.]
condition:2, metric:[0.00130424 0.         0.        ]
condition batch eval, img shape:(216, 253, 253), sx:3, sy:3, sz:3, num_conditions:2
condition:3, metric:[0.13826125 0.         0.        ]
condition:4, metric:[  0. 150. 150.]
condition batch eval, img shape:(216, 253, 253), sx:3, sy:3, sz:3, num_conditions:2
condition:5, metric:[  0. 150. 150.]
condition:6, metric:[0.68937577 0.         0.        ]
condition batch eval, img shape:(216, 253, 253), sx:3, sy:3, sz:3, num_conditions:2
condition:7, metric:[0. 0. 0.]
condition:8, metric:[0.03319397 0.         0.        ]
condition batch eval, img shape:(216, 253, 253), sx:3, sy:3, sz:3, num_conditions:2
condition:9, metric:[0. 0. 0.]
condition:10, metric:[  0. 150. 150.]
condition batch eval, img shape:(216, 253, 253), sx:3, sy:3, sz:3, num_conditions:2
condition:11, metric:[  0. 150. 150.]
condition:12, metric:[  0. 150. 150.]
condition batch eval, img shape:(216, 253, 253), sx:3, sy:3, sz:3, num_conditions:1
condition:13, metric:[  0. 150. 150.]
Validation end
avg metric shape: (13, 3)
save model to ../model/BTCV_5_C3PS_cond_mode_film_began_semi2000_con4000_SGD_SGD/unet_3D_old/iter_2400_dice_0.0772
iteration 2400 : model2_dice_score : 0.077209 model2_hd95 : 69.230769
save model to ../model/BTCV_5_C3PS_cond_mode_film_began_semi2000_con4000_SGD_SGD/unet_3D_old/model_iter_2400.pth
save model2 to ../model/BTCV_5_C3PS_cond_mode_film_began_semi2000_con4000_SGD_SGD/unet_3D_old/model2_iter_2400.pth
iteration 2420 :model1 loss : 0.205814model2 loss : 0.248703pseudo_supervision1 : 0.000000pseudo_supervision2 : 0.233113
iteration 2440 :model1 loss : 0.289678model2 loss : 0.209587pseudo_supervision1 : 0.000000pseudo_supervision2 : 0.390768
iteration 2460 :model1 loss : 0.314907model2 loss : 0.199200pseudo_supervision1 : 0.000000pseudo_supervision2 : 0.519343
iteration 2480 :model1 loss : 0.218669model2 loss : 0.251290pseudo_supervision1 : 0.000000pseudo_supervision2 : 0.461765
iteration 2500 :model1 loss : 0.254750model2 loss : 0.244634pseudo_supervision1 : 0.000000pseudo_supervision2 : 0.512113
iteration 2520 :model1 loss : 0.228119model2 loss : 0.231021pseudo_supervision1 : 0.000000pseudo_supervision2 : 0.504289
iteration 2540 :model1 loss : 0.340542model2 loss : 0.255130pseudo_supervision1 : 0.000000pseudo_supervision2 : 0.502309
iteration 2560 :model1 loss : 0.259169model2 loss : 0.187940pseudo_supervision1 : 0.000000pseudo_supervision2 : 0.505251
iteration 2580 :model1 loss : 0.258873model2 loss : 0.270341pseudo_supervision1 : 0.000000pseudo_supervision2 : 0.468545
iteration 2600 :model1 loss : 0.231069model2 loss : 0.263405pseudo_supervision1 : 0.000000pseudo_supervision2 : 0.507133
save model to ../model/BTCV_5_C3PS_cond_mode_film_began_semi2000_con4000_SGD_SGD/unet_3D_old/model_iter_2600.pth
save model2 to ../model/BTCV_5_C3PS_cond_mode_film_began_semi2000_con4000_SGD_SGD/unet_3D_old/model2_iter_2600.pth
iteration 2620 :model1 loss : 0.202108model2 loss : 0.244060pseudo_supervision1 : 0.000000pseudo_supervision2 : 0.654038
iteration 2640 :model1 loss : 0.238433model2 loss : 0.247077pseudo_supervision1 : 0.000000pseudo_supervision2 : 0.507439
iteration 2660 :model1 loss : 0.232362model2 loss : 0.201562pseudo_supervision1 : 0.000000pseudo_supervision2 : 0.506457
iteration 2680 :model1 loss : 0.417476model2 loss : 0.213445pseudo_supervision1 : 0.000000pseudo_supervision2 : 0.271193
iteration 2700 :model1 loss : 0.248996model2 loss : 0.266630pseudo_supervision1 : 0.000000pseudo_supervision2 : 0.501728
iteration 2720 :model1 loss : 0.214181model2 loss : 0.200111pseudo_supervision1 : 0.000000pseudo_supervision2 : 0.494864
iteration 2740 :model1 loss : 0.210885model2 loss : 0.248827pseudo_supervision1 : 0.000000pseudo_supervision2 : 0.508332
iteration 2760 :model1 loss : 0.197451model2 loss : 0.188962pseudo_supervision1 : 0.000000pseudo_supervision2 : 0.503849
iteration 2780 :model1 loss : 0.204990model2 loss : 0.164130pseudo_supervision1 : 0.000000pseudo_supervision2 : 0.503711
iteration 2800 :model1 loss : 0.216169model2 loss : 0.200608pseudo_supervision1 : 0.000000pseudo_supervision2 : 0.372868
began evaluation!
iteration 2800: validation sampled 4/12 cases
Total test images: 4
Validation begin
Validation end
avg metric shape: (13, 3)
save model to ../model/BTCV_5_C3PS_cond_mode_film_began_semi2000_con4000_SGD_SGD/unet_3D_old/iter_2800_dice_0.6172
iteration 2800 : model_dice_score : 0.617220 model_hd95 : 11.538462
began evaluation!
Total test images: 4
Validation begin
===>test image:/projects/weilab/liupeng/dataset/ssl_seg/BTCV/Training_resampled_1.5_1.5_2.0_npy_zscore/img/img0029.npy
condition batch eval, img shape:(150, 299, 299), sx:2, sy:4, sz:4, num_conditions:2
condition:1, metric:[0.21891598 0.         0.        ]
condition:2, metric:[0. 0. 0.]
condition batch eval, img shape:(150, 299, 299), sx:2, sy:4, sz:4, num_conditions:2
condition:3, metric:[0. 0. 0.]
condition:4, metric:[  0. 150. 150.]
condition batch eval, img shape:(150, 299, 299), sx:2, sy:4, sz:4, num_conditions:2
condition:5, metric:[  0. 150. 150.]
condition:6, metric:[0.0956765 0.        0.       ]
condition batch eval, img shape:(150, 299, 299), sx:2, sy:4, sz:4, num_conditions:2
condition:7, metric:[0. 0. 0.]
condition:8, metric:[0.15065195 0.         0.        ]
condition batch eval, img shape:(150, 299, 299), sx:2, sy:4, sz:4, num_conditions:2
condition:9, metric:[0. 0. 0.]
condition:10, metric:[  0. 150. 150.]
condition batch eval, img shape:(150, 299, 299), sx:2, sy:4, sz:4, num_conditions:2
condition:11, metric:[  0. 150. 150.]
condition:12, metric:[  0. 150. 150.]
condition batch eval, img shape:(150, 299, 299), sx:2, sy:4, sz:4, num_conditions:1
condition:13, metric:[  0. 150. 150.]
===>test image:/projects/weilab/liupeng/dataset/ssl_seg/BTCV/Training_resampled_1.5_1.5_2.0_npy_zscore/img/img0036.npy
condition batch eval, img shape:(276, 255, 255), sx:4, sy:3, sz:3, num_conditions:2
condition:1, metric:[0.00263402 0.         0.        ]
condition:2, metric:[0. 0. 0.]
condition batch eval, img shape:(276, 255, 255), sx:4, sy:3, sz:3, num_conditions:2
condition:3, metric:[0. 0. 0.]
condition:4, metric:[  0. 150. 150.]
condition batch eval, img shape:(276, 255, 255), sx:4, sy:3, sz:3, num_conditions:2
condition:5, metric:[  0. 150. 150.]
condition:6, metric:[0.03227935 0.         0.        ]
condition batch eval, img shape:(276, 255, 255), sx:4, sy:3, sz:3, num_conditions:2
condition:7, metric:[0. 0. 0.]
condition:8, metric:[0.06371927 0.         0.        ]
condition batch eval, img shape:(276, 255, 255), sx:4, sy:3, sz:3, num_conditions:2
condition:9, metric:[0. 0. 0.]
condition:10, metric:[  0. 150. 150.]
condition batch eval, img shape:(276, 255, 255), sx:4, sy:3, sz:3, num_conditions:2
condition:11, metric:[  0. 150. 150.]
condition:12, metric:[  0. 150. 150.]
condition batch eval, img shape:(276, 255, 255), sx:4, sy:3, sz:3, num_conditions:1
condition:13, metric:[  0. 150. 150.]
===>test image:/projects/weilab/liupeng/dataset/ssl_seg/BTCV/Training_resampled_1.5_1.5_2.0_npy_zscore/img/img0002.npy
condition batch eval, img shape:(208, 246, 246), sx:3, sy:3, sz:3, num_conditions:2
condition:1, metric:[0.34420384 0.         0.        ]
condition:2, metric:[0. 0. 0.]
condition batch eval, img shape:(208, 246, 246), sx:3, sy:3, sz:3, num_conditions:2
condition:3, metric:[0.02629193 0.         0.        ]
condition:4, metric:[  0. 150. 150.]
condition batch eval, img shape:(208, 246, 246), sx:3, sy:3, sz:3, num_conditions:2
condition:5, metric:[  0. 150. 150.]
condition:6, metric:[0.08171225 0.         0.        ]
condition batch eval, img shape:(208, 246, 246), sx:3, sy:3, sz:3, num_conditions:2
condition:7, metric:[0. 0. 0.]
condition:8, metric:[0.1620602 0.        0.       ]
condition batch eval, img shape:(208, 246, 246), sx:3, sy:3, sz:3, num_conditions:2
condition:9, metric:[0. 0. 0.]
condition:10, metric:[  0. 150. 150.]
condition batch eval, img shape:(208, 246, 246), sx:3, sy:3, sz:3, num_conditions:2
condition:11, metric:[  0. 150. 150.]
condition:12, metric:[  0. 150. 150.]
condition batch eval, img shape:(208, 246, 246), sx:3, sy:3, sz:3, num_conditions:1
condition:13, metric:[  0. 150. 150.]
===>test image:/projects/weilab/liupeng/dataset/ssl_seg/BTCV/Training_resampled_1.5_1.5_2.0_npy_zscore/img/img0022.npy
condition batch eval, img shape:(222, 262, 262), sx:3, sy:3, sz:3, num_conditions:2
condition:1, metric:[0.05726423 0.         0.        ]
condition:2, metric:[0. 0. 0.]
condition batch eval, img shape:(222, 262, 262), sx:3, sy:3, sz:3, num_conditions:2
condition:3, metric:[0. 0. 0.]
condition:4, metric:[  0. 150. 150.]
condition batch eval, img shape:(222, 262, 262), sx:3, sy:3, sz:3, num_conditions:2
condition:5, metric:[  0. 150. 150.]
condition:6, metric:[0.03820479 0.         0.        ]
condition batch eval, img shape:(222, 262, 262), sx:3, sy:3, sz:3, num_conditions:2
condition:7, metric:[0. 0. 0.]
condition:8, metric:[0.34432306 0.         0.        ]
condition batch eval, img shape:(222, 262, 262), sx:3, sy:3, sz:3, num_conditions:2
condition:9, metric:[0.0298018 0.        0.       ]
condition:10, metric:[  0. 150. 150.]
condition batch eval, img shape:(222, 262, 262), sx:3, sy:3, sz:3, num_conditions:2
condition:11, metric:[  0. 150. 150.]
condition:12, metric:[  0. 150. 150.]
condition batch eval, img shape:(222, 262, 262), sx:3, sy:3, sz:3, num_conditions:1
condition:13, metric:[  0. 150. 150.]
Validation end
avg metric shape: (13, 3)
iteration 2800 : model2_dice_score : 0.031687 model2_hd95 : 69.230769
save model to ../model/BTCV_5_C3PS_cond_mode_film_began_semi2000_con4000_SGD_SGD/unet_3D_old/model_iter_2800.pth
save model2 to ../model/BTCV_5_C3PS_cond_mode_film_began_semi2000_con4000_SGD_SGD/unet_3D_old/model2_iter_2800.pth
iteration 2820 :model1 loss : 0.209920model2 loss : 0.221994pseudo_supervision1 : 0.000000pseudo_supervision2 : 0.501636
iteration 2840 :model1 loss : 0.205587model2 loss : 0.218158pseudo_supervision1 : 0.000000pseudo_supervision2 : 0.343731
iteration 2860 :model1 loss : 0.284695model2 loss : 0.241614pseudo_supervision1 : 0.000000pseudo_supervision2 : 0.499537
iteration 2880 :model1 loss : 0.212313model2 loss : 0.188834pseudo_supervision1 : 0.000000pseudo_supervision2 : 0.473911
iteration 2900 :model1 loss : 0.217787model2 loss : 0.240787pseudo_supervision1 : 0.000000pseudo_supervision2 : 0.501730
iteration 2920 :model1 loss : 0.216873model2 loss : 0.242202pseudo_supervision1 : 0.000000pseudo_supervision2 : 0.502568
iteration 2940 :model1 loss : 0.225612model2 loss : 0.259456pseudo_supervision1 : 0.000000pseudo_supervision2 : 0.511376
iteration 2960 :model1 loss : 0.481036model2 loss : 0.261445pseudo_supervision1 : 0.000000pseudo_supervision2 : 0.487506
iteration 2980 :model1 loss : 0.194279model2 loss : 0.182654pseudo_supervision1 : 0.000000pseudo_supervision2 : 0.519750
iteration 3000 :model1 loss : 0.300382model2 loss : 0.128959pseudo_supervision1 : 0.000000pseudo_supervision2 : 0.258695
save model to ../model/BTCV_5_C3PS_cond_mode_film_began_semi2000_con4000_SGD_SGD/unet_3D_old/model_iter_3000.pth
save model2 to ../model/BTCV_5_C3PS_cond_mode_film_began_semi2000_con4000_SGD_SGD/unet_3D_old/model2_iter_3000.pth
iteration 3020 :model1 loss : 0.201410model2 loss : 0.197383pseudo_supervision1 : 0.000000pseudo_supervision2 : 0.502031
iteration 3040 :model1 loss : 0.211735model2 loss : 0.201930pseudo_supervision1 : 0.000000pseudo_supervision2 : 0.509175
iteration 3060 :model1 loss : 0.203328model2 loss : 0.182263pseudo_supervision1 : 0.000000pseudo_supervision2 : 0.514185
iteration 3080 :model1 loss : 0.212597model2 loss : 0.251978pseudo_supervision1 : 0.000000pseudo_supervision2 : 0.502697
iteration 3100 :model1 loss : 0.242970model2 loss : 0.124486pseudo_supervision1 : 0.000000pseudo_supervision2 : 0.500997
iteration 3120 :model1 loss : 0.214928model2 loss : 0.173995pseudo_supervision1 : 0.000000pseudo_supervision2 : 0.517724
iteration 3140 :model1 loss : 0.270685model2 loss : 0.233135pseudo_supervision1 : 0.000000pseudo_supervision2 : 0.453438
iteration 3160 :model1 loss : 0.239407model2 loss : 0.251846pseudo_supervision1 : 0.000000pseudo_supervision2 : 0.307569
iteration 3180 :model1 loss : 0.455308model2 loss : 0.133507pseudo_supervision1 : 0.000000pseudo_supervision2 : 0.505856
iteration 3200 :model1 loss : 0.235967model2 loss : 0.252884pseudo_supervision1 : 0.000000pseudo_supervision2 : 0.419230
began evaluation!
iteration 3200: validation sampled 4/12 cases
Total test images: 4
Validation begin
Validation end
avg metric shape: (13, 3)
iteration 3200 : model_dice_score : 0.563504 model_hd95 : 14.423077
began evaluation!
Total test images: 4
Validation begin
===>test image:/projects/weilab/liupeng/dataset/ssl_seg/BTCV/Training_resampled_1.5_1.5_2.0_npy_zscore/img/img0029.npy
condition batch eval, img shape:(150, 299, 299), sx:2, sy:4, sz:4, num_conditions:2
condition:1, metric:[0.28301353 0.         0.        ]
condition:2, metric:[0.11171565 0.         0.        ]
condition batch eval, img shape:(150, 299, 299), sx:2, sy:4, sz:4, num_conditions:2
condition:3, metric:[0.03031367 0.         0.        ]
condition:4, metric:[  0. 150. 150.]
condition batch eval, img shape:(150, 299, 299), sx:2, sy:4, sz:4, num_conditions:2
condition:5, metric:[  0. 150. 150.]
condition:6, metric:[0.71334485 0.         0.        ]
condition batch eval, img shape:(150, 299, 299), sx:2, sy:4, sz:4, num_conditions:2
condition:7, metric:[0. 0. 0.]
condition:8, metric:[0.29943388 0.         0.        ]
condition batch eval, img shape:(150, 299, 299), sx:2, sy:4, sz:4, num_conditions:2
condition:9, metric:[0.01603905 0.         0.        ]
condition:10, metric:[  0. 150. 150.]
condition batch eval, img shape:(150, 299, 299), sx:2, sy:4, sz:4, num_conditions:2
condition:11, metric:[  0. 150. 150.]
condition:12, metric:[  0. 150. 150.]
condition batch eval, img shape:(150, 299, 299), sx:2, sy:4, sz:4, num_conditions:1
condition:13, metric:[  0. 150. 150.]
===>test image:/projects/weilab/liupeng/dataset/ssl_seg/BTCV/Training_resampled_1.5_1.5_2.0_npy_zscore/img/img0025.npy
condition batch eval, img shape:(212, 284, 284), sx:3, sy:3, sz:3, num_conditions:2
condition:1, metric:[0.32409023 0.         0.        ]
condition:2, metric:[0. 0. 0.]
condition batch eval, img shape:(212, 284, 284), sx:3, sy:3, sz:3, num_conditions:2
condition:3, metric:[0. 0. 0.]
condition:4, metric:[  0. 150. 150.]
condition batch eval, img shape:(212, 284, 284), sx:3, sy:3, sz:3, num_conditions:2
condition:5, metric:[  0. 150. 150.]
condition:6, metric:[0.75887955 0.         0.        ]
condition batch eval, img shape:(212, 284, 284), sx:3, sy:3, sz:3, num_conditions:2
condition:7, metric:[0. 0. 0.]
condition:8, metric:[0. 0. 0.]
condition batch eval, img shape:(212, 284, 284), sx:3, sy:3, sz:3, num_conditions:2
condition:9, metric:[0. 0. 0.]
condition:10, metric:[  0. 150. 150.]
condition batch eval, img shape:(212, 284, 284), sx:3, sy:3, sz:3, num_conditions:2
condition:11, metric:[  0. 150. 150.]
condition:12, metric:[  0. 150. 150.]
condition batch eval, img shape:(212, 284, 284), sx:3, sy:3, sz:3, num_conditions:1
condition:13, metric:[  0. 150. 150.]
===>test image:/projects/weilab/liupeng/dataset/ssl_seg/BTCV/Training_resampled_1.5_1.5_2.0_npy_zscore/img/img0035.npy
condition batch eval, img shape:(235, 314, 314), sx:4, sy:4, sz:4, num_conditions:2
condition:1, metric:[0.35517241 0.         0.        ]
condition:2, metric:[0.00053449 0.         0.        ]
condition batch eval, img shape:(235, 314, 314), sx:4, sy:4, sz:4, num_conditions:2
condition:3, metric:[0. 0. 0.]
condition:4, metric:[  0. 150. 150.]
condition batch eval, img shape:(235, 314, 314), sx:4, sy:4, sz:4, num_conditions:2
condition:5, metric:[  0. 150. 150.]
condition:6, metric:[0.63779193 0.         0.        ]
condition batch eval, img shape:(235, 314, 314), sx:4, sy:4, sz:4, num_conditions:2
condition:7, metric:[0. 0. 0.]
condition:8, metric:[0.07778158 0.         0.        ]
condition batch eval, img shape:(235, 314, 314), sx:4, sy:4, sz:4, num_conditions:2
condition:9, metric:[0. 0. 0.]
condition:10, metric:[  0. 150. 150.]
condition batch eval, img shape:(235, 314, 314), sx:4, sy:4, sz:4, num_conditions:2
condition:11, metric:[  0. 150. 150.]
condition:12, metric:[  0. 150. 150.]
condition batch eval, img shape:(235, 314, 314), sx:4, sy:4, sz:4, num_conditions:1
condition:13, metric:[  0. 150. 150.]
===>test image:/projects/weilab/liupeng/dataset/ssl_seg/BTCV/Training_resampled_1.5_1.5_2.0_npy_zscore/img/img0022.npy
condition batch eval, img shape:(222, 262, 262), sx:3, sy:3, sz:3, num_conditions:2
condition:1, metric:[0.43893742 0.         0.        ]
condition:2, metric:[0.52097742 0.         0.        ]
condition batch eval, img shape:(222, 262, 262), sx:3, sy:3, sz:3, num_conditions:2
condition:3, metric:[0.18809723 0.         0.        ]
condition:4, metric:[  0. 150. 150.]
condition batch eval, img shape:(222, 262, 262), sx:3, sy:3, sz:3, num_conditions:2
condition:5, metric:[  0. 150. 150.]
condition:6, metric:[0.56222307 0.         0.        ]
condition batch eval, img shape:(222, 262, 262), sx:3, sy:3, sz:3, num_conditions:2
condition:7, metric:[0. 0. 0.]
condition:8, metric:[0.15490101 0.         0.        ]
condition batch eval, img shape:(222, 262, 262), sx:3, sy:3, sz:3, num_conditions:2
condition:9, metric:[0.07844707 0.         0.        ]
condition:10, metric:[  0. 150. 150.]
condition batch eval, img shape:(222, 262, 262), sx:3, sy:3, sz:3, num_conditions:2
condition:11, metric:[  0. 150. 150.]
condition:12, metric:[  0. 150. 150.]
condition batch eval, img shape:(222, 262, 262), sx:3, sy:3, sz:3, num_conditions:1
condition:13, metric:[  0. 150. 150.]
Validation end
avg metric shape: (13, 3)
save model to ../model/BTCV_5_C3PS_cond_mode_film_began_semi2000_con4000_SGD_SGD/unet_3D_old/iter_3200_dice_0.1068
iteration 3200 : model2_dice_score : 0.106763 model2_hd95 : 69.230769
save model to ../model/BTCV_5_C3PS_cond_mode_film_began_semi2000_con4000_SGD_SGD/unet_3D_old/model_iter_3200.pth
save model2 to ../model/BTCV_5_C3PS_cond_mode_film_began_semi2000_con4000_SGD_SGD/unet_3D_old/model2_iter_3200.pth
iteration 3220 :model1 loss : 0.231640model2 loss : 0.209927pseudo_supervision1 : 0.000000pseudo_supervision2 : 0.331922
iteration 3240 :model1 loss : 0.242666model2 loss : 0.226749pseudo_supervision1 : 0.000000pseudo_supervision2 : 0.501539
iteration 3260 :model1 loss : 0.270675model2 loss : 0.238852pseudo_supervision1 : 0.000000pseudo_supervision2 : 0.503353
iteration 3280 :model1 loss : 0.212942model2 loss : 0.189562pseudo_supervision1 : 0.000000pseudo_supervision2 : 0.501008
iteration 3300 :model1 loss : 0.305234model2 loss : 0.180833pseudo_supervision1 : 0.000000pseudo_supervision2 : 0.466814
iteration 3320 :model1 loss : 0.225398model2 loss : 0.223039pseudo_supervision1 : 0.000000pseudo_supervision2 : 0.502993
iteration 3340 :model1 loss : 0.366440model2 loss : 0.202627pseudo_supervision1 : 0.000000pseudo_supervision2 : 0.407895
iteration 3360 :model1 loss : 0.255576model2 loss : 0.240251pseudo_supervision1 : 0.000000pseudo_supervision2 : 0.549867
iteration 3380 :model1 loss : 0.370642model2 loss : 0.191260pseudo_supervision1 : 0.000000pseudo_supervision2 : 0.567390
iteration 3400 :model1 loss : 0.363293model2 loss : 0.177116pseudo_supervision1 : 0.000000pseudo_supervision2 : 0.512220
save model to ../model/BTCV_5_C3PS_cond_mode_film_began_semi2000_con4000_SGD_SGD/unet_3D_old/model_iter_3400.pth
save model2 to ../model/BTCV_5_C3PS_cond_mode_film_began_semi2000_con4000_SGD_SGD/unet_3D_old/model2_iter_3400.pth
iteration 3420 :model1 loss : 0.181568model2 loss : 0.245562pseudo_supervision1 : 0.000000pseudo_supervision2 : 0.505052
iteration 3440 :model1 loss : 0.200977model2 loss : 0.245876pseudo_supervision1 : 0.000000pseudo_supervision2 : 0.217651
iteration 3460 :model1 loss : 0.191618model2 loss : 0.201316pseudo_supervision1 : 0.000000pseudo_supervision2 : 0.250632
iteration 3480 :model1 loss : 0.272403model2 loss : 0.206950pseudo_supervision1 : 0.000000pseudo_supervision2 : 0.544952
iteration 3500 :model1 loss : 0.346467model2 loss : 0.243440pseudo_supervision1 : 0.000000pseudo_supervision2 : 0.512107
iteration 3520 :model1 loss : 0.179095model2 loss : 0.248477pseudo_supervision1 : 0.000000pseudo_supervision2 : 0.438166
iteration 3540 :model1 loss : 0.210816model2 loss : 0.194766pseudo_supervision1 : 0.000000pseudo_supervision2 : 0.505499
iteration 3560 :model1 loss : 0.193255model2 loss : 0.270584pseudo_supervision1 : 0.000000pseudo_supervision2 : 0.560069
iteration 3580 :model1 loss : 0.195733model2 loss : 0.261376pseudo_supervision1 : 0.000000pseudo_supervision2 : 0.507136
iteration 3600 :model1 loss : 0.188876model2 loss : 0.177539pseudo_supervision1 : 0.000000pseudo_supervision2 : 0.527647
began evaluation!
iteration 3600: validation sampled 4/12 cases
Total test images: 4
Validation begin
Validation end
avg metric shape: (13, 3)
iteration 3600 : model_dice_score : 0.560423 model_hd95 : 0.000000
began evaluation!
Total test images: 4
Validation begin
===>test image:/projects/weilab/liupeng/dataset/ssl_seg/BTCV/Training_resampled_1.5_1.5_2.0_npy_zscore/img/img0001.npy
condition batch eval, img shape:(220, 228, 228), sx:3, sy:3, sz:3, num_conditions:2
condition:1, metric:[0.29653273 0.         0.        ]
condition:2, metric:[0.02624359 0.         0.        ]
condition batch eval, img shape:(220, 228, 228), sx:3, sy:3, sz:3, num_conditions:2
condition:3, metric:[0.15579746 0.         0.        ]
condition:4, metric:[  0. 150. 150.]
condition batch eval, img shape:(220, 228, 228), sx:3, sy:3, sz:3, num_conditions:2
condition:5, metric:[  0. 150. 150.]
condition:6, metric:[0.65742736 0.         0.        ]
condition batch eval, img shape:(220, 228, 228), sx:3, sy:3, sz:3, num_conditions:2
condition:7, metric:[0. 0. 0.]
condition:8, metric:[0.27389751 0.         0.        ]
condition batch eval, img shape:(220, 228, 228), sx:3, sy:3, sz:3, num_conditions:2
condition:9, metric:[0. 0. 0.]
condition:10, metric:[  0. 150. 150.]
condition batch eval, img shape:(220, 228, 228), sx:3, sy:3, sz:3, num_conditions:2
condition:11, metric:[  0. 150. 150.]
condition:12, metric:[  0. 150. 150.]
condition batch eval, img shape:(220, 228, 228), sx:3, sy:3, sz:3, num_conditions:1
condition:13, metric:[  0. 150. 150.]
===>test image:/projects/weilab/liupeng/dataset/ssl_seg/BTCV/Training_resampled_1.5_1.5_2.0_npy_zscore/img/img0025.npy
condition batch eval, img shape:(212, 284, 284), sx:3, sy:3, sz:3, num_conditions:2
condition:1, metric:[0.0121011 0.        0.       ]
condition:2, metric:[0. 0. 0.]
condition batch eval, img shape:(212, 284, 284), sx:3, sy:3, sz:3, num_conditions:2
condition:3, metric:[0. 0. 0.]
condition:4, metric:[  0. 150. 150.]
condition batch eval, img shape:(212, 284, 284), sx:3, sy:3, sz:3, num_conditions:2
condition:5, metric:[  0. 150. 150.]
condition:6, metric:[0.80509427 0.         0.        ]
condition batch eval, img shape:(212, 284, 284), sx:3, sy:3, sz:3, num_conditions:2
condition:7, metric:[0. 0. 0.]
condition:8, metric:[0.06103234 0.         0.        ]
condition batch eval, img shape:(212, 284, 284), sx:3, sy:3, sz:3, num_conditions:2
condition:9, metric:[0. 0. 0.]
condition:10, metric:[  0. 150. 150.]
condition batch eval, img shape:(212, 284, 284), sx:3, sy:3, sz:3, num_conditions:2
condition:11, metric:[  0. 150. 150.]
condition:12, metric:[  0. 150. 150.]
condition batch eval, img shape:(212, 284, 284), sx:3, sy:3, sz:3, num_conditions:1
condition:13, metric:[  0. 150. 150.]
===>test image:/projects/weilab/liupeng/dataset/ssl_seg/BTCV/Training_resampled_1.5_1.5_2.0_npy_zscore/img/img0002.npy
condition batch eval, img shape:(208, 246, 246), sx:3, sy:3, sz:3, num_conditions:2
condition:1, metric:[0.33532386 0.         0.        ]
condition:2, metric:[0.05238445 0.         0.        ]
condition batch eval, img shape:(208, 246, 246), sx:3, sy:3, sz:3, num_conditions:2
condition:3, metric:[0.35413246 0.         0.        ]
condition:4, metric:[  0. 150. 150.]
condition batch eval, img shape:(208, 246, 246), sx:3, sy:3, sz:3, num_conditions:2
condition:5, metric:[  0. 150. 150.]
condition:6, metric:[0.65119368 0.         0.        ]
condition batch eval, img shape:(208, 246, 246), sx:3, sy:3, sz:3, num_conditions:2
condition:7, metric:[0. 0. 0.]
condition:8, metric:[0.30583919 0.         0.        ]
condition batch eval, img shape:(208, 246, 246), sx:3, sy:3, sz:3, num_conditions:2
condition:9, metric:[0. 0. 0.]
condition:10, metric:[  0. 150. 150.]
condition batch eval, img shape:(208, 246, 246), sx:3, sy:3, sz:3, num_conditions:2
condition:11, metric:[  0. 150. 150.]
condition:12, metric:[  0. 150. 150.]
condition batch eval, img shape:(208, 246, 246), sx:3, sy:3, sz:3, num_conditions:1
condition:13, metric:[  0. 150. 150.]
===>test image:/projects/weilab/liupeng/dataset/ssl_seg/BTCV/Training_resampled_1.5_1.5_2.0_npy_zscore/img/img0029.npy
condition batch eval, img shape:(150, 299, 299), sx:2, sy:4, sz:4, num_conditions:2
condition:1, metric:[0.31435004 0.         0.        ]
condition:2, metric:[0.06555006 0.         0.        ]
condition batch eval, img shape:(150, 299, 299), sx:2, sy:4, sz:4, num_conditions:2
condition:3, metric:[0.0521995 0.        0.       ]
condition:4, metric:[  0. 150. 150.]
condition batch eval, img shape:(150, 299, 299), sx:2, sy:4, sz:4, num_conditions:2
condition:5, metric:[  0. 150. 150.]
condition:6, metric:[0.74007701 0.         0.        ]
condition batch eval, img shape:(150, 299, 299), sx:2, sy:4, sz:4, num_conditions:2
condition:7, metric:[0. 0. 0.]
condition:8, metric:[0.5169851 0.        0.       ]
condition batch eval, img shape:(150, 299, 299), sx:2, sy:4, sz:4, num_conditions:2
condition:9, metric:[0.02245818 0.         0.        ]
condition:10, metric:[  0. 150. 150.]
condition batch eval, img shape:(150, 299, 299), sx:2, sy:4, sz:4, num_conditions:2
condition:11, metric:[  0. 150. 150.]
condition:12, metric:[  0. 150. 150.]
condition batch eval, img shape:(150, 299, 299), sx:2, sy:4, sz:4, num_conditions:1
condition:13, metric:[  0. 150. 150.]
Validation end
avg metric shape: (13, 3)
save model to ../model/BTCV_5_C3PS_cond_mode_film_began_semi2000_con4000_SGD_SGD/unet_3D_old/iter_3600_dice_0.1096
iteration 3600 : model2_dice_score : 0.109589 model2_hd95 : 69.230769
save model to ../model/BTCV_5_C3PS_cond_mode_film_began_semi2000_con4000_SGD_SGD/unet_3D_old/model_iter_3600.pth
save model2 to ../model/BTCV_5_C3PS_cond_mode_film_began_semi2000_con4000_SGD_SGD/unet_3D_old/model2_iter_3600.pth
iteration 3620 :model1 loss : 0.223338model2 loss : 0.184236pseudo_supervision1 : 0.000000pseudo_supervision2 : 0.508826
iteration 3640 :model1 loss : 0.180986model2 loss : 0.153671pseudo_supervision1 : 0.000000pseudo_supervision2 : 0.510305
iteration 3660 :model1 loss : 0.208589model2 loss : 0.196088pseudo_supervision1 : 0.000000pseudo_supervision2 : 0.504885
iteration 3680 :model1 loss : 0.278895model2 loss : 0.315240pseudo_supervision1 : 0.000000pseudo_supervision2 : 0.297736
iteration 3700 :model1 loss : 0.277816model2 loss : 0.162483pseudo_supervision1 : 0.000000pseudo_supervision2 : 0.509964
iteration 3720 :model1 loss : 0.181681model2 loss : 0.215262pseudo_supervision1 : 0.000000pseudo_supervision2 : 0.501680
iteration 3740 :model1 loss : 0.266673model2 loss : 0.292589pseudo_supervision1 : 0.000000pseudo_supervision2 : 0.502180
iteration 3760 :model1 loss : 0.180784model2 loss : 0.183022pseudo_supervision1 : 0.000000pseudo_supervision2 : 0.456276
iteration 3780 :model1 loss : 0.422461model2 loss : 0.251224pseudo_supervision1 : 0.000000pseudo_supervision2 : 0.457190
iteration 3800 :model1 loss : 0.164984model2 loss : 0.250779pseudo_supervision1 : 0.000000pseudo_supervision2 : 0.503598
save model to ../model/BTCV_5_C3PS_cond_mode_film_began_semi2000_con4000_SGD_SGD/unet_3D_old/model_iter_3800.pth
save model2 to ../model/BTCV_5_C3PS_cond_mode_film_began_semi2000_con4000_SGD_SGD/unet_3D_old/model2_iter_3800.pth
iteration 3820 :model1 loss : 0.248143model2 loss : 0.253237pseudo_supervision1 : 0.000000pseudo_supervision2 : 0.539752
iteration 3840 :model1 loss : 0.210738model2 loss : 0.172624pseudo_supervision1 : 0.000000pseudo_supervision2 : 0.535407
iteration 3860 :model1 loss : 0.168543model2 loss : 0.254042pseudo_supervision1 : 0.000000pseudo_supervision2 : 0.471919
iteration 3880 :model1 loss : 0.280530model2 loss : 0.243503pseudo_supervision1 : 0.000000pseudo_supervision2 : 0.264262
iteration 3900 :model1 loss : 0.181770model2 loss : 0.258213pseudo_supervision1 : 0.000000pseudo_supervision2 : 0.502599
iteration 3920 :model1 loss : 0.227896model2 loss : 0.263225pseudo_supervision1 : 0.000000pseudo_supervision2 : 0.629764
iteration 3940 :model1 loss : 0.203249model2 loss : 0.193050pseudo_supervision1 : 0.000000pseudo_supervision2 : 0.519351
iteration 3960 :model1 loss : 0.218302model2 loss : 0.221883pseudo_supervision1 : 0.000000pseudo_supervision2 : 0.503165
iteration 3980 :model1 loss : 0.263962model2 loss : 0.234660pseudo_supervision1 : 0.000000pseudo_supervision2 : 0.408575
iteration 4000 :model1 loss : 0.188618model2 loss : 0.250774pseudo_supervision1 : 0.000000pseudo_supervision2 : 0.481607
began evaluation!
iteration 4000: validation sampled 4/12 cases
Total test images: 4
Validation begin
Validation end
avg metric shape: (13, 3)
iteration 4000 : model_dice_score : 0.597883 model_hd95 : 2.884615
began evaluation!
Total test images: 4
Validation begin
===>test image:/projects/weilab/liupeng/dataset/ssl_seg/BTCV/Training_resampled_1.5_1.5_2.0_npy_zscore/img/img0029.npy
condition batch eval, img shape:(150, 299, 299), sx:2, sy:4, sz:4, num_conditions:2
condition:1, metric:[0.30232892 0.         0.        ]
condition:2, metric:[0.28633593 0.         0.        ]
condition batch eval, img shape:(150, 299, 299), sx:2, sy:4, sz:4, num_conditions:2
condition:3, metric:[0.10640851 0.         0.        ]
condition:4, metric:[  0. 150. 150.]
condition batch eval, img shape:(150, 299, 299), sx:2, sy:4, sz:4, num_conditions:2
condition:5, metric:[  0. 150. 150.]
condition:6, metric:[0.72817019 0.         0.        ]
condition batch eval, img shape:(150, 299, 299), sx:2, sy:4, sz:4, num_conditions:2
condition:7, metric:[0. 0. 0.]
condition:8, metric:[0.23226715 0.         0.        ]
condition batch eval, img shape:(150, 299, 299), sx:2, sy:4, sz:4, num_conditions:2
condition:9, metric:[0. 0. 0.]
condition:10, metric:[  0. 150. 150.]
condition batch eval, img shape:(150, 299, 299), sx:2, sy:4, sz:4, num_conditions:2
condition:11, metric:[  0. 150. 150.]
condition:12, metric:[  0. 150. 150.]
condition batch eval, img shape:(150, 299, 299), sx:2, sy:4, sz:4, num_conditions:1
condition:13, metric:[  0. 150. 150.]
===>test image:/projects/weilab/liupeng/dataset/ssl_seg/BTCV/Training_resampled_1.5_1.5_2.0_npy_zscore/img/img0032.npy
condition batch eval, img shape:(216, 253, 253), sx:3, sy:3, sz:3, num_conditions:2
condition:1, metric:[0.10576091 0.         0.        ]
condition:2, metric:[0.3567924 0.        0.       ]
condition batch eval, img shape:(216, 253, 253), sx:3, sy:3, sz:3, num_conditions:2
condition:3, metric:[0.06556506 0.         0.        ]
condition:4, metric:[  0. 150. 150.]
condition batch eval, img shape:(216, 253, 253), sx:3, sy:3, sz:3, num_conditions:2
condition:5, metric:[  0. 150. 150.]
condition:6, metric:[0.66741211 0.         0.        ]
condition batch eval, img shape:(216, 253, 253), sx:3, sy:3, sz:3, num_conditions:2
condition:7, metric:[0. 0. 0.]
condition:8, metric:[0.11434828 0.         0.        ]
condition batch eval, img shape:(216, 253, 253), sx:3, sy:3, sz:3, num_conditions:2
condition:9, metric:[0. 0. 0.]
condition:10, metric:[  0. 150. 150.]
condition batch eval, img shape:(216, 253, 253), sx:3, sy:3, sz:3, num_conditions:2
condition:11, metric:[  0. 150. 150.]
condition:12, metric:[  0. 150. 150.]
condition batch eval, img shape:(216, 253, 253), sx:3, sy:3, sz:3, num_conditions:1
condition:13, metric:[  0. 150. 150.]
===>test image:/projects/weilab/liupeng/dataset/ssl_seg/BTCV/Training_resampled_1.5_1.5_2.0_npy_zscore/img/img0008.npy
condition batch eval, img shape:(222, 249, 249), sx:3, sy:3, sz:3, num_conditions:2
condition:1, metric:[0.44319208 0.         0.        ]
condition:2, metric:[0. 0. 0.]
condition batch eval, img shape:(222, 249, 249), sx:3, sy:3, sz:3, num_conditions:2
condition:3, metric:[0. 0. 0.]
condition:4, metric:[  0. 150. 150.]
condition batch eval, img shape:(222, 249, 249), sx:3, sy:3, sz:3, num_conditions:2
condition:5, metric:[  0. 150. 150.]
condition:6, metric:[0.75066085 0.         0.        ]
condition batch eval, img shape:(222, 249, 249), sx:3, sy:3, sz:3, num_conditions:2
condition:7, metric:[0. 0. 0.]
condition:8, metric:[0.19372027 0.         0.        ]
condition batch eval, img shape:(222, 249, 249), sx:3, sy:3, sz:3, num_conditions:2
condition:9, metric:[0. 0. 0.]
condition:10, metric:[  0. 150. 150.]
condition batch eval, img shape:(222, 249, 249), sx:3, sy:3, sz:3, num_conditions:2
condition:11, metric:[  0. 150. 150.]
condition:12, metric:[  0. 150. 150.]
condition batch eval, img shape:(222, 249, 249), sx:3, sy:3, sz:3, num_conditions:1
condition:13, metric:[  0. 150. 150.]
===>test image:/projects/weilab/liupeng/dataset/ssl_seg/BTCV/Training_resampled_1.5_1.5_2.0_npy_zscore/img/img0002.npy
condition batch eval, img shape:(208, 246, 246), sx:3, sy:3, sz:3, num_conditions:2
condition:1, metric:[0.32992285 0.         0.        ]
condition:2, metric:[0.47318392 0.         0.        ]
condition batch eval, img shape:(208, 246, 246), sx:3, sy:3, sz:3, num_conditions:2
condition:3, metric:[0.19533753 0.         0.        ]
condition:4, metric:[  0. 150. 150.]
condition batch eval, img shape:(208, 246, 246), sx:3, sy:3, sz:3, num_conditions:2
condition:5, metric:[  0. 150. 150.]
condition:6, metric:[0.66266678 0.         0.        ]
condition batch eval, img shape:(208, 246, 246), sx:3, sy:3, sz:3, num_conditions:2
condition:7, metric:[0. 0. 0.]
condition:8, metric:[0.03679369 0.         0.        ]
condition batch eval, img shape:(208, 246, 246), sx:3, sy:3, sz:3, num_conditions:2
condition:9, metric:[  0. 150. 150.]
condition:10, metric:[  0. 150. 150.]
condition batch eval, img shape:(208, 246, 246), sx:3, sy:3, sz:3, num_conditions:2
condition:11, metric:[  0. 150. 150.]
condition:12, metric:[  0. 150. 150.]
condition batch eval, img shape:(208, 246, 246), sx:3, sy:3, sz:3, num_conditions:1
condition:13, metric:[  0. 150. 150.]
Validation end
avg metric shape: (13, 3)
save model to ../model/BTCV_5_C3PS_cond_mode_film_began_semi2000_con4000_SGD_SGD/unet_3D_old/iter_4000_dice_0.1164
iteration 4000 : model2_dice_score : 0.116363 model2_hd95 : 72.115385
save model to ../model/BTCV_5_C3PS_cond_mode_film_began_semi2000_con4000_SGD_SGD/unet_3D_old/model_iter_4000.pth
save model2 to ../model/BTCV_5_C3PS_cond_mode_film_began_semi2000_con4000_SGD_SGD/unet_3D_old/model2_iter_4000.pth
iteration 4020 :model1 loss : 0.321539model2 loss : 0.193884pseudo_supervision1 : 14.862888pseudo_supervision2 : 0.537165
iteration 4040 :model1 loss : 0.249730model2 loss : 0.198627pseudo_supervision1 : 10.251726pseudo_supervision2 : 0.428439
iteration 4060 :model1 loss : 0.236413model2 loss : 0.267179pseudo_supervision1 : 0.000000pseudo_supervision2 : 0.506420
iteration 4080 :model1 loss : 0.169397model2 loss : 0.186111pseudo_supervision1 : 0.000000pseudo_supervision2 : 0.501913
iteration 4100 :model1 loss : 0.320446model2 loss : 0.255914pseudo_supervision1 : 0.000000pseudo_supervision2 : 0.504271
iteration 4120 :model1 loss : 0.194526model2 loss : 0.201337pseudo_supervision1 : 12.495814pseudo_supervision2 : 0.503547
iteration 4140 :model1 loss : 0.179711model2 loss : 0.191269pseudo_supervision1 : 0.000000pseudo_supervision2 : 0.502371
iteration 4160 :model1 loss : 0.293282model2 loss : 0.191614pseudo_supervision1 : 8.159358pseudo_supervision2 : 0.600574
iteration 4180 :model1 loss : 0.224303model2 loss : 0.265593pseudo_supervision1 : 0.000000pseudo_supervision2 : 0.501782
iteration 4200 :model1 loss : 0.266745model2 loss : 0.257688pseudo_supervision1 : 6.215382pseudo_supervision2 : 0.549598
save model to ../model/BTCV_5_C3PS_cond_mode_film_began_semi2000_con4000_SGD_SGD/unet_3D_old/model_iter_4200.pth
save model2 to ../model/BTCV_5_C3PS_cond_mode_film_began_semi2000_con4000_SGD_SGD/unet_3D_old/model2_iter_4200.pth
iteration 4220 :model1 loss : 0.301395model2 loss : 0.262391pseudo_supervision1 : 6.481542pseudo_supervision2 : 0.572734
iteration 4240 :model1 loss : 0.240372model2 loss : 0.226408pseudo_supervision1 : 16.108980pseudo_supervision2 : 0.454931
iteration 4260 :model1 loss : 0.226880model2 loss : 0.239032pseudo_supervision1 : 7.443618pseudo_supervision2 : 0.559629
iteration 4280 :model1 loss : 0.228313model2 loss : 0.147409pseudo_supervision1 : 0.000000pseudo_supervision2 : 0.449197
iteration 4300 :model1 loss : 0.190197model2 loss : 0.253024pseudo_supervision1 : 0.000000pseudo_supervision2 : 0.502545
iteration 4320 :model1 loss : 0.184631model2 loss : 0.256509pseudo_supervision1 : 0.000000pseudo_supervision2 : 0.481831
iteration 4340 :model1 loss : 0.240301model2 loss : 0.226855pseudo_supervision1 : 0.000000pseudo_supervision2 : 0.525717
iteration 4360 :model1 loss : 0.193365model2 loss : 0.260222pseudo_supervision1 : 0.000000pseudo_supervision2 : 0.501276
iteration 4380 :model1 loss : 0.183319model2 loss : 0.215973pseudo_supervision1 : 4.703548pseudo_supervision2 : 0.390018
iteration 4400 :model1 loss : 0.193519model2 loss : 0.192285pseudo_supervision1 : 7.979682pseudo_supervision2 : 0.514503
began evaluation!
iteration 4400: validation sampled 4/12 cases
Total test images: 4
Validation begin
Validation end
avg metric shape: (13, 3)
iteration 4400 : model_dice_score : 0.585657 model_hd95 : 2.884615
began evaluation!
Total test images: 4
Validation begin
===>test image:/projects/weilab/liupeng/dataset/ssl_seg/BTCV/Training_resampled_1.5_1.5_2.0_npy_zscore/img/img0004.npy
condition batch eval, img shape:(210, 203, 203), sx:3, sy:2, sz:2, num_conditions:2
condition:1, metric:[0.36388309 0.         0.        ]
condition:2, metric:[0.04589816 0.         0.        ]
condition batch eval, img shape:(210, 203, 203), sx:3, sy:2, sz:2, num_conditions:2
condition:3, metric:[0.40910876 0.         0.        ]
condition:4, metric:[  0. 150. 150.]
condition batch eval, img shape:(210, 203, 203), sx:3, sy:2, sz:2, num_conditions:2
condition:5, metric:[  0. 150. 150.]
condition:6, metric:[0.50559697 0.         0.        ]
condition batch eval, img shape:(210, 203, 203), sx:3, sy:2, sz:2, num_conditions:2
condition:7, metric:[0. 0. 0.]
condition:8, metric:[0.02105694 0.         0.        ]
condition batch eval, img shape:(210, 203, 203), sx:3, sy:2, sz:2, num_conditions:2
condition:9, metric:[0. 0. 0.]
condition:10, metric:[  0. 150. 150.]
condition batch eval, img shape:(210, 203, 203), sx:3, sy:2, sz:2, num_conditions:2
condition:11, metric:[  0. 150. 150.]
condition:12, metric:[  0. 150. 150.]
condition batch eval, img shape:(210, 203, 203), sx:3, sy:2, sz:2, num_conditions:1
condition:13, metric:[  0. 150. 150.]
===>test image:/projects/weilab/liupeng/dataset/ssl_seg/BTCV/Training_resampled_1.5_1.5_2.0_npy_zscore/img/img0022.npy
condition batch eval, img shape:(222, 262, 262), sx:3, sy:3, sz:3, num_conditions:2
condition:1, metric:[0.36275424 0.         0.        ]
condition:2, metric:[0.37897902 0.         0.        ]
condition batch eval, img shape:(222, 262, 262), sx:3, sy:3, sz:3, num_conditions:2
condition:3, metric:[0.18653373 0.         0.        ]
condition:4, metric:[  0. 150. 150.]
condition batch eval, img shape:(222, 262, 262), sx:3, sy:3, sz:3, num_conditions:2
condition:5, metric:[  0. 150. 150.]
condition:6, metric:[0.49587168 0.         0.        ]
condition batch eval, img shape:(222, 262, 262), sx:3, sy:3, sz:3, num_conditions:2
condition:7, metric:[0. 0. 0.]
condition:8, metric:[0.45153943 0.         0.        ]
condition batch eval, img shape:(222, 262, 262), sx:3, sy:3, sz:3, num_conditions:2
condition:9, metric:[0.0843333 0.        0.       ]
condition:10, metric:[  0. 150. 150.]
condition batch eval, img shape:(222, 262, 262), sx:3, sy:3, sz:3, num_conditions:2
condition:11, metric:[  0. 150. 150.]
condition:12, metric:[  0. 150. 150.]
condition batch eval, img shape:(222, 262, 262), sx:3, sy:3, sz:3, num_conditions:1
condition:13, metric:[  0. 150. 150.]
===>test image:/projects/weilab/liupeng/dataset/ssl_seg/BTCV/Training_resampled_1.5_1.5_2.0_npy_zscore/img/img0003.npy
condition batch eval, img shape:(297, 307, 307), sx:5, sy:4, sz:4, num_conditions:2
condition:1, metric:[0.06256319 0.         0.        ]
condition:2, metric:[0.22374061 0.         0.        ]
condition batch eval, img shape:(297, 307, 307), sx:5, sy:4, sz:4, num_conditions:2
condition:3, metric:[0.21261345 0.         0.        ]
condition:4, metric:[  0. 150. 150.]
condition batch eval, img shape:(297, 307, 307), sx:5, sy:4, sz:4, num_conditions:2
condition:5, metric:[  0. 150. 150.]
condition:6, metric:[0.5359043 0.        0.       ]
condition batch eval, img shape:(297, 307, 307), sx:5, sy:4, sz:4, num_conditions:2
condition:7, metric:[0.06005542 0.         0.        ]
condition:8, metric:[0.40109878 0.         0.        ]
condition batch eval, img shape:(297, 307, 307), sx:5, sy:4, sz:4, num_conditions:2
condition:9, metric:[6.17875127e-05 0.00000000e+00 0.00000000e+00]
condition:10, metric:[  0. 150. 150.]
condition batch eval, img shape:(297, 307, 307), sx:5, sy:4, sz:4, num_conditions:2
condition:11, metric:[  0. 150. 150.]
condition:12, metric:[  0. 150. 150.]
condition batch eval, img shape:(297, 307, 307), sx:5, sy:4, sz:4, num_conditions:1
condition:13, metric:[  0. 150. 150.]
===>test image:/projects/weilab/liupeng/dataset/ssl_seg/BTCV/Training_resampled_1.5_1.5_2.0_npy_zscore/img/img0036.npy
condition batch eval, img shape:(276, 255, 255), sx:4, sy:3, sz:3, num_conditions:2
condition:1, metric:[0.09523668 0.         0.        ]
condition:2, metric:[0.30624476 0.         0.        ]
condition batch eval, img shape:(276, 255, 255), sx:4, sy:3, sz:3, num_conditions:2
condition:3, metric:[0.2006804 0.        0.       ]
condition:4, metric:[  0. 150. 150.]
condition batch eval, img shape:(276, 255, 255), sx:4, sy:3, sz:3, num_conditions:2
condition:5, metric:[  0. 150. 150.]
condition:6, metric:[0.60875085 0.         0.        ]
condition batch eval, img shape:(276, 255, 255), sx:4, sy:3, sz:3, num_conditions:2
condition:7, metric:[0. 0. 0.]
condition:8, metric:[0.12206803 0.         0.        ]
condition batch eval, img shape:(276, 255, 255), sx:4, sy:3, sz:3, num_conditions:2
condition:9, metric:[0. 0. 0.]
condition:10, metric:[  0. 150. 150.]
condition batch eval, img shape:(276, 255, 255), sx:4, sy:3, sz:3, num_conditions:2
condition:11, metric:[  0. 150. 150.]
condition:12, metric:[  0. 150. 150.]
condition batch eval, img shape:(276, 255, 255), sx:4, sy:3, sz:3, num_conditions:1
condition:13, metric:[  0. 150. 150.]
Validation end
avg metric shape: (13, 3)
save model to ../model/BTCV_5_C3PS_cond_mode_film_began_semi2000_con4000_SGD_SGD/unet_3D_old/iter_4400_dice_0.118
iteration 4400 : model2_dice_score : 0.117973 model2_hd95 : 69.230769
save model to ../model/BTCV_5_C3PS_cond_mode_film_began_semi2000_con4000_SGD_SGD/unet_3D_old/model_iter_4400.pth
save model2 to ../model/BTCV_5_C3PS_cond_mode_film_began_semi2000_con4000_SGD_SGD/unet_3D_old/model2_iter_4400.pth
iteration 4420 :model1 loss : 0.202711model2 loss : 0.193478pseudo_supervision1 : 0.000000pseudo_supervision2 : 0.503870
iteration 4440 :model1 loss : 0.275048model2 loss : 0.294792pseudo_supervision1 : 0.000000pseudo_supervision2 : 0.510130
iteration 4460 :model1 loss : 0.209799model2 loss : 0.258098pseudo_supervision1 : 0.000000pseudo_supervision2 : 0.300271
iteration 4480 :model1 loss : 0.217113model2 loss : 0.220366pseudo_supervision1 : 6.750845pseudo_supervision2 : 0.546095
iteration 4500 :model1 loss : 0.331832model2 loss : 0.278457pseudo_supervision1 : 0.000000pseudo_supervision2 : 0.399240
iteration 4520 :model1 loss : 0.302968model2 loss : 0.233812pseudo_supervision1 : 3.586034pseudo_supervision2 : 0.564850
iteration 4540 :model1 loss : 0.147718model2 loss : 0.192131pseudo_supervision1 : 0.000000pseudo_supervision2 : 0.511028
iteration 4560 :model1 loss : 0.193625model2 loss : 0.241752pseudo_supervision1 : 0.000000pseudo_supervision2 : 0.511811
iteration 4580 :model1 loss : 0.237826model2 loss : 0.293626pseudo_supervision1 : 0.000000pseudo_supervision2 : 0.511492
iteration 4600 :model1 loss : 0.246038model2 loss : 0.179205pseudo_supervision1 : 6.747659pseudo_supervision2 : 0.441292
save model to ../model/BTCV_5_C3PS_cond_mode_film_began_semi2000_con4000_SGD_SGD/unet_3D_old/model_iter_4600.pth
save model2 to ../model/BTCV_5_C3PS_cond_mode_film_began_semi2000_con4000_SGD_SGD/unet_3D_old/model2_iter_4600.pth
iteration 4620 :model1 loss : 0.219691model2 loss : 0.264410pseudo_supervision1 : 0.000000pseudo_supervision2 : 0.502535
iteration 4640 :model1 loss : 0.346203model2 loss : 0.149199pseudo_supervision1 : 0.000000pseudo_supervision2 : 0.376310
iteration 4660 :model1 loss : 0.267381model2 loss : 0.198436pseudo_supervision1 : 0.000000pseudo_supervision2 : 0.355459
iteration 4680 :model1 loss : 0.435804model2 loss : 0.224435pseudo_supervision1 : 0.000000pseudo_supervision2 : 0.502335
iteration 4700 :model1 loss : 0.182034model2 loss : 0.205999pseudo_supervision1 : 6.720202pseudo_supervision2 : 0.506937
iteration 4720 :model1 loss : 0.305477model2 loss : 0.210748pseudo_supervision1 : 0.000000pseudo_supervision2 : 0.511202
iteration 4740 :model1 loss : 0.208241model2 loss : 0.210707pseudo_supervision1 : 4.463408pseudo_supervision2 : 0.537077
iteration 4760 :model1 loss : 0.168879model2 loss : 0.224336pseudo_supervision1 : 5.839925pseudo_supervision2 : 0.238079
iteration 4780 :model1 loss : 0.183931model2 loss : 0.248993pseudo_supervision1 : 5.540401pseudo_supervision2 : 0.508635
iteration 4800 :model1 loss : 0.188142model2 loss : 0.248533pseudo_supervision1 : 0.000000pseudo_supervision2 : 0.501102
began evaluation!
iteration 4800: validation sampled 4/12 cases
Total test images: 4
Validation begin
Validation end
avg metric shape: (13, 3)
iteration 4800 : model_dice_score : 0.553204 model_hd95 : 2.884615
began evaluation!
Total test images: 4
Validation begin
===>test image:/projects/weilab/liupeng/dataset/ssl_seg/BTCV/Training_resampled_1.5_1.5_2.0_npy_zscore/img/img0038.npy
condition batch eval, img shape:(250, 333, 333), sx:4, sy:4, sz:4, num_conditions:2
condition:1, metric:[0.05789942 0.         0.        ]
condition:2, metric:[0.03772475 0.         0.        ]
condition batch eval, img shape:(250, 333, 333), sx:4, sy:4, sz:4, num_conditions:2
condition:3, metric:[0. 0. 0.]
condition:4, metric:[  0. 150. 150.]
condition batch eval, img shape:(250, 333, 333), sx:4, sy:4, sz:4, num_conditions:2
condition:5, metric:[  0. 150. 150.]
condition:6, metric:[0.57024806 0.         0.        ]
condition batch eval, img shape:(250, 333, 333), sx:4, sy:4, sz:4, num_conditions:2
condition:7, metric:[0. 0. 0.]
condition:8, metric:[0.3468709 0.        0.       ]
condition batch eval, img shape:(250, 333, 333), sx:4, sy:4, sz:4, num_conditions:2
condition:9, metric:[0.05108401 0.         0.        ]
condition:10, metric:[  0. 150. 150.]
condition batch eval, img shape:(250, 333, 333), sx:4, sy:4, sz:4, num_conditions:2
condition:11, metric:[  0. 150. 150.]
condition:12, metric:[  0. 150. 150.]
condition batch eval, img shape:(250, 333, 333), sx:4, sy:4, sz:4, num_conditions:1
condition:13, metric:[  0. 150. 150.]
===>test image:/projects/weilab/liupeng/dataset/ssl_seg/BTCV/Training_resampled_1.5_1.5_2.0_npy_zscore/img/img0002.npy
condition batch eval, img shape:(208, 246, 246), sx:3, sy:3, sz:3, num_conditions:2
condition:1, metric:[0.08978501 0.         0.        ]
condition:2, metric:[0.21061755 0.         0.        ]
condition batch eval, img shape:(208, 246, 246), sx:3, sy:3, sz:3, num_conditions:2
condition:3, metric:[0.06816806 0.         0.        ]
condition:4, metric:[  0. 150. 150.]
condition batch eval, img shape:(208, 246, 246), sx:3, sy:3, sz:3, num_conditions:2
condition:5, metric:[  0. 150. 150.]
condition:6, metric:[0.66561346 0.         0.        ]
condition batch eval, img shape:(208, 246, 246), sx:3, sy:3, sz:3, num_conditions:2
condition:7, metric:[0. 0. 0.]
condition:8, metric:[0.34837609 0.         0.        ]
condition batch eval, img shape:(208, 246, 246), sx:3, sy:3, sz:3, num_conditions:2
condition:9, metric:[0. 0. 0.]
condition:10, metric:[  0. 150. 150.]
condition batch eval, img shape:(208, 246, 246), sx:3, sy:3, sz:3, num_conditions:2
condition:11, metric:[  0. 150. 150.]
condition:12, metric:[  0. 150. 150.]
condition batch eval, img shape:(208, 246, 246), sx:3, sy:3, sz:3, num_conditions:1
condition:13, metric:[  0. 150. 150.]
===>test image:/projects/weilab/liupeng/dataset/ssl_seg/BTCV/Training_resampled_1.5_1.5_2.0_npy_zscore/img/img0004.npy
condition batch eval, img shape:(210, 203, 203), sx:3, sy:2, sz:2, num_conditions:2
condition:1, metric:[0.17384688 0.         0.        ]
condition:2, metric:[0. 0. 0.]
condition batch eval, img shape:(210, 203, 203), sx:3, sy:2, sz:2, num_conditions:2
condition:3, metric:[0.01654567 0.         0.        ]
condition:4, metric:[  0. 150. 150.]
condition batch eval, img shape:(210, 203, 203), sx:3, sy:2, sz:2, num_conditions:2
condition:5, metric:[  0. 150. 150.]
condition:6, metric:[0.62150267 0.         0.        ]
condition batch eval, img shape:(210, 203, 203), sx:3, sy:2, sz:2, num_conditions:2
condition:7, metric:[0. 0. 0.]
condition:8, metric:[0.15782881 0.         0.        ]
condition batch eval, img shape:(210, 203, 203), sx:3, sy:2, sz:2, num_conditions:2
condition:9, metric:[  0. 150. 150.]
condition:10, metric:[  0. 150. 150.]
condition batch eval, img shape:(210, 203, 203), sx:3, sy:2, sz:2, num_conditions:2
condition:11, metric:[  0. 150. 150.]
condition:12, metric:[  0. 150. 150.]
condition batch eval, img shape:(210, 203, 203), sx:3, sy:2, sz:2, num_conditions:1
condition:13, metric:[  0. 150. 150.]
===>test image:/projects/weilab/liupeng/dataset/ssl_seg/BTCV/Training_resampled_1.5_1.5_2.0_npy_zscore/img/img0003.npy
condition batch eval, img shape:(297, 307, 307), sx:5, sy:4, sz:4, num_conditions:2
condition:1, metric:[0.00826715 0.         0.        ]
condition:2, metric:[0.1144263 0.        0.       ]
condition batch eval, img shape:(297, 307, 307), sx:5, sy:4, sz:4, num_conditions:2
condition:3, metric:[0.0029096 0.        0.       ]
condition:4, metric:[  0. 150. 150.]
condition batch eval, img shape:(297, 307, 307), sx:5, sy:4, sz:4, num_conditions:2
condition:5, metric:[  0. 150. 150.]
condition:6, metric:[0.52773962 0.         0.        ]
condition batch eval, img shape:(297, 307, 307), sx:5, sy:4, sz:4, num_conditions:2
condition:7, metric:[0.00100667 0.         0.        ]
condition:8, metric:[0.3271165 0.        0.       ]
condition batch eval, img shape:(297, 307, 307), sx:5, sy:4, sz:4, num_conditions:2
condition:9, metric:[0. 0. 0.]
condition:10, metric:[  0. 150. 150.]
condition batch eval, img shape:(297, 307, 307), sx:5, sy:4, sz:4, num_conditions:2
condition:11, metric:[  0. 150. 150.]
condition:12, metric:[  0. 150. 150.]
condition batch eval, img shape:(297, 307, 307), sx:5, sy:4, sz:4, num_conditions:1
condition:13, metric:[  0. 150. 150.]
Validation end
avg metric shape: (13, 3)
iteration 4800 : model2_dice_score : 0.084569 model2_hd95 : 72.115385
save model to ../model/BTCV_5_C3PS_cond_mode_film_began_semi2000_con4000_SGD_SGD/unet_3D_old/model_iter_4800.pth
save model2 to ../model/BTCV_5_C3PS_cond_mode_film_began_semi2000_con4000_SGD_SGD/unet_3D_old/model2_iter_4800.pth
iteration 4820 :model1 loss : 0.201329model2 loss : 0.099137pseudo_supervision1 : 13.057258pseudo_supervision2 : 0.537546
iteration 4840 :model1 loss : 0.183159model2 loss : 0.246669pseudo_supervision1 : 0.000000pseudo_supervision2 : 0.525917
iteration 4860 :model1 loss : 0.217139model2 loss : 0.261975pseudo_supervision1 : 0.000000pseudo_supervision2 : 0.501624
iteration 4880 :model1 loss : 0.339139model2 loss : 0.175149pseudo_supervision1 : 0.000000pseudo_supervision2 : 0.466351
iteration 4900 :model1 loss : 0.201214model2 loss : 0.178255pseudo_supervision1 : 6.350310pseudo_supervision2 : 0.449321
iteration 4920 :model1 loss : 0.204478model2 loss : 0.126830pseudo_supervision1 : 5.469167pseudo_supervision2 : 0.426995
iteration 4940 :model1 loss : 0.196619model2 loss : 0.200218pseudo_supervision1 : 4.724000pseudo_supervision2 : 0.600326
iteration 4960 :model1 loss : 0.194565model2 loss : 0.280037pseudo_supervision1 : 0.000000pseudo_supervision2 : 0.502823
iteration 4980 :model1 loss : 0.151843model2 loss : 0.115628pseudo_supervision1 : 0.000000pseudo_supervision2 : 0.495811
iteration 5000 :model1 loss : 0.192163model2 loss : 0.192007pseudo_supervision1 : 0.000000pseudo_supervision2 : 0.501386
save model to ../model/BTCV_5_C3PS_cond_mode_film_began_semi2000_con4000_SGD_SGD/unet_3D_old/model_iter_5000.pth
save model2 to ../model/BTCV_5_C3PS_cond_mode_film_began_semi2000_con4000_SGD_SGD/unet_3D_old/model2_iter_5000.pth
iteration 5020 :model1 loss : 0.203015model2 loss : 0.151484pseudo_supervision1 : 0.000000pseudo_supervision2 : 0.505764
iteration 5040 :model1 loss : 0.258197model2 loss : 0.277337pseudo_supervision1 : 5.533105pseudo_supervision2 : 0.513020
iteration 5060 :model1 loss : 0.220173model2 loss : 0.242913pseudo_supervision1 : 6.712481pseudo_supervision2 : 0.569392
iteration 5080 :model1 loss : 0.235008model2 loss : 0.201749pseudo_supervision1 : 0.000000pseudo_supervision2 : 0.503116
iteration 5100 :model1 loss : 0.262216model2 loss : 0.149502pseudo_supervision1 : 2.066442pseudo_supervision2 : 0.533240
iteration 5120 :model1 loss : 0.195876model2 loss : 0.257139pseudo_supervision1 : 5.414930pseudo_supervision2 : 0.324645
iteration 5140 :model1 loss : 0.161900model2 loss : 0.236711pseudo_supervision1 : 3.221502pseudo_supervision2 : 0.429594
iteration 5160 :model1 loss : 0.156809model2 loss : 0.145810pseudo_supervision1 : 0.000000pseudo_supervision2 : 0.467697
iteration 5180 :model1 loss : 0.232350model2 loss : 0.167545pseudo_supervision1 : 0.000000pseudo_supervision2 : 0.504902
iteration 5200 :model1 loss : 0.319637model2 loss : 0.174171pseudo_supervision1 : 6.658250pseudo_supervision2 : 0.518189
began evaluation!
iteration 5200: validation sampled 4/12 cases
Total test images: 4
Validation begin
Validation end
avg metric shape: (13, 3)
iteration 5200 : model_dice_score : 0.569662 model_hd95 : 5.769231
began evaluation!
Total test images: 4
Validation begin
===>test image:/projects/weilab/liupeng/dataset/ssl_seg/BTCV/Training_resampled_1.5_1.5_2.0_npy_zscore/img/img0004.npy
condition batch eval, img shape:(210, 203, 203), sx:3, sy:2, sz:2, num_conditions:2
condition:1, metric:[0.35429635 0.         0.        ]
condition:2, metric:[0. 0. 0.]
condition batch eval, img shape:(210, 203, 203), sx:3, sy:2, sz:2, num_conditions:2
condition:3, metric:[0.39966134 0.         0.        ]
condition:4, metric:[  0. 150. 150.]
condition batch eval, img shape:(210, 203, 203), sx:3, sy:2, sz:2, num_conditions:2
condition:5, metric:[  0. 150. 150.]
condition:6, metric:[0.64903997 0.         0.        ]
condition batch eval, img shape:(210, 203, 203), sx:3, sy:2, sz:2, num_conditions:2
condition:7, metric:[0. 0. 0.]
condition:8, metric:[0.43927834 0.         0.        ]
condition batch eval, img shape:(210, 203, 203), sx:3, sy:2, sz:2, num_conditions:2
condition:9, metric:[0. 0. 0.]
condition:10, metric:[  0. 150. 150.]
condition batch eval, img shape:(210, 203, 203), sx:3, sy:2, sz:2, num_conditions:2
condition:11, metric:[  0. 150. 150.]
condition:12, metric:[  0. 150. 150.]
condition batch eval, img shape:(210, 203, 203), sx:3, sy:2, sz:2, num_conditions:1
condition:13, metric:[  0. 150. 150.]
===>test image:/projects/weilab/liupeng/dataset/ssl_seg/BTCV/Training_resampled_1.5_1.5_2.0_npy_zscore/img/img0032.npy
condition batch eval, img shape:(216, 253, 253), sx:3, sy:3, sz:3, num_conditions:2
condition:1, metric:[0.06453469 0.         0.        ]
condition:2, metric:[0.23540722 0.         0.        ]
condition batch eval, img shape:(216, 253, 253), sx:3, sy:3, sz:3, num_conditions:2
condition:3, metric:[0.37299975 0.         0.        ]
condition:4, metric:[  0. 150. 150.]
condition batch eval, img shape:(216, 253, 253), sx:3, sy:3, sz:3, num_conditions:2
condition:5, metric:[  0. 150. 150.]
condition:6, metric:[0.75616417 0.         0.        ]
condition batch eval, img shape:(216, 253, 253), sx:3, sy:3, sz:3, num_conditions:2
condition:7, metric:[0. 0. 0.]
condition:8, metric:[0.50384768 0.         0.        ]
condition batch eval, img shape:(216, 253, 253), sx:3, sy:3, sz:3, num_conditions:2
condition:9, metric:[0. 0. 0.]
condition:10, metric:[  0. 150. 150.]
condition batch eval, img shape:(216, 253, 253), sx:3, sy:3, sz:3, num_conditions:2
condition:11, metric:[  0. 150. 150.]
condition:12, metric:[  0. 150. 150.]
condition batch eval, img shape:(216, 253, 253), sx:3, sy:3, sz:3, num_conditions:1
condition:13, metric:[  0. 150. 150.]
===>test image:/projects/weilab/liupeng/dataset/ssl_seg/BTCV/Training_resampled_1.5_1.5_2.0_npy_zscore/img/img0036.npy
condition batch eval, img shape:(276, 255, 255), sx:4, sy:3, sz:3, num_conditions:2
condition:1, metric:[0.0048217 0.        0.       ]
condition:2, metric:[0.03635231 0.         0.        ]
condition batch eval, img shape:(276, 255, 255), sx:4, sy:3, sz:3, num_conditions:2
condition:3, metric:[0.11638018 0.         0.        ]
condition:4, metric:[  0. 150. 150.]
condition batch eval, img shape:(276, 255, 255), sx:4, sy:3, sz:3, num_conditions:2
condition:5, metric:[  0. 150. 150.]
condition:6, metric:[0.6989533 0.        0.       ]
condition batch eval, img shape:(276, 255, 255), sx:4, sy:3, sz:3, num_conditions:2
condition:7, metric:[0. 0. 0.]
condition:8, metric:[0.47663078 0.         0.        ]
condition batch eval, img shape:(276, 255, 255), sx:4, sy:3, sz:3, num_conditions:2
condition:9, metric:[0. 0. 0.]
condition:10, metric:[  0. 150. 150.]
condition batch eval, img shape:(276, 255, 255), sx:4, sy:3, sz:3, num_conditions:2
condition:11, metric:[  0. 150. 150.]
condition:12, metric:[  0. 150. 150.]
condition batch eval, img shape:(276, 255, 255), sx:4, sy:3, sz:3, num_conditions:1
condition:13, metric:[  0. 150. 150.]
===>test image:/projects/weilab/liupeng/dataset/ssl_seg/BTCV/Training_resampled_1.5_1.5_2.0_npy_zscore/img/img0001.npy
condition batch eval, img shape:(220, 228, 228), sx:3, sy:3, sz:3, num_conditions:2
condition:1, metric:[0.15624843 0.         0.        ]
condition:2, metric:[0.02353678 0.         0.        ]
condition batch eval, img shape:(220, 228, 228), sx:3, sy:3, sz:3, num_conditions:2
condition:3, metric:[0.31994324 0.         0.        ]
condition:4, metric:[  0. 150. 150.]
condition batch eval, img shape:(220, 228, 228), sx:3, sy:3, sz:3, num_conditions:2
condition:5, metric:[  0. 150. 150.]
condition:6, metric:[0.71873614 0.         0.        ]
condition batch eval, img shape:(220, 228, 228), sx:3, sy:3, sz:3, num_conditions:2
condition:7, metric:[0. 0. 0.]
condition:8, metric:[0.60726237 0.         0.        ]
condition batch eval, img shape:(220, 228, 228), sx:3, sy:3, sz:3, num_conditions:2
condition:9, metric:[0. 0. 0.]
condition:10, metric:[  0. 150. 150.]
condition batch eval, img shape:(220, 228, 228), sx:3, sy:3, sz:3, num_conditions:2
condition:11, metric:[  0. 150. 150.]
condition:12, metric:[  0. 150. 150.]
condition batch eval, img shape:(220, 228, 228), sx:3, sy:3, sz:3, num_conditions:1
condition:13, metric:[  0. 150. 150.]
Validation end
avg metric shape: (13, 3)
save model to ../model/BTCV_5_C3PS_cond_mode_film_began_semi2000_con4000_SGD_SGD/unet_3D_old/iter_5200_dice_0.1333
iteration 5200 : model2_dice_score : 0.133348 model2_hd95 : 69.230769
save model to ../model/BTCV_5_C3PS_cond_mode_film_began_semi2000_con4000_SGD_SGD/unet_3D_old/model_iter_5200.pth
save model2 to ../model/BTCV_5_C3PS_cond_mode_film_began_semi2000_con4000_SGD_SGD/unet_3D_old/model2_iter_5200.pth
iteration 5220 :model1 loss : 0.153335model2 loss : 0.204018pseudo_supervision1 : 0.000000pseudo_supervision2 : 0.505849
iteration 5240 :model1 loss : 0.191124model2 loss : 0.250473pseudo_supervision1 : 6.254525pseudo_supervision2 : 0.505054
iteration 5260 :model1 loss : 0.212915model2 loss : 0.129174pseudo_supervision1 : 5.849510pseudo_supervision2 : 0.505915
iteration 5280 :model1 loss : 0.195952model2 loss : 0.151643pseudo_supervision1 : 10.724210pseudo_supervision2 : 0.441705
iteration 5300 :model1 loss : 0.166581model2 loss : 0.185198pseudo_supervision1 : 3.553732pseudo_supervision2 : 0.113115
iteration 5320 :model1 loss : 0.198480model2 loss : 0.243955pseudo_supervision1 : 0.000000pseudo_supervision2 : 0.508402
iteration 5340 :model1 loss : 0.212703model2 loss : 0.200400pseudo_supervision1 : 2.761302pseudo_supervision2 : 0.382336
iteration 5360 :model1 loss : 0.405319model2 loss : 0.193895pseudo_supervision1 : 6.303630pseudo_supervision2 : 0.310617
iteration 5380 :model1 loss : 0.172946model2 loss : 0.108067pseudo_supervision1 : 3.184445pseudo_supervision2 : 0.502553
iteration 5400 :model1 loss : 0.154412model2 loss : 0.172538pseudo_supervision1 : 0.000000pseudo_supervision2 : 0.511166
save model to ../model/BTCV_5_C3PS_cond_mode_film_began_semi2000_con4000_SGD_SGD/unet_3D_old/model_iter_5400.pth
save model2 to ../model/BTCV_5_C3PS_cond_mode_film_began_semi2000_con4000_SGD_SGD/unet_3D_old/model2_iter_5400.pth
iteration 5420 :model1 loss : 0.199745model2 loss : 0.192960pseudo_supervision1 : 9.082757pseudo_supervision2 : 0.247461
iteration 5440 :model1 loss : 0.167576model2 loss : 0.111493pseudo_supervision1 : 0.000000pseudo_supervision2 : 0.508967
iteration 5460 :model1 loss : 0.231033model2 loss : 0.268812pseudo_supervision1 : 5.570150pseudo_supervision2 : 0.502773
iteration 5480 :model1 loss : 0.176764model2 loss : 0.240897pseudo_supervision1 : 0.000000pseudo_supervision2 : 0.525958
iteration 5500 :model1 loss : 0.152675model2 loss : 0.146371pseudo_supervision1 : 0.000000pseudo_supervision2 : 0.475984
iteration 5520 :model1 loss : 0.169372model2 loss : 0.219570pseudo_supervision1 : 4.299293pseudo_supervision2 : 0.512002
iteration 5540 :model1 loss : 0.336771model2 loss : 0.192016pseudo_supervision1 : 3.204049pseudo_supervision2 : 0.503061
iteration 5560 :model1 loss : 0.159375model2 loss : 0.146173pseudo_supervision1 : 0.000000pseudo_supervision2 : 0.501544
iteration 5580 :model1 loss : 0.218275model2 loss : 0.239322pseudo_supervision1 : 0.000000pseudo_supervision2 : 0.503121
iteration 5600 :model1 loss : 0.297431model2 loss : 0.219716pseudo_supervision1 : 8.441702pseudo_supervision2 : 0.510045
began evaluation!
iteration 5600: validation sampled 4/12 cases
Total test images: 4
Validation begin
Validation end
avg metric shape: (13, 3)
iteration 5600 : model_dice_score : 0.524304 model_hd95 : 0.000000
began evaluation!
Total test images: 4
Validation begin
===>test image:/projects/weilab/liupeng/dataset/ssl_seg/BTCV/Training_resampled_1.5_1.5_2.0_npy_zscore/img/img0022.npy
condition batch eval, img shape:(222, 262, 262), sx:3, sy:3, sz:3, num_conditions:2
condition:1, metric:[0.07115728 0.         0.        ]
condition:2, metric:[0.45807621 0.         0.        ]
condition batch eval, img shape:(222, 262, 262), sx:3, sy:3, sz:3, num_conditions:2
condition:3, metric:[0.2075683 0.        0.       ]
condition:4, metric:[  0. 150. 150.]
condition batch eval, img shape:(222, 262, 262), sx:3, sy:3, sz:3, num_conditions:2
condition:5, metric:[  0. 150. 150.]
condition:6, metric:[0.59782313 0.         0.        ]
condition batch eval, img shape:(222, 262, 262), sx:3, sy:3, sz:3, num_conditions:2
condition:7, metric:[0. 0. 0.]
condition:8, metric:[0.37677175 0.         0.        ]
condition batch eval, img shape:(222, 262, 262), sx:3, sy:3, sz:3, num_conditions:2
condition:9, metric:[0.03765608 0.         0.        ]
condition:10, metric:[  0. 150. 150.]
condition batch eval, img shape:(222, 262, 262), sx:3, sy:3, sz:3, num_conditions:2
condition:11, metric:[  0. 150. 150.]
condition:12, metric:[  0. 150. 150.]
condition batch eval, img shape:(222, 262, 262), sx:3, sy:3, sz:3, num_conditions:1
condition:13, metric:[  0. 150. 150.]
===>test image:/projects/weilab/liupeng/dataset/ssl_seg/BTCV/Training_resampled_1.5_1.5_2.0_npy_zscore/img/img0025.npy
condition batch eval, img shape:(212, 284, 284), sx:3, sy:3, sz:3, num_conditions:2
condition:1, metric:[0.00036698 0.         0.        ]
condition:2, metric:[0.00200067 0.         0.        ]
condition batch eval, img shape:(212, 284, 284), sx:3, sy:3, sz:3, num_conditions:2
condition:3, metric:[0. 0. 0.]
condition:4, metric:[  0. 150. 150.]
condition batch eval, img shape:(212, 284, 284), sx:3, sy:3, sz:3, num_conditions:2
condition:5, metric:[  0. 150. 150.]
condition:6, metric:[0.81181792 0.         0.        ]
condition batch eval, img shape:(212, 284, 284), sx:3, sy:3, sz:3, num_conditions:2
condition:7, metric:[0. 0. 0.]
condition:8, metric:[0.02510793 0.         0.        ]
condition batch eval, img shape:(212, 284, 284), sx:3, sy:3, sz:3, num_conditions:2
condition:9, metric:[  0. 150. 150.]
condition:10, metric:[  0. 150. 150.]
condition batch eval, img shape:(212, 284, 284), sx:3, sy:3, sz:3, num_conditions:2
condition:11, metric:[  0. 150. 150.]
condition:12, metric:[  0. 150. 150.]
condition batch eval, img shape:(212, 284, 284), sx:3, sy:3, sz:3, num_conditions:1
condition:13, metric:[  0. 150. 150.]
===>test image:/projects/weilab/liupeng/dataset/ssl_seg/BTCV/Training_resampled_1.5_1.5_2.0_npy_zscore/img/img0001.npy
condition batch eval, img shape:(220, 228, 228), sx:3, sy:3, sz:3, num_conditions:2
condition:1, metric:[0.00848055 0.         0.        ]
condition:2, metric:[0.33260014 0.         0.        ]
condition batch eval, img shape:(220, 228, 228), sx:3, sy:3, sz:3, num_conditions:2
condition:3, metric:[0.36248258 0.         0.        ]
condition:4, metric:[  0. 150. 150.]
condition batch eval, img shape:(220, 228, 228), sx:3, sy:3, sz:3, num_conditions:2
condition:5, metric:[  0. 150. 150.]
condition:6, metric:[0.71554232 0.         0.        ]
condition batch eval, img shape:(220, 228, 228), sx:3, sy:3, sz:3, num_conditions:2
condition:7, metric:[0. 0. 0.]
condition:8, metric:[0.29621368 0.         0.        ]
condition batch eval, img shape:(220, 228, 228), sx:3, sy:3, sz:3, num_conditions:2
condition:9, metric:[0. 0. 0.]
condition:10, metric:[  0. 150. 150.]
condition batch eval, img shape:(220, 228, 228), sx:3, sy:3, sz:3, num_conditions:2
condition:11, metric:[  0. 150. 150.]
condition:12, metric:[  0. 150. 150.]
condition batch eval, img shape:(220, 228, 228), sx:3, sy:3, sz:3, num_conditions:1
condition:13, metric:[  0. 150. 150.]
===>test image:/projects/weilab/liupeng/dataset/ssl_seg/BTCV/Training_resampled_1.5_1.5_2.0_npy_zscore/img/img0008.npy
condition batch eval, img shape:(222, 249, 249), sx:3, sy:3, sz:3, num_conditions:2
condition:1, metric:[0.25892884 0.         0.        ]
condition:2, metric:[0. 0. 0.]
condition batch eval, img shape:(222, 249, 249), sx:3, sy:3, sz:3, num_conditions:2
condition:3, metric:[0. 0. 0.]
condition:4, metric:[  0. 150. 150.]
condition batch eval, img shape:(222, 249, 249), sx:3, sy:3, sz:3, num_conditions:2
condition:5, metric:[  0. 150. 150.]
condition:6, metric:[0.71994519 0.         0.        ]
condition batch eval, img shape:(222, 249, 249), sx:3, sy:3, sz:3, num_conditions:2
condition:7, metric:[0. 0. 0.]
condition:8, metric:[0.41443539 0.         0.        ]
condition batch eval, img shape:(222, 249, 249), sx:3, sy:3, sz:3, num_conditions:2
condition:9, metric:[0.05679239 0.         0.        ]
condition:10, metric:[  0. 150. 150.]
condition batch eval, img shape:(222, 249, 249), sx:3, sy:3, sz:3, num_conditions:2
condition:11, metric:[0. 0. 0.]
condition:12, metric:[  0. 150. 150.]
condition batch eval, img shape:(222, 249, 249), sx:3, sy:3, sz:3, num_conditions:1
condition:13, metric:[  0. 150. 150.]
Validation end
avg metric shape: (13, 3)
iteration 5600 : model2_dice_score : 0.110649 model2_hd95 : 69.230769
save model to ../model/BTCV_5_C3PS_cond_mode_film_began_semi2000_con4000_SGD_SGD/unet_3D_old/model_iter_5600.pth
save model2 to ../model/BTCV_5_C3PS_cond_mode_film_began_semi2000_con4000_SGD_SGD/unet_3D_old/model2_iter_5600.pth
iteration 5620 :model1 loss : 0.187306model2 loss : 0.193156pseudo_supervision1 : 0.000000pseudo_supervision2 : 0.507218
iteration 5640 :model1 loss : 0.237749model2 loss : 0.112942pseudo_supervision1 : 0.000000pseudo_supervision2 : 0.470103
iteration 5660 :model1 loss : 0.453026model2 loss : 0.159859pseudo_supervision1 : 0.000000pseudo_supervision2 : 0.504963
iteration 5680 :model1 loss : 0.145014model2 loss : 0.254506pseudo_supervision1 : 0.000000pseudo_supervision2 : 0.504404
iteration 5700 :model1 loss : 0.163234model2 loss : 0.231722pseudo_supervision1 : 0.000000pseudo_supervision2 : 0.507372
iteration 5720 :model1 loss : 0.189623model2 loss : 0.250504pseudo_supervision1 : 0.000000pseudo_supervision2 : 0.523364
iteration 5740 :model1 loss : 0.224204model2 loss : 0.230385pseudo_supervision1 : 0.000000pseudo_supervision2 : 0.521472
iteration 5760 :model1 loss : 0.291050model2 loss : 0.192987pseudo_supervision1 : 1.907593pseudo_supervision2 : 0.112246
iteration 5780 :model1 loss : 0.201630model2 loss : 0.214380pseudo_supervision1 : 3.426353pseudo_supervision2 : 0.351308
iteration 5800 :model1 loss : 0.172260model2 loss : 0.178747pseudo_supervision1 : 0.000000pseudo_supervision2 : 0.510570
save model to ../model/BTCV_5_C3PS_cond_mode_film_began_semi2000_con4000_SGD_SGD/unet_3D_old/model_iter_5800.pth
save model2 to ../model/BTCV_5_C3PS_cond_mode_film_began_semi2000_con4000_SGD_SGD/unet_3D_old/model2_iter_5800.pth
iteration 5820 :model1 loss : 0.224022model2 loss : 0.250351pseudo_supervision1 : 0.000000pseudo_supervision2 : 0.514284
iteration 5840 :model1 loss : 0.144570model2 loss : 0.183110pseudo_supervision1 : 0.000000pseudo_supervision2 : 0.508665
iteration 5860 :model1 loss : 0.392013model2 loss : 0.141899pseudo_supervision1 : 0.000000pseudo_supervision2 : 0.505453
iteration 5880 :model1 loss : 0.156189model2 loss : 0.139127pseudo_supervision1 : 0.000000pseudo_supervision2 : 0.508834
iteration 5900 :model1 loss : 0.447299model2 loss : 0.180885pseudo_supervision1 : 0.000000pseudo_supervision2 : 0.511073
iteration 5920 :model1 loss : 0.287002model2 loss : 0.181546pseudo_supervision1 : 3.122086pseudo_supervision2 : 0.523416
iteration 5940 :model1 loss : 0.140585model2 loss : 0.218590pseudo_supervision1 : 0.000000pseudo_supervision2 : 0.454677
iteration 5960 :model1 loss : 0.159042model2 loss : 0.221448pseudo_supervision1 : 0.000000pseudo_supervision2 : 0.514536
iteration 5980 :model1 loss : 0.154151model2 loss : 0.217393pseudo_supervision1 : 2.180349pseudo_supervision2 : 0.477120
iteration 6000 :model1 loss : 0.180013model2 loss : 0.251844pseudo_supervision1 : 0.000000pseudo_supervision2 : 0.505106
began evaluation!
iteration 6000: validation sampled 4/12 cases
Total test images: 4
Validation begin
Validation end
avg metric shape: (13, 3)
iteration 6000 : model_dice_score : 0.552525 model_hd95 : 5.769231
began evaluation!
Total test images: 4
Validation begin
===>test image:/projects/weilab/liupeng/dataset/ssl_seg/BTCV/Training_resampled_1.5_1.5_2.0_npy_zscore/img/img0022.npy
condition batch eval, img shape:(222, 262, 262), sx:3, sy:3, sz:3, num_conditions:2
condition:1, metric:[0.32300767 0.         0.        ]
condition:2, metric:[0.43381853 0.         0.        ]
condition batch eval, img shape:(222, 262, 262), sx:3, sy:3, sz:3, num_conditions:2
condition:3, metric:[0.36424615 0.         0.        ]
condition:4, metric:[  0. 150. 150.]
condition batch eval, img shape:(222, 262, 262), sx:3, sy:3, sz:3, num_conditions:2
condition:5, metric:[  0. 150. 150.]
condition:6, metric:[0.59922267 0.         0.        ]
condition batch eval, img shape:(222, 262, 262), sx:3, sy:3, sz:3, num_conditions:2
condition:7, metric:[0.10233012 0.         0.        ]
condition:8, metric:[0.31300414 0.         0.        ]
condition batch eval, img shape:(222, 262, 262), sx:3, sy:3, sz:3, num_conditions:2
condition:9, metric:[0.0458312 0.        0.       ]
condition:10, metric:[  0. 150. 150.]
condition batch eval, img shape:(222, 262, 262), sx:3, sy:3, sz:3, num_conditions:2
condition:11, metric:[  0. 150. 150.]
condition:12, metric:[  0. 150. 150.]
condition batch eval, img shape:(222, 262, 262), sx:3, sy:3, sz:3, num_conditions:1
condition:13, metric:[  0. 150. 150.]
===>test image:/projects/weilab/liupeng/dataset/ssl_seg/BTCV/Training_resampled_1.5_1.5_2.0_npy_zscore/img/img0029.npy
condition batch eval, img shape:(150, 299, 299), sx:2, sy:4, sz:4, num_conditions:2
condition:1, metric:[0.18209894 0.         0.        ]
condition:2, metric:[0.32638819 0.         0.        ]
condition batch eval, img shape:(150, 299, 299), sx:2, sy:4, sz:4, num_conditions:2
condition:3, metric:[0.30818167 0.         0.        ]
condition:4, metric:[  0. 150. 150.]
condition batch eval, img shape:(150, 299, 299), sx:2, sy:4, sz:4, num_conditions:2
condition:5, metric:[  0. 150. 150.]
condition:6, metric:[0.71106996 0.         0.        ]
condition batch eval, img shape:(150, 299, 299), sx:2, sy:4, sz:4, num_conditions:2
condition:7, metric:[0.00161421 0.         0.        ]
condition:8, metric:[0.37876321 0.         0.        ]
condition batch eval, img shape:(150, 299, 299), sx:2, sy:4, sz:4, num_conditions:2
condition:9, metric:[  0. 150. 150.]
condition:10, metric:[  0. 150. 150.]
condition batch eval, img shape:(150, 299, 299), sx:2, sy:4, sz:4, num_conditions:2
condition:11, metric:[  0. 150. 150.]
condition:12, metric:[  0. 150. 150.]
condition batch eval, img shape:(150, 299, 299), sx:2, sy:4, sz:4, num_conditions:1
condition:13, metric:[  0. 150. 150.]
===>test image:/projects/weilab/liupeng/dataset/ssl_seg/BTCV/Training_resampled_1.5_1.5_2.0_npy_zscore/img/img0004.npy
condition batch eval, img shape:(210, 203, 203), sx:3, sy:2, sz:2, num_conditions:2
condition:1, metric:[0.19635884 0.         0.        ]
condition:2, metric:[0.34799111 0.         0.        ]
condition batch eval, img shape:(210, 203, 203), sx:3, sy:2, sz:2, num_conditions:2
condition:3, metric:[0.44123971 0.         0.        ]
condition:4, metric:[  0. 150. 150.]
condition batch eval, img shape:(210, 203, 203), sx:3, sy:2, sz:2, num_conditions:2
condition:5, metric:[  0. 150. 150.]
condition:6, metric:[0.61648206 0.         0.        ]
condition batch eval, img shape:(210, 203, 203), sx:3, sy:2, sz:2, num_conditions:2
condition:7, metric:[0.06423731 0.         0.        ]
condition:8, metric:[0.17040762 0.         0.        ]
condition batch eval, img shape:(210, 203, 203), sx:3, sy:2, sz:2, num_conditions:2
condition:9, metric:[  0. 150. 150.]
condition:10, metric:[  0. 150. 150.]
condition batch eval, img shape:(210, 203, 203), sx:3, sy:2, sz:2, num_conditions:2
condition:11, metric:[  0. 150. 150.]
condition:12, metric:[  0. 150. 150.]
condition batch eval, img shape:(210, 203, 203), sx:3, sy:2, sz:2, num_conditions:1
condition:13, metric:[  0. 150. 150.]
===>test image:/projects/weilab/liupeng/dataset/ssl_seg/BTCV/Training_resampled_1.5_1.5_2.0_npy_zscore/img/img0008.npy
condition batch eval, img shape:(222, 249, 249), sx:3, sy:3, sz:3, num_conditions:2
condition:1, metric:[0.2971911 0.        0.       ]
condition:2, metric:[0.00095952 0.         0.        ]
condition batch eval, img shape:(222, 249, 249), sx:3, sy:3, sz:3, num_conditions:2
condition:3, metric:[0. 0. 0.]
condition:4, metric:[  0. 150. 150.]
condition batch eval, img shape:(222, 249, 249), sx:3, sy:3, sz:3, num_conditions:2
condition:5, metric:[  0. 150. 150.]
condition:6, metric:[0.69950149 0.         0.        ]
condition batch eval, img shape:(222, 249, 249), sx:3, sy:3, sz:3, num_conditions:2
condition:7, metric:[0.08845399 0.         0.        ]
condition:8, metric:[0.26607697 0.         0.        ]
condition batch eval, img shape:(222, 249, 249), sx:3, sy:3, sz:3, num_conditions:2
condition:9, metric:[0.01783526 0.         0.        ]
condition:10, metric:[  0. 150. 150.]
condition batch eval, img shape:(222, 249, 249), sx:3, sy:3, sz:3, num_conditions:2
condition:11, metric:[  0. 150. 150.]
condition:12, metric:[  0. 150. 150.]
condition batch eval, img shape:(222, 249, 249), sx:3, sy:3, sz:3, num_conditions:1
condition:13, metric:[  0. 150. 150.]
Validation end
avg metric shape: (13, 3)
save model to ../model/BTCV_5_C3PS_cond_mode_film_began_semi2000_con4000_SGD_SGD/unet_3D_old/iter_6000_dice_0.1403
iteration 6000 : model2_dice_score : 0.140314 model2_hd95 : 75.000000
save model to ../model/BTCV_5_C3PS_cond_mode_film_began_semi2000_con4000_SGD_SGD/unet_3D_old/model_iter_6000.pth
save model2 to ../model/BTCV_5_C3PS_cond_mode_film_began_semi2000_con4000_SGD_SGD/unet_3D_old/model2_iter_6000.pth
iteration 6020 :model1 loss : 0.191445model2 loss : 0.158783pseudo_supervision1 : 0.000000pseudo_supervision2 : 0.493266
iteration 6040 :model1 loss : 0.228211model2 loss : 0.172688pseudo_supervision1 : 0.000000pseudo_supervision2 : 0.511114
iteration 6060 :model1 loss : 0.162944model2 loss : 0.204837pseudo_supervision1 : 1.695410pseudo_supervision2 : 0.547687
iteration 6080 :model1 loss : 0.320905model2 loss : 0.223363pseudo_supervision1 : 0.000000pseudo_supervision2 : 0.502548
iteration 6100 :model1 loss : 0.149453model2 loss : 0.252474pseudo_supervision1 : 0.000000pseudo_supervision2 : 0.517623
iteration 6120 :model1 loss : 0.137724model2 loss : 0.195265pseudo_supervision1 : 0.000000pseudo_supervision2 : 0.502782
iteration 6140 :model1 loss : 0.250662model2 loss : 0.185920pseudo_supervision1 : 0.000000pseudo_supervision2 : 0.513628
iteration 6160 :model1 loss : 0.370931model2 loss : 0.146891pseudo_supervision1 : 2.514551pseudo_supervision2 : 0.317131
iteration 6180 :model1 loss : 0.147373model2 loss : 0.190937pseudo_supervision1 : 0.000000pseudo_supervision2 : 0.521206
iteration 6200 :model1 loss : 0.151042model2 loss : 0.191221pseudo_supervision1 : 0.000000pseudo_supervision2 : 0.348676
save model to ../model/BTCV_5_C3PS_cond_mode_film_began_semi2000_con4000_SGD_SGD/unet_3D_old/model_iter_6200.pth
save model2 to ../model/BTCV_5_C3PS_cond_mode_film_began_semi2000_con4000_SGD_SGD/unet_3D_old/model2_iter_6200.pth
iteration 6220 :model1 loss : 0.140099model2 loss : 0.264498pseudo_supervision1 : 0.000000pseudo_supervision2 : 0.534408
iteration 6240 :model1 loss : 0.357830model2 loss : 0.203610pseudo_supervision1 : 0.000000pseudo_supervision2 : 0.495381
iteration 6260 :model1 loss : 0.225513model2 loss : 0.255616pseudo_supervision1 : 0.000000pseudo_supervision2 : 0.500814
iteration 6280 :model1 loss : 0.151690model2 loss : 0.253769pseudo_supervision1 : 0.000000pseudo_supervision2 : 0.499888
iteration 6300 :model1 loss : 0.178599model2 loss : 0.119646pseudo_supervision1 : 4.626957pseudo_supervision2 : 0.493130
iteration 6320 :model1 loss : 0.223482model2 loss : 0.147704pseudo_supervision1 : 5.948435pseudo_supervision2 : 0.405834
iteration 6340 :model1 loss : 0.175588model2 loss : 0.214468pseudo_supervision1 : 0.000000pseudo_supervision2 : 0.501172
iteration 6360 :model1 loss : 0.203564model2 loss : 0.205230pseudo_supervision1 : 1.038768pseudo_supervision2 : 0.232290
iteration 6380 :model1 loss : 0.138454model2 loss : 0.174015pseudo_supervision1 : 0.000000pseudo_supervision2 : 0.280739
iteration 6400 :model1 loss : 0.168251model2 loss : 0.218723pseudo_supervision1 : 6.402779pseudo_supervision2 : 0.503845
began evaluation!
iteration 6400: validation sampled 4/12 cases
Total test images: 4
Validation begin
Validation end
avg metric shape: (13, 3)
iteration 6400 : model_dice_score : 0.526775 model_hd95 : 2.884615
began evaluation!
Total test images: 4
Validation begin
===>test image:/projects/weilab/liupeng/dataset/ssl_seg/BTCV/Training_resampled_1.5_1.5_2.0_npy_zscore/img/img0025.npy
condition batch eval, img shape:(212, 284, 284), sx:3, sy:3, sz:3, num_conditions:2
condition:1, metric:[0.00651584 0.         0.        ]
condition:2, metric:[0. 0. 0.]
condition batch eval, img shape:(212, 284, 284), sx:3, sy:3, sz:3, num_conditions:2
condition:3, metric:[0. 0. 0.]
condition:4, metric:[  0. 150. 150.]
condition batch eval, img shape:(212, 284, 284), sx:3, sy:3, sz:3, num_conditions:2
condition:5, metric:[  0. 150. 150.]
condition:6, metric:[0.79318952 0.         0.        ]
condition batch eval, img shape:(212, 284, 284), sx:3, sy:3, sz:3, num_conditions:2
condition:7, metric:[  0. 150. 150.]
condition:8, metric:[0.54929752 0.         0.        ]
condition batch eval, img shape:(212, 284, 284), sx:3, sy:3, sz:3, num_conditions:2
condition:9, metric:[  0. 150. 150.]
condition:10, metric:[  0. 150. 150.]
condition batch eval, img shape:(212, 284, 284), sx:3, sy:3, sz:3, num_conditions:2
condition:11, metric:[  0. 150. 150.]
condition:12, metric:[  0. 150. 150.]
condition batch eval, img shape:(212, 284, 284), sx:3, sy:3, sz:3, num_conditions:1
condition:13, metric:[  0. 150. 150.]
===>test image:/projects/weilab/liupeng/dataset/ssl_seg/BTCV/Training_resampled_1.5_1.5_2.0_npy_zscore/img/img0008.npy
condition batch eval, img shape:(222, 249, 249), sx:3, sy:3, sz:3, num_conditions:2
condition:1, metric:[0. 0. 0.]
condition:2, metric:[0. 0. 0.]
condition batch eval, img shape:(222, 249, 249), sx:3, sy:3, sz:3, num_conditions:2
condition:3, metric:[0. 0. 0.]
condition:4, metric:[  0. 150. 150.]
condition batch eval, img shape:(222, 249, 249), sx:3, sy:3, sz:3, num_conditions:2
condition:5, metric:[  0. 150. 150.]
condition:6, metric:[0.79499265 0.         0.        ]
condition batch eval, img shape:(222, 249, 249), sx:3, sy:3, sz:3, num_conditions:2
condition:7, metric:[  0. 150. 150.]
condition:8, metric:[0.57198877 0.         0.        ]
condition batch eval, img shape:(222, 249, 249), sx:3, sy:3, sz:3, num_conditions:2
condition:9, metric:[  0. 150. 150.]
condition:10, metric:[  0. 150. 150.]
condition batch eval, img shape:(222, 249, 249), sx:3, sy:3, sz:3, num_conditions:2
condition:11, metric:[  0. 150. 150.]
condition:12, metric:[  0. 150. 150.]
condition batch eval, img shape:(222, 249, 249), sx:3, sy:3, sz:3, num_conditions:1
condition:13, metric:[  0. 150. 150.]
===>test image:/projects/weilab/liupeng/dataset/ssl_seg/BTCV/Training_resampled_1.5_1.5_2.0_npy_zscore/img/img0036.npy
condition batch eval, img shape:(276, 255, 255), sx:4, sy:3, sz:3, num_conditions:2
condition:1, metric:[0. 0. 0.]
condition:2, metric:[0.33756066 0.         0.        ]
condition batch eval, img shape:(276, 255, 255), sx:4, sy:3, sz:3, num_conditions:2
condition:3, metric:[0.2211259 0.        0.       ]
condition:4, metric:[  0. 150. 150.]
condition batch eval, img shape:(276, 255, 255), sx:4, sy:3, sz:3, num_conditions:2
condition:5, metric:[  0. 150. 150.]
condition:6, metric:[0.62693968 0.         0.        ]
condition batch eval, img shape:(276, 255, 255), sx:4, sy:3, sz:3, num_conditions:2
condition:7, metric:[  0. 150. 150.]
condition:8, metric:[0.38869126 0.         0.        ]
condition batch eval, img shape:(276, 255, 255), sx:4, sy:3, sz:3, num_conditions:2
condition:9, metric:[  0. 150. 150.]
condition:10, metric:[  0. 150. 150.]
condition batch eval, img shape:(276, 255, 255), sx:4, sy:3, sz:3, num_conditions:2
condition:11, metric:[  0. 150. 150.]
condition:12, metric:[  0. 150. 150.]
condition batch eval, img shape:(276, 255, 255), sx:4, sy:3, sz:3, num_conditions:1
condition:13, metric:[  0. 150. 150.]
===>test image:/projects/weilab/liupeng/dataset/ssl_seg/BTCV/Training_resampled_1.5_1.5_2.0_npy_zscore/img/img0004.npy
condition batch eval, img shape:(210, 203, 203), sx:3, sy:2, sz:2, num_conditions:2
condition:1, metric:[0.00012717 0.         0.        ]
condition:2, metric:[0.31379118 0.         0.        ]
condition batch eval, img shape:(210, 203, 203), sx:3, sy:2, sz:2, num_conditions:2
condition:3, metric:[0.08990262 0.         0.        ]
condition:4, metric:[  0. 150. 150.]
condition batch eval, img shape:(210, 203, 203), sx:3, sy:2, sz:2, num_conditions:2
condition:5, metric:[  0. 150. 150.]
condition:6, metric:[0.67618599 0.         0.        ]
condition batch eval, img shape:(210, 203, 203), sx:3, sy:2, sz:2, num_conditions:2
condition:7, metric:[  0. 150. 150.]
condition:8, metric:[0.40061633 0.         0.        ]
condition batch eval, img shape:(210, 203, 203), sx:3, sy:2, sz:2, num_conditions:2
condition:9, metric:[  0. 150. 150.]
condition:10, metric:[  0. 150. 150.]
condition batch eval, img shape:(210, 203, 203), sx:3, sy:2, sz:2, num_conditions:2
condition:11, metric:[  0. 150. 150.]
condition:12, metric:[  0. 150. 150.]
condition batch eval, img shape:(210, 203, 203), sx:3, sy:2, sz:2, num_conditions:1
condition:13, metric:[  0. 150. 150.]
Validation end
avg metric shape: (13, 3)
iteration 6400 : model2_dice_score : 0.110979 model2_hd95 : 92.307692
save model to ../model/BTCV_5_C3PS_cond_mode_film_began_semi2000_con4000_SGD_SGD/unet_3D_old/model_iter_6400.pth
save model2 to ../model/BTCV_5_C3PS_cond_mode_film_began_semi2000_con4000_SGD_SGD/unet_3D_old/model2_iter_6400.pth
iteration 6420 :model1 loss : 0.129571model2 loss : 0.236345pseudo_supervision1 : 0.000000pseudo_supervision2 : 0.505631
iteration 6440 :model1 loss : 0.149001model2 loss : 0.171571pseudo_supervision1 : 0.000000pseudo_supervision2 : 0.343999
iteration 6460 :model1 loss : 0.184072model2 loss : 0.148103pseudo_supervision1 : 0.000000pseudo_supervision2 : 0.510502
iteration 6480 :model1 loss : 0.187505model2 loss : 0.207883pseudo_supervision1 : 5.512850pseudo_supervision2 : 0.510101
iteration 6500 :model1 loss : 0.215835model2 loss : 0.103918pseudo_supervision1 : 0.000000pseudo_supervision2 : 0.498095
iteration 6520 :model1 loss : 0.259399model2 loss : 0.147389pseudo_supervision1 : 0.000000pseudo_supervision2 : 0.516209
iteration 6540 :model1 loss : 0.158689model2 loss : 0.108818pseudo_supervision1 : 0.000000pseudo_supervision2 : 0.502405
iteration 6560 :model1 loss : 0.145859model2 loss : 0.163932pseudo_supervision1 : 0.000000pseudo_supervision2 : 0.266296
iteration 6580 :model1 loss : 0.146016model2 loss : 0.253752pseudo_supervision1 : 0.000000pseudo_supervision2 : 0.480075
iteration 6600 :model1 loss : 0.194529model2 loss : 0.171061pseudo_supervision1 : 0.000000pseudo_supervision2 : 0.503933
save model to ../model/BTCV_5_C3PS_cond_mode_film_began_semi2000_con4000_SGD_SGD/unet_3D_old/model_iter_6600.pth
save model2 to ../model/BTCV_5_C3PS_cond_mode_film_began_semi2000_con4000_SGD_SGD/unet_3D_old/model2_iter_6600.pth
iteration 6620 :model1 loss : 0.139138model2 loss : 0.168704pseudo_supervision1 : 0.000000pseudo_supervision2 : 0.502737
iteration 6640 :model1 loss : 0.187755model2 loss : 0.120615pseudo_supervision1 : 0.000000pseudo_supervision2 : 0.500793
iteration 6660 :model1 loss : 0.207301model2 loss : 0.220728pseudo_supervision1 : 1.925356pseudo_supervision2 : 0.519297
iteration 6680 :model1 loss : 0.160542model2 loss : 0.243891pseudo_supervision1 : 0.000000pseudo_supervision2 : 0.414362
iteration 6700 :model1 loss : 0.224635model2 loss : 0.251687pseudo_supervision1 : 0.000000pseudo_supervision2 : 0.525625
iteration 6720 :model1 loss : 0.429533model2 loss : 0.157058pseudo_supervision1 : 2.437275pseudo_supervision2 : 0.501794
iteration 6740 :model1 loss : 0.146024model2 loss : 0.232514pseudo_supervision1 : 0.000000pseudo_supervision2 : 0.502062
iteration 6760 :model1 loss : 0.157237model2 loss : 0.231719pseudo_supervision1 : 0.000000pseudo_supervision2 : 0.501139
iteration 6780 :model1 loss : 0.388933model2 loss : 0.079940pseudo_supervision1 : 0.000000pseudo_supervision2 : 0.504292
iteration 6800 :model1 loss : 0.144677model2 loss : 0.208561pseudo_supervision1 : 0.000000pseudo_supervision2 : 0.273417
began evaluation!
iteration 6800: validation sampled 4/12 cases
Total test images: 4
Validation begin
Validation end
avg metric shape: (13, 3)
save model to ../model/BTCV_5_C3PS_cond_mode_film_began_semi2000_con4000_SGD_SGD/unet_3D_old/iter_6800_dice_0.6282
iteration 6800 : model_dice_score : 0.628159 model_hd95 : 2.884615
began evaluation!
Total test images: 4
Validation begin
===>test image:/projects/weilab/liupeng/dataset/ssl_seg/BTCV/Training_resampled_1.5_1.5_2.0_npy_zscore/img/img0022.npy
condition batch eval, img shape:(222, 262, 262), sx:3, sy:3, sz:3, num_conditions:2
condition:1, metric:[  0. 150. 150.]
condition:2, metric:[0.44886859 0.         0.        ]
condition batch eval, img shape:(222, 262, 262), sx:3, sy:3, sz:3, num_conditions:2
condition:3, metric:[0.32799168 0.         0.        ]
condition:4, metric:[  0. 150. 150.]
condition batch eval, img shape:(222, 262, 262), sx:3, sy:3, sz:3, num_conditions:2
condition:5, metric:[  0. 150. 150.]
condition:6, metric:[0.87449109 0.         0.        ]
condition batch eval, img shape:(222, 262, 262), sx:3, sy:3, sz:3, num_conditions:2
condition:7, metric:[0.1960984 0.        0.       ]
condition:8, metric:[0.87542834 0.         0.        ]
condition batch eval, img shape:(222, 262, 262), sx:3, sy:3, sz:3, num_conditions:2
condition:9, metric:[0.01279584 0.         0.        ]
condition:10, metric:[  0. 150. 150.]
condition batch eval, img shape:(222, 262, 262), sx:3, sy:3, sz:3, num_conditions:2
condition:11, metric:[  0. 150. 150.]
condition:12, metric:[  0. 150. 150.]
condition batch eval, img shape:(222, 262, 262), sx:3, sy:3, sz:3, num_conditions:1
condition:13, metric:[  0. 150. 150.]
===>test image:/projects/weilab/liupeng/dataset/ssl_seg/BTCV/Training_resampled_1.5_1.5_2.0_npy_zscore/img/img0032.npy
condition batch eval, img shape:(216, 253, 253), sx:3, sy:3, sz:3, num_conditions:2
condition:1, metric:[  0. 150. 150.]
condition:2, metric:[0.54565883 0.         0.        ]
condition batch eval, img shape:(216, 253, 253), sx:3, sy:3, sz:3, num_conditions:2
condition:3, metric:[0.08766584 0.         0.        ]
condition:4, metric:[  0. 150. 150.]
condition batch eval, img shape:(216, 253, 253), sx:3, sy:3, sz:3, num_conditions:2
condition:5, metric:[  0. 150. 150.]
condition:6, metric:[0.83536479 0.         0.        ]
condition batch eval, img shape:(216, 253, 253), sx:3, sy:3, sz:3, num_conditions:2
condition:7, metric:[0.1083871 0.        0.       ]
condition:8, metric:[0.55137822 0.         0.        ]
condition batch eval, img shape:(216, 253, 253), sx:3, sy:3, sz:3, num_conditions:2
condition:9, metric:[  0. 150. 150.]
condition:10, metric:[  0. 150. 150.]
condition batch eval, img shape:(216, 253, 253), sx:3, sy:3, sz:3, num_conditions:2
condition:11, metric:[  0. 150. 150.]
condition:12, metric:[  0. 150. 150.]
condition batch eval, img shape:(216, 253, 253), sx:3, sy:3, sz:3, num_conditions:1
condition:13, metric:[  0. 150. 150.]
===>test image:/projects/weilab/liupeng/dataset/ssl_seg/BTCV/Training_resampled_1.5_1.5_2.0_npy_zscore/img/img0036.npy
condition batch eval, img shape:(276, 255, 255), sx:4, sy:3, sz:3, num_conditions:2
condition:1, metric:[  0. 150. 150.]
condition:2, metric:[0.49925528 0.         0.        ]
condition batch eval, img shape:(276, 255, 255), sx:4, sy:3, sz:3, num_conditions:2
condition:3, metric:[0.28220611 0.         0.        ]
condition:4, metric:[  0. 150. 150.]
condition batch eval, img shape:(276, 255, 255), sx:4, sy:3, sz:3, num_conditions:2
condition:5, metric:[  0. 150. 150.]
condition:6, metric:[0.90101748 0.         0.        ]
condition batch eval, img shape:(276, 255, 255), sx:4, sy:3, sz:3, num_conditions:2
condition:7, metric:[0.42908884 0.         0.        ]
condition:8, metric:[0.66220568 0.         0.        ]
condition batch eval, img shape:(276, 255, 255), sx:4, sy:3, sz:3, num_conditions:2
condition:9, metric:[  0. 150. 150.]
condition:10, metric:[  0. 150. 150.]
condition batch eval, img shape:(276, 255, 255), sx:4, sy:3, sz:3, num_conditions:2
condition:11, metric:[  0. 150. 150.]
condition:12, metric:[  0. 150. 150.]
condition batch eval, img shape:(276, 255, 255), sx:4, sy:3, sz:3, num_conditions:1
condition:13, metric:[  0. 150. 150.]
===>test image:/projects/weilab/liupeng/dataset/ssl_seg/BTCV/Training_resampled_1.5_1.5_2.0_npy_zscore/img/img0003.npy
condition batch eval, img shape:(297, 307, 307), sx:5, sy:4, sz:4, num_conditions:2
condition:1, metric:[  0. 150. 150.]
condition:2, metric:[0.46283696 0.         0.        ]
condition batch eval, img shape:(297, 307, 307), sx:5, sy:4, sz:4, num_conditions:2
condition:3, metric:[0.36355798 0.         0.        ]
condition:4, metric:[  0. 150. 150.]
condition batch eval, img shape:(297, 307, 307), sx:5, sy:4, sz:4, num_conditions:2
condition:5, metric:[  0. 150. 150.]
condition:6, metric:[0.58394855 0.         0.        ]
condition batch eval, img shape:(297, 307, 307), sx:5, sy:4, sz:4, num_conditions:2
condition:7, metric:[0.01601533 0.         0.        ]
condition:8, metric:[0.70045605 0.         0.        ]
condition batch eval, img shape:(297, 307, 307), sx:5, sy:4, sz:4, num_conditions:2
condition:9, metric:[  0. 150. 150.]
condition:10, metric:[  0. 150. 150.]
condition batch eval, img shape:(297, 307, 307), sx:5, sy:4, sz:4, num_conditions:2
condition:11, metric:[  0. 150. 150.]
condition:12, metric:[  0. 150. 150.]
condition batch eval, img shape:(297, 307, 307), sx:5, sy:4, sz:4, num_conditions:1
condition:13, metric:[  0. 150. 150.]
Validation end
avg metric shape: (13, 3)
save model to ../model/BTCV_5_C3PS_cond_mode_film_began_semi2000_con4000_SGD_SGD/unet_3D_old/iter_6800_dice_0.1878
iteration 6800 : model2_dice_score : 0.187783 model2_hd95 : 89.423077
save model to ../model/BTCV_5_C3PS_cond_mode_film_began_semi2000_con4000_SGD_SGD/unet_3D_old/model_iter_6800.pth
save model2 to ../model/BTCV_5_C3PS_cond_mode_film_began_semi2000_con4000_SGD_SGD/unet_3D_old/model2_iter_6800.pth
iteration 6820 :model1 loss : 0.210669model2 loss : 0.092680pseudo_supervision1 : 2.181879pseudo_supervision2 : 0.173966
iteration 6840 :model1 loss : 0.149269model2 loss : 0.088055pseudo_supervision1 : 0.000000pseudo_supervision2 : 0.351119
iteration 6860 :model1 loss : 0.240232model2 loss : 0.179634pseudo_supervision1 : 0.000000pseudo_supervision2 : 0.502285
iteration 6880 :model1 loss : 0.266141model2 loss : 0.100522pseudo_supervision1 : 0.000000pseudo_supervision2 : 0.504959
iteration 6900 :model1 loss : 0.181294model2 loss : 0.071407pseudo_supervision1 : 0.000000pseudo_supervision2 : 0.512846
iteration 6920 :model1 loss : 0.193506model2 loss : 0.153879pseudo_supervision1 : 6.666051pseudo_supervision2 : 0.503848
iteration 6940 :model1 loss : 0.158004model2 loss : 0.205373pseudo_supervision1 : 0.000000pseudo_supervision2 : 0.512079
iteration 6960 :model1 loss : 0.203164model2 loss : 0.144984pseudo_supervision1 : 0.000000pseudo_supervision2 : 0.334176
iteration 6980 :model1 loss : 0.156238model2 loss : 0.186739pseudo_supervision1 : 0.000000pseudo_supervision2 : 0.500714
iteration 7000 :model1 loss : 0.145996model2 loss : 0.187024pseudo_supervision1 : 0.000000pseudo_supervision2 : 0.510610
save model to ../model/BTCV_5_C3PS_cond_mode_film_began_semi2000_con4000_SGD_SGD/unet_3D_old/model_iter_7000.pth
save model2 to ../model/BTCV_5_C3PS_cond_mode_film_began_semi2000_con4000_SGD_SGD/unet_3D_old/model2_iter_7000.pth
iteration 7020 :model1 loss : 0.181367model2 loss : 0.152652pseudo_supervision1 : 0.000000pseudo_supervision2 : 0.532615
iteration 7040 :model1 loss : 0.184832model2 loss : 0.165858pseudo_supervision1 : 0.000000pseudo_supervision2 : 0.521786
iteration 7060 :model1 loss : 0.176822model2 loss : 0.255751pseudo_supervision1 : 2.945288pseudo_supervision2 : 0.495934
iteration 7080 :model1 loss : 0.177585model2 loss : 0.246052pseudo_supervision1 : 0.000000pseudo_supervision2 : 0.501394
iteration 7100 :model1 loss : 0.170816model2 loss : 0.169718pseudo_supervision1 : 0.000000pseudo_supervision2 : 0.515361
iteration 7120 :model1 loss : 0.194547model2 loss : 0.120289pseudo_supervision1 : 1.007503pseudo_supervision2 : 0.387230
iteration 7140 :model1 loss : 0.413731model2 loss : 0.238841pseudo_supervision1 : 0.000000pseudo_supervision2 : 0.502187
iteration 7160 :model1 loss : 0.147936model2 loss : 0.117440pseudo_supervision1 : 0.000000pseudo_supervision2 : 0.437232
iteration 7180 :model1 loss : 0.145948model2 loss : 0.211232pseudo_supervision1 : 0.000000pseudo_supervision2 : 0.503052
iteration 7200 :model1 loss : 0.140343model2 loss : 0.240165pseudo_supervision1 : 0.000000pseudo_supervision2 : 0.507015
began evaluation!
iteration 7200: validation sampled 4/12 cases
Total test images: 4
Validation begin
Validation end
avg metric shape: (13, 3)
iteration 7200 : model_dice_score : 0.525762 model_hd95 : 5.769231
began evaluation!
Total test images: 4
Validation begin
===>test image:/projects/weilab/liupeng/dataset/ssl_seg/BTCV/Training_resampled_1.5_1.5_2.0_npy_zscore/img/img0035.npy
condition batch eval, img shape:(235, 314, 314), sx:4, sy:4, sz:4, num_conditions:2
condition:1, metric:[  0. 150. 150.]
condition:2, metric:[0.40601855 0.         0.        ]
condition batch eval, img shape:(235, 314, 314), sx:4, sy:4, sz:4, num_conditions:2
condition:3, metric:[0.02723735 0.         0.        ]
condition:4, metric:[  0. 150. 150.]
condition batch eval, img shape:(235, 314, 314), sx:4, sy:4, sz:4, num_conditions:2
condition:5, metric:[  0. 150. 150.]
condition:6, metric:[0.75793005 0.         0.        ]
condition batch eval, img shape:(235, 314, 314), sx:4, sy:4, sz:4, num_conditions:2
condition:7, metric:[0.14604522 0.         0.        ]
condition:8, metric:[0.65715315 0.         0.        ]
condition batch eval, img shape:(235, 314, 314), sx:4, sy:4, sz:4, num_conditions:2
condition:9, metric:[  0. 150. 150.]
condition:10, metric:[  0. 150. 150.]
condition batch eval, img shape:(235, 314, 314), sx:4, sy:4, sz:4, num_conditions:2
condition:11, metric:[  0. 150. 150.]
condition:12, metric:[  0. 150. 150.]
condition batch eval, img shape:(235, 314, 314), sx:4, sy:4, sz:4, num_conditions:1
condition:13, metric:[  0. 150. 150.]
===>test image:/projects/weilab/liupeng/dataset/ssl_seg/BTCV/Training_resampled_1.5_1.5_2.0_npy_zscore/img/img0004.npy
condition batch eval, img shape:(210, 203, 203), sx:3, sy:2, sz:2, num_conditions:2
condition:1, metric:[  0. 150. 150.]
condition:2, metric:[0.47554847 0.         0.        ]
condition batch eval, img shape:(210, 203, 203), sx:3, sy:2, sz:2, num_conditions:2
condition:3, metric:[0.25160806 0.         0.        ]
condition:4, metric:[  0. 150. 150.]
condition batch eval, img shape:(210, 203, 203), sx:3, sy:2, sz:2, num_conditions:2
condition:5, metric:[  0. 150. 150.]
condition:6, metric:[0.80838083 0.         0.        ]
condition batch eval, img shape:(210, 203, 203), sx:3, sy:2, sz:2, num_conditions:2
condition:7, metric:[0.11758438 0.         0.        ]
condition:8, metric:[0.69987937 0.         0.        ]
condition batch eval, img shape:(210, 203, 203), sx:3, sy:2, sz:2, num_conditions:2
condition:9, metric:[0.00068227 0.         0.        ]
condition:10, metric:[  0. 150. 150.]
condition batch eval, img shape:(210, 203, 203), sx:3, sy:2, sz:2, num_conditions:2
condition:11, metric:[  0. 150. 150.]
condition:12, metric:[  0. 150. 150.]
condition batch eval, img shape:(210, 203, 203), sx:3, sy:2, sz:2, num_conditions:1
condition:13, metric:[  0. 150. 150.]
===>test image:/projects/weilab/liupeng/dataset/ssl_seg/BTCV/Training_resampled_1.5_1.5_2.0_npy_zscore/img/img0002.npy
condition batch eval, img shape:(208, 246, 246), sx:3, sy:3, sz:3, num_conditions:2
condition:1, metric:[  0. 150. 150.]
condition:2, metric:[0.65058665 0.         0.        ]
condition batch eval, img shape:(208, 246, 246), sx:3, sy:3, sz:3, num_conditions:2
condition:3, metric:[0.25635935 0.         0.        ]
condition:4, metric:[  0. 150. 150.]
condition batch eval, img shape:(208, 246, 246), sx:3, sy:3, sz:3, num_conditions:2
condition:5, metric:[  0. 150. 150.]
condition:6, metric:[0.87735378 0.         0.        ]
condition batch eval, img shape:(208, 246, 246), sx:3, sy:3, sz:3, num_conditions:2
condition:7, metric:[0.15615399 0.         0.        ]
condition:8, metric:[0.85389372 0.         0.        ]
condition batch eval, img shape:(208, 246, 246), sx:3, sy:3, sz:3, num_conditions:2
condition:9, metric:[0.02631302 0.         0.        ]
condition:10, metric:[  0. 150. 150.]
condition batch eval, img shape:(208, 246, 246), sx:3, sy:3, sz:3, num_conditions:2
condition:11, metric:[  0. 150. 150.]
condition:12, metric:[  0. 150. 150.]
condition batch eval, img shape:(208, 246, 246), sx:3, sy:3, sz:3, num_conditions:1
condition:13, metric:[  0. 150. 150.]
===>test image:/projects/weilab/liupeng/dataset/ssl_seg/BTCV/Training_resampled_1.5_1.5_2.0_npy_zscore/img/img0008.npy
condition batch eval, img shape:(222, 249, 249), sx:3, sy:3, sz:3, num_conditions:2
condition:1, metric:[  0. 150. 150.]
condition:2, metric:[0. 0. 0.]
condition batch eval, img shape:(222, 249, 249), sx:3, sy:3, sz:3, num_conditions:2
condition:3, metric:[0. 0. 0.]
condition:4, metric:[  0. 150. 150.]
condition batch eval, img shape:(222, 249, 249), sx:3, sy:3, sz:3, num_conditions:2
condition:5, metric:[  0. 150. 150.]
condition:6, metric:[0.83692841 0.         0.        ]
condition batch eval, img shape:(222, 249, 249), sx:3, sy:3, sz:3, num_conditions:2
condition:7, metric:[0.08355639 0.         0.        ]
condition:8, metric:[0.70278064 0.         0.        ]
condition batch eval, img shape:(222, 249, 249), sx:3, sy:3, sz:3, num_conditions:2
condition:9, metric:[  0. 150. 150.]
condition:10, metric:[  0. 150. 150.]
condition batch eval, img shape:(222, 249, 249), sx:3, sy:3, sz:3, num_conditions:2
condition:11, metric:[  0. 150. 150.]
condition:12, metric:[  0. 150. 150.]
condition batch eval, img shape:(222, 249, 249), sx:3, sy:3, sz:3, num_conditions:1
condition:13, metric:[  0. 150. 150.]
Validation end
avg metric shape: (13, 3)
iteration 7200 : model2_dice_score : 0.169077 model2_hd95 : 86.538462
save model to ../model/BTCV_5_C3PS_cond_mode_film_began_semi2000_con4000_SGD_SGD/unet_3D_old/model_iter_7200.pth
save model2 to ../model/BTCV_5_C3PS_cond_mode_film_began_semi2000_con4000_SGD_SGD/unet_3D_old/model2_iter_7200.pth
iteration 7220 :model1 loss : 0.201038model2 loss : 0.149172pseudo_supervision1 : 0.000000pseudo_supervision2 : 0.510110
iteration 7240 :model1 loss : 0.208342model2 loss : 0.128364pseudo_supervision1 : 0.000000pseudo_supervision2 : 0.509908
iteration 7260 :model1 loss : 0.167015model2 loss : 0.071234pseudo_supervision1 : 0.000000pseudo_supervision2 : 0.479792
iteration 7280 :model1 loss : 0.166080model2 loss : 0.257294pseudo_supervision1 : 0.000000pseudo_supervision2 : 0.501732
iteration 7300 :model1 loss : 0.143297model2 loss : 0.095526pseudo_supervision1 : 0.000000pseudo_supervision2 : 0.512175
iteration 7320 :model1 loss : 0.152969model2 loss : 0.167345pseudo_supervision1 : 0.000000pseudo_supervision2 : 0.470122
iteration 7340 :model1 loss : 0.162064model2 loss : 0.167185pseudo_supervision1 : 0.698464pseudo_supervision2 : 0.138641
iteration 7360 :model1 loss : 0.320379model2 loss : 0.065161pseudo_supervision1 : 4.667493pseudo_supervision2 : 0.501759
iteration 7380 :model1 loss : 0.247065model2 loss : 0.195126pseudo_supervision1 : 8.916018pseudo_supervision2 : 0.218477
iteration 7400 :model1 loss : 0.210649model2 loss : 0.143221pseudo_supervision1 : 0.000000pseudo_supervision2 : 0.507456
save model to ../model/BTCV_5_C3PS_cond_mode_film_began_semi2000_con4000_SGD_SGD/unet_3D_old/model_iter_7400.pth
save model2 to ../model/BTCV_5_C3PS_cond_mode_film_began_semi2000_con4000_SGD_SGD/unet_3D_old/model2_iter_7400.pth
iteration 7420 :model1 loss : 0.215098model2 loss : 0.168085pseudo_supervision1 : 5.722761pseudo_supervision2 : 0.525809
iteration 7440 :model1 loss : 0.205534model2 loss : 0.214211pseudo_supervision1 : 0.000000pseudo_supervision2 : 0.501085
iteration 7460 :model1 loss : 0.261140model2 loss : 0.160711pseudo_supervision1 : 4.761778pseudo_supervision2 : 0.409311
iteration 7480 :model1 loss : 0.168545model2 loss : 0.123383pseudo_supervision1 : 0.000000pseudo_supervision2 : 0.512842
iteration 7500 :model1 loss : 0.347086model2 loss : 0.214944pseudo_supervision1 : 0.677492pseudo_supervision2 : 0.091491
iteration 7520 :model1 loss : 0.167024model2 loss : 0.067604pseudo_supervision1 : 5.744513pseudo_supervision2 : 0.504114
iteration 7540 :model1 loss : 0.153703model2 loss : 0.126313pseudo_supervision1 : 0.000000pseudo_supervision2 : 0.479166
iteration 7560 :model1 loss : 0.164476model2 loss : 0.203391pseudo_supervision1 : 2.262713pseudo_supervision2 : 0.209070
iteration 7580 :model1 loss : 0.198355model2 loss : 0.179401pseudo_supervision1 : 0.000000pseudo_supervision2 : 0.501651
iteration 7600 :model1 loss : 0.226965model2 loss : 0.101212pseudo_supervision1 : 0.000000pseudo_supervision2 : 0.502298
began evaluation!
iteration 7600: validation sampled 4/12 cases
Total test images: 4
Validation begin
Validation end
avg metric shape: (13, 3)
iteration 7600 : model_dice_score : 0.603854 model_hd95 : 2.884615
began evaluation!
Total test images: 4
Validation begin
===>test image:/projects/weilab/liupeng/dataset/ssl_seg/BTCV/Training_resampled_1.5_1.5_2.0_npy_zscore/img/img0004.npy
condition batch eval, img shape:(210, 203, 203), sx:3, sy:2, sz:2, num_conditions:2
condition:1, metric:[0.43935234 0.         0.        ]
condition:2, metric:[0.66702879 0.         0.        ]
condition batch eval, img shape:(210, 203, 203), sx:3, sy:2, sz:2, num_conditions:2
condition:3, metric:[0.03722591 0.         0.        ]
condition:4, metric:[  0. 150. 150.]
condition batch eval, img shape:(210, 203, 203), sx:3, sy:2, sz:2, num_conditions:2
condition:5, metric:[  0. 150. 150.]
condition:6, metric:[0.73901717 0.         0.        ]
condition batch eval, img shape:(210, 203, 203), sx:3, sy:2, sz:2, num_conditions:2
condition:7, metric:[0.1416304 0.        0.       ]
condition:8, metric:[0.82053735 0.         0.        ]
condition batch eval, img shape:(210, 203, 203), sx:3, sy:2, sz:2, num_conditions:2
condition:9, metric:[0.48276859 0.         0.        ]
condition:10, metric:[  0. 150. 150.]
condition batch eval, img shape:(210, 203, 203), sx:3, sy:2, sz:2, num_conditions:2
condition:11, metric:[  0. 150. 150.]
condition:12, metric:[  0. 150. 150.]
condition batch eval, img shape:(210, 203, 203), sx:3, sy:2, sz:2, num_conditions:1
condition:13, metric:[  0. 150. 150.]
===>test image:/projects/weilab/liupeng/dataset/ssl_seg/BTCV/Training_resampled_1.5_1.5_2.0_npy_zscore/img/img0002.npy
condition batch eval, img shape:(208, 246, 246), sx:3, sy:3, sz:3, num_conditions:2
condition:1, metric:[0.60468604 0.         0.        ]
condition:2, metric:[0.7124795 0.        0.       ]
condition batch eval, img shape:(208, 246, 246), sx:3, sy:3, sz:3, num_conditions:2
condition:3, metric:[0.33048235 0.         0.        ]
condition:4, metric:[  0. 150. 150.]
condition batch eval, img shape:(208, 246, 246), sx:3, sy:3, sz:3, num_conditions:2
condition:5, metric:[  0. 150. 150.]
condition:6, metric:[0.79893897 0.         0.        ]
condition batch eval, img shape:(208, 246, 246), sx:3, sy:3, sz:3, num_conditions:2
condition:7, metric:[0.49156292 0.         0.        ]
condition:8, metric:[0.85128913 0.         0.        ]
condition batch eval, img shape:(208, 246, 246), sx:3, sy:3, sz:3, num_conditions:2
condition:9, metric:[0.48305746 0.         0.        ]
condition:10, metric:[  0. 150. 150.]
condition batch eval, img shape:(208, 246, 246), sx:3, sy:3, sz:3, num_conditions:2
condition:11, metric:[0.00044716 0.         0.        ]
condition:12, metric:[  0. 150. 150.]
condition batch eval, img shape:(208, 246, 246), sx:3, sy:3, sz:3, num_conditions:1
condition:13, metric:[  0. 150. 150.]
===>test image:/projects/weilab/liupeng/dataset/ssl_seg/BTCV/Training_resampled_1.5_1.5_2.0_npy_zscore/img/img0029.npy
condition batch eval, img shape:(150, 299, 299), sx:2, sy:4, sz:4, num_conditions:2
condition:1, metric:[0.54649682 0.         0.        ]
condition:2, metric:[0.71946413 0.         0.        ]
condition batch eval, img shape:(150, 299, 299), sx:2, sy:4, sz:4, num_conditions:2
condition:3, metric:[0.21385952 0.         0.        ]
condition:4, metric:[  0. 150. 150.]
condition batch eval, img shape:(150, 299, 299), sx:2, sy:4, sz:4, num_conditions:2
condition:5, metric:[  0. 150. 150.]
condition:6, metric:[0.92085473 0.         0.        ]
condition batch eval, img shape:(150, 299, 299), sx:2, sy:4, sz:4, num_conditions:2
condition:7, metric:[0.24383241 0.         0.        ]
condition:8, metric:[0.85130112 0.         0.        ]
condition batch eval, img shape:(150, 299, 299), sx:2, sy:4, sz:4, num_conditions:2
condition:9, metric:[0.49986907 0.         0.        ]
condition:10, metric:[  0. 150. 150.]
condition batch eval, img shape:(150, 299, 299), sx:2, sy:4, sz:4, num_conditions:2
condition:11, metric:[0.00026494 0.         0.        ]
condition:12, metric:[  0. 150. 150.]
condition batch eval, img shape:(150, 299, 299), sx:2, sy:4, sz:4, num_conditions:1
condition:13, metric:[  0. 150. 150.]
===>test image:/projects/weilab/liupeng/dataset/ssl_seg/BTCV/Training_resampled_1.5_1.5_2.0_npy_zscore/img/img0036.npy
condition batch eval, img shape:(276, 255, 255), sx:4, sy:3, sz:3, num_conditions:2
condition:1, metric:[0.68130179 0.         0.        ]
condition:2, metric:[0.60389005 0.         0.        ]
condition batch eval, img shape:(276, 255, 255), sx:4, sy:3, sz:3, num_conditions:2
condition:3, metric:[0.57522513 0.         0.        ]
condition:4, metric:[  0. 150. 150.]
condition batch eval, img shape:(276, 255, 255), sx:4, sy:3, sz:3, num_conditions:2
condition:5, metric:[  0. 150. 150.]
condition:6, metric:[0.68972569 0.         0.        ]
condition batch eval, img shape:(276, 255, 255), sx:4, sy:3, sz:3, num_conditions:2
condition:7, metric:[0.45952322 0.         0.        ]
condition:8, metric:[0.73102108 0.         0.        ]
condition batch eval, img shape:(276, 255, 255), sx:4, sy:3, sz:3, num_conditions:2
condition:9, metric:[0.40241346 0.         0.        ]
condition:10, metric:[  0. 150. 150.]
condition batch eval, img shape:(276, 255, 255), sx:4, sy:3, sz:3, num_conditions:2
condition:11, metric:[  0. 150. 150.]
condition:12, metric:[  0. 150. 150.]
condition batch eval, img shape:(276, 255, 255), sx:4, sy:3, sz:3, num_conditions:1
condition:13, metric:[  0. 150. 150.]
Validation end
avg metric shape: (13, 3)
save model to ../model/BTCV_5_C3PS_cond_mode_film_began_semi2000_con4000_SGD_SGD/unet_3D_old/iter_7600_dice_0.3027
iteration 7600 : model2_dice_score : 0.302684 model2_hd95 : 63.461538
save model to ../model/BTCV_5_C3PS_cond_mode_film_began_semi2000_con4000_SGD_SGD/unet_3D_old/model_iter_7600.pth
save model2 to ../model/BTCV_5_C3PS_cond_mode_film_began_semi2000_con4000_SGD_SGD/unet_3D_old/model2_iter_7600.pth
iteration 7620 :model1 loss : 0.141221model2 loss : 0.089093pseudo_supervision1 : 0.000000pseudo_supervision2 : 0.501693
iteration 7640 :model1 loss : 0.139507model2 loss : 0.091795pseudo_supervision1 : 0.000000pseudo_supervision2 : 0.502240
iteration 7660 :model1 loss : 0.179884model2 loss : 0.245470pseudo_supervision1 : 0.000000pseudo_supervision2 : 0.500301
iteration 7680 :model1 loss : 0.145259model2 loss : 0.071894pseudo_supervision1 : 0.000000pseudo_supervision2 : 0.484742
iteration 7700 :model1 loss : 0.149566model2 loss : 0.103399pseudo_supervision1 : 0.000000pseudo_supervision2 : 0.287027
iteration 7720 :model1 loss : 0.156907model2 loss : 0.116126pseudo_supervision1 : 0.000000pseudo_supervision2 : 0.492478
iteration 7740 :model1 loss : 0.272287model2 loss : 0.160690pseudo_supervision1 : 0.000000pseudo_supervision2 : 0.530650
iteration 7760 :model1 loss : 0.143526model2 loss : 0.252777pseudo_supervision1 : 0.000000pseudo_supervision2 : 0.472472
iteration 7780 :model1 loss : 0.142590model2 loss : 0.255635pseudo_supervision1 : 0.000000pseudo_supervision2 : 0.501967
iteration 7800 :model1 loss : 0.141475model2 loss : 0.054603pseudo_supervision1 : 0.000000pseudo_supervision2 : 0.501853
save model to ../model/BTCV_5_C3PS_cond_mode_film_began_semi2000_con4000_SGD_SGD/unet_3D_old/model_iter_7800.pth
save model2 to ../model/BTCV_5_C3PS_cond_mode_film_began_semi2000_con4000_SGD_SGD/unet_3D_old/model2_iter_7800.pth
iteration 7820 :model1 loss : 0.152061model2 loss : 0.085895pseudo_supervision1 : 0.000000pseudo_supervision2 : 0.504954
iteration 7840 :model1 loss : 0.155256model2 loss : 0.106928pseudo_supervision1 : 0.000000pseudo_supervision2 : 0.481933
iteration 7860 :model1 loss : 0.205391model2 loss : 0.248974pseudo_supervision1 : 0.000000pseudo_supervision2 : 0.499643
iteration 7880 :model1 loss : 0.273988model2 loss : 0.109699pseudo_supervision1 : 0.000000pseudo_supervision2 : 0.400217
iteration 7900 :model1 loss : 0.268458model2 loss : 0.222758pseudo_supervision1 : 0.000000pseudo_supervision2 : 0.269099
iteration 7920 :model1 loss : 0.146462model2 loss : 0.117787pseudo_supervision1 : 0.000000pseudo_supervision2 : 0.500160
iteration 7940 :model1 loss : 0.203678model2 loss : 0.139501pseudo_supervision1 : 0.314691pseudo_supervision2 : 0.253713
iteration 7960 :model1 loss : 0.147317model2 loss : 0.099870pseudo_supervision1 : 0.000000pseudo_supervision2 : 0.345600
iteration 7980 :model1 loss : 0.225624model2 loss : 0.257703pseudo_supervision1 : 0.000000pseudo_supervision2 : 0.413060
iteration 8000 :model1 loss : 0.199316model2 loss : 0.267918pseudo_supervision1 : 0.000000pseudo_supervision2 : 0.501074
began evaluation!
iteration 8000: validation sampled 4/12 cases
Total test images: 4
Validation begin
Validation end
avg metric shape: (13, 3)
iteration 8000 : model_dice_score : 0.559858 model_hd95 : 8.653846
began evaluation!
Total test images: 4
Validation begin
===>test image:/projects/weilab/liupeng/dataset/ssl_seg/BTCV/Training_resampled_1.5_1.5_2.0_npy_zscore/img/img0001.npy
condition batch eval, img shape:(220, 228, 228), sx:3, sy:3, sz:3, num_conditions:2
condition:1, metric:[0.87762376 0.         0.        ]
condition:2, metric:[0.37551812 0.         0.        ]
condition batch eval, img shape:(220, 228, 228), sx:3, sy:3, sz:3, num_conditions:2
condition:3, metric:[0.39103096 0.         0.        ]
condition:4, metric:[  0. 150. 150.]
condition batch eval, img shape:(220, 228, 228), sx:3, sy:3, sz:3, num_conditions:2
condition:5, metric:[  0. 150. 150.]
condition:6, metric:[0.8664481 0.        0.       ]
condition batch eval, img shape:(220, 228, 228), sx:3, sy:3, sz:3, num_conditions:2
condition:7, metric:[0.66554447 0.         0.        ]
condition:8, metric:[0.79970701 0.         0.        ]
condition batch eval, img shape:(220, 228, 228), sx:3, sy:3, sz:3, num_conditions:2
condition:9, metric:[0.48198637 0.         0.        ]
condition:10, metric:[  0. 150. 150.]
condition batch eval, img shape:(220, 228, 228), sx:3, sy:3, sz:3, num_conditions:2
condition:11, metric:[0.06924028 0.         0.        ]
condition:12, metric:[  0. 150. 150.]
condition batch eval, img shape:(220, 228, 228), sx:3, sy:3, sz:3, num_conditions:1
condition:13, metric:[  0. 150. 150.]
===>test image:/projects/weilab/liupeng/dataset/ssl_seg/BTCV/Training_resampled_1.5_1.5_2.0_npy_zscore/img/img0008.npy
condition batch eval, img shape:(222, 249, 249), sx:3, sy:3, sz:3, num_conditions:2
condition:1, metric:[0.74637842 0.         0.        ]
condition:2, metric:[0. 0. 0.]
condition batch eval, img shape:(222, 249, 249), sx:3, sy:3, sz:3, num_conditions:2
condition:3, metric:[0. 0. 0.]
condition:4, metric:[  0. 150. 150.]
condition batch eval, img shape:(222, 249, 249), sx:3, sy:3, sz:3, num_conditions:2
condition:5, metric:[  0. 150. 150.]
condition:6, metric:[0.85171034 0.         0.        ]
condition batch eval, img shape:(222, 249, 249), sx:3, sy:3, sz:3, num_conditions:2
condition:7, metric:[0.43598545 0.         0.        ]
condition:8, metric:[0.74331962 0.         0.        ]
condition batch eval, img shape:(222, 249, 249), sx:3, sy:3, sz:3, num_conditions:2
condition:9, metric:[0.39820066 0.         0.        ]
condition:10, metric:[  0. 150. 150.]
condition batch eval, img shape:(222, 249, 249), sx:3, sy:3, sz:3, num_conditions:2
condition:11, metric:[0.12496521 0.         0.        ]
condition:12, metric:[  0. 150. 150.]
condition batch eval, img shape:(222, 249, 249), sx:3, sy:3, sz:3, num_conditions:1
condition:13, metric:[  0. 150. 150.]
===>test image:/projects/weilab/liupeng/dataset/ssl_seg/BTCV/Training_resampled_1.5_1.5_2.0_npy_zscore/img/img0035.npy
condition batch eval, img shape:(235, 314, 314), sx:4, sy:4, sz:4, num_conditions:2
condition:1, metric:[0.64506054 0.         0.        ]
condition:2, metric:[0.53739705 0.         0.        ]
condition batch eval, img shape:(235, 314, 314), sx:4, sy:4, sz:4, num_conditions:2
condition:3, metric:[0.00594071 0.         0.        ]
condition:4, metric:[  0. 150. 150.]
condition batch eval, img shape:(235, 314, 314), sx:4, sy:4, sz:4, num_conditions:2
condition:5, metric:[  0. 150. 150.]
condition:6, metric:[0.82717063 0.         0.        ]
condition batch eval, img shape:(235, 314, 314), sx:4, sy:4, sz:4, num_conditions:2
condition:7, metric:[0.64613205 0.         0.        ]
condition:8, metric:[0.65393258 0.         0.        ]
condition batch eval, img shape:(235, 314, 314), sx:4, sy:4, sz:4, num_conditions:2
condition:9, metric:[0.26952776 0.         0.        ]
condition:10, metric:[  0. 150. 150.]
condition batch eval, img shape:(235, 314, 314), sx:4, sy:4, sz:4, num_conditions:2
condition:11, metric:[0.01437614 0.         0.        ]
condition:12, metric:[  0. 150. 150.]
condition batch eval, img shape:(235, 314, 314), sx:4, sy:4, sz:4, num_conditions:1
condition:13, metric:[  0. 150. 150.]
===>test image:/projects/weilab/liupeng/dataset/ssl_seg/BTCV/Training_resampled_1.5_1.5_2.0_npy_zscore/img/img0032.npy
condition batch eval, img shape:(216, 253, 253), sx:3, sy:3, sz:3, num_conditions:2
condition:1, metric:[0.7019857 0.        0.       ]
condition:2, metric:[0.7322371 0.        0.       ]
condition batch eval, img shape:(216, 253, 253), sx:3, sy:3, sz:3, num_conditions:2
condition:3, metric:[0.27404529 0.         0.        ]
condition:4, metric:[  0. 150. 150.]
condition batch eval, img shape:(216, 253, 253), sx:3, sy:3, sz:3, num_conditions:2
condition:5, metric:[  0. 150. 150.]
condition:6, metric:[0.8809964 0.        0.       ]
condition batch eval, img shape:(216, 253, 253), sx:3, sy:3, sz:3, num_conditions:2
condition:7, metric:[0.72705458 0.         0.        ]
condition:8, metric:[0.85324135 0.         0.        ]
condition batch eval, img shape:(216, 253, 253), sx:3, sy:3, sz:3, num_conditions:2
condition:9, metric:[0.5479118 0.        0.       ]
condition:10, metric:[  0. 150. 150.]
condition batch eval, img shape:(216, 253, 253), sx:3, sy:3, sz:3, num_conditions:2
condition:11, metric:[0.2281359 0.        0.       ]
condition:12, metric:[  0. 150. 150.]
condition batch eval, img shape:(216, 253, 253), sx:3, sy:3, sz:3, num_conditions:1
condition:13, metric:[  0. 150. 150.]
Validation end
avg metric shape: (13, 3)
save model to ../model/BTCV_5_C3PS_cond_mode_film_began_semi2000_con4000_SGD_SGD/unet_3D_old/iter_8000_dice_0.3149
iteration 8000 : model2_dice_score : 0.314862 model2_hd95 : 57.692308
save model to ../model/BTCV_5_C3PS_cond_mode_film_began_semi2000_con4000_SGD_SGD/unet_3D_old/model_iter_8000.pth
save model2 to ../model/BTCV_5_C3PS_cond_mode_film_began_semi2000_con4000_SGD_SGD/unet_3D_old/model2_iter_8000.pth
iteration 8020 :model1 loss : 0.417671model2 loss : 0.134590pseudo_supervision1 : 0.000000pseudo_supervision2 : 0.502757
iteration 8040 :model1 loss : 0.305562model2 loss : 0.154447pseudo_supervision1 : 3.195050pseudo_supervision2 : 0.495083
iteration 8060 :model1 loss : 0.149697model2 loss : 0.084932pseudo_supervision1 : 0.000000pseudo_supervision2 : 0.262984
iteration 8080 :model1 loss : 0.251020model2 loss : 0.171446pseudo_supervision1 : 8.565664pseudo_supervision2 : 0.507144
iteration 8100 :model1 loss : 0.189473model2 loss : 0.080870pseudo_supervision1 : 0.000000pseudo_supervision2 : 0.366568
iteration 8120 :model1 loss : 0.213201model2 loss : 0.134492pseudo_supervision1 : 0.000000pseudo_supervision2 : 0.500670
iteration 8140 :model1 loss : 0.182977model2 loss : 0.069318pseudo_supervision1 : 2.195344pseudo_supervision2 : 0.496670
iteration 8160 :model1 loss : 0.159534model2 loss : 0.145389pseudo_supervision1 : 1.973445pseudo_supervision2 : 0.209475
iteration 8180 :model1 loss : 0.341178model2 loss : 0.107663pseudo_supervision1 : 2.871938pseudo_supervision2 : 0.515682
iteration 8200 :model1 loss : 0.192712model2 loss : 0.093444pseudo_supervision1 : 0.000000pseudo_supervision2 : 0.501823
save model to ../model/BTCV_5_C3PS_cond_mode_film_began_semi2000_con4000_SGD_SGD/unet_3D_old/model_iter_8200.pth
save model2 to ../model/BTCV_5_C3PS_cond_mode_film_began_semi2000_con4000_SGD_SGD/unet_3D_old/model2_iter_8200.pth
iteration 8220 :model1 loss : 0.145604model2 loss : 0.130424pseudo_supervision1 : 0.000000pseudo_supervision2 : 0.504789
iteration 8240 :model1 loss : 0.128317model2 loss : 0.041602pseudo_supervision1 : 0.300651pseudo_supervision2 : 0.167114
iteration 8260 :model1 loss : 0.192730model2 loss : 0.154400pseudo_supervision1 : 0.000000pseudo_supervision2 : 0.501259
iteration 8280 :model1 loss : 0.336176model2 loss : 0.051096pseudo_supervision1 : 0.000000pseudo_supervision2 : 0.499343
iteration 8300 :model1 loss : 0.155101model2 loss : 0.107261pseudo_supervision1 : 2.141631pseudo_supervision2 : 0.293298
iteration 8320 :model1 loss : 0.236941model2 loss : 0.078701pseudo_supervision1 : 12.468998pseudo_supervision2 : 0.226229
iteration 8340 :model1 loss : 0.145242model2 loss : 0.052781pseudo_supervision1 : 0.105481pseudo_supervision2 : 0.067809
iteration 8360 :model1 loss : 0.220082model2 loss : 0.046628pseudo_supervision1 : 0.000000pseudo_supervision2 : 0.500393
iteration 8380 :model1 loss : 0.142673model2 loss : 0.094138pseudo_supervision1 : 0.000000pseudo_supervision2 : 0.583604
iteration 8400 :model1 loss : 0.136700model2 loss : 0.066912pseudo_supervision1 : 0.000000pseudo_supervision2 : 0.250016
began evaluation!
iteration 8400: validation sampled 4/12 cases
Total test images: 4
Validation begin
Validation end
avg metric shape: (13, 3)
iteration 8400 : model_dice_score : 0.583233 model_hd95 : 2.884615
began evaluation!
Total test images: 4
Validation begin
===>test image:/projects/weilab/liupeng/dataset/ssl_seg/BTCV/Training_resampled_1.5_1.5_2.0_npy_zscore/img/img0036.npy
condition batch eval, img shape:(276, 255, 255), sx:4, sy:3, sz:3, num_conditions:2
condition:1, metric:[0.87505408 0.         0.        ]
condition:2, metric:[0.51347839 0.         0.        ]
condition batch eval, img shape:(276, 255, 255), sx:4, sy:3, sz:3, num_conditions:2
condition:3, metric:[0.60293881 0.         0.        ]
condition:4, metric:[  0. 150. 150.]
condition batch eval, img shape:(276, 255, 255), sx:4, sy:3, sz:3, num_conditions:2
condition:5, metric:[  0. 150. 150.]
condition:6, metric:[0.87323911 0.         0.        ]
condition batch eval, img shape:(276, 255, 255), sx:4, sy:3, sz:3, num_conditions:2
condition:7, metric:[0.63264399 0.         0.        ]
condition:8, metric:[0.69164566 0.         0.        ]
condition batch eval, img shape:(276, 255, 255), sx:4, sy:3, sz:3, num_conditions:2
condition:9, metric:[0.44575222 0.         0.        ]
condition:10, metric:[  0. 150. 150.]
condition batch eval, img shape:(276, 255, 255), sx:4, sy:3, sz:3, num_conditions:2
condition:11, metric:[0.21181384 0.         0.        ]
condition:12, metric:[  0. 150. 150.]
condition batch eval, img shape:(276, 255, 255), sx:4, sy:3, sz:3, num_conditions:1
condition:13, metric:[  0. 150. 150.]
===>test image:/projects/weilab/liupeng/dataset/ssl_seg/BTCV/Training_resampled_1.5_1.5_2.0_npy_zscore/img/img0004.npy
condition batch eval, img shape:(210, 203, 203), sx:3, sy:2, sz:2, num_conditions:2
condition:1, metric:[0.53645691 0.         0.        ]
condition:2, metric:[0.20063303 0.         0.        ]
condition batch eval, img shape:(210, 203, 203), sx:3, sy:2, sz:2, num_conditions:2
condition:3, metric:[0.71032706 0.         0.        ]
condition:4, metric:[  0. 150. 150.]
condition batch eval, img shape:(210, 203, 203), sx:3, sy:2, sz:2, num_conditions:2
condition:5, metric:[  0. 150. 150.]
condition:6, metric:[0.8208638 0.        0.       ]
condition batch eval, img shape:(210, 203, 203), sx:3, sy:2, sz:2, num_conditions:2
condition:7, metric:[0.29749448 0.         0.        ]
condition:8, metric:[0.55206251 0.         0.        ]
condition batch eval, img shape:(210, 203, 203), sx:3, sy:2, sz:2, num_conditions:2
condition:9, metric:[0.53173081 0.         0.        ]
condition:10, metric:[  0. 150. 150.]
condition batch eval, img shape:(210, 203, 203), sx:3, sy:2, sz:2, num_conditions:2
condition:11, metric:[0.20224039 0.         0.        ]
condition:12, metric:[  0. 150. 150.]
condition batch eval, img shape:(210, 203, 203), sx:3, sy:2, sz:2, num_conditions:1
condition:13, metric:[  0. 150. 150.]
===>test image:/projects/weilab/liupeng/dataset/ssl_seg/BTCV/Training_resampled_1.5_1.5_2.0_npy_zscore/img/img0038.npy
condition batch eval, img shape:(250, 333, 333), sx:4, sy:4, sz:4, num_conditions:2
condition:1, metric:[0.71623816 0.         0.        ]
condition:2, metric:[0.34992493 0.         0.        ]
condition batch eval, img shape:(250, 333, 333), sx:4, sy:4, sz:4, num_conditions:2
condition:3, metric:[0.69063357 0.         0.        ]
condition:4, metric:[  0. 150. 150.]
condition batch eval, img shape:(250, 333, 333), sx:4, sy:4, sz:4, num_conditions:2
condition:5, metric:[  0. 150. 150.]
condition:6, metric:[0.79981868 0.         0.        ]
condition batch eval, img shape:(250, 333, 333), sx:4, sy:4, sz:4, num_conditions:2
condition:7, metric:[0.16744291 0.         0.        ]
condition:8, metric:[0.83029978 0.         0.        ]
condition batch eval, img shape:(250, 333, 333), sx:4, sy:4, sz:4, num_conditions:2
condition:9, metric:[0.31040091 0.         0.        ]
condition:10, metric:[  0. 150. 150.]
condition batch eval, img shape:(250, 333, 333), sx:4, sy:4, sz:4, num_conditions:2
condition:11, metric:[0.1170043 0.        0.       ]
condition:12, metric:[  0. 150. 150.]
condition batch eval, img shape:(250, 333, 333), sx:4, sy:4, sz:4, num_conditions:1
condition:13, metric:[  0. 150. 150.]
===>test image:/projects/weilab/liupeng/dataset/ssl_seg/BTCV/Training_resampled_1.5_1.5_2.0_npy_zscore/img/img0001.npy
condition batch eval, img shape:(220, 228, 228), sx:3, sy:3, sz:3, num_conditions:2
condition:1, metric:[0.88634447 0.         0.        ]
condition:2, metric:[0.35151385 0.         0.        ]
condition batch eval, img shape:(220, 228, 228), sx:3, sy:3, sz:3, num_conditions:2
condition:3, metric:[0.53822013 0.         0.        ]
condition:4, metric:[  0. 150. 150.]
condition batch eval, img shape:(220, 228, 228), sx:3, sy:3, sz:3, num_conditions:2
condition:5, metric:[  0. 150. 150.]
condition:6, metric:[0.90164757 0.         0.        ]
condition batch eval, img shape:(220, 228, 228), sx:3, sy:3, sz:3, num_conditions:2
condition:7, metric:[0.33040464 0.         0.        ]
condition:8, metric:[0.77404398 0.         0.        ]
condition batch eval, img shape:(220, 228, 228), sx:3, sy:3, sz:3, num_conditions:2
condition:9, metric:[0.37606963 0.         0.        ]
condition:10, metric:[0. 0. 0.]
condition batch eval, img shape:(220, 228, 228), sx:3, sy:3, sz:3, num_conditions:2
condition:11, metric:[0.17018416 0.         0.        ]
condition:12, metric:[  0. 150. 150.]
condition batch eval, img shape:(220, 228, 228), sx:3, sy:3, sz:3, num_conditions:1
condition:13, metric:[  0. 150. 150.]
Validation end
avg metric shape: (13, 3)
save model to ../model/BTCV_5_C3PS_cond_mode_film_began_semi2000_con4000_SGD_SGD/unet_3D_old/iter_8400_dice_0.3271
iteration 8400 : model2_dice_score : 0.327088 model2_hd95 : 54.807692
save model to ../model/BTCV_5_C3PS_cond_mode_film_began_semi2000_con4000_SGD_SGD/unet_3D_old/model_iter_8400.pth
save model2 to ../model/BTCV_5_C3PS_cond_mode_film_began_semi2000_con4000_SGD_SGD/unet_3D_old/model2_iter_8400.pth
iteration 8420 :model1 loss : 0.169182model2 loss : 0.116151pseudo_supervision1 : 0.401098pseudo_supervision2 : 0.088061
iteration 8440 :model1 loss : 0.202034model2 loss : 0.093054pseudo_supervision1 : 3.565719pseudo_supervision2 : 0.106461
iteration 8460 :model1 loss : 0.215755model2 loss : 0.144530pseudo_supervision1 : 7.118715pseudo_supervision2 : 0.505973
iteration 8480 :model1 loss : 0.138881model2 loss : 0.058038pseudo_supervision1 : 0.361250pseudo_supervision2 : 0.075972
iteration 8500 :model1 loss : 0.159623model2 loss : 0.175994pseudo_supervision1 : 0.446884pseudo_supervision2 : 0.079806
iteration 8520 :model1 loss : 0.137905model2 loss : 0.085091pseudo_supervision1 : 0.000000pseudo_supervision2 : 0.529935
iteration 8540 :model1 loss : 0.125877model2 loss : 0.114435pseudo_supervision1 : 0.000000pseudo_supervision2 : 0.501617
iteration 8560 :model1 loss : 0.217317model2 loss : 0.061337pseudo_supervision1 : 0.000000pseudo_supervision2 : 0.322497
iteration 8580 :model1 loss : 0.142532model2 loss : 0.135681pseudo_supervision1 : 0.000000pseudo_supervision2 : 0.502687
iteration 8600 :model1 loss : 0.153090model2 loss : 0.077541pseudo_supervision1 : 1.915690pseudo_supervision2 : 0.262159
save model to ../model/BTCV_5_C3PS_cond_mode_film_began_semi2000_con4000_SGD_SGD/unet_3D_old/model_iter_8600.pth
save model2 to ../model/BTCV_5_C3PS_cond_mode_film_began_semi2000_con4000_SGD_SGD/unet_3D_old/model2_iter_8600.pth
iteration 8620 :model1 loss : 0.188670model2 loss : 0.258072pseudo_supervision1 : 4.549607pseudo_supervision2 : 0.270717
iteration 8640 :model1 loss : 0.157708model2 loss : 0.268049pseudo_supervision1 : 0.000000pseudo_supervision2 : 0.501329
iteration 8660 :model1 loss : 0.250502model2 loss : 0.244190pseudo_supervision1 : 2.744916pseudo_supervision2 : 0.074909
iteration 8680 :model1 loss : 0.478146model2 loss : 0.251817pseudo_supervision1 : 0.000000pseudo_supervision2 : 0.058446
iteration 8700 :model1 loss : 0.292931model2 loss : 0.212558pseudo_supervision1 : 0.000000pseudo_supervision2 : 0.501272
iteration 8720 :model1 loss : 0.138347model2 loss : 0.241131pseudo_supervision1 : 0.000000pseudo_supervision2 : 0.516340
iteration 8740 :model1 loss : 0.222036model2 loss : 0.154974pseudo_supervision1 : 0.358516pseudo_supervision2 : 0.084746
iteration 8760 :model1 loss : 0.323842model2 loss : 0.057432pseudo_supervision1 : 0.000000pseudo_supervision2 : 0.500187
iteration 8780 :model1 loss : 0.134788model2 loss : 0.080191pseudo_supervision1 : 0.000000pseudo_supervision2 : 0.452700
iteration 8800 :model1 loss : 0.242444model2 loss : 0.136768pseudo_supervision1 : 0.000000pseudo_supervision2 : 0.510454
began evaluation!
iteration 8800: validation sampled 4/12 cases
Total test images: 4
Validation begin
Validation end
avg metric shape: (13, 3)
iteration 8800 : model_dice_score : 0.523366 model_hd95 : 8.653846
began evaluation!
Total test images: 4
Validation begin
===>test image:/projects/weilab/liupeng/dataset/ssl_seg/BTCV/Training_resampled_1.5_1.5_2.0_npy_zscore/img/img0001.npy
condition batch eval, img shape:(220, 228, 228), sx:3, sy:3, sz:3, num_conditions:2
condition:1, metric:[0.90903899 0.         0.        ]
condition:2, metric:[0.4010906 0.        0.       ]
condition batch eval, img shape:(220, 228, 228), sx:3, sy:3, sz:3, num_conditions:2
condition:3, metric:[0.44132216 0.         0.        ]
condition:4, metric:[  0. 150. 150.]
condition batch eval, img shape:(220, 228, 228), sx:3, sy:3, sz:3, num_conditions:2
condition:5, metric:[  0. 150. 150.]
condition:6, metric:[0.91884203 0.         0.        ]
condition batch eval, img shape:(220, 228, 228), sx:3, sy:3, sz:3, num_conditions:2
condition:7, metric:[0.54130515 0.         0.        ]
condition:8, metric:[0.7262522 0.        0.       ]
condition batch eval, img shape:(220, 228, 228), sx:3, sy:3, sz:3, num_conditions:2
condition:9, metric:[0.68886978 0.         0.        ]
condition:10, metric:[0.05954403 0.         0.        ]
condition batch eval, img shape:(220, 228, 228), sx:3, sy:3, sz:3, num_conditions:2
condition:11, metric:[0.35009662 0.         0.        ]
condition:12, metric:[  0. 150. 150.]
condition batch eval, img shape:(220, 228, 228), sx:3, sy:3, sz:3, num_conditions:1
condition:13, metric:[  0. 150. 150.]
===>test image:/projects/weilab/liupeng/dataset/ssl_seg/BTCV/Training_resampled_1.5_1.5_2.0_npy_zscore/img/img0035.npy
condition batch eval, img shape:(235, 314, 314), sx:4, sy:4, sz:4, num_conditions:2
condition:1, metric:[0.7726249 0.        0.       ]
condition:2, metric:[0.48976863 0.         0.        ]
condition batch eval, img shape:(235, 314, 314), sx:4, sy:4, sz:4, num_conditions:2
condition:3, metric:[0.517243 0.       0.      ]
condition:4, metric:[  0. 150. 150.]
condition batch eval, img shape:(235, 314, 314), sx:4, sy:4, sz:4, num_conditions:2
condition:5, metric:[  0. 150. 150.]
condition:6, metric:[0.79909678 0.         0.        ]
condition batch eval, img shape:(235, 314, 314), sx:4, sy:4, sz:4, num_conditions:2
condition:7, metric:[0.67653687 0.         0.        ]
condition:8, metric:[0.78276414 0.         0.        ]
condition batch eval, img shape:(235, 314, 314), sx:4, sy:4, sz:4, num_conditions:2
condition:9, metric:[0.65085885 0.         0.        ]
condition:10, metric:[  0. 150. 150.]
condition batch eval, img shape:(235, 314, 314), sx:4, sy:4, sz:4, num_conditions:2
condition:11, metric:[0.19689119 0.         0.        ]
condition:12, metric:[  0. 150. 150.]
condition batch eval, img shape:(235, 314, 314), sx:4, sy:4, sz:4, num_conditions:1
condition:13, metric:[  0. 150. 150.]
===>test image:/projects/weilab/liupeng/dataset/ssl_seg/BTCV/Training_resampled_1.5_1.5_2.0_npy_zscore/img/img0038.npy
condition batch eval, img shape:(250, 333, 333), sx:4, sy:4, sz:4, num_conditions:2
condition:1, metric:[0.54409234 0.         0.        ]
condition:2, metric:[0.55682223 0.         0.        ]
condition batch eval, img shape:(250, 333, 333), sx:4, sy:4, sz:4, num_conditions:2
condition:3, metric:[0.55241549 0.         0.        ]
condition:4, metric:[  0. 150. 150.]
condition batch eval, img shape:(250, 333, 333), sx:4, sy:4, sz:4, num_conditions:2
condition:5, metric:[  0. 150. 150.]
condition:6, metric:[0.69266548 0.         0.        ]
condition batch eval, img shape:(250, 333, 333), sx:4, sy:4, sz:4, num_conditions:2
condition:7, metric:[0.4224797 0.        0.       ]
condition:8, metric:[0.8730206 0.        0.       ]
condition batch eval, img shape:(250, 333, 333), sx:4, sy:4, sz:4, num_conditions:2
condition:9, metric:[0.58143336 0.         0.        ]
condition:10, metric:[0.00356718 0.         0.        ]
condition batch eval, img shape:(250, 333, 333), sx:4, sy:4, sz:4, num_conditions:2
condition:11, metric:[0.38517336 0.         0.        ]
condition:12, metric:[  0. 150. 150.]
condition batch eval, img shape:(250, 333, 333), sx:4, sy:4, sz:4, num_conditions:1
condition:13, metric:[  0. 150. 150.]
===>test image:/projects/weilab/liupeng/dataset/ssl_seg/BTCV/Training_resampled_1.5_1.5_2.0_npy_zscore/img/img0008.npy
condition batch eval, img shape:(222, 249, 249), sx:3, sy:3, sz:3, num_conditions:2
condition:1, metric:[0.85202598 0.         0.        ]
condition:2, metric:[0.03794709 0.         0.        ]
condition batch eval, img shape:(222, 249, 249), sx:3, sy:3, sz:3, num_conditions:2
condition:3, metric:[0.02499308 0.         0.        ]
condition:4, metric:[  0. 150. 150.]
condition batch eval, img shape:(222, 249, 249), sx:3, sy:3, sz:3, num_conditions:2
condition:5, metric:[  0. 150. 150.]
condition:6, metric:[0.90013474 0.         0.        ]
condition batch eval, img shape:(222, 249, 249), sx:3, sy:3, sz:3, num_conditions:2
condition:7, metric:[0.61177134 0.         0.        ]
condition:8, metric:[0.74555784 0.         0.        ]
condition batch eval, img shape:(222, 249, 249), sx:3, sy:3, sz:3, num_conditions:2
condition:9, metric:[0.85699247 0.         0.        ]
condition:10, metric:[0. 0. 0.]
condition batch eval, img shape:(222, 249, 249), sx:3, sy:3, sz:3, num_conditions:2
condition:11, metric:[0.4016416 0.        0.       ]
condition:12, metric:[  0. 150. 150.]
condition batch eval, img shape:(222, 249, 249), sx:3, sy:3, sz:3, num_conditions:1
condition:13, metric:[  0. 150. 150.]
Validation end
avg metric shape: (13, 3)
save model to ../model/BTCV_5_C3PS_cond_mode_film_began_semi2000_con4000_SGD_SGD/unet_3D_old/iter_8800_dice_0.3647
iteration 8800 : model2_dice_score : 0.364709 model2_hd95 : 49.038462
save model to ../model/BTCV_5_C3PS_cond_mode_film_began_semi2000_con4000_SGD_SGD/unet_3D_old/model_iter_8800.pth
save model2 to ../model/BTCV_5_C3PS_cond_mode_film_began_semi2000_con4000_SGD_SGD/unet_3D_old/model2_iter_8800.pth
iteration 8820 :model1 loss : 0.194462model2 loss : 0.164652pseudo_supervision1 : 0.000000pseudo_supervision2 : 0.501038
iteration 8840 :model1 loss : 0.222455model2 loss : 0.238641pseudo_supervision1 : 9.015092pseudo_supervision2 : 0.511144
iteration 8860 :model1 loss : 0.172173model2 loss : 0.260711pseudo_supervision1 : 0.000000pseudo_supervision2 : 0.500051
iteration 8880 :model1 loss : 0.195061model2 loss : 0.121832pseudo_supervision1 : 0.000000pseudo_supervision2 : 0.500138
iteration 8900 :model1 loss : 0.152771model2 loss : 0.083971pseudo_supervision1 : 0.000000pseudo_supervision2 : 0.510617
iteration 8920 :model1 loss : 0.149393model2 loss : 0.060295pseudo_supervision1 : 0.000000pseudo_supervision2 : 0.533936
iteration 8940 :model1 loss : 0.218919model2 loss : 0.073014pseudo_supervision1 : 0.000000pseudo_supervision2 : 0.556398
iteration 8960 :model1 loss : 0.136535model2 loss : 0.114520pseudo_supervision1 : 0.000000pseudo_supervision2 : 0.491083
iteration 8980 :model1 loss : 0.154543model2 loss : 0.089050pseudo_supervision1 : 0.000000pseudo_supervision2 : 0.168225
iteration 9000 :model1 loss : 0.199646model2 loss : 0.106714pseudo_supervision1 : 7.602563pseudo_supervision2 : 0.500887
save model to ../model/BTCV_5_C3PS_cond_mode_film_began_semi2000_con4000_SGD_SGD/unet_3D_old/model_iter_9000.pth
save model2 to ../model/BTCV_5_C3PS_cond_mode_film_began_semi2000_con4000_SGD_SGD/unet_3D_old/model2_iter_9000.pth
iteration 9020 :model1 loss : 0.149219model2 loss : 0.064817pseudo_supervision1 : 0.000000pseudo_supervision2 : 0.500385
iteration 9040 :model1 loss : 0.133708model2 loss : 0.049052pseudo_supervision1 : 0.000000pseudo_supervision2 : 0.502794
iteration 9060 :model1 loss : 0.383043model2 loss : 0.102601pseudo_supervision1 : 0.000000pseudo_supervision2 : 0.169574
iteration 9080 :model1 loss : 0.313891model2 loss : 0.147344pseudo_supervision1 : 0.000000pseudo_supervision2 : 0.505177
iteration 9100 :model1 loss : 0.170002model2 loss : 0.084734pseudo_supervision1 : 3.682826pseudo_supervision2 : 0.504221
iteration 9120 :model1 loss : 0.145754model2 loss : 0.063857pseudo_supervision1 : 0.000000pseudo_supervision2 : 0.508094
iteration 9140 :model1 loss : 0.143168model2 loss : 0.116254pseudo_supervision1 : 0.000000pseudo_supervision2 : 0.502143
iteration 9160 :model1 loss : 0.159700model2 loss : 0.121721pseudo_supervision1 : 0.000000pseudo_supervision2 : 0.501172
iteration 9180 :model1 loss : 0.227779model2 loss : 0.066700pseudo_supervision1 : 0.000000pseudo_supervision2 : 0.500071
iteration 9200 :model1 loss : 0.139835model2 loss : 0.069331pseudo_supervision1 : 0.159376pseudo_supervision2 : 0.248062
began evaluation!
iteration 9200: validation sampled 4/12 cases
Total test images: 4
Validation begin
Validation end
avg metric shape: (13, 3)
iteration 9200 : model_dice_score : 0.464221 model_hd95 : 11.538462
began evaluation!
Total test images: 4
Validation begin
===>test image:/projects/weilab/liupeng/dataset/ssl_seg/BTCV/Training_resampled_1.5_1.5_2.0_npy_zscore/img/img0035.npy
condition batch eval, img shape:(235, 314, 314), sx:4, sy:4, sz:4, num_conditions:2
condition:1, metric:[0.81510339 0.         0.        ]
condition:2, metric:[0.34074793 0.         0.        ]
condition batch eval, img shape:(235, 314, 314), sx:4, sy:4, sz:4, num_conditions:2
condition:3, metric:[0.5432022 0.        0.       ]
condition:4, metric:[  0. 150. 150.]
condition batch eval, img shape:(235, 314, 314), sx:4, sy:4, sz:4, num_conditions:2
condition:5, metric:[  0. 150. 150.]
condition:6, metric:[0.82616506 0.         0.        ]
condition batch eval, img shape:(235, 314, 314), sx:4, sy:4, sz:4, num_conditions:2
condition:7, metric:[0.59065846 0.         0.        ]
condition:8, metric:[0.72276942 0.         0.        ]
condition batch eval, img shape:(235, 314, 314), sx:4, sy:4, sz:4, num_conditions:2
condition:9, metric:[0.64646529 0.         0.        ]
condition:10, metric:[0. 0. 0.]
condition batch eval, img shape:(235, 314, 314), sx:4, sy:4, sz:4, num_conditions:2
condition:11, metric:[0.31478004 0.         0.        ]
condition:12, metric:[  0. 150. 150.]
condition batch eval, img shape:(235, 314, 314), sx:4, sy:4, sz:4, num_conditions:1
condition:13, metric:[  0. 150. 150.]
===>test image:/projects/weilab/liupeng/dataset/ssl_seg/BTCV/Training_resampled_1.5_1.5_2.0_npy_zscore/img/img0003.npy
condition batch eval, img shape:(297, 307, 307), sx:5, sy:4, sz:4, num_conditions:2
condition:1, metric:[0.28815071 0.         0.        ]
condition:2, metric:[0.49956577 0.         0.        ]
condition batch eval, img shape:(297, 307, 307), sx:5, sy:4, sz:4, num_conditions:2
condition:3, metric:[0.64837584 0.         0.        ]
condition:4, metric:[  0. 150. 150.]
condition batch eval, img shape:(297, 307, 307), sx:5, sy:4, sz:4, num_conditions:2
condition:5, metric:[  0. 150. 150.]
condition:6, metric:[0.80904274 0.         0.        ]
condition batch eval, img shape:(297, 307, 307), sx:5, sy:4, sz:4, num_conditions:2
condition:7, metric:[0.19739578 0.         0.        ]
condition:8, metric:[0.70537707 0.         0.        ]
condition batch eval, img shape:(297, 307, 307), sx:5, sy:4, sz:4, num_conditions:2
condition:9, metric:[0.58647843 0.         0.        ]
condition:10, metric:[  0. 150. 150.]
condition batch eval, img shape:(297, 307, 307), sx:5, sy:4, sz:4, num_conditions:2
condition:11, metric:[0.02481282 0.         0.        ]
condition:12, metric:[  0. 150. 150.]
condition batch eval, img shape:(297, 307, 307), sx:5, sy:4, sz:4, num_conditions:1
condition:13, metric:[  0. 150. 150.]
===>test image:/projects/weilab/liupeng/dataset/ssl_seg/BTCV/Training_resampled_1.5_1.5_2.0_npy_zscore/img/img0004.npy
condition batch eval, img shape:(210, 203, 203), sx:3, sy:2, sz:2, num_conditions:2
condition:1, metric:[0.70101672 0.         0.        ]
condition:2, metric:[0.26865178 0.         0.        ]
condition batch eval, img shape:(210, 203, 203), sx:3, sy:2, sz:2, num_conditions:2
condition:3, metric:[0.3024755 0.        0.       ]
condition:4, metric:[  0. 150. 150.]
condition batch eval, img shape:(210, 203, 203), sx:3, sy:2, sz:2, num_conditions:2
condition:5, metric:[  0. 150. 150.]
condition:6, metric:[0.82560664 0.         0.        ]
condition batch eval, img shape:(210, 203, 203), sx:3, sy:2, sz:2, num_conditions:2
condition:7, metric:[0.21183729 0.         0.        ]
condition:8, metric:[0.81633339 0.         0.        ]
condition batch eval, img shape:(210, 203, 203), sx:3, sy:2, sz:2, num_conditions:2
condition:9, metric:[0.64546648 0.         0.        ]
condition:10, metric:[0. 0. 0.]
condition batch eval, img shape:(210, 203, 203), sx:3, sy:2, sz:2, num_conditions:2
condition:11, metric:[0.20174994 0.         0.        ]
condition:12, metric:[  0. 150. 150.]
condition batch eval, img shape:(210, 203, 203), sx:3, sy:2, sz:2, num_conditions:1
condition:13, metric:[  0. 150. 150.]
===>test image:/projects/weilab/liupeng/dataset/ssl_seg/BTCV/Training_resampled_1.5_1.5_2.0_npy_zscore/img/img0025.npy
condition batch eval, img shape:(212, 284, 284), sx:3, sy:3, sz:3, num_conditions:2
condition:1, metric:[0.51444319 0.         0.        ]
condition:2, metric:[0. 0. 0.]
condition batch eval, img shape:(212, 284, 284), sx:3, sy:3, sz:3, num_conditions:2
condition:3, metric:[0. 0. 0.]
condition:4, metric:[  0. 150. 150.]
condition batch eval, img shape:(212, 284, 284), sx:3, sy:3, sz:3, num_conditions:2
condition:5, metric:[  0. 150. 150.]
condition:6, metric:[0.90592102 0.         0.        ]
condition batch eval, img shape:(212, 284, 284), sx:3, sy:3, sz:3, num_conditions:2
condition:7, metric:[0.37899674 0.         0.        ]
condition:8, metric:[0.7066067 0.        0.       ]
condition batch eval, img shape:(212, 284, 284), sx:3, sy:3, sz:3, num_conditions:2
condition:9, metric:[0.52520319 0.         0.        ]
condition:10, metric:[0.08512769 0.         0.        ]
condition batch eval, img shape:(212, 284, 284), sx:3, sy:3, sz:3, num_conditions:2
condition:11, metric:[0.34078067 0.         0.        ]
condition:12, metric:[  0. 150. 150.]
condition batch eval, img shape:(212, 284, 284), sx:3, sy:3, sz:3, num_conditions:1
condition:13, metric:[  0. 150. 150.]
Validation end
avg metric shape: (13, 3)
iteration 9200 : model2_dice_score : 0.307487 model2_hd95 : 49.038462
save model to ../model/BTCV_5_C3PS_cond_mode_film_began_semi2000_con4000_SGD_SGD/unet_3D_old/model_iter_9200.pth
save model2 to ../model/BTCV_5_C3PS_cond_mode_film_began_semi2000_con4000_SGD_SGD/unet_3D_old/model2_iter_9200.pth
iteration 9220 :model1 loss : 0.397762model2 loss : 0.087816pseudo_supervision1 : 0.000000pseudo_supervision2 : 0.500200
iteration 9240 :model1 loss : 0.187149model2 loss : 0.072530pseudo_supervision1 : 0.724817pseudo_supervision2 : 0.102410
iteration 9260 :model1 loss : 0.221209model2 loss : 0.060553pseudo_supervision1 : 2.636227pseudo_supervision2 : 0.515368
iteration 9280 :model1 loss : 0.147858model2 loss : 0.258696pseudo_supervision1 : 0.000000pseudo_supervision2 : 0.287340
iteration 9300 :model1 loss : 0.177454model2 loss : 0.145612pseudo_supervision1 : 0.521547pseudo_supervision2 : 0.157820
iteration 9320 :model1 loss : 0.247976model2 loss : 0.138315pseudo_supervision1 : 0.000000pseudo_supervision2 : 0.378384
iteration 9340 :model1 loss : 0.154247model2 loss : 0.057594pseudo_supervision1 : 0.983031pseudo_supervision2 : 0.150799
iteration 9360 :model1 loss : 0.177084model2 loss : 0.074647pseudo_supervision1 : 0.000000pseudo_supervision2 : 0.506757
iteration 9380 :model1 loss : 0.136295model2 loss : 0.059337pseudo_supervision1 : 0.189484pseudo_supervision2 : 0.047733
iteration 9400 :model1 loss : 0.163491model2 loss : 0.128521pseudo_supervision1 : 0.000000pseudo_supervision2 : 0.501896
save model to ../model/BTCV_5_C3PS_cond_mode_film_began_semi2000_con4000_SGD_SGD/unet_3D_old/model_iter_9400.pth
save model2 to ../model/BTCV_5_C3PS_cond_mode_film_began_semi2000_con4000_SGD_SGD/unet_3D_old/model2_iter_9400.pth
iteration 9420 :model1 loss : 0.133717model2 loss : 0.110119pseudo_supervision1 : 0.000000pseudo_supervision2 : 0.500363
iteration 9440 :model1 loss : 0.280181model2 loss : 0.068599pseudo_supervision1 : 1.381002pseudo_supervision2 : 0.019266
iteration 9460 :model1 loss : 0.130503model2 loss : 0.119972pseudo_supervision1 : 0.000000pseudo_supervision2 : 0.501126
iteration 9480 :model1 loss : 0.155475model2 loss : 0.093196pseudo_supervision1 : 0.000000pseudo_supervision2 : 0.501464
iteration 9500 :model1 loss : 0.156305model2 loss : 0.101001pseudo_supervision1 : 0.000000pseudo_supervision2 : 0.503955
iteration 9520 :model1 loss : 0.186288model2 loss : 0.180824pseudo_supervision1 : 0.000000pseudo_supervision2 : 0.501550
iteration 9540 :model1 loss : 0.204197model2 loss : 0.065668pseudo_supervision1 : 0.116091pseudo_supervision2 : 0.054999
iteration 9560 :model1 loss : 0.272206model2 loss : 0.112001pseudo_supervision1 : 0.000000pseudo_supervision2 : 0.500249
iteration 9580 :model1 loss : 0.225090model2 loss : 0.073991pseudo_supervision1 : 7.070798pseudo_supervision2 : 0.512199
iteration 9600 :model1 loss : 0.207264model2 loss : 0.149720pseudo_supervision1 : 5.089458pseudo_supervision2 : 0.281127
began evaluation!
iteration 9600: validation sampled 4/12 cases
Total test images: 4
Validation begin
Validation end
avg metric shape: (13, 3)
iteration 9600 : model_dice_score : 0.507460 model_hd95 : 2.884615
began evaluation!
Total test images: 4
Validation begin
===>test image:/projects/weilab/liupeng/dataset/ssl_seg/BTCV/Training_resampled_1.5_1.5_2.0_npy_zscore/img/img0008.npy
condition batch eval, img shape:(222, 249, 249), sx:3, sy:3, sz:3, num_conditions:2
condition:1, metric:[0.80075829 0.         0.        ]
condition:2, metric:[0.00658354 0.         0.        ]
condition batch eval, img shape:(222, 249, 249), sx:3, sy:3, sz:3, num_conditions:2
condition:3, metric:[0. 0. 0.]
condition:4, metric:[  0. 150. 150.]
condition batch eval, img shape:(222, 249, 249), sx:3, sy:3, sz:3, num_conditions:2
condition:5, metric:[  0. 150. 150.]
condition:6, metric:[0.91364379 0.         0.        ]
condition batch eval, img shape:(222, 249, 249), sx:3, sy:3, sz:3, num_conditions:2
condition:7, metric:[0.56148324 0.         0.        ]
condition:8, metric:[0.75195801 0.         0.        ]
condition batch eval, img shape:(222, 249, 249), sx:3, sy:3, sz:3, num_conditions:2
condition:9, metric:[0.78529306 0.         0.        ]
condition:10, metric:[0. 0. 0.]
condition batch eval, img shape:(222, 249, 249), sx:3, sy:3, sz:3, num_conditions:2
condition:11, metric:[0.57134061 0.         0.        ]
condition:12, metric:[  0. 150. 150.]
condition batch eval, img shape:(222, 249, 249), sx:3, sy:3, sz:3, num_conditions:1
condition:13, metric:[  0. 150. 150.]
===>test image:/projects/weilab/liupeng/dataset/ssl_seg/BTCV/Training_resampled_1.5_1.5_2.0_npy_zscore/img/img0001.npy
condition batch eval, img shape:(220, 228, 228), sx:3, sy:3, sz:3, num_conditions:2
condition:1, metric:[0.86059941 0.         0.        ]
condition:2, metric:[0.46461315 0.         0.        ]
condition batch eval, img shape:(220, 228, 228), sx:3, sy:3, sz:3, num_conditions:2
condition:3, metric:[0.39569526 0.         0.        ]
condition:4, metric:[  0. 150. 150.]
condition batch eval, img shape:(220, 228, 228), sx:3, sy:3, sz:3, num_conditions:2
condition:5, metric:[  0. 150. 150.]
condition:6, metric:[0.9010294 0.        0.       ]
condition batch eval, img shape:(220, 228, 228), sx:3, sy:3, sz:3, num_conditions:2
condition:7, metric:[0.58744863 0.         0.        ]
condition:8, metric:[0.76151953 0.         0.        ]
condition batch eval, img shape:(220, 228, 228), sx:3, sy:3, sz:3, num_conditions:2
condition:9, metric:[0.72518507 0.         0.        ]
condition:10, metric:[0.04777101 0.         0.        ]
condition batch eval, img shape:(220, 228, 228), sx:3, sy:3, sz:3, num_conditions:2
condition:11, metric:[0.44872751 0.         0.        ]
condition:12, metric:[  0. 150. 150.]
condition batch eval, img shape:(220, 228, 228), sx:3, sy:3, sz:3, num_conditions:1
condition:13, metric:[  0. 150. 150.]
===>test image:/projects/weilab/liupeng/dataset/ssl_seg/BTCV/Training_resampled_1.5_1.5_2.0_npy_zscore/img/img0003.npy
condition batch eval, img shape:(297, 307, 307), sx:5, sy:4, sz:4, num_conditions:2
condition:1, metric:[0.24397067 0.         0.        ]
condition:2, metric:[0.67185452 0.         0.        ]
condition batch eval, img shape:(297, 307, 307), sx:5, sy:4, sz:4, num_conditions:2
condition:3, metric:[0.50960946 0.         0.        ]
condition:4, metric:[  0. 150. 150.]
condition batch eval, img shape:(297, 307, 307), sx:5, sy:4, sz:4, num_conditions:2
condition:5, metric:[  0. 150. 150.]
condition:6, metric:[0.8475057 0.        0.       ]
condition batch eval, img shape:(297, 307, 307), sx:5, sy:4, sz:4, num_conditions:2
condition:7, metric:[0.05096144 0.         0.        ]
condition:8, metric:[0.81817206 0.         0.        ]
condition batch eval, img shape:(297, 307, 307), sx:5, sy:4, sz:4, num_conditions:2
condition:9, metric:[0.63001133 0.         0.        ]
condition:10, metric:[0. 0. 0.]
condition batch eval, img shape:(297, 307, 307), sx:5, sy:4, sz:4, num_conditions:2
condition:11, metric:[0.11888559 0.         0.        ]
condition:12, metric:[  0. 150. 150.]
condition batch eval, img shape:(297, 307, 307), sx:5, sy:4, sz:4, num_conditions:1
condition:13, metric:[  0. 150. 150.]
===>test image:/projects/weilab/liupeng/dataset/ssl_seg/BTCV/Training_resampled_1.5_1.5_2.0_npy_zscore/img/img0025.npy
condition batch eval, img shape:(212, 284, 284), sx:3, sy:3, sz:3, num_conditions:2
condition:1, metric:[0.62068494 0.         0.        ]
condition:2, metric:[0.00696134 0.         0.        ]
condition batch eval, img shape:(212, 284, 284), sx:3, sy:3, sz:3, num_conditions:2
condition:3, metric:[0.00519466 0.         0.        ]
condition:4, metric:[  0. 150. 150.]
condition batch eval, img shape:(212, 284, 284), sx:3, sy:3, sz:3, num_conditions:2
condition:5, metric:[  0. 150. 150.]
condition:6, metric:[0.94278913 0.         0.        ]
condition batch eval, img shape:(212, 284, 284), sx:3, sy:3, sz:3, num_conditions:2
condition:7, metric:[0.36541325 0.         0.        ]
condition:8, metric:[0.81672391 0.         0.        ]
condition batch eval, img shape:(212, 284, 284), sx:3, sy:3, sz:3, num_conditions:2
condition:9, metric:[0.64882524 0.         0.        ]
condition:10, metric:[0.06886937 0.         0.        ]
condition batch eval, img shape:(212, 284, 284), sx:3, sy:3, sz:3, num_conditions:2
condition:11, metric:[0.40324299 0.         0.        ]
condition:12, metric:[  0. 150. 150.]
condition batch eval, img shape:(212, 284, 284), sx:3, sy:3, sz:3, num_conditions:1
condition:13, metric:[  0. 150. 150.]
Validation end
avg metric shape: (13, 3)
iteration 9600 : model2_dice_score : 0.333718 model2_hd95 : 46.153846
save model to ../model/BTCV_5_C3PS_cond_mode_film_began_semi2000_con4000_SGD_SGD/unet_3D_old/model_iter_9600.pth
save model2 to ../model/BTCV_5_C3PS_cond_mode_film_began_semi2000_con4000_SGD_SGD/unet_3D_old/model2_iter_9600.pth
iteration 9620 :model1 loss : 0.140264model2 loss : 0.107518pseudo_supervision1 : 1.396134pseudo_supervision2 : 0.381497
iteration 9640 :model1 loss : 0.183132model2 loss : 0.206728pseudo_supervision1 : 0.000000pseudo_supervision2 : 0.502049
iteration 9660 :model1 loss : 0.143704model2 loss : 0.046344pseudo_supervision1 : 0.000000pseudo_supervision2 : 0.500204
iteration 9680 :model1 loss : 0.203370model2 loss : 0.146616pseudo_supervision1 : 0.506683pseudo_supervision2 : 0.058495
iteration 9700 :model1 loss : 0.496934model2 loss : 0.255032pseudo_supervision1 : 2.379269pseudo_supervision2 : 0.502310
iteration 9720 :model1 loss : 0.220611model2 loss : 0.103474pseudo_supervision1 : 3.445510pseudo_supervision2 : 0.502038
iteration 9740 :model1 loss : 0.318072model2 loss : 0.088730pseudo_supervision1 : 0.000000pseudo_supervision2 : 0.551693
iteration 9760 :model1 loss : 0.133223model2 loss : 0.073963pseudo_supervision1 : 0.000000pseudo_supervision2 : 0.505451
iteration 9780 :model1 loss : 0.134650model2 loss : 0.122364pseudo_supervision1 : 0.000000pseudo_supervision2 : 0.628852
iteration 9800 :model1 loss : 0.407412model2 loss : 0.094965pseudo_supervision1 : 0.320975pseudo_supervision2 : 0.150737
save model to ../model/BTCV_5_C3PS_cond_mode_film_began_semi2000_con4000_SGD_SGD/unet_3D_old/model_iter_9800.pth
save model2 to ../model/BTCV_5_C3PS_cond_mode_film_began_semi2000_con4000_SGD_SGD/unet_3D_old/model2_iter_9800.pth
iteration 9820 :model1 loss : 0.363296model2 loss : 0.059671pseudo_supervision1 : 0.000000pseudo_supervision2 : 0.493522
iteration 9840 :model1 loss : 0.199236model2 loss : 0.084482pseudo_supervision1 : 0.000000pseudo_supervision2 : 0.501034
iteration 9860 :model1 loss : 0.150022model2 loss : 0.158834pseudo_supervision1 : 0.000000pseudo_supervision2 : 0.503913
iteration 9880 :model1 loss : 0.136112model2 loss : 0.062454pseudo_supervision1 : 0.000000pseudo_supervision2 : 0.505558
iteration 9900 :model1 loss : 0.129840model2 loss : 0.099705pseudo_supervision1 : 0.000000pseudo_supervision2 : 0.426639
iteration 9920 :model1 loss : 0.474413model2 loss : 0.256413pseudo_supervision1 : 0.000000pseudo_supervision2 : 0.504816
iteration 9940 :model1 loss : 0.197266model2 loss : 0.170478pseudo_supervision1 : 0.096998pseudo_supervision2 : 0.061499
iteration 9960 :model1 loss : 0.135385model2 loss : 0.078916pseudo_supervision1 : 0.000000pseudo_supervision2 : 0.503232
iteration 9980 :model1 loss : 0.266566model2 loss : 0.222301pseudo_supervision1 : 0.000000pseudo_supervision2 : 0.507360
iteration 10000 :model1 loss : 0.139781model2 loss : 0.083399pseudo_supervision1 : 0.000000pseudo_supervision2 : 0.238629
began evaluation!
iteration 10000: validation sampled 4/12 cases
Total test images: 4
Validation begin
Validation end
avg metric shape: (13, 3)
iteration 10000 : model_dice_score : 0.563952 model_hd95 : 2.884615
began evaluation!
Total test images: 4
Validation begin
===>test image:/projects/weilab/liupeng/dataset/ssl_seg/BTCV/Training_resampled_1.5_1.5_2.0_npy_zscore/img/img0025.npy
condition batch eval, img shape:(212, 284, 284), sx:3, sy:3, sz:3, num_conditions:2
condition:1, metric:[0.65208195 0.         0.        ]
condition:2, metric:[0.04714217 0.         0.        ]
condition batch eval, img shape:(212, 284, 284), sx:3, sy:3, sz:3, num_conditions:2
condition:3, metric:[0.20884527 0.         0.        ]
condition:4, metric:[  0. 150. 150.]
condition batch eval, img shape:(212, 284, 284), sx:3, sy:3, sz:3, num_conditions:2
condition:5, metric:[  0. 150. 150.]
condition:6, metric:[0.93230631 0.         0.        ]
condition batch eval, img shape:(212, 284, 284), sx:3, sy:3, sz:3, num_conditions:2
condition:7, metric:[0.49560646 0.         0.        ]
condition:8, metric:[0.79103152 0.         0.        ]
condition batch eval, img shape:(212, 284, 284), sx:3, sy:3, sz:3, num_conditions:2
condition:9, metric:[0.64514928 0.         0.        ]
condition:10, metric:[  0. 150. 150.]
condition batch eval, img shape:(212, 284, 284), sx:3, sy:3, sz:3, num_conditions:2
condition:11, metric:[0.18919256 0.         0.        ]
condition:12, metric:[  0. 150. 150.]
condition batch eval, img shape:(212, 284, 284), sx:3, sy:3, sz:3, num_conditions:1
condition:13, metric:[  0. 150. 150.]
===>test image:/projects/weilab/liupeng/dataset/ssl_seg/BTCV/Training_resampled_1.5_1.5_2.0_npy_zscore/img/img0002.npy
condition batch eval, img shape:(208, 246, 246), sx:3, sy:3, sz:3, num_conditions:2
condition:1, metric:[0.85795852 0.         0.        ]
condition:2, metric:[0.63514911 0.         0.        ]
condition batch eval, img shape:(208, 246, 246), sx:3, sy:3, sz:3, num_conditions:2
condition:3, metric:[0.59779962 0.         0.        ]
condition:4, metric:[  0. 150. 150.]
condition batch eval, img shape:(208, 246, 246), sx:3, sy:3, sz:3, num_conditions:2
condition:5, metric:[  0. 150. 150.]
condition:6, metric:[0.90994713 0.         0.        ]
condition batch eval, img shape:(208, 246, 246), sx:3, sy:3, sz:3, num_conditions:2
condition:7, metric:[0.53507174 0.         0.        ]
condition:8, metric:[0.67643094 0.         0.        ]
condition batch eval, img shape:(208, 246, 246), sx:3, sy:3, sz:3, num_conditions:2
condition:9, metric:[0.72990219 0.         0.        ]
condition:10, metric:[  0. 150. 150.]
condition batch eval, img shape:(208, 246, 246), sx:3, sy:3, sz:3, num_conditions:2
condition:11, metric:[0.28061621 0.         0.        ]
condition:12, metric:[  0. 150. 150.]
condition batch eval, img shape:(208, 246, 246), sx:3, sy:3, sz:3, num_conditions:1
condition:13, metric:[  0. 150. 150.]
===>test image:/projects/weilab/liupeng/dataset/ssl_seg/BTCV/Training_resampled_1.5_1.5_2.0_npy_zscore/img/img0001.npy
condition batch eval, img shape:(220, 228, 228), sx:3, sy:3, sz:3, num_conditions:2
condition:1, metric:[0.91443897 0.         0.        ]
condition:2, metric:[0.38854417 0.         0.        ]
condition batch eval, img shape:(220, 228, 228), sx:3, sy:3, sz:3, num_conditions:2
condition:3, metric:[0.5568776 0.        0.       ]
condition:4, metric:[  0. 150. 150.]
condition batch eval, img shape:(220, 228, 228), sx:3, sy:3, sz:3, num_conditions:2
condition:5, metric:[  0. 150. 150.]
condition:6, metric:[0.91703093 0.         0.        ]
condition batch eval, img shape:(220, 228, 228), sx:3, sy:3, sz:3, num_conditions:2
condition:7, metric:[0.60308929 0.         0.        ]
condition:8, metric:[0.68793544 0.         0.        ]
condition batch eval, img shape:(220, 228, 228), sx:3, sy:3, sz:3, num_conditions:2
condition:9, metric:[0.64292328 0.         0.        ]
condition:10, metric:[  0. 150. 150.]
condition batch eval, img shape:(220, 228, 228), sx:3, sy:3, sz:3, num_conditions:2
condition:11, metric:[0.13801253 0.         0.        ]
condition:12, metric:[  0. 150. 150.]
condition batch eval, img shape:(220, 228, 228), sx:3, sy:3, sz:3, num_conditions:1
condition:13, metric:[  0. 150. 150.]
===>test image:/projects/weilab/liupeng/dataset/ssl_seg/BTCV/Training_resampled_1.5_1.5_2.0_npy_zscore/img/img0032.npy
condition batch eval, img shape:(216, 253, 253), sx:3, sy:3, sz:3, num_conditions:2
condition:1, metric:[0.86943185 0.         0.        ]
condition:2, metric:[0.65665346 0.         0.        ]
condition batch eval, img shape:(216, 253, 253), sx:3, sy:3, sz:3, num_conditions:2
condition:3, metric:[0.50859969 0.         0.        ]
condition:4, metric:[  0. 150. 150.]
condition batch eval, img shape:(216, 253, 253), sx:3, sy:3, sz:3, num_conditions:2
condition:5, metric:[  0. 150. 150.]
condition:6, metric:[0.93516131 0.         0.        ]
condition batch eval, img shape:(216, 253, 253), sx:3, sy:3, sz:3, num_conditions:2
condition:7, metric:[0.74178157 0.         0.        ]
condition:8, metric:[0.81437431 0.         0.        ]
condition batch eval, img shape:(216, 253, 253), sx:3, sy:3, sz:3, num_conditions:2
condition:9, metric:[0.640634 0.       0.      ]
condition:10, metric:[  0. 150. 150.]
condition batch eval, img shape:(216, 253, 253), sx:3, sy:3, sz:3, num_conditions:2
condition:11, metric:[0.32771536 0.         0.        ]
condition:12, metric:[  0. 150. 150.]
condition batch eval, img shape:(216, 253, 253), sx:3, sy:3, sz:3, num_conditions:1
condition:13, metric:[  0. 150. 150.]
Validation end
avg metric shape: (13, 3)
save model to ../model/BTCV_5_C3PS_cond_mode_film_began_semi2000_con4000_SGD_SGD/unet_3D_old/iter_10000_dice_0.3755
iteration 10000 : model2_dice_score : 0.375528 model2_hd95 : 57.692308
save model to ../model/BTCV_5_C3PS_cond_mode_film_began_semi2000_con4000_SGD_SGD/unet_3D_old/model_iter_10000.pth
save model2 to ../model/BTCV_5_C3PS_cond_mode_film_began_semi2000_con4000_SGD_SGD/unet_3D_old/model2_iter_10000.pth
iteration 10020 :model1 loss : 0.206170model2 loss : 0.078316pseudo_supervision1 : 0.000000pseudo_supervision2 : 0.497052
iteration 10040 :model1 loss : 0.162817model2 loss : 0.046566pseudo_supervision1 : 0.381046pseudo_supervision2 : 0.062752
iteration 10060 :model1 loss : 0.171152model2 loss : 0.040133pseudo_supervision1 : 0.000000pseudo_supervision2 : 0.184910
iteration 10080 :model1 loss : 0.179285model2 loss : 0.077946pseudo_supervision1 : 0.000000pseudo_supervision2 : 0.074242
iteration 10100 :model1 loss : 0.133954model2 loss : 0.114490pseudo_supervision1 : 0.000000pseudo_supervision2 : 0.500385
iteration 10120 :model1 loss : 0.169137model2 loss : 0.114738pseudo_supervision1 : 3.664571pseudo_supervision2 : 0.227408
iteration 10140 :model1 loss : 0.181732model2 loss : 0.087603pseudo_supervision1 : 0.000000pseudo_supervision2 : 0.501596
iteration 10160 :model1 loss : 0.347055model2 loss : 0.139140pseudo_supervision1 : 2.991577pseudo_supervision2 : 0.102614
iteration 10180 :model1 loss : 0.134944model2 loss : 0.124126pseudo_supervision1 : 0.000000pseudo_supervision2 : 0.503637
iteration 10200 :model1 loss : 0.146356model2 loss : 0.108064pseudo_supervision1 : 0.000000pseudo_supervision2 : 0.503240
save model to ../model/BTCV_5_C3PS_cond_mode_film_began_semi2000_con4000_SGD_SGD/unet_3D_old/model_iter_10200.pth
save model2 to ../model/BTCV_5_C3PS_cond_mode_film_began_semi2000_con4000_SGD_SGD/unet_3D_old/model2_iter_10200.pth
iteration 10220 :model1 loss : 0.175966model2 loss : 0.179470pseudo_supervision1 : 0.000000pseudo_supervision2 : 0.314316
iteration 10240 :model1 loss : 0.199325model2 loss : 0.199704pseudo_supervision1 : 2.048995pseudo_supervision2 : 0.127977
iteration 10260 :model1 loss : 0.133175model2 loss : 0.207307pseudo_supervision1 : 0.000000pseudo_supervision2 : 0.515068
iteration 10280 :model1 loss : 0.221672model2 loss : 0.045936pseudo_supervision1 : 0.000000pseudo_supervision2 : 0.503093
iteration 10300 :model1 loss : 0.161231model2 loss : 0.183680pseudo_supervision1 : 0.000000pseudo_supervision2 : 0.500145
iteration 10320 :model1 loss : 0.208036model2 loss : 0.097897pseudo_supervision1 : 1.264694pseudo_supervision2 : 0.213130
iteration 10340 :model1 loss : 0.265854model2 loss : 0.094790pseudo_supervision1 : 0.163078pseudo_supervision2 : 0.055028
iteration 10360 :model1 loss : 0.180587model2 loss : 0.084815pseudo_supervision1 : 0.000000pseudo_supervision2 : 0.501526
iteration 10380 :model1 loss : 0.151178model2 loss : 0.173680pseudo_supervision1 : 0.000000pseudo_supervision2 : 0.502255
iteration 10400 :model1 loss : 0.300763model2 loss : 0.180208pseudo_supervision1 : 12.598710pseudo_supervision2 : 0.510131
began evaluation!
iteration 10400: validation sampled 4/12 cases
Total test images: 4
Validation begin
Validation end
avg metric shape: (13, 3)
iteration 10400 : model_dice_score : 0.608689 model_hd95 : 0.000000
began evaluation!
Total test images: 4
Validation begin
===>test image:/projects/weilab/liupeng/dataset/ssl_seg/BTCV/Training_resampled_1.5_1.5_2.0_npy_zscore/img/img0032.npy
condition batch eval, img shape:(216, 253, 253), sx:3, sy:3, sz:3, num_conditions:2
condition:1, metric:[0.64597484 0.         0.        ]
condition:2, metric:[0.6619054 0.        0.       ]
condition batch eval, img shape:(216, 253, 253), sx:3, sy:3, sz:3, num_conditions:2
condition:3, metric:[0.55359047 0.         0.        ]
condition:4, metric:[  0. 150. 150.]
condition batch eval, img shape:(216, 253, 253), sx:3, sy:3, sz:3, num_conditions:2
condition:5, metric:[  0. 150. 150.]
condition:6, metric:[0.91263535 0.         0.        ]
condition batch eval, img shape:(216, 253, 253), sx:3, sy:3, sz:3, num_conditions:2
condition:7, metric:[0.68743492 0.         0.        ]
condition:8, metric:[0.6332116 0.        0.       ]
condition batch eval, img shape:(216, 253, 253), sx:3, sy:3, sz:3, num_conditions:2
condition:9, metric:[0.55943311 0.         0.        ]
condition:10, metric:[0.06210269 0.         0.        ]
condition batch eval, img shape:(216, 253, 253), sx:3, sy:3, sz:3, num_conditions:2
condition:11, metric:[0.52571371 0.         0.        ]
condition:12, metric:[  0. 150. 150.]
condition batch eval, img shape:(216, 253, 253), sx:3, sy:3, sz:3, num_conditions:1
condition:13, metric:[  0. 150. 150.]
===>test image:/projects/weilab/liupeng/dataset/ssl_seg/BTCV/Training_resampled_1.5_1.5_2.0_npy_zscore/img/img0022.npy
condition batch eval, img shape:(222, 262, 262), sx:3, sy:3, sz:3, num_conditions:2
condition:1, metric:[0.8509289 0.        0.       ]
condition:2, metric:[0.56202264 0.         0.        ]
condition batch eval, img shape:(222, 262, 262), sx:3, sy:3, sz:3, num_conditions:2
condition:3, metric:[0.6162088 0.        0.       ]
condition:4, metric:[  0. 150. 150.]
condition batch eval, img shape:(222, 262, 262), sx:3, sy:3, sz:3, num_conditions:2
condition:5, metric:[  0. 150. 150.]
condition:6, metric:[0.83415318 0.         0.        ]
condition batch eval, img shape:(222, 262, 262), sx:3, sy:3, sz:3, num_conditions:2
condition:7, metric:[0.7948925 0.        0.       ]
condition:8, metric:[0.6345351 0.        0.       ]
condition batch eval, img shape:(222, 262, 262), sx:3, sy:3, sz:3, num_conditions:2
condition:9, metric:[0.50858133 0.         0.        ]
condition:10, metric:[0.10451866 0.         0.        ]
condition batch eval, img shape:(222, 262, 262), sx:3, sy:3, sz:3, num_conditions:2
condition:11, metric:[0.546647 0.       0.      ]
condition:12, metric:[  0. 150. 150.]
condition batch eval, img shape:(222, 262, 262), sx:3, sy:3, sz:3, num_conditions:1
condition:13, metric:[  0. 150. 150.]
===>test image:/projects/weilab/liupeng/dataset/ssl_seg/BTCV/Training_resampled_1.5_1.5_2.0_npy_zscore/img/img0038.npy
condition batch eval, img shape:(250, 333, 333), sx:4, sy:4, sz:4, num_conditions:2
condition:1, metric:[0.76246288 0.         0.        ]
condition:2, metric:[0.24447699 0.         0.        ]
condition batch eval, img shape:(250, 333, 333), sx:4, sy:4, sz:4, num_conditions:2
condition:3, metric:[0.63484918 0.         0.        ]
condition:4, metric:[  0. 150. 150.]
condition batch eval, img shape:(250, 333, 333), sx:4, sy:4, sz:4, num_conditions:2
condition:5, metric:[  0. 150. 150.]
condition:6, metric:[0.75606377 0.         0.        ]
condition batch eval, img shape:(250, 333, 333), sx:4, sy:4, sz:4, num_conditions:2
condition:7, metric:[0.41304915 0.         0.        ]
condition:8, metric:[0.59103301 0.         0.        ]
condition batch eval, img shape:(250, 333, 333), sx:4, sy:4, sz:4, num_conditions:2
condition:9, metric:[0.35517377 0.         0.        ]
condition:10, metric:[0.01565603 0.         0.        ]
condition batch eval, img shape:(250, 333, 333), sx:4, sy:4, sz:4, num_conditions:2
condition:11, metric:[0.5622472 0.        0.       ]
condition:12, metric:[  0. 150. 150.]
condition batch eval, img shape:(250, 333, 333), sx:4, sy:4, sz:4, num_conditions:1
condition:13, metric:[  0. 150. 150.]
===>test image:/projects/weilab/liupeng/dataset/ssl_seg/BTCV/Training_resampled_1.5_1.5_2.0_npy_zscore/img/img0008.npy
condition batch eval, img shape:(222, 249, 249), sx:3, sy:3, sz:3, num_conditions:2
condition:1, metric:[0.89637252 0.         0.        ]
condition:2, metric:[0. 0. 0.]
condition batch eval, img shape:(222, 249, 249), sx:3, sy:3, sz:3, num_conditions:2
condition:3, metric:[0. 0. 0.]
condition:4, metric:[  0. 150. 150.]
condition batch eval, img shape:(222, 249, 249), sx:3, sy:3, sz:3, num_conditions:2
condition:5, metric:[  0. 150. 150.]
condition:6, metric:[0.80391292 0.         0.        ]
condition batch eval, img shape:(222, 249, 249), sx:3, sy:3, sz:3, num_conditions:2
condition:7, metric:[0.62921847 0.         0.        ]
condition:8, metric:[0.35165497 0.         0.        ]
condition batch eval, img shape:(222, 249, 249), sx:3, sy:3, sz:3, num_conditions:2
condition:9, metric:[0.43734108 0.         0.        ]
condition:10, metric:[0.14471243 0.         0.        ]
condition batch eval, img shape:(222, 249, 249), sx:3, sy:3, sz:3, num_conditions:2
condition:11, metric:[0.43965988 0.         0.        ]
condition:12, metric:[  0. 150. 150.]
condition batch eval, img shape:(222, 249, 249), sx:3, sy:3, sz:3, num_conditions:1
condition:13, metric:[  0. 150. 150.]
Validation end
avg metric shape: (13, 3)
iteration 10400 : model2_dice_score : 0.360238 model2_hd95 : 46.153846
save model to ../model/BTCV_5_C3PS_cond_mode_film_began_semi2000_con4000_SGD_SGD/unet_3D_old/model_iter_10400.pth
save model2 to ../model/BTCV_5_C3PS_cond_mode_film_began_semi2000_con4000_SGD_SGD/unet_3D_old/model2_iter_10400.pth
iteration 10420 :model1 loss : 0.145523model2 loss : 0.054342pseudo_supervision1 : 0.000000pseudo_supervision2 : 0.478454
iteration 10440 :model1 loss : 0.196779model2 loss : 0.148494pseudo_supervision1 : 3.019496pseudo_supervision2 : 0.503150
iteration 10460 :model1 loss : 0.148840model2 loss : 0.169972pseudo_supervision1 : 0.363569pseudo_supervision2 : 0.028305
iteration 10480 :model1 loss : 0.264003model2 loss : 0.142263pseudo_supervision1 : 0.000000pseudo_supervision2 : 0.500159
iteration 10500 :model1 loss : 0.131667model2 loss : 0.085176pseudo_supervision1 : 0.000000pseudo_supervision2 : 0.328437
iteration 10520 :model1 loss : 0.141727model2 loss : 0.190685pseudo_supervision1 : 0.000000pseudo_supervision2 : 0.495140
iteration 10540 :model1 loss : 0.178322model2 loss : 0.058999pseudo_supervision1 : 0.000000pseudo_supervision2 : 0.502099
iteration 10560 :model1 loss : 0.178225model2 loss : 0.134796pseudo_supervision1 : 0.000000pseudo_supervision2 : 0.165996
iteration 10580 :model1 loss : 0.294950model2 loss : 0.042276pseudo_supervision1 : 0.000000pseudo_supervision2 : 0.502097
iteration 10600 :model1 loss : 0.285082model2 loss : 0.141950pseudo_supervision1 : 0.547247pseudo_supervision2 : 0.204025
save model to ../model/BTCV_5_C3PS_cond_mode_film_began_semi2000_con4000_SGD_SGD/unet_3D_old/model_iter_10600.pth
save model2 to ../model/BTCV_5_C3PS_cond_mode_film_began_semi2000_con4000_SGD_SGD/unet_3D_old/model2_iter_10600.pth
iteration 10620 :model1 loss : 0.396355model2 loss : 0.059350pseudo_supervision1 : 1.043851pseudo_supervision2 : 0.147270
iteration 10640 :model1 loss : 0.181289model2 loss : 0.187267pseudo_supervision1 : 3.682557pseudo_supervision2 : 0.501002
iteration 10660 :model1 loss : 0.158187model2 loss : 0.259338pseudo_supervision1 : 0.000000pseudo_supervision2 : 0.509254
iteration 10680 :model1 loss : 0.171885model2 loss : 0.112429pseudo_supervision1 : 0.000000pseudo_supervision2 : 0.500984
iteration 10700 :model1 loss : 0.140970model2 loss : 0.053526pseudo_supervision1 : 0.000000pseudo_supervision2 : 0.362326
iteration 10720 :model1 loss : 0.298063model2 loss : 0.258179pseudo_supervision1 : 0.000000pseudo_supervision2 : 0.504131
iteration 10740 :model1 loss : 0.130869model2 loss : 0.064510pseudo_supervision1 : 0.000000pseudo_supervision2 : 0.504323
iteration 10760 :model1 loss : 0.195360model2 loss : 0.146401pseudo_supervision1 : 0.527054pseudo_supervision2 : 0.034870
iteration 10780 :model1 loss : 0.206186model2 loss : 0.110022pseudo_supervision1 : 0.705015pseudo_supervision2 : 0.087494
iteration 10800 :model1 loss : 0.231791model2 loss : 0.033699pseudo_supervision1 : 2.180649pseudo_supervision2 : 0.092024
began evaluation!
iteration 10800: validation sampled 4/12 cases
Total test images: 4
Validation begin
Validation end
avg metric shape: (13, 3)
save model to ../model/BTCV_5_C3PS_cond_mode_film_began_semi2000_con4000_SGD_SGD/unet_3D_old/iter_10800_dice_0.6741
iteration 10800 : model_dice_score : 0.674106 model_hd95 : 0.000000
began evaluation!
Total test images: 4
Validation begin
===>test image:/projects/weilab/liupeng/dataset/ssl_seg/BTCV/Training_resampled_1.5_1.5_2.0_npy_zscore/img/img0038.npy
condition batch eval, img shape:(250, 333, 333), sx:4, sy:4, sz:4, num_conditions:2
condition:1, metric:[0.83564651 0.         0.        ]
condition:2, metric:[0.81573673 0.         0.        ]
condition batch eval, img shape:(250, 333, 333), sx:4, sy:4, sz:4, num_conditions:2
condition:3, metric:[0.73423947 0.         0.        ]
condition:4, metric:[  0. 150. 150.]
condition batch eval, img shape:(250, 333, 333), sx:4, sy:4, sz:4, num_conditions:2
condition:5, metric:[  0. 150. 150.]
condition:6, metric:[0.88683207 0.         0.        ]
condition batch eval, img shape:(250, 333, 333), sx:4, sy:4, sz:4, num_conditions:2
condition:7, metric:[0.49943077 0.         0.        ]
condition:8, metric:[0.88235294 0.         0.        ]
condition batch eval, img shape:(250, 333, 333), sx:4, sy:4, sz:4, num_conditions:2
condition:9, metric:[0.69711962 0.         0.        ]
condition:10, metric:[0.31650876 0.         0.        ]
condition batch eval, img shape:(250, 333, 333), sx:4, sy:4, sz:4, num_conditions:2
condition:11, metric:[0.70932325 0.         0.        ]
condition:12, metric:[  0. 150. 150.]
condition batch eval, img shape:(250, 333, 333), sx:4, sy:4, sz:4, num_conditions:1
condition:13, metric:[  0. 150. 150.]
===>test image:/projects/weilab/liupeng/dataset/ssl_seg/BTCV/Training_resampled_1.5_1.5_2.0_npy_zscore/img/img0002.npy
condition batch eval, img shape:(208, 246, 246), sx:3, sy:3, sz:3, num_conditions:2
condition:1, metric:[0.84326055 0.         0.        ]
condition:2, metric:[0.91508424 0.         0.        ]
condition batch eval, img shape:(208, 246, 246), sx:3, sy:3, sz:3, num_conditions:2
condition:3, metric:[0.64130546 0.         0.        ]
condition:4, metric:[  0. 150. 150.]
condition batch eval, img shape:(208, 246, 246), sx:3, sy:3, sz:3, num_conditions:2
condition:5, metric:[  0. 150. 150.]
condition:6, metric:[0.92133076 0.         0.        ]
condition batch eval, img shape:(208, 246, 246), sx:3, sy:3, sz:3, num_conditions:2
condition:7, metric:[0.5649386 0.        0.       ]
condition:8, metric:[0.79656863 0.         0.        ]
condition batch eval, img shape:(208, 246, 246), sx:3, sy:3, sz:3, num_conditions:2
condition:9, metric:[0.79799994 0.         0.        ]
condition:10, metric:[0.32461891 0.         0.        ]
condition batch eval, img shape:(208, 246, 246), sx:3, sy:3, sz:3, num_conditions:2
condition:11, metric:[0.36270951 0.         0.        ]
condition:12, metric:[  0. 150. 150.]
condition batch eval, img shape:(208, 246, 246), sx:3, sy:3, sz:3, num_conditions:1
condition:13, metric:[  0. 150. 150.]
===>test image:/projects/weilab/liupeng/dataset/ssl_seg/BTCV/Training_resampled_1.5_1.5_2.0_npy_zscore/img/img0022.npy
condition batch eval, img shape:(222, 262, 262), sx:3, sy:3, sz:3, num_conditions:2
condition:1, metric:[0.89211018 0.         0.        ]
condition:2, metric:[0.82885435 0.         0.        ]
condition batch eval, img shape:(222, 262, 262), sx:3, sy:3, sz:3, num_conditions:2
condition:3, metric:[0.76461939 0.         0.        ]
condition:4, metric:[  0. 150. 150.]
condition batch eval, img shape:(222, 262, 262), sx:3, sy:3, sz:3, num_conditions:2
condition:5, metric:[  0. 150. 150.]
condition:6, metric:[0.86215849 0.         0.        ]
condition batch eval, img shape:(222, 262, 262), sx:3, sy:3, sz:3, num_conditions:2
condition:7, metric:[0.77674053 0.         0.        ]
condition:8, metric:[0.90002129 0.         0.        ]
condition batch eval, img shape:(222, 262, 262), sx:3, sy:3, sz:3, num_conditions:2
condition:9, metric:[0.78848534 0.         0.        ]
condition:10, metric:[0.28021858 0.         0.        ]
condition batch eval, img shape:(222, 262, 262), sx:3, sy:3, sz:3, num_conditions:2
condition:11, metric:[0.63015497 0.         0.        ]
condition:12, metric:[  0. 150. 150.]
condition batch eval, img shape:(222, 262, 262), sx:3, sy:3, sz:3, num_conditions:1
condition:13, metric:[  0. 150. 150.]
===>test image:/projects/weilab/liupeng/dataset/ssl_seg/BTCV/Training_resampled_1.5_1.5_2.0_npy_zscore/img/img0036.npy
condition batch eval, img shape:(276, 255, 255), sx:4, sy:3, sz:3, num_conditions:2
condition:1, metric:[0.90571954 0.         0.        ]
condition:2, metric:[0.90496008 0.         0.        ]
condition batch eval, img shape:(276, 255, 255), sx:4, sy:3, sz:3, num_conditions:2
condition:3, metric:[0.84817907 0.         0.        ]
condition:4, metric:[  0. 150. 150.]
condition batch eval, img shape:(276, 255, 255), sx:4, sy:3, sz:3, num_conditions:2
condition:5, metric:[  0. 150. 150.]
condition:6, metric:[0.94308053 0.         0.        ]
condition batch eval, img shape:(276, 255, 255), sx:4, sy:3, sz:3, num_conditions:2
condition:7, metric:[0.73372885 0.         0.        ]
condition:8, metric:[0.79244495 0.         0.        ]
condition batch eval, img shape:(276, 255, 255), sx:4, sy:3, sz:3, num_conditions:2
condition:9, metric:[0.75133197 0.         0.        ]
condition:10, metric:[0.37023329 0.         0.        ]
condition batch eval, img shape:(276, 255, 255), sx:4, sy:3, sz:3, num_conditions:2
condition:11, metric:[0.49723602 0.         0.        ]
condition:12, metric:[  0. 150. 150.]
condition batch eval, img shape:(276, 255, 255), sx:4, sy:3, sz:3, num_conditions:1
condition:13, metric:[  0. 150. 150.]
Validation end
avg metric shape: (13, 3)
save model to ../model/BTCV_5_C3PS_cond_mode_film_began_semi2000_con4000_SGD_SGD/unet_3D_old/iter_10800_dice_0.5003
iteration 10800 : model2_dice_score : 0.500294 model2_hd95 : 46.153846
save model to ../model/BTCV_5_C3PS_cond_mode_film_began_semi2000_con4000_SGD_SGD/unet_3D_old/model_iter_10800.pth
save model2 to ../model/BTCV_5_C3PS_cond_mode_film_began_semi2000_con4000_SGD_SGD/unet_3D_old/model2_iter_10800.pth
iteration 10820 :model1 loss : 0.266419model2 loss : 0.086605pseudo_supervision1 : 0.000000pseudo_supervision2 : 0.501270
iteration 10840 :model1 loss : 0.380643model2 loss : 0.053840pseudo_supervision1 : 0.000000pseudo_supervision2 : 0.148589
iteration 10860 :model1 loss : 0.151490model2 loss : 0.025830pseudo_supervision1 : 0.683631pseudo_supervision2 : 0.134847
iteration 10880 :model1 loss : 0.138608model2 loss : 0.195074pseudo_supervision1 : 0.000000pseudo_supervision2 : 0.502579
iteration 10900 :model1 loss : 0.332314model2 loss : 0.176756pseudo_supervision1 : 0.000000pseudo_supervision2 : 0.502084
iteration 10920 :model1 loss : 0.147266model2 loss : 0.210897pseudo_supervision1 : 0.404151pseudo_supervision2 : 0.112282
iteration 10940 :model1 loss : 0.185102model2 loss : 0.136050pseudo_supervision1 : 0.000000pseudo_supervision2 : 0.500124
iteration 10960 :model1 loss : 0.160719model2 loss : 0.060829pseudo_supervision1 : 0.000000pseudo_supervision2 : 0.506722
iteration 10980 :model1 loss : 0.159281model2 loss : 0.256083pseudo_supervision1 : 0.426448pseudo_supervision2 : 0.021723
iteration 11000 :model1 loss : 0.490868model2 loss : 0.255418pseudo_supervision1 : 1.406527pseudo_supervision2 : 0.403429
save model to ../model/BTCV_5_C3PS_cond_mode_film_began_semi2000_con4000_SGD_SGD/unet_3D_old/model_iter_11000.pth
save model2 to ../model/BTCV_5_C3PS_cond_mode_film_began_semi2000_con4000_SGD_SGD/unet_3D_old/model2_iter_11000.pth
iteration 11020 :model1 loss : 0.118609model2 loss : 0.041488pseudo_supervision1 : 0.000000pseudo_supervision2 : 0.504984
iteration 11040 :model1 loss : 0.130307model2 loss : 0.036023pseudo_supervision1 : 0.000000pseudo_supervision2 : 0.059652
iteration 11060 :model1 loss : 0.153946model2 loss : 0.259615pseudo_supervision1 : 0.603073pseudo_supervision2 : 0.072395
iteration 11080 :model1 loss : 0.282453model2 loss : 0.258681pseudo_supervision1 : 0.000000pseudo_supervision2 : 0.507719
iteration 11100 :model1 loss : 0.168713model2 loss : 0.080844pseudo_supervision1 : 0.299059pseudo_supervision2 : 0.103201
iteration 11120 :model1 loss : 0.475752model2 loss : 0.258119pseudo_supervision1 : 0.000000pseudo_supervision2 : 0.500977
iteration 11140 :model1 loss : 0.214606model2 loss : 0.146348pseudo_supervision1 : 0.000000pseudo_supervision2 : 0.500127
iteration 11160 :model1 loss : 0.127926model2 loss : 0.078303pseudo_supervision1 : 0.000000pseudo_supervision2 : 0.502343
iteration 11180 :model1 loss : 0.186882model2 loss : 0.213157pseudo_supervision1 : 0.288237pseudo_supervision2 : 0.044364
iteration 11200 :model1 loss : 0.139252model2 loss : 0.126244pseudo_supervision1 : 0.000000pseudo_supervision2 : 0.288503
began evaluation!
iteration 11200: validation sampled 4/12 cases
Total test images: 4
Validation begin
Validation end
avg metric shape: (13, 3)
iteration 11200 : model_dice_score : 0.567109 model_hd95 : 0.000000
began evaluation!
Total test images: 4
Validation begin
===>test image:/projects/weilab/liupeng/dataset/ssl_seg/BTCV/Training_resampled_1.5_1.5_2.0_npy_zscore/img/img0003.npy
condition batch eval, img shape:(297, 307, 307), sx:5, sy:4, sz:4, num_conditions:2
condition:1, metric:[0.41584977 0.         0.        ]
condition:2, metric:[0.92443659 0.         0.        ]
condition batch eval, img shape:(297, 307, 307), sx:5, sy:4, sz:4, num_conditions:2
condition:3, metric:[0.58928571 0.         0.        ]
condition:4, metric:[  0. 150. 150.]
condition batch eval, img shape:(297, 307, 307), sx:5, sy:4, sz:4, num_conditions:2
condition:5, metric:[  0. 150. 150.]
condition:6, metric:[0.82320927 0.         0.        ]
condition batch eval, img shape:(297, 307, 307), sx:5, sy:4, sz:4, num_conditions:2
condition:7, metric:[0.02959933 0.         0.        ]
condition:8, metric:[0.74107885 0.         0.        ]
condition batch eval, img shape:(297, 307, 307), sx:5, sy:4, sz:4, num_conditions:2
condition:9, metric:[0.68823921 0.         0.        ]
condition:10, metric:[0.28503704 0.         0.        ]
condition batch eval, img shape:(297, 307, 307), sx:5, sy:4, sz:4, num_conditions:2
condition:11, metric:[0.08708998 0.         0.        ]
condition:12, metric:[  0. 150. 150.]
condition batch eval, img shape:(297, 307, 307), sx:5, sy:4, sz:4, num_conditions:1
condition:13, metric:[  0. 150. 150.]
===>test image:/projects/weilab/liupeng/dataset/ssl_seg/BTCV/Training_resampled_1.5_1.5_2.0_npy_zscore/img/img0001.npy
condition batch eval, img shape:(220, 228, 228), sx:3, sy:3, sz:3, num_conditions:2
condition:1, metric:[0.85409175 0.         0.        ]
condition:2, metric:[0.58997705 0.         0.        ]
condition batch eval, img shape:(220, 228, 228), sx:3, sy:3, sz:3, num_conditions:2
condition:3, metric:[0.59983508 0.         0.        ]
condition:4, metric:[  0. 150. 150.]
condition batch eval, img shape:(220, 228, 228), sx:3, sy:3, sz:3, num_conditions:2
condition:5, metric:[  0. 150. 150.]
condition:6, metric:[0.92983773 0.         0.        ]
condition batch eval, img shape:(220, 228, 228), sx:3, sy:3, sz:3, num_conditions:2
condition:7, metric:[0.43779138 0.         0.        ]
condition:8, metric:[0.62445972 0.         0.        ]
condition batch eval, img shape:(220, 228, 228), sx:3, sy:3, sz:3, num_conditions:2
condition:9, metric:[0.70982569 0.         0.        ]
condition:10, metric:[0.353383 0.       0.      ]
condition batch eval, img shape:(220, 228, 228), sx:3, sy:3, sz:3, num_conditions:2
condition:11, metric:[0.34237996 0.         0.        ]
condition:12, metric:[  0. 150. 150.]
condition batch eval, img shape:(220, 228, 228), sx:3, sy:3, sz:3, num_conditions:1
condition:13, metric:[  0. 150. 150.]
===>test image:/projects/weilab/liupeng/dataset/ssl_seg/BTCV/Training_resampled_1.5_1.5_2.0_npy_zscore/img/img0032.npy
condition batch eval, img shape:(216, 253, 253), sx:3, sy:3, sz:3, num_conditions:2
condition:1, metric:[0.55685537 0.         0.        ]
condition:2, metric:[0.88866422 0.         0.        ]
condition batch eval, img shape:(216, 253, 253), sx:3, sy:3, sz:3, num_conditions:2
condition:3, metric:[0.53240261 0.         0.        ]
condition:4, metric:[  0. 150. 150.]
condition batch eval, img shape:(216, 253, 253), sx:3, sy:3, sz:3, num_conditions:2
condition:5, metric:[  0. 150. 150.]
condition:6, metric:[0.9285642 0.        0.       ]
condition batch eval, img shape:(216, 253, 253), sx:3, sy:3, sz:3, num_conditions:2
condition:7, metric:[0.53429214 0.         0.        ]
condition:8, metric:[0.83275373 0.         0.        ]
condition batch eval, img shape:(216, 253, 253), sx:3, sy:3, sz:3, num_conditions:2
condition:9, metric:[0.75309711 0.         0.        ]
condition:10, metric:[0.14793693 0.         0.        ]
condition batch eval, img shape:(216, 253, 253), sx:3, sy:3, sz:3, num_conditions:2
condition:11, metric:[0.49107938 0.         0.        ]
condition:12, metric:[  0. 150. 150.]
condition batch eval, img shape:(216, 253, 253), sx:3, sy:3, sz:3, num_conditions:1
condition:13, metric:[  0. 150. 150.]
===>test image:/projects/weilab/liupeng/dataset/ssl_seg/BTCV/Training_resampled_1.5_1.5_2.0_npy_zscore/img/img0008.npy
condition batch eval, img shape:(222, 249, 249), sx:3, sy:3, sz:3, num_conditions:2
condition:1, metric:[0.90247225 0.         0.        ]
condition:2, metric:[0.04476777 0.         0.        ]
condition batch eval, img shape:(222, 249, 249), sx:3, sy:3, sz:3, num_conditions:2
condition:3, metric:[0.04644982 0.         0.        ]
condition:4, metric:[  0. 150. 150.]
condition batch eval, img shape:(222, 249, 249), sx:3, sy:3, sz:3, num_conditions:2
condition:5, metric:[  0. 150. 150.]
condition:6, metric:[0.921515 0.       0.      ]
condition batch eval, img shape:(222, 249, 249), sx:3, sy:3, sz:3, num_conditions:2
condition:7, metric:[0.66380952 0.         0.        ]
condition:8, metric:[0.63897807 0.         0.        ]
condition batch eval, img shape:(222, 249, 249), sx:3, sy:3, sz:3, num_conditions:2
condition:9, metric:[0.83411709 0.         0.        ]
condition:10, metric:[0.20307092 0.         0.        ]
condition batch eval, img shape:(222, 249, 249), sx:3, sy:3, sz:3, num_conditions:2
condition:11, metric:[0.54418215 0.         0.        ]
condition:12, metric:[  0. 150. 150.]
condition batch eval, img shape:(222, 249, 249), sx:3, sy:3, sz:3, num_conditions:1
condition:13, metric:[  0. 150. 150.]
Validation end
avg metric shape: (13, 3)
iteration 11200 : model2_dice_score : 0.394046 model2_hd95 : 46.153846
save model to ../model/BTCV_5_C3PS_cond_mode_film_began_semi2000_con4000_SGD_SGD/unet_3D_old/model_iter_11200.pth
save model2 to ../model/BTCV_5_C3PS_cond_mode_film_began_semi2000_con4000_SGD_SGD/unet_3D_old/model2_iter_11200.pth
iteration 11220 :model1 loss : 0.267961model2 loss : 0.204790pseudo_supervision1 : 0.000000pseudo_supervision2 : 0.484479
iteration 11240 :model1 loss : 0.158146model2 loss : 0.052001pseudo_supervision1 : 0.000000pseudo_supervision2 : 0.501452
iteration 11260 :model1 loss : 0.138588model2 loss : 0.077347pseudo_supervision1 : 0.000000pseudo_supervision2 : 0.501700
iteration 11280 :model1 loss : 0.218673model2 loss : 0.053698pseudo_supervision1 : 0.000000pseudo_supervision2 : 0.500225
iteration 11300 :model1 loss : 0.158716model2 loss : 0.051489pseudo_supervision1 : 0.000000pseudo_supervision2 : 0.505063
iteration 11320 :model1 loss : 0.164056model2 loss : 0.098049pseudo_supervision1 : 0.269269pseudo_supervision2 : 0.070973
iteration 11340 :model1 loss : 0.274784model2 loss : 0.171829pseudo_supervision1 : 0.000000pseudo_supervision2 : 0.445247
iteration 11360 :model1 loss : 0.169386model2 loss : 0.080993pseudo_supervision1 : 0.092789pseudo_supervision2 : 0.026410
iteration 11380 :model1 loss : 0.225229model2 loss : 0.031280pseudo_supervision1 : 0.384246pseudo_supervision2 : 0.031394
iteration 11400 :model1 loss : 0.148554model2 loss : 0.026134pseudo_supervision1 : 0.000000pseudo_supervision2 : 0.378769
save model to ../model/BTCV_5_C3PS_cond_mode_film_began_semi2000_con4000_SGD_SGD/unet_3D_old/model_iter_11400.pth
save model2 to ../model/BTCV_5_C3PS_cond_mode_film_began_semi2000_con4000_SGD_SGD/unet_3D_old/model2_iter_11400.pth
iteration 11420 :model1 loss : 0.146634model2 loss : 0.101748pseudo_supervision1 : 0.000000pseudo_supervision2 : 0.501409
iteration 11440 :model1 loss : 0.138137model2 loss : 0.036169pseudo_supervision1 : 0.000000pseudo_supervision2 : 0.508598
iteration 11460 :model1 loss : 0.217974model2 loss : 0.068234pseudo_supervision1 : 0.251904pseudo_supervision2 : 0.041046
iteration 11480 :model1 loss : 0.228820model2 loss : 0.100787pseudo_supervision1 : 1.220220pseudo_supervision2 : 0.194874
iteration 11500 :model1 loss : 0.139846model2 loss : 0.045088pseudo_supervision1 : 0.000000pseudo_supervision2 : 0.501940
iteration 11520 :model1 loss : 0.130679model2 loss : 0.124930pseudo_supervision1 : 0.390988pseudo_supervision2 : 0.079925
iteration 11540 :model1 loss : 0.172752model2 loss : 0.125293pseudo_supervision1 : 0.000000pseudo_supervision2 : 0.500068
iteration 11560 :model1 loss : 0.165012model2 loss : 0.045170pseudo_supervision1 : 0.466143pseudo_supervision2 : 0.115459
iteration 11580 :model1 loss : 0.234542model2 loss : 0.079461pseudo_supervision1 : 0.000000pseudo_supervision2 : 0.500081
iteration 11600 :model1 loss : 0.142348model2 loss : 0.135097pseudo_supervision1 : 0.000000pseudo_supervision2 : 0.503505
began evaluation!
iteration 11600: validation sampled 4/12 cases
Total test images: 4
Validation begin
Validation end
avg metric shape: (13, 3)
iteration 11600 : model_dice_score : 0.632748 model_hd95 : 2.884615
began evaluation!
Total test images: 4
Validation begin
===>test image:/projects/weilab/liupeng/dataset/ssl_seg/BTCV/Training_resampled_1.5_1.5_2.0_npy_zscore/img/img0001.npy
condition batch eval, img shape:(220, 228, 228), sx:3, sy:3, sz:3, num_conditions:2
condition:1, metric:[0.86928543 0.         0.        ]
condition:2, metric:[0.66314711 0.         0.        ]
condition batch eval, img shape:(220, 228, 228), sx:3, sy:3, sz:3, num_conditions:2
condition:3, metric:[0.6631241 0.        0.       ]
condition:4, metric:[  0. 150. 150.]
condition batch eval, img shape:(220, 228, 228), sx:3, sy:3, sz:3, num_conditions:2
condition:5, metric:[  0. 150. 150.]
condition:6, metric:[0.92785204 0.         0.        ]
condition batch eval, img shape:(220, 228, 228), sx:3, sy:3, sz:3, num_conditions:2
condition:7, metric:[0.59042911 0.         0.        ]
condition:8, metric:[0.80399568 0.         0.        ]
condition batch eval, img shape:(220, 228, 228), sx:3, sy:3, sz:3, num_conditions:2
condition:9, metric:[0.76750629 0.         0.        ]
condition:10, metric:[0.48958191 0.         0.        ]
condition batch eval, img shape:(220, 228, 228), sx:3, sy:3, sz:3, num_conditions:2
condition:11, metric:[0.1460968 0.        0.       ]
condition:12, metric:[  0. 150. 150.]
condition batch eval, img shape:(220, 228, 228), sx:3, sy:3, sz:3, num_conditions:1
condition:13, metric:[  0. 150. 150.]
===>test image:/projects/weilab/liupeng/dataset/ssl_seg/BTCV/Training_resampled_1.5_1.5_2.0_npy_zscore/img/img0038.npy
condition batch eval, img shape:(250, 333, 333), sx:4, sy:4, sz:4, num_conditions:2
condition:1, metric:[0.66378091 0.         0.        ]
condition:2, metric:[0.74447806 0.         0.        ]
condition batch eval, img shape:(250, 333, 333), sx:4, sy:4, sz:4, num_conditions:2
condition:3, metric:[0.80643544 0.         0.        ]
condition:4, metric:[  0. 150. 150.]
condition batch eval, img shape:(250, 333, 333), sx:4, sy:4, sz:4, num_conditions:2
condition:5, metric:[  0. 150. 150.]
condition:6, metric:[0.87050358 0.         0.        ]
condition batch eval, img shape:(250, 333, 333), sx:4, sy:4, sz:4, num_conditions:2
condition:7, metric:[0.35812737 0.         0.        ]
condition:8, metric:[0.88344431 0.         0.        ]
condition batch eval, img shape:(250, 333, 333), sx:4, sy:4, sz:4, num_conditions:2
condition:9, metric:[0.65106569 0.         0.        ]
condition:10, metric:[0.25079477 0.         0.        ]
condition batch eval, img shape:(250, 333, 333), sx:4, sy:4, sz:4, num_conditions:2
condition:11, metric:[0.33917722 0.         0.        ]
condition:12, metric:[  0. 150. 150.]
condition batch eval, img shape:(250, 333, 333), sx:4, sy:4, sz:4, num_conditions:1
condition:13, metric:[  0. 150. 150.]
===>test image:/projects/weilab/liupeng/dataset/ssl_seg/BTCV/Training_resampled_1.5_1.5_2.0_npy_zscore/img/img0029.npy
condition batch eval, img shape:(150, 299, 299), sx:2, sy:4, sz:4, num_conditions:2
condition:1, metric:[0.8789943 0.        0.       ]
condition:2, metric:[0.8339486 0.        0.       ]
condition batch eval, img shape:(150, 299, 299), sx:2, sy:4, sz:4, num_conditions:2
condition:3, metric:[0.85524918 0.         0.        ]
condition:4, metric:[  0. 150. 150.]
condition batch eval, img shape:(150, 299, 299), sx:2, sy:4, sz:4, num_conditions:2
condition:5, metric:[  0. 150. 150.]
condition:6, metric:[0.91497108 0.         0.        ]
condition batch eval, img shape:(150, 299, 299), sx:2, sy:4, sz:4, num_conditions:2
condition:7, metric:[0.4039454 0.        0.       ]
condition:8, metric:[0.88956748 0.         0.        ]
condition batch eval, img shape:(150, 299, 299), sx:2, sy:4, sz:4, num_conditions:2
condition:9, metric:[0.84975072 0.         0.        ]
condition:10, metric:[0.33247036 0.         0.        ]
condition batch eval, img shape:(150, 299, 299), sx:2, sy:4, sz:4, num_conditions:2
condition:11, metric:[0.30972959 0.         0.        ]
condition:12, metric:[  0. 150. 150.]
condition batch eval, img shape:(150, 299, 299), sx:2, sy:4, sz:4, num_conditions:1
condition:13, metric:[  0. 150. 150.]
===>test image:/projects/weilab/liupeng/dataset/ssl_seg/BTCV/Training_resampled_1.5_1.5_2.0_npy_zscore/img/img0002.npy
condition batch eval, img shape:(208, 246, 246), sx:3, sy:3, sz:3, num_conditions:2
condition:1, metric:[0.88606432 0.         0.        ]
condition:2, metric:[0.89447256 0.         0.        ]
condition batch eval, img shape:(208, 246, 246), sx:3, sy:3, sz:3, num_conditions:2
condition:3, metric:[0.85725383 0.         0.        ]
condition:4, metric:[  0. 150. 150.]
condition batch eval, img shape:(208, 246, 246), sx:3, sy:3, sz:3, num_conditions:2
condition:5, metric:[  0. 150. 150.]
condition:6, metric:[0.90932916 0.         0.        ]
condition batch eval, img shape:(208, 246, 246), sx:3, sy:3, sz:3, num_conditions:2
condition:7, metric:[0.51116152 0.         0.        ]
condition:8, metric:[0.81415537 0.         0.        ]
condition batch eval, img shape:(208, 246, 246), sx:3, sy:3, sz:3, num_conditions:2
condition:9, metric:[0.79873192 0.         0.        ]
condition:10, metric:[0.47329215 0.         0.        ]
condition batch eval, img shape:(208, 246, 246), sx:3, sy:3, sz:3, num_conditions:2
condition:11, metric:[0.25782011 0.         0.        ]
condition:12, metric:[  0. 150. 150.]
condition batch eval, img shape:(208, 246, 246), sx:3, sy:3, sz:3, num_conditions:1
condition:13, metric:[  0. 150. 150.]
Validation end
avg metric shape: (13, 3)
iteration 11600 : model2_dice_score : 0.464610 model2_hd95 : 46.153846
save model to ../model/BTCV_5_C3PS_cond_mode_film_began_semi2000_con4000_SGD_SGD/unet_3D_old/model_iter_11600.pth
save model2 to ../model/BTCV_5_C3PS_cond_mode_film_began_semi2000_con4000_SGD_SGD/unet_3D_old/model2_iter_11600.pth
iteration 11620 :model1 loss : 0.260205model2 loss : 0.264856pseudo_supervision1 : 0.369922pseudo_supervision2 : 0.019326
iteration 11640 :model1 loss : 0.203643model2 loss : 0.031380pseudo_supervision1 : 0.732301pseudo_supervision2 : 0.166628
iteration 11660 :model1 loss : 0.182694model2 loss : 0.261880pseudo_supervision1 : 0.000000pseudo_supervision2 : 0.501022
iteration 11680 :model1 loss : 0.127384model2 loss : 0.056945pseudo_supervision1 : 0.000000pseudo_supervision2 : 0.046223
iteration 11700 :model1 loss : 0.147804model2 loss : 0.142432pseudo_supervision1 : 0.000000pseudo_supervision2 : 0.050541
iteration 11720 :model1 loss : 0.270266model2 loss : 0.187363pseudo_supervision1 : 6.869063pseudo_supervision2 : 0.401122
iteration 11740 :model1 loss : 0.211075model2 loss : 0.046700pseudo_supervision1 : 3.217090pseudo_supervision2 : 0.458734
iteration 11760 :model1 loss : 0.236016model2 loss : 0.060691pseudo_supervision1 : 0.000000pseudo_supervision2 : 0.500846
iteration 11780 :model1 loss : 0.181680model2 loss : 0.040870pseudo_supervision1 : 2.648815pseudo_supervision2 : 0.313945
iteration 11800 :model1 loss : 0.297089model2 loss : 0.071718pseudo_supervision1 : 0.521039pseudo_supervision2 : 0.072890
save model to ../model/BTCV_5_C3PS_cond_mode_film_began_semi2000_con4000_SGD_SGD/unet_3D_old/model_iter_11800.pth
save model2 to ../model/BTCV_5_C3PS_cond_mode_film_began_semi2000_con4000_SGD_SGD/unet_3D_old/model2_iter_11800.pth
iteration 11820 :model1 loss : 0.151423model2 loss : 0.033888pseudo_supervision1 : 0.000000pseudo_supervision2 : 0.502956
iteration 11840 :model1 loss : 0.155518model2 loss : 0.067757pseudo_supervision1 : 0.000000pseudo_supervision2 : 0.501075
iteration 11860 :model1 loss : 0.229853model2 loss : 0.161111pseudo_supervision1 : 5.432336pseudo_supervision2 : 0.530506
iteration 11880 :model1 loss : 0.127536model2 loss : 0.048306pseudo_supervision1 : 0.000000pseudo_supervision2 : 0.503136
iteration 11900 :model1 loss : 0.137804model2 loss : 0.266510pseudo_supervision1 : 0.000000pseudo_supervision2 : 0.501010
iteration 11920 :model1 loss : 0.250752model2 loss : 0.261485pseudo_supervision1 : 6.010941pseudo_supervision2 : 0.504154
iteration 11940 :model1 loss : 0.141361model2 loss : 0.069000pseudo_supervision1 : 0.000000pseudo_supervision2 : 0.150906
iteration 11960 :model1 loss : 0.228953model2 loss : 0.050433pseudo_supervision1 : 0.000000pseudo_supervision2 : 0.501758
iteration 11980 :model1 loss : 0.142478model2 loss : 0.060476pseudo_supervision1 : 0.000000pseudo_supervision2 : 0.500081
iteration 12000 :model1 loss : 0.123761model2 loss : 0.038153pseudo_supervision1 : 0.000000pseudo_supervision2 : 0.500069
began evaluation!
iteration 12000: validation sampled 4/12 cases
Total test images: 4
Validation begin
Validation end
avg metric shape: (13, 3)
iteration 12000 : model_dice_score : 0.612273 model_hd95 : 2.884615
began evaluation!
Total test images: 4
Validation begin
===>test image:/projects/weilab/liupeng/dataset/ssl_seg/BTCV/Training_resampled_1.5_1.5_2.0_npy_zscore/img/img0004.npy
condition batch eval, img shape:(210, 203, 203), sx:3, sy:2, sz:2, num_conditions:2
condition:1, metric:[0.72939722 0.         0.        ]
condition:2, metric:[0.54601777 0.         0.        ]
condition batch eval, img shape:(210, 203, 203), sx:3, sy:2, sz:2, num_conditions:2
condition:3, metric:[0.78441044 0.         0.        ]
condition:4, metric:[  0. 150. 150.]
condition batch eval, img shape:(210, 203, 203), sx:3, sy:2, sz:2, num_conditions:2
condition:5, metric:[  0. 150. 150.]
condition:6, metric:[0.87507676 0.         0.        ]
condition batch eval, img shape:(210, 203, 203), sx:3, sy:2, sz:2, num_conditions:2
condition:7, metric:[0.17919327 0.         0.        ]
condition:8, metric:[0.75266086 0.         0.        ]
condition batch eval, img shape:(210, 203, 203), sx:3, sy:2, sz:2, num_conditions:2
condition:9, metric:[0.68214863 0.         0.        ]
condition:10, metric:[0.32141793 0.         0.        ]
condition batch eval, img shape:(210, 203, 203), sx:3, sy:2, sz:2, num_conditions:2
condition:11, metric:[0. 0. 0.]
condition:12, metric:[  0. 150. 150.]
condition batch eval, img shape:(210, 203, 203), sx:3, sy:2, sz:2, num_conditions:1
condition:13, metric:[  0. 150. 150.]
===>test image:/projects/weilab/liupeng/dataset/ssl_seg/BTCV/Training_resampled_1.5_1.5_2.0_npy_zscore/img/img0008.npy
condition batch eval, img shape:(222, 249, 249), sx:3, sy:3, sz:3, num_conditions:2
condition:1, metric:[0.8630546 0.        0.       ]
condition:2, metric:[0.05544037 0.         0.        ]
condition batch eval, img shape:(222, 249, 249), sx:3, sy:3, sz:3, num_conditions:2
condition:3, metric:[0.03094493 0.         0.        ]
condition:4, metric:[  0. 150. 150.]
condition batch eval, img shape:(222, 249, 249), sx:3, sy:3, sz:3, num_conditions:2
condition:5, metric:[  0. 150. 150.]
condition:6, metric:[0.92027819 0.         0.        ]
condition batch eval, img shape:(222, 249, 249), sx:3, sy:3, sz:3, num_conditions:2
condition:7, metric:[0.62950855 0.         0.        ]
condition:8, metric:[0.7322079 0.        0.       ]
condition batch eval, img shape:(222, 249, 249), sx:3, sy:3, sz:3, num_conditions:2
condition:9, metric:[0.85746592 0.         0.        ]
condition:10, metric:[0.30365426 0.         0.        ]
condition batch eval, img shape:(222, 249, 249), sx:3, sy:3, sz:3, num_conditions:2
condition:11, metric:[0.23613845 0.         0.        ]
condition:12, metric:[  0. 150. 150.]
condition batch eval, img shape:(222, 249, 249), sx:3, sy:3, sz:3, num_conditions:1
condition:13, metric:[  0. 150. 150.]
===>test image:/projects/weilab/liupeng/dataset/ssl_seg/BTCV/Training_resampled_1.5_1.5_2.0_npy_zscore/img/img0029.npy
condition batch eval, img shape:(150, 299, 299), sx:2, sy:4, sz:4, num_conditions:2
condition:1, metric:[0.77126789 0.         0.        ]
condition:2, metric:[0.86138078 0.         0.        ]
condition batch eval, img shape:(150, 299, 299), sx:2, sy:4, sz:4, num_conditions:2
condition:3, metric:[0.79229066 0.         0.        ]
condition:4, metric:[  0. 150. 150.]
condition batch eval, img shape:(150, 299, 299), sx:2, sy:4, sz:4, num_conditions:2
condition:5, metric:[  0. 150. 150.]
condition:6, metric:[0.91477275 0.         0.        ]
condition batch eval, img shape:(150, 299, 299), sx:2, sy:4, sz:4, num_conditions:2
condition:7, metric:[0.22236788 0.         0.        ]
condition:8, metric:[0.87976038 0.         0.        ]
condition batch eval, img shape:(150, 299, 299), sx:2, sy:4, sz:4, num_conditions:2
condition:9, metric:[0.83350513 0.         0.        ]
condition:10, metric:[0.17928413 0.         0.        ]
condition batch eval, img shape:(150, 299, 299), sx:2, sy:4, sz:4, num_conditions:2
condition:11, metric:[0.209578 0.       0.      ]
condition:12, metric:[  0. 150. 150.]
condition batch eval, img shape:(150, 299, 299), sx:2, sy:4, sz:4, num_conditions:1
condition:13, metric:[  0. 150. 150.]
===>test image:/projects/weilab/liupeng/dataset/ssl_seg/BTCV/Training_resampled_1.5_1.5_2.0_npy_zscore/img/img0032.npy
condition batch eval, img shape:(216, 253, 253), sx:3, sy:3, sz:3, num_conditions:2
condition:1, metric:[0.54377513 0.         0.        ]
condition:2, metric:[0.92095416 0.         0.        ]
condition batch eval, img shape:(216, 253, 253), sx:3, sy:3, sz:3, num_conditions:2
condition:3, metric:[0.87506865 0.         0.        ]
condition:4, metric:[  0. 150. 150.]
condition batch eval, img shape:(216, 253, 253), sx:3, sy:3, sz:3, num_conditions:2
condition:5, metric:[  0. 150. 150.]
condition:6, metric:[0.94062777 0.         0.        ]
condition batch eval, img shape:(216, 253, 253), sx:3, sy:3, sz:3, num_conditions:2
condition:7, metric:[0.71861509 0.         0.        ]
condition:8, metric:[0.8878075 0.        0.       ]
condition batch eval, img shape:(216, 253, 253), sx:3, sy:3, sz:3, num_conditions:2
condition:9, metric:[0.73060117 0.         0.        ]
condition:10, metric:[0.21793797 0.         0.        ]
condition batch eval, img shape:(216, 253, 253), sx:3, sy:3, sz:3, num_conditions:2
condition:11, metric:[0.48328222 0.         0.        ]
condition:12, metric:[  0. 150. 150.]
condition batch eval, img shape:(216, 253, 253), sx:3, sy:3, sz:3, num_conditions:1
condition:13, metric:[  0. 150. 150.]
Validation end
avg metric shape: (13, 3)
iteration 12000 : model2_dice_score : 0.413113 model2_hd95 : 46.153846
save model to ../model/BTCV_5_C3PS_cond_mode_film_began_semi2000_con4000_SGD_SGD/unet_3D_old/model_iter_12000.pth
save model2 to ../model/BTCV_5_C3PS_cond_mode_film_began_semi2000_con4000_SGD_SGD/unet_3D_old/model2_iter_12000.pth
iteration 12020 :model1 loss : 0.312977model2 loss : 0.048553pseudo_supervision1 : 0.000000pseudo_supervision2 : 0.501002
iteration 12040 :model1 loss : 0.135542model2 loss : 0.026505pseudo_supervision1 : 0.000000pseudo_supervision2 : 0.283658
iteration 12060 :model1 loss : 0.152792model2 loss : 0.081897pseudo_supervision1 : 0.000000pseudo_supervision2 : 0.500549
iteration 12080 :model1 loss : 0.362430model2 loss : 0.048944pseudo_supervision1 : 0.000000pseudo_supervision2 : 0.501345
iteration 12100 :model1 loss : 0.148133model2 loss : 0.031801pseudo_supervision1 : 0.127004pseudo_supervision2 : 0.037324
iteration 12120 :model1 loss : 0.153490model2 loss : 0.068462pseudo_supervision1 : 0.183438pseudo_supervision2 : 0.035267
iteration 12140 :model1 loss : 0.132454model2 loss : 0.051424pseudo_supervision1 : 0.000000pseudo_supervision2 : 0.502129
iteration 12160 :model1 loss : 0.350543model2 loss : 0.048082pseudo_supervision1 : 0.000000pseudo_supervision2 : 0.500180
iteration 12180 :model1 loss : 0.160803model2 loss : 0.258435pseudo_supervision1 : 0.292584pseudo_supervision2 : 0.031861
iteration 12200 :model1 loss : 0.177908model2 loss : 0.046031pseudo_supervision1 : 0.000000pseudo_supervision2 : 0.506097
save model to ../model/BTCV_5_C3PS_cond_mode_film_began_semi2000_con4000_SGD_SGD/unet_3D_old/model_iter_12200.pth
save model2 to ../model/BTCV_5_C3PS_cond_mode_film_began_semi2000_con4000_SGD_SGD/unet_3D_old/model2_iter_12200.pth
iteration 12220 :model1 loss : 0.166973model2 loss : 0.039500pseudo_supervision1 : 0.272605pseudo_supervision2 : 0.045956
iteration 12240 :model1 loss : 0.157517model2 loss : 0.086723pseudo_supervision1 : 0.000000pseudo_supervision2 : 0.501469
iteration 12260 :model1 loss : 0.141734model2 loss : 0.102851pseudo_supervision1 : 0.000000pseudo_supervision2 : 0.500217
iteration 12280 :model1 loss : 0.137062model2 loss : 0.038173pseudo_supervision1 : 0.000000pseudo_supervision2 : 0.500056
iteration 12300 :model1 loss : 0.147453model2 loss : 0.098276pseudo_supervision1 : 0.000000pseudo_supervision2 : 0.501442
iteration 12320 :model1 loss : 0.182082model2 loss : 0.087077pseudo_supervision1 : 0.000000pseudo_supervision2 : 0.503909
iteration 12340 :model1 loss : 0.223109model2 loss : 0.085359pseudo_supervision1 : 0.862393pseudo_supervision2 : 0.181158
iteration 12360 :model1 loss : 0.132578model2 loss : 0.264844pseudo_supervision1 : 0.000000pseudo_supervision2 : 0.319714
iteration 12380 :model1 loss : 0.259691model2 loss : 0.154277pseudo_supervision1 : 0.306269pseudo_supervision2 : 0.152149
iteration 12400 :model1 loss : 0.154438model2 loss : 0.059382pseudo_supervision1 : 0.000000pseudo_supervision2 : 0.501635
began evaluation!
iteration 12400: validation sampled 4/12 cases
Total test images: 4
Validation begin
Validation end
avg metric shape: (13, 3)
iteration 12400 : model_dice_score : 0.585841 model_hd95 : 2.884615
began evaluation!
Total test images: 4
Validation begin
===>test image:/projects/weilab/liupeng/dataset/ssl_seg/BTCV/Training_resampled_1.5_1.5_2.0_npy_zscore/img/img0035.npy
condition batch eval, img shape:(235, 314, 314), sx:4, sy:4, sz:4, num_conditions:2
condition:1, metric:[0.91446204 0.         0.        ]
condition:2, metric:[0.21080647 0.         0.        ]
condition batch eval, img shape:(235, 314, 314), sx:4, sy:4, sz:4, num_conditions:2
condition:3, metric:[0.80217457 0.         0.        ]
condition:4, metric:[  0. 150. 150.]
condition batch eval, img shape:(235, 314, 314), sx:4, sy:4, sz:4, num_conditions:2
condition:5, metric:[  0. 150. 150.]
condition:6, metric:[0.76598734 0.         0.        ]
condition batch eval, img shape:(235, 314, 314), sx:4, sy:4, sz:4, num_conditions:2
condition:7, metric:[0.81176291 0.         0.        ]
condition:8, metric:[0.77570005 0.         0.        ]
condition batch eval, img shape:(235, 314, 314), sx:4, sy:4, sz:4, num_conditions:2
condition:9, metric:[0.76550233 0.         0.        ]
condition:10, metric:[0.46331199 0.         0.        ]
condition batch eval, img shape:(235, 314, 314), sx:4, sy:4, sz:4, num_conditions:2
condition:11, metric:[0.20150136 0.         0.        ]
condition:12, metric:[  0. 150. 150.]
condition batch eval, img shape:(235, 314, 314), sx:4, sy:4, sz:4, num_conditions:1
condition:13, metric:[  0. 150. 150.]
===>test image:/projects/weilab/liupeng/dataset/ssl_seg/BTCV/Training_resampled_1.5_1.5_2.0_npy_zscore/img/img0038.npy
condition batch eval, img shape:(250, 333, 333), sx:4, sy:4, sz:4, num_conditions:2
condition:1, metric:[0.61683798 0.         0.        ]
condition:2, metric:[0.15935612 0.         0.        ]
condition batch eval, img shape:(250, 333, 333), sx:4, sy:4, sz:4, num_conditions:2
condition:3, metric:[0.73579677 0.         0.        ]
condition:4, metric:[  0. 150. 150.]
condition batch eval, img shape:(250, 333, 333), sx:4, sy:4, sz:4, num_conditions:2
condition:5, metric:[  0. 150. 150.]
condition:6, metric:[0.7579982 0.        0.       ]
condition batch eval, img shape:(250, 333, 333), sx:4, sy:4, sz:4, num_conditions:2
condition:7, metric:[0.52311372 0.         0.        ]
condition:8, metric:[0.79720074 0.         0.        ]
condition batch eval, img shape:(250, 333, 333), sx:4, sy:4, sz:4, num_conditions:2
condition:9, metric:[0.64203968 0.         0.        ]
condition:10, metric:[0.54576333 0.         0.        ]
condition batch eval, img shape:(250, 333, 333), sx:4, sy:4, sz:4, num_conditions:2
condition:11, metric:[0.47395846 0.         0.        ]
condition:12, metric:[  0. 150. 150.]
condition batch eval, img shape:(250, 333, 333), sx:4, sy:4, sz:4, num_conditions:1
condition:13, metric:[  0. 150. 150.]
===>test image:/projects/weilab/liupeng/dataset/ssl_seg/BTCV/Training_resampled_1.5_1.5_2.0_npy_zscore/img/img0008.npy
condition batch eval, img shape:(222, 249, 249), sx:3, sy:3, sz:3, num_conditions:2
condition:1, metric:[0.87950858 0.         0.        ]
condition:2, metric:[0.00505117 0.         0.        ]
condition batch eval, img shape:(222, 249, 249), sx:3, sy:3, sz:3, num_conditions:2
condition:3, metric:[0.04976852 0.         0.        ]
condition:4, metric:[  0. 150. 150.]
condition batch eval, img shape:(222, 249, 249), sx:3, sy:3, sz:3, num_conditions:2
condition:5, metric:[  0. 150. 150.]
condition:6, metric:[0.86438257 0.         0.        ]
condition batch eval, img shape:(222, 249, 249), sx:3, sy:3, sz:3, num_conditions:2
condition:7, metric:[0.79126659 0.         0.        ]
condition:8, metric:[0.74144808 0.         0.        ]
condition batch eval, img shape:(222, 249, 249), sx:3, sy:3, sz:3, num_conditions:2
condition:9, metric:[0.84586694 0.         0.        ]
condition:10, metric:[0.44093988 0.         0.        ]
condition batch eval, img shape:(222, 249, 249), sx:3, sy:3, sz:3, num_conditions:2
condition:11, metric:[0.6380814 0.        0.       ]
condition:12, metric:[  0. 150. 150.]
condition batch eval, img shape:(222, 249, 249), sx:3, sy:3, sz:3, num_conditions:1
condition:13, metric:[  0. 150. 150.]
===>test image:/projects/weilab/liupeng/dataset/ssl_seg/BTCV/Training_resampled_1.5_1.5_2.0_npy_zscore/img/img0003.npy
condition batch eval, img shape:(297, 307, 307), sx:5, sy:4, sz:4, num_conditions:2
condition:1, metric:[0.42076746 0.         0.        ]
condition:2, metric:[0.27198013 0.         0.        ]
condition batch eval, img shape:(297, 307, 307), sx:5, sy:4, sz:4, num_conditions:2
condition:3, metric:[0.78070584 0.         0.        ]
condition:4, metric:[  0. 150. 150.]
condition batch eval, img shape:(297, 307, 307), sx:5, sy:4, sz:4, num_conditions:2
condition:5, metric:[  0. 150. 150.]
condition:6, metric:[0.72112307 0.         0.        ]
condition batch eval, img shape:(297, 307, 307), sx:5, sy:4, sz:4, num_conditions:2
condition:7, metric:[0.00746303 0.         0.        ]
condition:8, metric:[0.78192635 0.         0.        ]
condition batch eval, img shape:(297, 307, 307), sx:5, sy:4, sz:4, num_conditions:2
condition:9, metric:[0.59656846 0.         0.        ]
condition:10, metric:[0.27897436 0.         0.        ]
condition batch eval, img shape:(297, 307, 307), sx:5, sy:4, sz:4, num_conditions:2
condition:11, metric:[0.20875926 0.         0.        ]
condition:12, metric:[  0. 150. 150.]
condition batch eval, img shape:(297, 307, 307), sx:5, sy:4, sz:4, num_conditions:1
condition:13, metric:[  0. 150. 150.]
Validation end
avg metric shape: (13, 3)
iteration 12400 : model2_dice_score : 0.390151 model2_hd95 : 46.153846
save model to ../model/BTCV_5_C3PS_cond_mode_film_began_semi2000_con4000_SGD_SGD/unet_3D_old/model_iter_12400.pth
save model2 to ../model/BTCV_5_C3PS_cond_mode_film_began_semi2000_con4000_SGD_SGD/unet_3D_old/model2_iter_12400.pth
iteration 12420 :model1 loss : 0.386098model2 loss : 0.068560pseudo_supervision1 : 0.000000pseudo_supervision2 : 0.498699
iteration 12440 :model1 loss : 0.151064model2 loss : 0.115501pseudo_supervision1 : 1.064611pseudo_supervision2 : 0.231664
iteration 12460 :model1 loss : 0.216030model2 loss : 0.088361pseudo_supervision1 : 4.858498pseudo_supervision2 : 0.501450
iteration 12480 :model1 loss : 0.409349model2 loss : 0.278729pseudo_supervision1 : 0.000000pseudo_supervision2 : 0.500119
iteration 12500 :model1 loss : 0.129988model2 loss : 0.057809pseudo_supervision1 : 0.000000pseudo_supervision2 : 0.083857
iteration 12520 :model1 loss : 0.146834model2 loss : 0.071299pseudo_supervision1 : 0.000000pseudo_supervision2 : 0.422318
iteration 12540 :model1 loss : 0.157359model2 loss : 0.037261pseudo_supervision1 : 0.000000pseudo_supervision2 : 0.502878
iteration 12560 :model1 loss : 0.134560model2 loss : 0.162798pseudo_supervision1 : 0.000000pseudo_supervision2 : 0.524967
iteration 12580 :model1 loss : 0.177788model2 loss : 0.205377pseudo_supervision1 : 0.660263pseudo_supervision2 : 0.079257
iteration 12600 :model1 loss : 0.147024model2 loss : 0.072812pseudo_supervision1 : 0.546627pseudo_supervision2 : 0.014830
save model to ../model/BTCV_5_C3PS_cond_mode_film_began_semi2000_con4000_SGD_SGD/unet_3D_old/model_iter_12600.pth
save model2 to ../model/BTCV_5_C3PS_cond_mode_film_began_semi2000_con4000_SGD_SGD/unet_3D_old/model2_iter_12600.pth
iteration 12620 :model1 loss : 0.170248model2 loss : 0.146050pseudo_supervision1 : 0.000000pseudo_supervision2 : 0.500545
iteration 12640 :model1 loss : 0.130608model2 loss : 0.039592pseudo_supervision1 : 0.262110pseudo_supervision2 : 0.178182
iteration 12660 :model1 loss : 0.155871model2 loss : 0.257047pseudo_supervision1 : 0.347731pseudo_supervision2 : 0.056096
iteration 12680 :model1 loss : 0.139258model2 loss : 0.216692pseudo_supervision1 : 0.000000pseudo_supervision2 : 0.493587
iteration 12700 :model1 loss : 0.142360model2 loss : 0.263357pseudo_supervision1 : 0.000000pseudo_supervision2 : 0.496130
iteration 12720 :model1 loss : 0.153644model2 loss : 0.059190pseudo_supervision1 : 0.311264pseudo_supervision2 : 0.043866
iteration 12740 :model1 loss : 0.138441model2 loss : 0.068266pseudo_supervision1 : 0.506038pseudo_supervision2 : 0.114634
iteration 12760 :model1 loss : 0.155064model2 loss : 0.034443pseudo_supervision1 : 0.000000pseudo_supervision2 : 0.500469
iteration 12780 :model1 loss : 0.393841model2 loss : 0.194918pseudo_supervision1 : 0.109895pseudo_supervision2 : 0.084034
iteration 12800 :model1 loss : 0.205149model2 loss : 0.255835pseudo_supervision1 : 0.263139pseudo_supervision2 : 0.058070
began evaluation!
iteration 12800: validation sampled 4/12 cases
Total test images: 4
Validation begin
Validation end
avg metric shape: (13, 3)
save model to ../model/BTCV_5_C3PS_cond_mode_film_began_semi2000_con4000_SGD_SGD/unet_3D_old/iter_12800_dice_0.7025
iteration 12800 : model_dice_score : 0.702479 model_hd95 : 2.884615
began evaluation!
Total test images: 4
Validation begin
===>test image:/projects/weilab/liupeng/dataset/ssl_seg/BTCV/Training_resampled_1.5_1.5_2.0_npy_zscore/img/img0002.npy
condition batch eval, img shape:(208, 246, 246), sx:3, sy:3, sz:3, num_conditions:2
condition:1, metric:[0.85677677 0.         0.        ]
condition:2, metric:[0.91032513 0.         0.        ]
condition batch eval, img shape:(208, 246, 246), sx:3, sy:3, sz:3, num_conditions:2
condition:3, metric:[0.86533939 0.         0.        ]
condition:4, metric:[  0. 150. 150.]
condition batch eval, img shape:(208, 246, 246), sx:3, sy:3, sz:3, num_conditions:2
condition:5, metric:[  0. 150. 150.]
condition:6, metric:[0.91447393 0.         0.        ]
condition batch eval, img shape:(208, 246, 246), sx:3, sy:3, sz:3, num_conditions:2
condition:7, metric:[0.46146083 0.         0.        ]
condition:8, metric:[0.81841185 0.         0.        ]
condition batch eval, img shape:(208, 246, 246), sx:3, sy:3, sz:3, num_conditions:2
condition:9, metric:[0.76865525 0.         0.        ]
condition:10, metric:[0.51498523 0.         0.        ]
condition batch eval, img shape:(208, 246, 246), sx:3, sy:3, sz:3, num_conditions:2
condition:11, metric:[0.25858397 0.         0.        ]
condition:12, metric:[  0. 150. 150.]
condition batch eval, img shape:(208, 246, 246), sx:3, sy:3, sz:3, num_conditions:1
condition:13, metric:[  0. 150. 150.]
===>test image:/projects/weilab/liupeng/dataset/ssl_seg/BTCV/Training_resampled_1.5_1.5_2.0_npy_zscore/img/img0029.npy
condition batch eval, img shape:(150, 299, 299), sx:2, sy:4, sz:4, num_conditions:2
condition:1, metric:[0.84853107 0.         0.        ]
condition:2, metric:[0.89195656 0.         0.        ]
condition batch eval, img shape:(150, 299, 299), sx:2, sy:4, sz:4, num_conditions:2
condition:3, metric:[0.86481117 0.         0.        ]
condition:4, metric:[  0. 150. 150.]
condition batch eval, img shape:(150, 299, 299), sx:2, sy:4, sz:4, num_conditions:2
condition:5, metric:[  0. 150. 150.]
condition:6, metric:[0.91555804 0.         0.        ]
condition batch eval, img shape:(150, 299, 299), sx:2, sy:4, sz:4, num_conditions:2
condition:7, metric:[0.61425882 0.         0.        ]
condition:8, metric:[0.89684114 0.         0.        ]
condition batch eval, img shape:(150, 299, 299), sx:2, sy:4, sz:4, num_conditions:2
condition:9, metric:[0.81651337 0.         0.        ]
condition:10, metric:[0.57045041 0.         0.        ]
condition batch eval, img shape:(150, 299, 299), sx:2, sy:4, sz:4, num_conditions:2
condition:11, metric:[0.58987615 0.         0.        ]
condition:12, metric:[  0. 150. 150.]
condition batch eval, img shape:(150, 299, 299), sx:2, sy:4, sz:4, num_conditions:1
condition:13, metric:[  0. 150. 150.]
===>test image:/projects/weilab/liupeng/dataset/ssl_seg/BTCV/Training_resampled_1.5_1.5_2.0_npy_zscore/img/img0022.npy
condition batch eval, img shape:(222, 262, 262), sx:3, sy:3, sz:3, num_conditions:2
condition:1, metric:[0.84631675 0.         0.        ]
condition:2, metric:[0.91216918 0.         0.        ]
condition batch eval, img shape:(222, 262, 262), sx:3, sy:3, sz:3, num_conditions:2
condition:3, metric:[0.859929 0.       0.      ]
condition:4, metric:[  0. 150. 150.]
condition batch eval, img shape:(222, 262, 262), sx:3, sy:3, sz:3, num_conditions:2
condition:5, metric:[  0. 150. 150.]
condition:6, metric:[0.86631734 0.         0.        ]
condition batch eval, img shape:(222, 262, 262), sx:3, sy:3, sz:3, num_conditions:2
condition:7, metric:[0.8116261 0.        0.       ]
condition:8, metric:[0.92095022 0.         0.        ]
condition batch eval, img shape:(222, 262, 262), sx:3, sy:3, sz:3, num_conditions:2
condition:9, metric:[0.76575679 0.         0.        ]
condition:10, metric:[0.48526959 0.         0.        ]
condition batch eval, img shape:(222, 262, 262), sx:3, sy:3, sz:3, num_conditions:2
condition:11, metric:[0.63053137 0.         0.        ]
condition:12, metric:[  0. 150. 150.]
condition batch eval, img shape:(222, 262, 262), sx:3, sy:3, sz:3, num_conditions:1
condition:13, metric:[  0. 150. 150.]
===>test image:/projects/weilab/liupeng/dataset/ssl_seg/BTCV/Training_resampled_1.5_1.5_2.0_npy_zscore/img/img0036.npy
condition batch eval, img shape:(276, 255, 255), sx:4, sy:3, sz:3, num_conditions:2
condition:1, metric:[0.87885595 0.         0.        ]
condition:2, metric:[0.93056914 0.         0.        ]
condition batch eval, img shape:(276, 255, 255), sx:4, sy:3, sz:3, num_conditions:2
condition:3, metric:[0.93865258 0.         0.        ]
condition:4, metric:[  0. 150. 150.]
condition batch eval, img shape:(276, 255, 255), sx:4, sy:3, sz:3, num_conditions:2
condition:5, metric:[  0. 150. 150.]
condition:6, metric:[0.94246769 0.         0.        ]
condition batch eval, img shape:(276, 255, 255), sx:4, sy:3, sz:3, num_conditions:2
condition:7, metric:[0.83637463 0.         0.        ]
condition:8, metric:[0.84333407 0.         0.        ]
condition batch eval, img shape:(276, 255, 255), sx:4, sy:3, sz:3, num_conditions:2
condition:9, metric:[0.75379302 0.         0.        ]
condition:10, metric:[0.50653804 0.         0.        ]
condition batch eval, img shape:(276, 255, 255), sx:4, sy:3, sz:3, num_conditions:2
condition:11, metric:[0.64154053 0.         0.        ]
condition:12, metric:[  0. 150. 150.]
condition batch eval, img shape:(276, 255, 255), sx:4, sy:3, sz:3, num_conditions:1
condition:13, metric:[  0. 150. 150.]
Validation end
avg metric shape: (13, 3)
save model to ../model/BTCV_5_C3PS_cond_mode_film_began_semi2000_con4000_SGD_SGD/unet_3D_old/iter_12800_dice_0.5336
iteration 12800 : model2_dice_score : 0.533631 model2_hd95 : 46.153846
save model to ../model/BTCV_5_C3PS_cond_mode_film_began_semi2000_con4000_SGD_SGD/unet_3D_old/model_iter_12800.pth
save model2 to ../model/BTCV_5_C3PS_cond_mode_film_began_semi2000_con4000_SGD_SGD/unet_3D_old/model2_iter_12800.pth
iteration 12820 :model1 loss : 0.279568model2 loss : 0.036158pseudo_supervision1 : 0.000000pseudo_supervision2 : 0.500155
iteration 12840 :model1 loss : 0.174149model2 loss : 0.072458pseudo_supervision1 : 0.000000pseudo_supervision2 : 0.648830
iteration 12860 :model1 loss : 0.347681model2 loss : 0.172097pseudo_supervision1 : 0.000000pseudo_supervision2 : 0.501958
iteration 12880 :model1 loss : 0.152147model2 loss : 0.039517pseudo_supervision1 : 0.000000pseudo_supervision2 : 0.500139
iteration 12900 :model1 loss : 0.199139model2 loss : 0.115728pseudo_supervision1 : 0.000000pseudo_supervision2 : 0.487976
iteration 12920 :model1 loss : 0.476565model2 loss : 0.250584pseudo_supervision1 : 0.186944pseudo_supervision2 : 0.020350
iteration 12940 :model1 loss : 0.192664model2 loss : 0.072582pseudo_supervision1 : 0.000000pseudo_supervision2 : 0.503069
iteration 12960 :model1 loss : 0.148599model2 loss : 0.125169pseudo_supervision1 : 0.000000pseudo_supervision2 : 0.500038
iteration 12980 :model1 loss : 0.241943model2 loss : 0.222634pseudo_supervision1 : 0.000000pseudo_supervision2 : 0.501640
iteration 13000 :model1 loss : 0.188579model2 loss : 0.055624pseudo_supervision1 : 1.038587pseudo_supervision2 : 0.259782
save model to ../model/BTCV_5_C3PS_cond_mode_film_began_semi2000_con4000_SGD_SGD/unet_3D_old/model_iter_13000.pth
save model2 to ../model/BTCV_5_C3PS_cond_mode_film_began_semi2000_con4000_SGD_SGD/unet_3D_old/model2_iter_13000.pth
iteration 13020 :model1 loss : 0.159819model2 loss : 0.262019pseudo_supervision1 : 0.360867pseudo_supervision2 : 0.317699
iteration 13040 :model1 loss : 0.186312model2 loss : 0.099836pseudo_supervision1 : 0.075394pseudo_supervision2 : 0.605536
iteration 13060 :model1 loss : 0.172661model2 loss : 0.031931pseudo_supervision1 : 1.219564pseudo_supervision2 : 0.086406
iteration 13080 :model1 loss : 0.165841model2 loss : 0.086007pseudo_supervision1 : 0.000000pseudo_supervision2 : 0.501080
iteration 13100 :model1 loss : 0.198543model2 loss : 0.054780pseudo_supervision1 : 0.000000pseudo_supervision2 : 0.502647
iteration 13120 :model1 loss : 0.228294model2 loss : 0.062042pseudo_supervision1 : 0.000000pseudo_supervision2 : 0.500411
iteration 13140 :model1 loss : 0.213319model2 loss : 0.041188pseudo_supervision1 : 0.000000pseudo_supervision2 : 0.503541
iteration 13160 :model1 loss : 0.219424model2 loss : 0.276731pseudo_supervision1 : 0.000000pseudo_supervision2 : 0.502773
iteration 13180 :model1 loss : 0.210180model2 loss : 0.069277pseudo_supervision1 : 0.306496pseudo_supervision2 : 0.073820
iteration 13200 :model1 loss : 0.203109model2 loss : 0.260515pseudo_supervision1 : 0.000000pseudo_supervision2 : 0.149381
began evaluation!
iteration 13200: validation sampled 4/12 cases
Total test images: 4
Validation begin
Validation end
avg metric shape: (13, 3)
iteration 13200 : model_dice_score : 0.570590 model_hd95 : 2.884615
began evaluation!
Total test images: 4
Validation begin
===>test image:/projects/weilab/liupeng/dataset/ssl_seg/BTCV/Training_resampled_1.5_1.5_2.0_npy_zscore/img/img0002.npy
condition batch eval, img shape:(208, 246, 246), sx:3, sy:3, sz:3, num_conditions:2
condition:1, metric:[0.88085692 0.         0.        ]
condition:2, metric:[0.93061022 0.         0.        ]
condition batch eval, img shape:(208, 246, 246), sx:3, sy:3, sz:3, num_conditions:2
condition:3, metric:[0.89290346 0.         0.        ]
condition:4, metric:[  0. 150. 150.]
condition batch eval, img shape:(208, 246, 246), sx:3, sy:3, sz:3, num_conditions:2
condition:5, metric:[  0. 150. 150.]
condition:6, metric:[0.92076123 0.         0.        ]
condition batch eval, img shape:(208, 246, 246), sx:3, sy:3, sz:3, num_conditions:2
condition:7, metric:[0.44040898 0.         0.        ]
condition:8, metric:[0.82943651 0.         0.        ]
condition batch eval, img shape:(208, 246, 246), sx:3, sy:3, sz:3, num_conditions:2
condition:9, metric:[0.78440012 0.         0.        ]
condition:10, metric:[0.52141751 0.         0.        ]
condition batch eval, img shape:(208, 246, 246), sx:3, sy:3, sz:3, num_conditions:2
condition:11, metric:[0.37893548 0.         0.        ]
condition:12, metric:[  0. 150. 150.]
condition batch eval, img shape:(208, 246, 246), sx:3, sy:3, sz:3, num_conditions:1
condition:13, metric:[  0. 150. 150.]
===>test image:/projects/weilab/liupeng/dataset/ssl_seg/BTCV/Training_resampled_1.5_1.5_2.0_npy_zscore/img/img0025.npy
condition batch eval, img shape:(212, 284, 284), sx:3, sy:3, sz:3, num_conditions:2
condition:1, metric:[0.79215384 0.         0.        ]
condition:2, metric:[0. 0. 0.]
condition batch eval, img shape:(212, 284, 284), sx:3, sy:3, sz:3, num_conditions:2
condition:3, metric:[0.15780077 0.         0.        ]
condition:4, metric:[  0. 150. 150.]
condition batch eval, img shape:(212, 284, 284), sx:3, sy:3, sz:3, num_conditions:2
condition:5, metric:[  0. 150. 150.]
condition:6, metric:[0.95135494 0.         0.        ]
condition batch eval, img shape:(212, 284, 284), sx:3, sy:3, sz:3, num_conditions:2
condition:7, metric:[0.30210931 0.         0.        ]
condition:8, metric:[0.82147435 0.         0.        ]
condition batch eval, img shape:(212, 284, 284), sx:3, sy:3, sz:3, num_conditions:2
condition:9, metric:[0.6214717 0.        0.       ]
condition:10, metric:[0. 0. 0.]
condition batch eval, img shape:(212, 284, 284), sx:3, sy:3, sz:3, num_conditions:2
condition:11, metric:[0.35394319 0.         0.        ]
condition:12, metric:[  0. 150. 150.]
condition batch eval, img shape:(212, 284, 284), sx:3, sy:3, sz:3, num_conditions:1
condition:13, metric:[  0. 150. 150.]
===>test image:/projects/weilab/liupeng/dataset/ssl_seg/BTCV/Training_resampled_1.5_1.5_2.0_npy_zscore/img/img0004.npy
condition batch eval, img shape:(210, 203, 203), sx:3, sy:2, sz:2, num_conditions:2
condition:1, metric:[0.88246235 0.         0.        ]
condition:2, metric:[0.78066249 0.         0.        ]
condition batch eval, img shape:(210, 203, 203), sx:3, sy:2, sz:2, num_conditions:2
condition:3, metric:[0.83260806 0.         0.        ]
condition:4, metric:[  0. 150. 150.]
condition batch eval, img shape:(210, 203, 203), sx:3, sy:2, sz:2, num_conditions:2
condition:5, metric:[  0. 150. 150.]
condition:6, metric:[0.90232193 0.         0.        ]
condition batch eval, img shape:(210, 203, 203), sx:3, sy:2, sz:2, num_conditions:2
condition:7, metric:[0.29056038 0.         0.        ]
condition:8, metric:[0.81792096 0.         0.        ]
condition batch eval, img shape:(210, 203, 203), sx:3, sy:2, sz:2, num_conditions:2
condition:9, metric:[0.7848675 0.        0.       ]
condition:10, metric:[0.57575425 0.         0.        ]
condition batch eval, img shape:(210, 203, 203), sx:3, sy:2, sz:2, num_conditions:2
condition:11, metric:[0.11732862 0.         0.        ]
condition:12, metric:[  0. 150. 150.]
condition batch eval, img shape:(210, 203, 203), sx:3, sy:2, sz:2, num_conditions:1
condition:13, metric:[  0. 150. 150.]
===>test image:/projects/weilab/liupeng/dataset/ssl_seg/BTCV/Training_resampled_1.5_1.5_2.0_npy_zscore/img/img0032.npy
condition batch eval, img shape:(216, 253, 253), sx:3, sy:3, sz:3, num_conditions:2
condition:1, metric:[0.84524368 0.         0.        ]
condition:2, metric:[0.9279326 0.        0.       ]
condition batch eval, img shape:(216, 253, 253), sx:3, sy:3, sz:3, num_conditions:2
condition:3, metric:[0.80801777 0.         0.        ]
condition:4, metric:[  0. 150. 150.]
condition batch eval, img shape:(216, 253, 253), sx:3, sy:3, sz:3, num_conditions:2
condition:5, metric:[  0. 150. 150.]
condition:6, metric:[0.93354258 0.         0.        ]
condition batch eval, img shape:(216, 253, 253), sx:3, sy:3, sz:3, num_conditions:2
condition:7, metric:[0.73330322 0.         0.        ]
condition:8, metric:[0.87730627 0.         0.        ]
condition batch eval, img shape:(216, 253, 253), sx:3, sy:3, sz:3, num_conditions:2
condition:9, metric:[0.66363994 0.         0.        ]
condition:10, metric:[0.43149946 0.         0.        ]
condition batch eval, img shape:(216, 253, 253), sx:3, sy:3, sz:3, num_conditions:2
condition:11, metric:[0.4689491 0.        0.       ]
condition:12, metric:[  0. 150. 150.]
condition batch eval, img shape:(216, 253, 253), sx:3, sy:3, sz:3, num_conditions:1
condition:13, metric:[  0. 150. 150.]
Validation end
avg metric shape: (13, 3)
iteration 13200 : model2_dice_score : 0.447192 model2_hd95 : 46.153846
save model to ../model/BTCV_5_C3PS_cond_mode_film_began_semi2000_con4000_SGD_SGD/unet_3D_old/model_iter_13200.pth
save model2 to ../model/BTCV_5_C3PS_cond_mode_film_began_semi2000_con4000_SGD_SGD/unet_3D_old/model2_iter_13200.pth
iteration 13220 :model1 loss : 0.141547model2 loss : 0.042242pseudo_supervision1 : 0.000000pseudo_supervision2 : 0.500053
iteration 13240 :model1 loss : 0.170582model2 loss : 0.135532pseudo_supervision1 : 0.000000pseudo_supervision2 : 0.500285
iteration 13260 :model1 loss : 0.148017model2 loss : 0.050723pseudo_supervision1 : 0.355860pseudo_supervision2 : 0.047512
iteration 13280 :model1 loss : 0.239159model2 loss : 0.198079pseudo_supervision1 : 0.000000pseudo_supervision2 : 0.500485
iteration 13300 :model1 loss : 0.123892model2 loss : 0.065842pseudo_supervision1 : 0.000000pseudo_supervision2 : 0.501213
iteration 13320 :model1 loss : 0.162395model2 loss : 0.044680pseudo_supervision1 : 0.000000pseudo_supervision2 : 0.501209
iteration 13340 :model1 loss : 0.133611model2 loss : 0.028517pseudo_supervision1 : 0.273394pseudo_supervision2 : 0.041141
iteration 13360 :model1 loss : 0.182480model2 loss : 0.184714pseudo_supervision1 : 0.000000pseudo_supervision2 : 0.500458
iteration 13380 :model1 loss : 0.133439model2 loss : 0.090983pseudo_supervision1 : 0.121488pseudo_supervision2 : 0.037838
iteration 13400 :model1 loss : 0.261193model2 loss : 0.109204pseudo_supervision1 : 0.000000pseudo_supervision2 : 0.500829
save model to ../model/BTCV_5_C3PS_cond_mode_film_began_semi2000_con4000_SGD_SGD/unet_3D_old/model_iter_13400.pth
save model2 to ../model/BTCV_5_C3PS_cond_mode_film_began_semi2000_con4000_SGD_SGD/unet_3D_old/model2_iter_13400.pth
iteration 13420 :model1 loss : 0.241308model2 loss : 0.058238pseudo_supervision1 : 0.000000pseudo_supervision2 : 0.500071
iteration 13440 :model1 loss : 0.152117model2 loss : 0.032881pseudo_supervision1 : 0.000000pseudo_supervision2 : 0.499932
iteration 13460 :model1 loss : 0.153966model2 loss : 0.071167pseudo_supervision1 : 0.428448pseudo_supervision2 : 0.061738
iteration 13480 :model1 loss : 0.158373model2 loss : 0.032300pseudo_supervision1 : 0.102730pseudo_supervision2 : 0.276443
iteration 13500 :model1 loss : 0.124304model2 loss : 0.042703pseudo_supervision1 : 0.000000pseudo_supervision2 : 0.496127
iteration 13520 :model1 loss : 0.161133model2 loss : 0.037964pseudo_supervision1 : 0.419934pseudo_supervision2 : 0.014401
iteration 13540 :model1 loss : 0.122315model2 loss : 0.032365pseudo_supervision1 : 0.000000pseudo_supervision2 : 0.070358
iteration 13560 :model1 loss : 0.171237model2 loss : 0.037002pseudo_supervision1 : 0.000000pseudo_supervision2 : 0.502514
iteration 13580 :model1 loss : 0.474167model2 loss : 0.261539pseudo_supervision1 : 0.000000pseudo_supervision2 : 0.502130
iteration 13600 :model1 loss : 0.166520model2 loss : 0.150307pseudo_supervision1 : 0.000000pseudo_supervision2 : 0.500082
began evaluation!
iteration 13600: validation sampled 4/12 cases
Total test images: 4
Validation begin
Validation end
avg metric shape: (13, 3)
iteration 13600 : model_dice_score : 0.584944 model_hd95 : 2.884615
began evaluation!
Total test images: 4
Validation begin
===>test image:/projects/weilab/liupeng/dataset/ssl_seg/BTCV/Training_resampled_1.5_1.5_2.0_npy_zscore/img/img0035.npy
condition batch eval, img shape:(235, 314, 314), sx:4, sy:4, sz:4, num_conditions:2
condition:1, metric:[0.91565096 0.         0.        ]
condition:2, metric:[0.89617352 0.         0.        ]
condition batch eval, img shape:(235, 314, 314), sx:4, sy:4, sz:4, num_conditions:2
condition:3, metric:[0.87155101 0.         0.        ]
condition:4, metric:[  0. 150. 150.]
condition batch eval, img shape:(235, 314, 314), sx:4, sy:4, sz:4, num_conditions:2
condition:5, metric:[  0. 150. 150.]
condition:6, metric:[0.87233649 0.         0.        ]
condition batch eval, img shape:(235, 314, 314), sx:4, sy:4, sz:4, num_conditions:2
condition:7, metric:[0.77145288 0.         0.        ]
condition:8, metric:[0.84919573 0.         0.        ]
condition batch eval, img shape:(235, 314, 314), sx:4, sy:4, sz:4, num_conditions:2
condition:9, metric:[0.78070248 0.         0.        ]
condition:10, metric:[0.35879945 0.         0.        ]
condition batch eval, img shape:(235, 314, 314), sx:4, sy:4, sz:4, num_conditions:2
condition:11, metric:[0.25245474 0.         0.        ]
condition:12, metric:[  0. 150. 150.]
condition batch eval, img shape:(235, 314, 314), sx:4, sy:4, sz:4, num_conditions:1
condition:13, metric:[  0. 150. 150.]
===>test image:/projects/weilab/liupeng/dataset/ssl_seg/BTCV/Training_resampled_1.5_1.5_2.0_npy_zscore/img/img0036.npy
condition batch eval, img shape:(276, 255, 255), sx:4, sy:3, sz:3, num_conditions:2
condition:1, metric:[0.92311094 0.         0.        ]
condition:2, metric:[0.94158349 0.         0.        ]
condition batch eval, img shape:(276, 255, 255), sx:4, sy:3, sz:3, num_conditions:2
condition:3, metric:[0.93545365 0.         0.        ]
condition:4, metric:[  0. 150. 150.]
condition batch eval, img shape:(276, 255, 255), sx:4, sy:3, sz:3, num_conditions:2
condition:5, metric:[  0. 150. 150.]
condition:6, metric:[0.85779908 0.         0.        ]
condition batch eval, img shape:(276, 255, 255), sx:4, sy:3, sz:3, num_conditions:2
condition:7, metric:[0.87023513 0.         0.        ]
condition:8, metric:[0.80772582 0.         0.        ]
condition batch eval, img shape:(276, 255, 255), sx:4, sy:3, sz:3, num_conditions:2
condition:9, metric:[0.73181917 0.         0.        ]
condition:10, metric:[0.51886201 0.         0.        ]
condition batch eval, img shape:(276, 255, 255), sx:4, sy:3, sz:3, num_conditions:2
condition:11, metric:[0.56024419 0.         0.        ]
condition:12, metric:[  0. 150. 150.]
condition batch eval, img shape:(276, 255, 255), sx:4, sy:3, sz:3, num_conditions:1
condition:13, metric:[  0. 150. 150.]
===>test image:/projects/weilab/liupeng/dataset/ssl_seg/BTCV/Training_resampled_1.5_1.5_2.0_npy_zscore/img/img0025.npy
condition batch eval, img shape:(212, 284, 284), sx:3, sy:3, sz:3, num_conditions:2
condition:1, metric:[0.8844261 0.        0.       ]
condition:2, metric:[0.07565237 0.         0.        ]
condition batch eval, img shape:(212, 284, 284), sx:3, sy:3, sz:3, num_conditions:2
condition:3, metric:[0.40087946 0.         0.        ]
condition:4, metric:[  0. 150. 150.]
condition batch eval, img shape:(212, 284, 284), sx:3, sy:3, sz:3, num_conditions:2
condition:5, metric:[  0. 150. 150.]
condition:6, metric:[0.92682839 0.         0.        ]
condition batch eval, img shape:(212, 284, 284), sx:3, sy:3, sz:3, num_conditions:2
condition:7, metric:[0.38593521 0.         0.        ]
condition:8, metric:[0.82012213 0.         0.        ]
condition batch eval, img shape:(212, 284, 284), sx:3, sy:3, sz:3, num_conditions:2
condition:9, metric:[0.61103387 0.         0.        ]
condition:10, metric:[0. 0. 0.]
condition batch eval, img shape:(212, 284, 284), sx:3, sy:3, sz:3, num_conditions:2
condition:11, metric:[0.37074243 0.         0.        ]
condition:12, metric:[  0. 150. 150.]
condition batch eval, img shape:(212, 284, 284), sx:3, sy:3, sz:3, num_conditions:1
condition:13, metric:[  0. 150. 150.]
===>test image:/projects/weilab/liupeng/dataset/ssl_seg/BTCV/Training_resampled_1.5_1.5_2.0_npy_zscore/img/img0038.npy
condition batch eval, img shape:(250, 333, 333), sx:4, sy:4, sz:4, num_conditions:2
condition:1, metric:[0.80349102 0.         0.        ]
condition:2, metric:[0.72082098 0.         0.        ]
condition batch eval, img shape:(250, 333, 333), sx:4, sy:4, sz:4, num_conditions:2
condition:3, metric:[0.8508463 0.        0.       ]
condition:4, metric:[  0. 150. 150.]
condition batch eval, img shape:(250, 333, 333), sx:4, sy:4, sz:4, num_conditions:2
condition:5, metric:[  0. 150. 150.]
condition:6, metric:[0.80570723 0.         0.        ]
condition batch eval, img shape:(250, 333, 333), sx:4, sy:4, sz:4, num_conditions:2
condition:7, metric:[0.55027835 0.         0.        ]
condition:8, metric:[0.8939163 0.        0.       ]
condition batch eval, img shape:(250, 333, 333), sx:4, sy:4, sz:4, num_conditions:2
condition:9, metric:[0.70326245 0.         0.        ]
condition:10, metric:[0.54764134 0.         0.        ]
condition batch eval, img shape:(250, 333, 333), sx:4, sy:4, sz:4, num_conditions:2
condition:11, metric:[0.51950652 0.         0.        ]
condition:12, metric:[  0. 150. 150.]
condition batch eval, img shape:(250, 333, 333), sx:4, sy:4, sz:4, num_conditions:1
condition:13, metric:[  0. 150. 150.]
Validation end
avg metric shape: (13, 3)
iteration 13600 : model2_dice_score : 0.472812 model2_hd95 : 46.153846
save model to ../model/BTCV_5_C3PS_cond_mode_film_began_semi2000_con4000_SGD_SGD/unet_3D_old/model_iter_13600.pth
save model2 to ../model/BTCV_5_C3PS_cond_mode_film_began_semi2000_con4000_SGD_SGD/unet_3D_old/model2_iter_13600.pth
iteration 13620 :model1 loss : 0.169610model2 loss : 0.045657pseudo_supervision1 : 0.000000pseudo_supervision2 : 0.483252
iteration 13640 :model1 loss : 0.165124model2 loss : 0.053168pseudo_supervision1 : 0.000000pseudo_supervision2 : 0.500029
iteration 13660 :model1 loss : 0.151500model2 loss : 0.047519pseudo_supervision1 : 0.000000pseudo_supervision2 : 0.143103
iteration 13680 :model1 loss : 0.210626model2 loss : 0.043991pseudo_supervision1 : 0.000000pseudo_supervision2 : 0.500156
iteration 13700 :model1 loss : 0.163581model2 loss : 0.033012pseudo_supervision1 : 0.000000pseudo_supervision2 : 0.178484
iteration 13720 :model1 loss : 0.132942model2 loss : 0.036458pseudo_supervision1 : 0.000000pseudo_supervision2 : 0.491171
iteration 13740 :model1 loss : 0.160139model2 loss : 0.028661pseudo_supervision1 : 0.261344pseudo_supervision2 : 0.179407
iteration 13760 :model1 loss : 0.193807model2 loss : 0.062762pseudo_supervision1 : 0.082608pseudo_supervision2 : 0.246631
iteration 13780 :model1 loss : 0.146019model2 loss : 0.099282pseudo_supervision1 : 0.000000pseudo_supervision2 : 0.500211
iteration 13800 :model1 loss : 0.187025model2 loss : 0.066481pseudo_supervision1 : 0.000000pseudo_supervision2 : 0.500733
save model to ../model/BTCV_5_C3PS_cond_mode_film_began_semi2000_con4000_SGD_SGD/unet_3D_old/model_iter_13800.pth
save model2 to ../model/BTCV_5_C3PS_cond_mode_film_began_semi2000_con4000_SGD_SGD/unet_3D_old/model2_iter_13800.pth
iteration 13820 :model1 loss : 0.275118model2 loss : 0.055827pseudo_supervision1 : 0.000000pseudo_supervision2 : 0.500043
iteration 13840 :model1 loss : 0.148337model2 loss : 0.108425pseudo_supervision1 : 0.000000pseudo_supervision2 : 0.500602
iteration 13860 :model1 loss : 0.194624model2 loss : 0.077027pseudo_supervision1 : 0.000000pseudo_supervision2 : 0.500430
iteration 13880 :model1 loss : 0.155231model2 loss : 0.128292pseudo_supervision1 : 0.000000pseudo_supervision2 : 0.500099
iteration 13900 :model1 loss : 0.149598model2 loss : 0.058876pseudo_supervision1 : 0.000000pseudo_supervision2 : 0.500520
iteration 13920 :model1 loss : 0.140169model2 loss : 0.036270pseudo_supervision1 : 0.000000pseudo_supervision2 : 0.500448
iteration 13940 :model1 loss : 0.158687model2 loss : 0.078190pseudo_supervision1 : 0.000000pseudo_supervision2 : 0.410605
iteration 13960 :model1 loss : 0.160402model2 loss : 0.072087pseudo_supervision1 : 0.000000pseudo_supervision2 : 0.500567
iteration 13980 :model1 loss : 0.200881model2 loss : 0.057075pseudo_supervision1 : 0.000000pseudo_supervision2 : 0.500205
iteration 14000 :model1 loss : 0.192157model2 loss : 0.040891pseudo_supervision1 : 0.000000pseudo_supervision2 : 0.500059
began evaluation!
iteration 14000: validation sampled 4/12 cases
Total test images: 4
Validation begin
Validation end
avg metric shape: (13, 3)
iteration 14000 : model_dice_score : 0.531079 model_hd95 : 2.884615
began evaluation!
Total test images: 4
Validation begin
===>test image:/projects/weilab/liupeng/dataset/ssl_seg/BTCV/Training_resampled_1.5_1.5_2.0_npy_zscore/img/img0003.npy
condition batch eval, img shape:(297, 307, 307), sx:5, sy:4, sz:4, num_conditions:2
condition:1, metric:[0.38907079 0.         0.        ]
condition:2, metric:[0.93391691 0.         0.        ]
condition batch eval, img shape:(297, 307, 307), sx:5, sy:4, sz:4, num_conditions:2
condition:3, metric:[0.8913398 0.        0.       ]
condition:4, metric:[  0. 150. 150.]
condition batch eval, img shape:(297, 307, 307), sx:5, sy:4, sz:4, num_conditions:2
condition:5, metric:[  0. 150. 150.]
condition:6, metric:[0.8416582 0.        0.       ]
condition batch eval, img shape:(297, 307, 307), sx:5, sy:4, sz:4, num_conditions:2
condition:7, metric:[0.04129874 0.         0.        ]
condition:8, metric:[0.81165815 0.         0.        ]
condition batch eval, img shape:(297, 307, 307), sx:5, sy:4, sz:4, num_conditions:2
condition:9, metric:[0.64615225 0.         0.        ]
condition:10, metric:[0.33011107 0.         0.        ]
condition batch eval, img shape:(297, 307, 307), sx:5, sy:4, sz:4, num_conditions:2
condition:11, metric:[0.04674457 0.         0.        ]
condition:12, metric:[  0. 150. 150.]
condition batch eval, img shape:(297, 307, 307), sx:5, sy:4, sz:4, num_conditions:1
condition:13, metric:[  0. 150. 150.]
===>test image:/projects/weilab/liupeng/dataset/ssl_seg/BTCV/Training_resampled_1.5_1.5_2.0_npy_zscore/img/img0029.npy
condition batch eval, img shape:(150, 299, 299), sx:2, sy:4, sz:4, num_conditions:2
condition:1, metric:[0.8415045 0.        0.       ]
condition:2, metric:[0.89733161 0.         0.        ]
condition batch eval, img shape:(150, 299, 299), sx:2, sy:4, sz:4, num_conditions:2
condition:3, metric:[0.89979582 0.         0.        ]
condition:4, metric:[  0. 150. 150.]
condition batch eval, img shape:(150, 299, 299), sx:2, sy:4, sz:4, num_conditions:2
condition:5, metric:[  0. 150. 150.]
condition:6, metric:[0.93557608 0.         0.        ]
condition batch eval, img shape:(150, 299, 299), sx:2, sy:4, sz:4, num_conditions:2
condition:7, metric:[0.56534853 0.         0.        ]
condition:8, metric:[0.90322581 0.         0.        ]
condition batch eval, img shape:(150, 299, 299), sx:2, sy:4, sz:4, num_conditions:2
condition:9, metric:[0.87192068 0.         0.        ]
condition:10, metric:[0.43384363 0.         0.        ]
condition batch eval, img shape:(150, 299, 299), sx:2, sy:4, sz:4, num_conditions:2
condition:11, metric:[0.42492842 0.         0.        ]
condition:12, metric:[  0. 150. 150.]
condition batch eval, img shape:(150, 299, 299), sx:2, sy:4, sz:4, num_conditions:1
condition:13, metric:[  0. 150. 150.]
===>test image:/projects/weilab/liupeng/dataset/ssl_seg/BTCV/Training_resampled_1.5_1.5_2.0_npy_zscore/img/img0004.npy
condition batch eval, img shape:(210, 203, 203), sx:3, sy:2, sz:2, num_conditions:2
condition:1, metric:[0.85521154 0.         0.        ]
condition:2, metric:[0.83264455 0.         0.        ]
condition batch eval, img shape:(210, 203, 203), sx:3, sy:2, sz:2, num_conditions:2
condition:3, metric:[0.78027046 0.         0.        ]
condition:4, metric:[  0. 150. 150.]
condition batch eval, img shape:(210, 203, 203), sx:3, sy:2, sz:2, num_conditions:2
condition:5, metric:[  0. 150. 150.]
condition:6, metric:[0.8579014 0.        0.       ]
condition batch eval, img shape:(210, 203, 203), sx:3, sy:2, sz:2, num_conditions:2
condition:7, metric:[0.30515534 0.         0.        ]
condition:8, metric:[0.7338995 0.        0.       ]
condition batch eval, img shape:(210, 203, 203), sx:3, sy:2, sz:2, num_conditions:2
condition:9, metric:[0.78051801 0.         0.        ]
condition:10, metric:[0.61682444 0.         0.        ]
condition batch eval, img shape:(210, 203, 203), sx:3, sy:2, sz:2, num_conditions:2
condition:11, metric:[0.26529656 0.         0.        ]
condition:12, metric:[  0. 150. 150.]
condition batch eval, img shape:(210, 203, 203), sx:3, sy:2, sz:2, num_conditions:1
condition:13, metric:[  0. 150. 150.]
===>test image:/projects/weilab/liupeng/dataset/ssl_seg/BTCV/Training_resampled_1.5_1.5_2.0_npy_zscore/img/img0025.npy
condition batch eval, img shape:(212, 284, 284), sx:3, sy:3, sz:3, num_conditions:2
condition:1, metric:[0.73108326 0.         0.        ]
condition:2, metric:[0.04536899 0.         0.        ]
condition batch eval, img shape:(212, 284, 284), sx:3, sy:3, sz:3, num_conditions:2
condition:3, metric:[0.26144373 0.         0.        ]
condition:4, metric:[  0. 150. 150.]
condition batch eval, img shape:(212, 284, 284), sx:3, sy:3, sz:3, num_conditions:2
condition:5, metric:[  0. 150. 150.]
condition:6, metric:[0.93779392 0.         0.        ]
condition batch eval, img shape:(212, 284, 284), sx:3, sy:3, sz:3, num_conditions:2
condition:7, metric:[0.33334463 0.         0.        ]
condition:8, metric:[0.80678303 0.         0.        ]
condition batch eval, img shape:(212, 284, 284), sx:3, sy:3, sz:3, num_conditions:2
condition:9, metric:[0.6725452 0.        0.       ]
condition:10, metric:[0. 0. 0.]
condition batch eval, img shape:(212, 284, 284), sx:3, sy:3, sz:3, num_conditions:2
condition:11, metric:[0.48302076 0.         0.        ]
condition:12, metric:[  0. 150. 150.]
condition batch eval, img shape:(212, 284, 284), sx:3, sy:3, sz:3, num_conditions:1
condition:13, metric:[  0. 150. 150.]
Validation end
avg metric shape: (13, 3)
iteration 14000 : model2_dice_score : 0.423164 model2_hd95 : 46.153846
save model to ../model/BTCV_5_C3PS_cond_mode_film_began_semi2000_con4000_SGD_SGD/unet_3D_old/model_iter_14000.pth
save model2 to ../model/BTCV_5_C3PS_cond_mode_film_began_semi2000_con4000_SGD_SGD/unet_3D_old/model2_iter_14000.pth
iteration 14020 :model1 loss : 0.258006model2 loss : 0.053774pseudo_supervision1 : 0.000000pseudo_supervision2 : 0.503236
iteration 14040 :model1 loss : 0.279402model2 loss : 0.146390pseudo_supervision1 : 0.000000pseudo_supervision2 : 0.556067
iteration 14060 :model1 loss : 0.298342model2 loss : 0.275216pseudo_supervision1 : 0.088459pseudo_supervision2 : 0.071585
iteration 14080 :model1 loss : 0.127567model2 loss : 0.249552pseudo_supervision1 : 0.073276pseudo_supervision2 : 0.107985
iteration 14100 :model1 loss : 0.355519model2 loss : 0.070166pseudo_supervision1 : 0.000000pseudo_supervision2 : 0.034587
iteration 14120 :model1 loss : 0.220512model2 loss : 0.050737pseudo_supervision1 : 0.000000pseudo_supervision2 : 0.500026
iteration 14140 :model1 loss : 0.144547model2 loss : 0.078929pseudo_supervision1 : 0.000000pseudo_supervision2 : 0.501627
iteration 14160 :model1 loss : 0.157436model2 loss : 0.049358pseudo_supervision1 : 0.000000pseudo_supervision2 : 0.155488
iteration 14180 :model1 loss : 0.168341model2 loss : 0.225501pseudo_supervision1 : 0.000000pseudo_supervision2 : 0.502707
iteration 14200 :model1 loss : 0.174917model2 loss : 0.065609pseudo_supervision1 : 0.123861pseudo_supervision2 : 0.090170
save model to ../model/BTCV_5_C3PS_cond_mode_film_began_semi2000_con4000_SGD_SGD/unet_3D_old/model_iter_14200.pth
save model2 to ../model/BTCV_5_C3PS_cond_mode_film_began_semi2000_con4000_SGD_SGD/unet_3D_old/model2_iter_14200.pth
iteration 14220 :model1 loss : 0.146624model2 loss : 0.077353pseudo_supervision1 : 0.000000pseudo_supervision2 : 0.383613
iteration 14240 :model1 loss : 0.186801model2 loss : 0.037157pseudo_supervision1 : 0.340432pseudo_supervision2 : 0.022519
iteration 14260 :model1 loss : 0.141702model2 loss : 0.056220pseudo_supervision1 : 0.000000pseudo_supervision2 : 0.500104
iteration 14280 :model1 loss : 0.142910model2 loss : 0.060729pseudo_supervision1 : 0.403042pseudo_supervision2 : 0.087175
iteration 14300 :model1 loss : 0.381109model2 loss : 0.035073pseudo_supervision1 : 0.000000pseudo_supervision2 : 0.501325
iteration 14320 :model1 loss : 0.255195model2 loss : 0.030439pseudo_supervision1 : 4.678630pseudo_supervision2 : 0.294090
iteration 14340 :model1 loss : 0.193419model2 loss : 0.030780pseudo_supervision1 : 0.990435pseudo_supervision2 : 0.052256
iteration 14360 :model1 loss : 0.147321model2 loss : 0.041549pseudo_supervision1 : 0.000000pseudo_supervision2 : 0.500209
iteration 14380 :model1 loss : 0.150824model2 loss : 0.072908pseudo_supervision1 : 0.256442pseudo_supervision2 : 0.050924
iteration 14400 :model1 loss : 0.389696model2 loss : 0.066166pseudo_supervision1 : 0.000000pseudo_supervision2 : 0.500037
began evaluation!
iteration 14400: validation sampled 4/12 cases
Total test images: 4
Validation begin
Validation end
avg metric shape: (13, 3)
iteration 14400 : model_dice_score : 0.594231 model_hd95 : 0.000000
began evaluation!
Total test images: 4
Validation begin
===>test image:/projects/weilab/liupeng/dataset/ssl_seg/BTCV/Training_resampled_1.5_1.5_2.0_npy_zscore/img/img0001.npy
condition batch eval, img shape:(220, 228, 228), sx:3, sy:3, sz:3, num_conditions:2
condition:1, metric:[0.91606326 0.         0.        ]
condition:2, metric:[0.65186031 0.         0.        ]
condition batch eval, img shape:(220, 228, 228), sx:3, sy:3, sz:3, num_conditions:2
condition:3, metric:[0.69646367 0.         0.        ]
condition:4, metric:[  0. 150. 150.]
condition batch eval, img shape:(220, 228, 228), sx:3, sy:3, sz:3, num_conditions:2
condition:5, metric:[  0. 150. 150.]
condition:6, metric:[0.92804164 0.         0.        ]
condition batch eval, img shape:(220, 228, 228), sx:3, sy:3, sz:3, num_conditions:2
condition:7, metric:[0.63423267 0.         0.        ]
condition:8, metric:[0.69004415 0.         0.        ]
condition batch eval, img shape:(220, 228, 228), sx:3, sy:3, sz:3, num_conditions:2
condition:9, metric:[0.7708404 0.        0.       ]
condition:10, metric:[0.61284635 0.         0.        ]
condition batch eval, img shape:(220, 228, 228), sx:3, sy:3, sz:3, num_conditions:2
condition:11, metric:[0.20996376 0.         0.        ]
condition:12, metric:[  0. 150. 150.]
condition batch eval, img shape:(220, 228, 228), sx:3, sy:3, sz:3, num_conditions:1
condition:13, metric:[  0. 150. 150.]
===>test image:/projects/weilab/liupeng/dataset/ssl_seg/BTCV/Training_resampled_1.5_1.5_2.0_npy_zscore/img/img0032.npy
condition batch eval, img shape:(216, 253, 253), sx:3, sy:3, sz:3, num_conditions:2
condition:1, metric:[0.79105137 0.         0.        ]
condition:2, metric:[0.91744746 0.         0.        ]
condition batch eval, img shape:(216, 253, 253), sx:3, sy:3, sz:3, num_conditions:2
condition:3, metric:[0.79193788 0.         0.        ]
condition:4, metric:[  0. 150. 150.]
condition batch eval, img shape:(216, 253, 253), sx:3, sy:3, sz:3, num_conditions:2
condition:5, metric:[  0. 150. 150.]
condition:6, metric:[0.92505274 0.         0.        ]
condition batch eval, img shape:(216, 253, 253), sx:3, sy:3, sz:3, num_conditions:2
condition:7, metric:[0.68688967 0.         0.        ]
condition:8, metric:[0.87113295 0.         0.        ]
condition batch eval, img shape:(216, 253, 253), sx:3, sy:3, sz:3, num_conditions:2
condition:9, metric:[0.69536938 0.         0.        ]
condition:10, metric:[0.42468806 0.         0.        ]
condition batch eval, img shape:(216, 253, 253), sx:3, sy:3, sz:3, num_conditions:2
condition:11, metric:[0.33847053 0.         0.        ]
condition:12, metric:[  0. 150. 150.]
condition batch eval, img shape:(216, 253, 253), sx:3, sy:3, sz:3, num_conditions:1
condition:13, metric:[  0. 150. 150.]
===>test image:/projects/weilab/liupeng/dataset/ssl_seg/BTCV/Training_resampled_1.5_1.5_2.0_npy_zscore/img/img0038.npy
condition batch eval, img shape:(250, 333, 333), sx:4, sy:4, sz:4, num_conditions:2
condition:1, metric:[0.71837747 0.         0.        ]
condition:2, metric:[0.82479412 0.         0.        ]
condition batch eval, img shape:(250, 333, 333), sx:4, sy:4, sz:4, num_conditions:2
condition:3, metric:[0.8705885 0.        0.       ]
condition:4, metric:[  0. 150. 150.]
condition batch eval, img shape:(250, 333, 333), sx:4, sy:4, sz:4, num_conditions:2
condition:5, metric:[  0. 150. 150.]
condition:6, metric:[0.82979154 0.         0.        ]
condition batch eval, img shape:(250, 333, 333), sx:4, sy:4, sz:4, num_conditions:2
condition:7, metric:[0.39726439 0.         0.        ]
condition:8, metric:[0.8874995 0.        0.       ]
condition batch eval, img shape:(250, 333, 333), sx:4, sy:4, sz:4, num_conditions:2
condition:9, metric:[0.68625442 0.         0.        ]
condition:10, metric:[0.61039055 0.         0.        ]
condition batch eval, img shape:(250, 333, 333), sx:4, sy:4, sz:4, num_conditions:2
condition:11, metric:[0.6478879 0.        0.       ]
condition:12, metric:[  0. 150. 150.]
condition batch eval, img shape:(250, 333, 333), sx:4, sy:4, sz:4, num_conditions:1
condition:13, metric:[  0. 150. 150.]
===>test image:/projects/weilab/liupeng/dataset/ssl_seg/BTCV/Training_resampled_1.5_1.5_2.0_npy_zscore/img/img0036.npy
condition batch eval, img shape:(276, 255, 255), sx:4, sy:3, sz:3, num_conditions:2
condition:1, metric:[0.91656398 0.         0.        ]
condition:2, metric:[0.95071478 0.         0.        ]
condition batch eval, img shape:(276, 255, 255), sx:4, sy:3, sz:3, num_conditions:2
condition:3, metric:[0.91978858 0.         0.        ]
condition:4, metric:[  0. 150. 150.]
condition batch eval, img shape:(276, 255, 255), sx:4, sy:3, sz:3, num_conditions:2
condition:5, metric:[  0. 150. 150.]
condition:6, metric:[0.93195637 0.         0.        ]
condition batch eval, img shape:(276, 255, 255), sx:4, sy:3, sz:3, num_conditions:2
condition:7, metric:[0.88944085 0.         0.        ]
condition:8, metric:[0.8499384 0.        0.       ]
condition batch eval, img shape:(276, 255, 255), sx:4, sy:3, sz:3, num_conditions:2
condition:9, metric:[0.73137929 0.         0.        ]
condition:10, metric:[0.49240285 0.         0.        ]
condition batch eval, img shape:(276, 255, 255), sx:4, sy:3, sz:3, num_conditions:2
condition:11, metric:[0.66015367 0.         0.        ]
condition:12, metric:[  0. 150. 150.]
condition batch eval, img shape:(276, 255, 255), sx:4, sy:3, sz:3, num_conditions:1
condition:13, metric:[  0. 150. 150.]
Validation end
avg metric shape: (13, 3)
iteration 14400 : model2_dice_score : 0.507069 model2_hd95 : 46.153846
save model to ../model/BTCV_5_C3PS_cond_mode_film_began_semi2000_con4000_SGD_SGD/unet_3D_old/model_iter_14400.pth
save model2 to ../model/BTCV_5_C3PS_cond_mode_film_began_semi2000_con4000_SGD_SGD/unet_3D_old/model2_iter_14400.pth
iteration 14420 :model1 loss : 0.239960model2 loss : 0.263294pseudo_supervision1 : 3.344358pseudo_supervision2 : 0.360521
iteration 14440 :model1 loss : 0.170275model2 loss : 0.045069pseudo_supervision1 : 0.000000pseudo_supervision2 : 0.500026
iteration 14460 :model1 loss : 0.138252model2 loss : 0.049304pseudo_supervision1 : 0.000000pseudo_supervision2 : 0.095745
iteration 14480 :model1 loss : 0.126916model2 loss : 0.042800pseudo_supervision1 : 0.143595pseudo_supervision2 : 0.224301
iteration 14500 :model1 loss : 0.350874model2 loss : 0.022519pseudo_supervision1 : 0.059196pseudo_supervision2 : 0.050450
iteration 14520 :model1 loss : 0.164828model2 loss : 0.043776pseudo_supervision1 : 0.000000pseudo_supervision2 : 0.500045
iteration 14540 :model1 loss : 0.141202model2 loss : 0.055485pseudo_supervision1 : 0.568648pseudo_supervision2 : 0.026612
iteration 14560 :model1 loss : 0.151563model2 loss : 0.042292pseudo_supervision1 : 0.161040pseudo_supervision2 : 0.094301
iteration 14580 :model1 loss : 0.125132model2 loss : 0.268405pseudo_supervision1 : 0.000000pseudo_supervision2 : 0.493752
iteration 14600 :model1 loss : 0.129106model2 loss : 0.040593pseudo_supervision1 : 0.000000pseudo_supervision2 : 0.500875
save model to ../model/BTCV_5_C3PS_cond_mode_film_began_semi2000_con4000_SGD_SGD/unet_3D_old/model_iter_14600.pth
save model2 to ../model/BTCV_5_C3PS_cond_mode_film_began_semi2000_con4000_SGD_SGD/unet_3D_old/model2_iter_14600.pth
iteration 14620 :model1 loss : 0.174416model2 loss : 0.042454pseudo_supervision1 : 0.000000pseudo_supervision2 : 0.500419
iteration 14640 :model1 loss : 0.213901model2 loss : 0.071078pseudo_supervision1 : 0.337336pseudo_supervision2 : 0.049757
iteration 14660 :model1 loss : 0.178283model2 loss : 0.022637pseudo_supervision1 : 0.468876pseudo_supervision2 : 0.017103
iteration 14680 :model1 loss : 0.154627model2 loss : 0.278070pseudo_supervision1 : 0.000000pseudo_supervision2 : 0.501261
iteration 14700 :model1 loss : 0.146213model2 loss : 0.020778pseudo_supervision1 : 0.510634pseudo_supervision2 : 0.020020
iteration 14720 :model1 loss : 0.122709model2 loss : 0.129390pseudo_supervision1 : 0.000000pseudo_supervision2 : 0.350875
iteration 14740 :model1 loss : 0.147130model2 loss : 0.053072pseudo_supervision1 : 0.000000pseudo_supervision2 : 0.501038
iteration 14760 :model1 loss : 0.166821model2 loss : 0.139326pseudo_supervision1 : 0.000000pseudo_supervision2 : 0.401429
iteration 14780 :model1 loss : 0.174608model2 loss : 0.027523pseudo_supervision1 : 0.271012pseudo_supervision2 : 0.055990
iteration 14800 :model1 loss : 0.402375model2 loss : 0.097175pseudo_supervision1 : 0.000000pseudo_supervision2 : 0.500129
began evaluation!
iteration 14800: validation sampled 4/12 cases
Total test images: 4
Validation begin
Validation end
avg metric shape: (13, 3)
iteration 14800 : model_dice_score : 0.514724 model_hd95 : 11.538462
began evaluation!
Total test images: 4
Validation begin
===>test image:/projects/weilab/liupeng/dataset/ssl_seg/BTCV/Training_resampled_1.5_1.5_2.0_npy_zscore/img/img0035.npy
condition batch eval, img shape:(235, 314, 314), sx:4, sy:4, sz:4, num_conditions:2
condition:1, metric:[0.92416087 0.         0.        ]
condition:2, metric:[0.86975597 0.         0.        ]
condition batch eval, img shape:(235, 314, 314), sx:4, sy:4, sz:4, num_conditions:2
condition:3, metric:[0.83730281 0.         0.        ]
condition:4, metric:[  0. 150. 150.]
condition batch eval, img shape:(235, 314, 314), sx:4, sy:4, sz:4, num_conditions:2
condition:5, metric:[  0. 150. 150.]
condition:6, metric:[0.90392223 0.         0.        ]
condition batch eval, img shape:(235, 314, 314), sx:4, sy:4, sz:4, num_conditions:2
condition:7, metric:[0.8378288 0.        0.       ]
condition:8, metric:[0.8198311 0.        0.       ]
condition batch eval, img shape:(235, 314, 314), sx:4, sy:4, sz:4, num_conditions:2
condition:9, metric:[0.82163119 0.         0.        ]
condition:10, metric:[0.52593839 0.         0.        ]
condition batch eval, img shape:(235, 314, 314), sx:4, sy:4, sz:4, num_conditions:2
condition:11, metric:[0.51832577 0.         0.        ]
condition:12, metric:[  0. 150. 150.]
condition batch eval, img shape:(235, 314, 314), sx:4, sy:4, sz:4, num_conditions:1
condition:13, metric:[  0. 150. 150.]
===>test image:/projects/weilab/liupeng/dataset/ssl_seg/BTCV/Training_resampled_1.5_1.5_2.0_npy_zscore/img/img0002.npy
condition batch eval, img shape:(208, 246, 246), sx:3, sy:3, sz:3, num_conditions:2
condition:1, metric:[0.86564565 0.         0.        ]
condition:2, metric:[0.92917317 0.         0.        ]
condition batch eval, img shape:(208, 246, 246), sx:3, sy:3, sz:3, num_conditions:2
condition:3, metric:[0.86332479 0.         0.        ]
condition:4, metric:[  0. 150. 150.]
condition batch eval, img shape:(208, 246, 246), sx:3, sy:3, sz:3, num_conditions:2
condition:5, metric:[  0. 150. 150.]
condition:6, metric:[0.92005033 0.         0.        ]
condition batch eval, img shape:(208, 246, 246), sx:3, sy:3, sz:3, num_conditions:2
condition:7, metric:[0.54847395 0.         0.        ]
condition:8, metric:[0.69022604 0.         0.        ]
condition batch eval, img shape:(208, 246, 246), sx:3, sy:3, sz:3, num_conditions:2
condition:9, metric:[0.8384747 0.        0.       ]
condition:10, metric:[0.59514317 0.         0.        ]
condition batch eval, img shape:(208, 246, 246), sx:3, sy:3, sz:3, num_conditions:2
condition:11, metric:[0.57029445 0.         0.        ]
condition:12, metric:[  0. 150. 150.]
condition batch eval, img shape:(208, 246, 246), sx:3, sy:3, sz:3, num_conditions:1
condition:13, metric:[  0. 150. 150.]
===>test image:/projects/weilab/liupeng/dataset/ssl_seg/BTCV/Training_resampled_1.5_1.5_2.0_npy_zscore/img/img0029.npy
condition batch eval, img shape:(150, 299, 299), sx:2, sy:4, sz:4, num_conditions:2
condition:1, metric:[0.87933866 0.         0.        ]
condition:2, metric:[0.90031673 0.         0.        ]
condition batch eval, img shape:(150, 299, 299), sx:2, sy:4, sz:4, num_conditions:2
condition:3, metric:[0.90677809 0.         0.        ]
condition:4, metric:[  0. 150. 150.]
condition batch eval, img shape:(150, 299, 299), sx:2, sy:4, sz:4, num_conditions:2
condition:5, metric:[  0. 150. 150.]
condition:6, metric:[0.93326695 0.         0.        ]
condition batch eval, img shape:(150, 299, 299), sx:2, sy:4, sz:4, num_conditions:2
condition:7, metric:[0.39576689 0.         0.        ]
condition:8, metric:[0.90845753 0.         0.        ]
condition batch eval, img shape:(150, 299, 299), sx:2, sy:4, sz:4, num_conditions:2
condition:9, metric:[0.8812414 0.        0.       ]
condition:10, metric:[0.14692347 0.         0.        ]
condition batch eval, img shape:(150, 299, 299), sx:2, sy:4, sz:4, num_conditions:2
condition:11, metric:[0.41700379 0.         0.        ]
condition:12, metric:[  0. 150. 150.]
condition batch eval, img shape:(150, 299, 299), sx:2, sy:4, sz:4, num_conditions:1
condition:13, metric:[  0. 150. 150.]
===>test image:/projects/weilab/liupeng/dataset/ssl_seg/BTCV/Training_resampled_1.5_1.5_2.0_npy_zscore/img/img0036.npy
condition batch eval, img shape:(276, 255, 255), sx:4, sy:3, sz:3, num_conditions:2
condition:1, metric:[0.9335559 0.        0.       ]
condition:2, metric:[0.94809446 0.         0.        ]
condition batch eval, img shape:(276, 255, 255), sx:4, sy:3, sz:3, num_conditions:2
condition:3, metric:[0.89793745 0.         0.        ]
condition:4, metric:[  0. 150. 150.]
condition batch eval, img shape:(276, 255, 255), sx:4, sy:3, sz:3, num_conditions:2
condition:5, metric:[  0. 150. 150.]
condition:6, metric:[0.92273463 0.         0.        ]
condition batch eval, img shape:(276, 255, 255), sx:4, sy:3, sz:3, num_conditions:2
condition:7, metric:[0.87503736 0.         0.        ]
condition:8, metric:[0.85023559 0.         0.        ]
condition batch eval, img shape:(276, 255, 255), sx:4, sy:3, sz:3, num_conditions:2
condition:9, metric:[0.75107246 0.         0.        ]
condition:10, metric:[0.52111629 0.         0.        ]
condition batch eval, img shape:(276, 255, 255), sx:4, sy:3, sz:3, num_conditions:2
condition:11, metric:[0.65036378 0.         0.        ]
condition:12, metric:[  0. 150. 150.]
condition batch eval, img shape:(276, 255, 255), sx:4, sy:3, sz:3, num_conditions:1
condition:13, metric:[  0. 150. 150.]
Validation end
avg metric shape: (13, 3)
iteration 14800 : model2_dice_score : 0.530745 model2_hd95 : 46.153846
save model to ../model/BTCV_5_C3PS_cond_mode_film_began_semi2000_con4000_SGD_SGD/unet_3D_old/model_iter_14800.pth
save model2 to ../model/BTCV_5_C3PS_cond_mode_film_began_semi2000_con4000_SGD_SGD/unet_3D_old/model2_iter_14800.pth
iteration 14820 :model1 loss : 0.171107model2 loss : 0.054216pseudo_supervision1 : 0.000000pseudo_supervision2 : 0.500725
iteration 14840 :model1 loss : 0.132184model2 loss : 0.277895pseudo_supervision1 : 0.000000pseudo_supervision2 : 0.501024
iteration 14860 :model1 loss : 0.135186model2 loss : 0.035248pseudo_supervision1 : 0.000000pseudo_supervision2 : 0.500612
iteration 14880 :model1 loss : 0.188326model2 loss : 0.044511pseudo_supervision1 : 2.246072pseudo_supervision2 : 0.436212
iteration 14900 :model1 loss : 0.217246model2 loss : 0.040408pseudo_supervision1 : 0.000000pseudo_supervision2 : 0.500835
iteration 14920 :model1 loss : 0.345966model2 loss : 0.266981pseudo_supervision1 : 6.304513pseudo_supervision2 : 0.349670
iteration 14940 :model1 loss : 0.198037model2 loss : 0.063757pseudo_supervision1 : 0.000000pseudo_supervision2 : 0.503549
iteration 14960 :model1 loss : 0.261837model2 loss : 0.084260pseudo_supervision1 : 0.000000pseudo_supervision2 : 0.498951
iteration 14980 :model1 loss : 0.198607model2 loss : 0.261226pseudo_supervision1 : 0.681109pseudo_supervision2 : 0.007928
iteration 15000 :model1 loss : 0.147656model2 loss : 0.038504pseudo_supervision1 : 0.000000pseudo_supervision2 : 0.500269
save model to ../model/BTCV_5_C3PS_cond_mode_film_began_semi2000_con4000_SGD_SGD/unet_3D_old/model_iter_15000.pth
save model2 to ../model/BTCV_5_C3PS_cond_mode_film_began_semi2000_con4000_SGD_SGD/unet_3D_old/model2_iter_15000.pth
iteration 15020 :model1 loss : 0.141735model2 loss : 0.045657pseudo_supervision1 : 0.000000pseudo_supervision2 : 0.500017
iteration 15040 :model1 loss : 0.242784model2 loss : 0.103206pseudo_supervision1 : 0.000000pseudo_supervision2 : 0.416121
iteration 15060 :model1 loss : 0.142945model2 loss : 0.061976pseudo_supervision1 : 0.000000pseudo_supervision2 : 0.501108
iteration 15080 :model1 loss : 0.184285model2 loss : 0.029881pseudo_supervision1 : 0.603717pseudo_supervision2 : 0.023800
iteration 15100 :model1 loss : 0.141459model2 loss : 0.069053pseudo_supervision1 : 0.000000pseudo_supervision2 : 0.507150
iteration 15120 :model1 loss : 0.125526model2 loss : 0.064379pseudo_supervision1 : 0.000000pseudo_supervision2 : 0.500058
iteration 15140 :model1 loss : 0.235455model2 loss : 0.113834pseudo_supervision1 : 0.309113pseudo_supervision2 : 0.045512
iteration 15160 :model1 loss : 0.327757model2 loss : 0.178428pseudo_supervision1 : 0.000000pseudo_supervision2 : 0.500626
iteration 15180 :model1 loss : 0.206052model2 loss : 0.037625pseudo_supervision1 : 0.359174pseudo_supervision2 : 0.041630
iteration 15200 :model1 loss : 0.176378model2 loss : 0.069492pseudo_supervision1 : 0.472371pseudo_supervision2 : 0.040579
began evaluation!
iteration 15200: validation sampled 4/12 cases
Total test images: 4
Validation begin
Validation end
avg metric shape: (13, 3)
iteration 15200 : model_dice_score : 0.602537 model_hd95 : 2.884615
began evaluation!
Total test images: 4
Validation begin
===>test image:/projects/weilab/liupeng/dataset/ssl_seg/BTCV/Training_resampled_1.5_1.5_2.0_npy_zscore/img/img0004.npy
condition batch eval, img shape:(210, 203, 203), sx:3, sy:2, sz:2, num_conditions:2
condition:1, metric:[0.84641376 0.         0.        ]
condition:2, metric:[0.67328162 0.         0.        ]
condition batch eval, img shape:(210, 203, 203), sx:3, sy:2, sz:2, num_conditions:2
condition:3, metric:[0.80728615 0.         0.        ]
condition:4, metric:[  0. 150. 150.]
condition batch eval, img shape:(210, 203, 203), sx:3, sy:2, sz:2, num_conditions:2
condition:5, metric:[  0. 150. 150.]
condition:6, metric:[0.86053247 0.         0.        ]
condition batch eval, img shape:(210, 203, 203), sx:3, sy:2, sz:2, num_conditions:2
condition:7, metric:[0.27098876 0.         0.        ]
condition:8, metric:[0.81921016 0.         0.        ]
condition batch eval, img shape:(210, 203, 203), sx:3, sy:2, sz:2, num_conditions:2
condition:9, metric:[0.79320255 0.         0.        ]
condition:10, metric:[0.50298094 0.         0.        ]
condition batch eval, img shape:(210, 203, 203), sx:3, sy:2, sz:2, num_conditions:2
condition:11, metric:[0.16462299 0.         0.        ]
condition:12, metric:[  0. 150. 150.]
condition batch eval, img shape:(210, 203, 203), sx:3, sy:2, sz:2, num_conditions:1
condition:13, metric:[  0. 150. 150.]
===>test image:/projects/weilab/liupeng/dataset/ssl_seg/BTCV/Training_resampled_1.5_1.5_2.0_npy_zscore/img/img0029.npy
condition batch eval, img shape:(150, 299, 299), sx:2, sy:4, sz:4, num_conditions:2
condition:1, metric:[0.83653282 0.         0.        ]
condition:2, metric:[0.88346231 0.         0.        ]
condition batch eval, img shape:(150, 299, 299), sx:2, sy:4, sz:4, num_conditions:2
condition:3, metric:[0.86861328 0.         0.        ]
condition:4, metric:[  0. 150. 150.]
condition batch eval, img shape:(150, 299, 299), sx:2, sy:4, sz:4, num_conditions:2
condition:5, metric:[  0. 150. 150.]
condition:6, metric:[0.91755125 0.         0.        ]
condition batch eval, img shape:(150, 299, 299), sx:2, sy:4, sz:4, num_conditions:2
condition:7, metric:[0.15965196 0.         0.        ]
condition:8, metric:[0.90286632 0.         0.        ]
condition batch eval, img shape:(150, 299, 299), sx:2, sy:4, sz:4, num_conditions:2
condition:9, metric:[0.85163581 0.         0.        ]
condition:10, metric:[0.51420421 0.         0.        ]
condition batch eval, img shape:(150, 299, 299), sx:2, sy:4, sz:4, num_conditions:2
condition:11, metric:[0.46924064 0.         0.        ]
condition:12, metric:[  0. 150. 150.]
condition batch eval, img shape:(150, 299, 299), sx:2, sy:4, sz:4, num_conditions:1
condition:13, metric:[  0. 150. 150.]
===>test image:/projects/weilab/liupeng/dataset/ssl_seg/BTCV/Training_resampled_1.5_1.5_2.0_npy_zscore/img/img0038.npy
condition batch eval, img shape:(250, 333, 333), sx:4, sy:4, sz:4, num_conditions:2
condition:1, metric:[0.64882437 0.         0.        ]
condition:2, metric:[0.85682154 0.         0.        ]
condition batch eval, img shape:(250, 333, 333), sx:4, sy:4, sz:4, num_conditions:2
condition:3, metric:[0.89282707 0.         0.        ]
condition:4, metric:[  0. 150. 150.]
condition batch eval, img shape:(250, 333, 333), sx:4, sy:4, sz:4, num_conditions:2
condition:5, metric:[  0. 150. 150.]
condition:6, metric:[0.87286683 0.         0.        ]
condition batch eval, img shape:(250, 333, 333), sx:4, sy:4, sz:4, num_conditions:2
condition:7, metric:[0.44124379 0.         0.        ]
condition:8, metric:[0.89259831 0.         0.        ]
condition batch eval, img shape:(250, 333, 333), sx:4, sy:4, sz:4, num_conditions:2
condition:9, metric:[0.72347607 0.         0.        ]
condition:10, metric:[0.62871472 0.         0.        ]
condition batch eval, img shape:(250, 333, 333), sx:4, sy:4, sz:4, num_conditions:2
condition:11, metric:[0.51900558 0.         0.        ]
condition:12, metric:[  0. 150. 150.]
condition batch eval, img shape:(250, 333, 333), sx:4, sy:4, sz:4, num_conditions:1
condition:13, metric:[  0. 150. 150.]
===>test image:/projects/weilab/liupeng/dataset/ssl_seg/BTCV/Training_resampled_1.5_1.5_2.0_npy_zscore/img/img0003.npy
condition batch eval, img shape:(297, 307, 307), sx:5, sy:4, sz:4, num_conditions:2
condition:1, metric:[0.34188804 0.         0.        ]
condition:2, metric:[0.94301312 0.         0.        ]
condition batch eval, img shape:(297, 307, 307), sx:5, sy:4, sz:4, num_conditions:2
condition:3, metric:[0.93653534 0.         0.        ]
condition:4, metric:[  0. 150. 150.]
condition batch eval, img shape:(297, 307, 307), sx:5, sy:4, sz:4, num_conditions:2
condition:5, metric:[  0. 150. 150.]
condition:6, metric:[0.83139944 0.         0.        ]
condition batch eval, img shape:(297, 307, 307), sx:5, sy:4, sz:4, num_conditions:2
condition:7, metric:[0.00156503 0.         0.        ]
condition:8, metric:[0.79645382 0.         0.        ]
condition batch eval, img shape:(297, 307, 307), sx:5, sy:4, sz:4, num_conditions:2
condition:9, metric:[0.69892766 0.         0.        ]
condition:10, metric:[0.32526601 0.         0.        ]
condition batch eval, img shape:(297, 307, 307), sx:5, sy:4, sz:4, num_conditions:2
condition:11, metric:[0.12357948 0.         0.        ]
condition:12, metric:[  0. 150. 150.]
condition batch eval, img shape:(297, 307, 307), sx:5, sy:4, sz:4, num_conditions:1
condition:13, metric:[  0. 150. 150.]
Validation end
avg metric shape: (13, 3)
iteration 15200 : model2_dice_score : 0.454179 model2_hd95 : 46.153846
save model to ../model/BTCV_5_C3PS_cond_mode_film_began_semi2000_con4000_SGD_SGD/unet_3D_old/model_iter_15200.pth
save model2 to ../model/BTCV_5_C3PS_cond_mode_film_began_semi2000_con4000_SGD_SGD/unet_3D_old/model2_iter_15200.pth
iteration 15220 :model1 loss : 0.145382model2 loss : 0.080968pseudo_supervision1 : 0.000000pseudo_supervision2 : 0.393122
iteration 15240 :model1 loss : 0.127122model2 loss : 0.038848pseudo_supervision1 : 0.000000pseudo_supervision2 : 0.500122
iteration 15260 :model1 loss : 0.163270model2 loss : 0.199922pseudo_supervision1 : 0.437665pseudo_supervision2 : 0.058319
iteration 15280 :model1 loss : 0.184847model2 loss : 0.052831pseudo_supervision1 : 0.000000pseudo_supervision2 : 0.500473
iteration 15300 :model1 loss : 0.357760model2 loss : 0.068573pseudo_supervision1 : 1.168273pseudo_supervision2 : 0.115672
iteration 15320 :model1 loss : 0.258145model2 loss : 0.053145pseudo_supervision1 : 1.328550pseudo_supervision2 : 0.220412
iteration 15340 :model1 loss : 0.155924model2 loss : 0.032303pseudo_supervision1 : 0.325884pseudo_supervision2 : 0.019358
iteration 15360 :model1 loss : 0.241283model2 loss : 0.042369pseudo_supervision1 : 0.162493pseudo_supervision2 : 0.227703
iteration 15380 :model1 loss : 0.167545model2 loss : 0.039901pseudo_supervision1 : 0.000000pseudo_supervision2 : 0.502879
iteration 15400 :model1 loss : 0.472932model2 loss : 0.253013pseudo_supervision1 : 0.000000pseudo_supervision2 : 0.089495
save model to ../model/BTCV_5_C3PS_cond_mode_film_began_semi2000_con4000_SGD_SGD/unet_3D_old/model_iter_15400.pth
save model2 to ../model/BTCV_5_C3PS_cond_mode_film_began_semi2000_con4000_SGD_SGD/unet_3D_old/model2_iter_15400.pth
iteration 15420 :model1 loss : 0.195947model2 loss : 0.058792pseudo_supervision1 : 0.000000pseudo_supervision2 : 0.495291
iteration 15440 :model1 loss : 0.183956model2 loss : 0.078699pseudo_supervision1 : 0.300254pseudo_supervision2 : 0.013169
iteration 15460 :model1 loss : 0.190742model2 loss : 0.068619pseudo_supervision1 : 0.263363pseudo_supervision2 : 0.055695
iteration 15480 :model1 loss : 0.154570model2 loss : 0.041852pseudo_supervision1 : 0.000000pseudo_supervision2 : 0.500576
iteration 15500 :model1 loss : 0.142580model2 loss : 0.051271pseudo_supervision1 : 0.427420pseudo_supervision2 : 0.026511
iteration 15520 :model1 loss : 0.170972model2 loss : 0.044021pseudo_supervision1 : 1.075952pseudo_supervision2 : 0.221131
iteration 15540 :model1 loss : 0.166880model2 loss : 0.268497pseudo_supervision1 : 0.000000pseudo_supervision2 : 0.500675
iteration 15560 :model1 loss : 0.197387model2 loss : 0.267092pseudo_supervision1 : 0.000000pseudo_supervision2 : 0.500622
iteration 15580 :model1 loss : 0.137855model2 loss : 0.090749pseudo_supervision1 : 0.254041pseudo_supervision2 : 0.078306
iteration 15600 :model1 loss : 0.129495model2 loss : 0.076331pseudo_supervision1 : 0.000000pseudo_supervision2 : 0.500086
began evaluation!
iteration 15600: validation sampled 4/12 cases
Total test images: 4
Validation begin
Validation end
avg metric shape: (13, 3)
iteration 15600 : model_dice_score : 0.539418 model_hd95 : 2.884615
began evaluation!
Total test images: 4
Validation begin
===>test image:/projects/weilab/liupeng/dataset/ssl_seg/BTCV/Training_resampled_1.5_1.5_2.0_npy_zscore/img/img0004.npy
condition batch eval, img shape:(210, 203, 203), sx:3, sy:2, sz:2, num_conditions:2
condition:1, metric:[0.87987426 0.         0.        ]
condition:2, metric:[0.7987861 0.        0.       ]
condition batch eval, img shape:(210, 203, 203), sx:3, sy:2, sz:2, num_conditions:2
condition:3, metric:[0.71603767 0.         0.        ]
condition:4, metric:[  0. 150. 150.]
condition batch eval, img shape:(210, 203, 203), sx:3, sy:2, sz:2, num_conditions:2
condition:5, metric:[  0. 150. 150.]
condition:6, metric:[0.88169516 0.         0.        ]
condition batch eval, img shape:(210, 203, 203), sx:3, sy:2, sz:2, num_conditions:2
condition:7, metric:[0.38973769 0.         0.        ]
condition:8, metric:[0.66747675 0.         0.        ]
condition batch eval, img shape:(210, 203, 203), sx:3, sy:2, sz:2, num_conditions:2
condition:9, metric:[0.81725042 0.         0.        ]
condition:10, metric:[0.41447444 0.         0.        ]
condition batch eval, img shape:(210, 203, 203), sx:3, sy:2, sz:2, num_conditions:2
condition:11, metric:[0.29268614 0.         0.        ]
condition:12, metric:[  0. 150. 150.]
condition batch eval, img shape:(210, 203, 203), sx:3, sy:2, sz:2, num_conditions:1
condition:13, metric:[  0. 150. 150.]
===>test image:/projects/weilab/liupeng/dataset/ssl_seg/BTCV/Training_resampled_1.5_1.5_2.0_npy_zscore/img/img0025.npy
condition batch eval, img shape:(212, 284, 284), sx:3, sy:3, sz:3, num_conditions:2
condition:1, metric:[0.83488348 0.         0.        ]
condition:2, metric:[0.00309571 0.         0.        ]
condition batch eval, img shape:(212, 284, 284), sx:3, sy:3, sz:3, num_conditions:2
condition:3, metric:[0.62106049 0.         0.        ]
condition:4, metric:[  0. 150. 150.]
condition batch eval, img shape:(212, 284, 284), sx:3, sy:3, sz:3, num_conditions:2
condition:5, metric:[  0. 150. 150.]
condition:6, metric:[0.95840432 0.         0.        ]
condition batch eval, img shape:(212, 284, 284), sx:3, sy:3, sz:3, num_conditions:2
condition:7, metric:[0.36573587 0.         0.        ]
condition:8, metric:[0.78990751 0.         0.        ]
condition batch eval, img shape:(212, 284, 284), sx:3, sy:3, sz:3, num_conditions:2
condition:9, metric:[0.66660606 0.         0.        ]
condition:10, metric:[  0. 150. 150.]
condition batch eval, img shape:(212, 284, 284), sx:3, sy:3, sz:3, num_conditions:2
condition:11, metric:[0.55815175 0.         0.        ]
condition:12, metric:[  0. 150. 150.]
condition batch eval, img shape:(212, 284, 284), sx:3, sy:3, sz:3, num_conditions:1
condition:13, metric:[  0. 150. 150.]
===>test image:/projects/weilab/liupeng/dataset/ssl_seg/BTCV/Training_resampled_1.5_1.5_2.0_npy_zscore/img/img0002.npy
condition batch eval, img shape:(208, 246, 246), sx:3, sy:3, sz:3, num_conditions:2
condition:1, metric:[0.87978077 0.         0.        ]
condition:2, metric:[0.92362366 0.         0.        ]
condition batch eval, img shape:(208, 246, 246), sx:3, sy:3, sz:3, num_conditions:2
condition:3, metric:[0.78550871 0.         0.        ]
condition:4, metric:[  0. 150. 150.]
condition batch eval, img shape:(208, 246, 246), sx:3, sy:3, sz:3, num_conditions:2
condition:5, metric:[  0. 150. 150.]
condition:6, metric:[0.94113522 0.         0.        ]
condition batch eval, img shape:(208, 246, 246), sx:3, sy:3, sz:3, num_conditions:2
condition:7, metric:[0.67408858 0.         0.        ]
condition:8, metric:[0.64868722 0.         0.        ]
condition batch eval, img shape:(208, 246, 246), sx:3, sy:3, sz:3, num_conditions:2
condition:9, metric:[0.80144692 0.         0.        ]
condition:10, metric:[0.41898031 0.         0.        ]
condition batch eval, img shape:(208, 246, 246), sx:3, sy:3, sz:3, num_conditions:2
condition:11, metric:[0.46806167 0.         0.        ]
condition:12, metric:[  0. 150. 150.]
condition batch eval, img shape:(208, 246, 246), sx:3, sy:3, sz:3, num_conditions:1
condition:13, metric:[  0. 150. 150.]
===>test image:/projects/weilab/liupeng/dataset/ssl_seg/BTCV/Training_resampled_1.5_1.5_2.0_npy_zscore/img/img0008.npy
condition batch eval, img shape:(222, 249, 249), sx:3, sy:3, sz:3, num_conditions:2
condition:1, metric:[0.8551496 0.        0.       ]
condition:2, metric:[0.04093986 0.         0.        ]
condition batch eval, img shape:(222, 249, 249), sx:3, sy:3, sz:3, num_conditions:2
condition:3, metric:[0.03508772 0.         0.        ]
condition:4, metric:[  0. 150. 150.]
condition batch eval, img shape:(222, 249, 249), sx:3, sy:3, sz:3, num_conditions:2
condition:5, metric:[  0. 150. 150.]
condition:6, metric:[0.9327322 0.        0.       ]
condition batch eval, img shape:(222, 249, 249), sx:3, sy:3, sz:3, num_conditions:2
condition:7, metric:[0.78568919 0.         0.        ]
condition:8, metric:[0.61965981 0.         0.        ]
condition batch eval, img shape:(222, 249, 249), sx:3, sy:3, sz:3, num_conditions:2
condition:9, metric:[0.83367448 0.         0.        ]
condition:10, metric:[0.48892359 0.         0.        ]
condition batch eval, img shape:(222, 249, 249), sx:3, sy:3, sz:3, num_conditions:2
condition:11, metric:[0.62179272 0.         0.        ]
condition:12, metric:[  0. 150. 150.]
condition batch eval, img shape:(222, 249, 249), sx:3, sy:3, sz:3, num_conditions:1
condition:13, metric:[  0. 150. 150.]
Validation end
avg metric shape: (13, 3)
iteration 15600 : model2_dice_score : 0.430977 model2_hd95 : 49.038462
save model to ../model/BTCV_5_C3PS_cond_mode_film_began_semi2000_con4000_SGD_SGD/unet_3D_old/model_iter_15600.pth
save model2 to ../model/BTCV_5_C3PS_cond_mode_film_began_semi2000_con4000_SGD_SGD/unet_3D_old/model2_iter_15600.pth
iteration 15620 :model1 loss : 0.128064model2 loss : 0.045030pseudo_supervision1 : 0.000000pseudo_supervision2 : 0.505060
iteration 15640 :model1 loss : 0.265922model2 loss : 0.054246pseudo_supervision1 : 0.357164pseudo_supervision2 : 0.065895
iteration 15660 :model1 loss : 0.138989model2 loss : 0.033491pseudo_supervision1 : 0.546162pseudo_supervision2 : 0.310598
iteration 15680 :model1 loss : 0.183205model2 loss : 0.087227pseudo_supervision1 : 0.000000pseudo_supervision2 : 0.507753
iteration 15700 :model1 loss : 0.176207model2 loss : 0.101936pseudo_supervision1 : 0.300033pseudo_supervision2 : 0.069380
iteration 15720 :model1 loss : 0.175669model2 loss : 0.137555pseudo_supervision1 : 0.157417pseudo_supervision2 : 0.039758
iteration 15740 :model1 loss : 0.239764model2 loss : 0.051425pseudo_supervision1 : 0.311620pseudo_supervision2 : 0.127426
iteration 15760 :model1 loss : 0.155921model2 loss : 0.259665pseudo_supervision1 : 0.621780pseudo_supervision2 : 0.017472
iteration 15780 :model1 loss : 0.190088model2 loss : 0.029686pseudo_supervision1 : 0.704511pseudo_supervision2 : 0.068346
iteration 15800 :model1 loss : 0.298925model2 loss : 0.070257pseudo_supervision1 : 0.087188pseudo_supervision2 : 0.296437
save model to ../model/BTCV_5_C3PS_cond_mode_film_began_semi2000_con4000_SGD_SGD/unet_3D_old/model_iter_15800.pth
save model2 to ../model/BTCV_5_C3PS_cond_mode_film_began_semi2000_con4000_SGD_SGD/unet_3D_old/model2_iter_15800.pth
iteration 15820 :model1 loss : 0.124349model2 loss : 0.016808pseudo_supervision1 : 0.355395pseudo_supervision2 : 0.110146
iteration 15840 :model1 loss : 0.168104model2 loss : 0.031075pseudo_supervision1 : 0.625298pseudo_supervision2 : 0.047444
iteration 15860 :model1 loss : 0.168361model2 loss : 0.031620pseudo_supervision1 : 0.300604pseudo_supervision2 : 0.017358
iteration 15880 :model1 loss : 0.160844model2 loss : 0.027983pseudo_supervision1 : 0.245960pseudo_supervision2 : 0.022132
iteration 15900 :model1 loss : 0.149116model2 loss : 0.039652pseudo_supervision1 : 0.000000pseudo_supervision2 : 0.135378
iteration 15920 :model1 loss : 0.167041model2 loss : 0.257051pseudo_supervision1 : 0.648786pseudo_supervision2 : 0.026647
iteration 15940 :model1 loss : 0.190725model2 loss : 0.056387pseudo_supervision1 : 1.742452pseudo_supervision2 : 0.106796
iteration 15960 :model1 loss : 0.145401model2 loss : 0.050689pseudo_supervision1 : 0.000000pseudo_supervision2 : 0.493791
iteration 15980 :model1 loss : 0.257032model2 loss : 0.037799pseudo_supervision1 : 0.000000pseudo_supervision2 : 0.500125
iteration 16000 :model1 loss : 0.125498model2 loss : 0.072409pseudo_supervision1 : 0.000000pseudo_supervision2 : 0.500270
began evaluation!
iteration 16000: validation sampled 4/12 cases
Total test images: 4
Validation begin
Validation end
avg metric shape: (13, 3)
iteration 16000 : model_dice_score : 0.597507 model_hd95 : 5.769231
began evaluation!
Total test images: 4
Validation begin
===>test image:/projects/weilab/liupeng/dataset/ssl_seg/BTCV/Training_resampled_1.5_1.5_2.0_npy_zscore/img/img0008.npy
condition batch eval, img shape:(222, 249, 249), sx:3, sy:3, sz:3, num_conditions:2
condition:1, metric:[0.88525627 0.         0.        ]
condition:2, metric:[0.04653244 0.         0.        ]
condition batch eval, img shape:(222, 249, 249), sx:3, sy:3, sz:3, num_conditions:2
condition:3, metric:[0.01710556 0.         0.        ]
condition:4, metric:[  0. 150. 150.]
condition batch eval, img shape:(222, 249, 249), sx:3, sy:3, sz:3, num_conditions:2
condition:5, metric:[  0. 150. 150.]
condition:6, metric:[0.92360048 0.         0.        ]
condition batch eval, img shape:(222, 249, 249), sx:3, sy:3, sz:3, num_conditions:2
condition:7, metric:[0.71049318 0.         0.        ]
condition:8, metric:[0.64378511 0.         0.        ]
condition batch eval, img shape:(222, 249, 249), sx:3, sy:3, sz:3, num_conditions:2
condition:9, metric:[0.81784876 0.         0.        ]
condition:10, metric:[0.55829008 0.         0.        ]
condition batch eval, img shape:(222, 249, 249), sx:3, sy:3, sz:3, num_conditions:2
condition:11, metric:[0.60403246 0.         0.        ]
condition:12, metric:[  0. 150. 150.]
condition batch eval, img shape:(222, 249, 249), sx:3, sy:3, sz:3, num_conditions:1
condition:13, metric:[  0. 150. 150.]
===>test image:/projects/weilab/liupeng/dataset/ssl_seg/BTCV/Training_resampled_1.5_1.5_2.0_npy_zscore/img/img0001.npy
condition batch eval, img shape:(220, 228, 228), sx:3, sy:3, sz:3, num_conditions:2
condition:1, metric:[0.89679289 0.         0.        ]
condition:2, metric:[0.68748899 0.         0.        ]
condition batch eval, img shape:(220, 228, 228), sx:3, sy:3, sz:3, num_conditions:2
condition:3, metric:[0.67963502 0.         0.        ]
condition:4, metric:[  0. 150. 150.]
condition batch eval, img shape:(220, 228, 228), sx:3, sy:3, sz:3, num_conditions:2
condition:5, metric:[  0. 150. 150.]
condition:6, metric:[0.93755744 0.         0.        ]
condition batch eval, img shape:(220, 228, 228), sx:3, sy:3, sz:3, num_conditions:2
condition:7, metric:[0.61143637 0.         0.        ]
condition:8, metric:[0.66658365 0.         0.        ]
condition batch eval, img shape:(220, 228, 228), sx:3, sy:3, sz:3, num_conditions:2
condition:9, metric:[0.83328147 0.         0.        ]
condition:10, metric:[0.66760139 0.         0.        ]
condition batch eval, img shape:(220, 228, 228), sx:3, sy:3, sz:3, num_conditions:2
condition:11, metric:[0.368542 0.       0.      ]
condition:12, metric:[  0. 150. 150.]
condition batch eval, img shape:(220, 228, 228), sx:3, sy:3, sz:3, num_conditions:1
condition:13, metric:[  0. 150. 150.]
===>test image:/projects/weilab/liupeng/dataset/ssl_seg/BTCV/Training_resampled_1.5_1.5_2.0_npy_zscore/img/img0004.npy
condition batch eval, img shape:(210, 203, 203), sx:3, sy:2, sz:2, num_conditions:2
condition:1, metric:[0.88839727 0.         0.        ]
condition:2, metric:[0.88437364 0.         0.        ]
condition batch eval, img shape:(210, 203, 203), sx:3, sy:2, sz:2, num_conditions:2
condition:3, metric:[0.77918675 0.         0.        ]
condition:4, metric:[  0. 150. 150.]
condition batch eval, img shape:(210, 203, 203), sx:3, sy:2, sz:2, num_conditions:2
condition:5, metric:[  0. 150. 150.]
condition:6, metric:[0.90123132 0.         0.        ]
condition batch eval, img shape:(210, 203, 203), sx:3, sy:2, sz:2, num_conditions:2
condition:7, metric:[0.39658491 0.         0.        ]
condition:8, metric:[0.73279919 0.         0.        ]
condition batch eval, img shape:(210, 203, 203), sx:3, sy:2, sz:2, num_conditions:2
condition:9, metric:[0.78759177 0.         0.        ]
condition:10, metric:[0.55224135 0.         0.        ]
condition batch eval, img shape:(210, 203, 203), sx:3, sy:2, sz:2, num_conditions:2
condition:11, metric:[0.28328681 0.         0.        ]
condition:12, metric:[  0. 150. 150.]
condition batch eval, img shape:(210, 203, 203), sx:3, sy:2, sz:2, num_conditions:1
condition:13, metric:[  0. 150. 150.]
===>test image:/projects/weilab/liupeng/dataset/ssl_seg/BTCV/Training_resampled_1.5_1.5_2.0_npy_zscore/img/img0036.npy
condition batch eval, img shape:(276, 255, 255), sx:4, sy:3, sz:3, num_conditions:2
condition:1, metric:[0.93686242 0.         0.        ]
condition:2, metric:[0.9362856 0.        0.       ]
condition batch eval, img shape:(276, 255, 255), sx:4, sy:3, sz:3, num_conditions:2
condition:3, metric:[0.854625 0.       0.      ]
condition:4, metric:[  0. 150. 150.]
condition batch eval, img shape:(276, 255, 255), sx:4, sy:3, sz:3, num_conditions:2
condition:5, metric:[  0. 150. 150.]
condition:6, metric:[0.95376496 0.         0.        ]
condition batch eval, img shape:(276, 255, 255), sx:4, sy:3, sz:3, num_conditions:2
condition:7, metric:[0.87900415 0.         0.        ]
condition:8, metric:[0.85521806 0.         0.        ]
condition batch eval, img shape:(276, 255, 255), sx:4, sy:3, sz:3, num_conditions:2
condition:9, metric:[0.7648696 0.        0.       ]
condition:10, metric:[0.61029372 0.         0.        ]
condition batch eval, img shape:(276, 255, 255), sx:4, sy:3, sz:3, num_conditions:2
condition:11, metric:[0.58903478 0.         0.        ]
condition:12, metric:[  0. 150. 150.]
condition batch eval, img shape:(276, 255, 255), sx:4, sy:3, sz:3, num_conditions:1
condition:13, metric:[  0. 150. 150.]
Validation end
avg metric shape: (13, 3)
iteration 16000 : model2_dice_score : 0.483491 model2_hd95 : 46.153846
save model to ../model/BTCV_5_C3PS_cond_mode_film_began_semi2000_con4000_SGD_SGD/unet_3D_old/model_iter_16000.pth
save model2 to ../model/BTCV_5_C3PS_cond_mode_film_began_semi2000_con4000_SGD_SGD/unet_3D_old/model2_iter_16000.pth
iteration 16020 :model1 loss : 0.193297model2 loss : 0.067142pseudo_supervision1 : 0.000000pseudo_supervision2 : 0.500295
iteration 16040 :model1 loss : 0.133950model2 loss : 0.044525pseudo_supervision1 : 0.000000pseudo_supervision2 : 0.500494
iteration 16060 :model1 loss : 0.127766model2 loss : 0.049095pseudo_supervision1 : 0.000000pseudo_supervision2 : 0.504478
iteration 16080 :model1 loss : 0.139963model2 loss : 0.032896pseudo_supervision1 : 0.000000pseudo_supervision2 : 0.095590
iteration 16100 :model1 loss : 0.178944model2 loss : 0.164496pseudo_supervision1 : 1.431196pseudo_supervision2 : 0.233731
iteration 16120 :model1 loss : 0.142528model2 loss : 0.117039pseudo_supervision1 : 0.000000pseudo_supervision2 : 0.500040
iteration 16140 :model1 loss : 0.252571model2 loss : 0.072353pseudo_supervision1 : 0.252291pseudo_supervision2 : 0.022924
iteration 16160 :model1 loss : 0.253608model2 loss : 0.109204pseudo_supervision1 : 0.000000pseudo_supervision2 : 0.500963
iteration 16180 :model1 loss : 0.147418model2 loss : 0.062925pseudo_supervision1 : 0.254229pseudo_supervision2 : 0.025727
iteration 16200 :model1 loss : 0.146103model2 loss : 0.033348pseudo_supervision1 : 0.140322pseudo_supervision2 : 0.040020
save model to ../model/BTCV_5_C3PS_cond_mode_film_began_semi2000_con4000_SGD_SGD/unet_3D_old/model_iter_16200.pth
save model2 to ../model/BTCV_5_C3PS_cond_mode_film_began_semi2000_con4000_SGD_SGD/unet_3D_old/model2_iter_16200.pth
iteration 16220 :model1 loss : 0.153105model2 loss : 0.128781pseudo_supervision1 : 0.000000pseudo_supervision2 : 0.501684
iteration 16240 :model1 loss : 0.185803model2 loss : 0.091278pseudo_supervision1 : 1.632358pseudo_supervision2 : 0.144102
iteration 16260 :model1 loss : 0.159662model2 loss : 0.059413pseudo_supervision1 : 0.000000pseudo_supervision2 : 0.514677
iteration 16280 :model1 loss : 0.131033model2 loss : 0.053661pseudo_supervision1 : 0.000000pseudo_supervision2 : 0.500273
iteration 16300 :model1 loss : 0.118642model2 loss : 0.038792pseudo_supervision1 : 0.000000pseudo_supervision2 : 0.404487
iteration 16320 :model1 loss : 0.137833model2 loss : 0.150817pseudo_supervision1 : 0.000000pseudo_supervision2 : 0.500396
iteration 16340 :model1 loss : 0.154839model2 loss : 0.028672pseudo_supervision1 : 0.888480pseudo_supervision2 : 0.135855
iteration 16360 :model1 loss : 0.199479model2 loss : 0.067744pseudo_supervision1 : 0.000000pseudo_supervision2 : 0.500044
iteration 16380 :model1 loss : 0.247117model2 loss : 0.064123pseudo_supervision1 : 0.000000pseudo_supervision2 : 0.500274
iteration 16400 :model1 loss : 0.320991model2 loss : 0.097424pseudo_supervision1 : 5.154248pseudo_supervision2 : 0.387762
began evaluation!
iteration 16400: validation sampled 4/12 cases
Total test images: 4
Validation begin
Validation end
avg metric shape: (13, 3)
iteration 16400 : model_dice_score : 0.605578 model_hd95 : 2.884615
began evaluation!
Total test images: 4
Validation begin
===>test image:/projects/weilab/liupeng/dataset/ssl_seg/BTCV/Training_resampled_1.5_1.5_2.0_npy_zscore/img/img0025.npy
condition batch eval, img shape:(212, 284, 284), sx:3, sy:3, sz:3, num_conditions:2
condition:1, metric:[0.56640983 0.         0.        ]
condition:2, metric:[0.19095754 0.         0.        ]
condition batch eval, img shape:(212, 284, 284), sx:3, sy:3, sz:3, num_conditions:2
condition:3, metric:[0.36760472 0.         0.        ]
condition:4, metric:[  0. 150. 150.]
condition batch eval, img shape:(212, 284, 284), sx:3, sy:3, sz:3, num_conditions:2
condition:5, metric:[  0. 150. 150.]
condition:6, metric:[0.95910335 0.         0.        ]
condition batch eval, img shape:(212, 284, 284), sx:3, sy:3, sz:3, num_conditions:2
condition:7, metric:[0.45128986 0.         0.        ]
condition:8, metric:[0.77522652 0.         0.        ]
condition batch eval, img shape:(212, 284, 284), sx:3, sy:3, sz:3, num_conditions:2
condition:9, metric:[0.64257272 0.         0.        ]
condition:10, metric:[0.18710263 0.         0.        ]
condition batch eval, img shape:(212, 284, 284), sx:3, sy:3, sz:3, num_conditions:2
condition:11, metric:[0.58330183 0.         0.        ]
condition:12, metric:[  0. 150. 150.]
condition batch eval, img shape:(212, 284, 284), sx:3, sy:3, sz:3, num_conditions:1
condition:13, metric:[  0. 150. 150.]
===>test image:/projects/weilab/liupeng/dataset/ssl_seg/BTCV/Training_resampled_1.5_1.5_2.0_npy_zscore/img/img0029.npy
condition batch eval, img shape:(150, 299, 299), sx:2, sy:4, sz:4, num_conditions:2
condition:1, metric:[0.92440772 0.         0.        ]
condition:2, metric:[0.89003642 0.         0.        ]
condition batch eval, img shape:(150, 299, 299), sx:2, sy:4, sz:4, num_conditions:2
condition:3, metric:[0.92434389 0.         0.        ]
condition:4, metric:[  0. 150. 150.]
condition batch eval, img shape:(150, 299, 299), sx:2, sy:4, sz:4, num_conditions:2
condition:5, metric:[  0. 150. 150.]
condition:6, metric:[0.93037886 0.         0.        ]
condition batch eval, img shape:(150, 299, 299), sx:2, sy:4, sz:4, num_conditions:2
condition:7, metric:[0.42724101 0.         0.        ]
condition:8, metric:[0.88434895 0.         0.        ]
condition batch eval, img shape:(150, 299, 299), sx:2, sy:4, sz:4, num_conditions:2
condition:9, metric:[0.84436641 0.         0.        ]
condition:10, metric:[0.53524516 0.         0.        ]
condition batch eval, img shape:(150, 299, 299), sx:2, sy:4, sz:4, num_conditions:2
condition:11, metric:[0.56169299 0.         0.        ]
condition:12, metric:[  0. 150. 150.]
condition batch eval, img shape:(150, 299, 299), sx:2, sy:4, sz:4, num_conditions:1
condition:13, metric:[  0. 150. 150.]
===>test image:/projects/weilab/liupeng/dataset/ssl_seg/BTCV/Training_resampled_1.5_1.5_2.0_npy_zscore/img/img0032.npy
condition batch eval, img shape:(216, 253, 253), sx:3, sy:3, sz:3, num_conditions:2
condition:1, metric:[0.57066649 0.         0.        ]
condition:2, metric:[0.86584415 0.         0.        ]
condition batch eval, img shape:(216, 253, 253), sx:3, sy:3, sz:3, num_conditions:2
condition:3, metric:[0.76452178 0.         0.        ]
condition:4, metric:[  0. 150. 150.]
condition batch eval, img shape:(216, 253, 253), sx:3, sy:3, sz:3, num_conditions:2
condition:5, metric:[  0. 150. 150.]
condition:6, metric:[0.89980201 0.         0.        ]
condition batch eval, img shape:(216, 253, 253), sx:3, sy:3, sz:3, num_conditions:2
condition:7, metric:[0.59368036 0.         0.        ]
condition:8, metric:[0.68497838 0.         0.        ]
condition batch eval, img shape:(216, 253, 253), sx:3, sy:3, sz:3, num_conditions:2
condition:9, metric:[0.78433342 0.         0.        ]
condition:10, metric:[0.62951764 0.         0.        ]
condition batch eval, img shape:(216, 253, 253), sx:3, sy:3, sz:3, num_conditions:2
condition:11, metric:[0.56192331 0.         0.        ]
condition:12, metric:[  0. 150. 150.]
condition batch eval, img shape:(216, 253, 253), sx:3, sy:3, sz:3, num_conditions:1
condition:13, metric:[  0. 150. 150.]
===>test image:/projects/weilab/liupeng/dataset/ssl_seg/BTCV/Training_resampled_1.5_1.5_2.0_npy_zscore/img/img0001.npy
condition batch eval, img shape:(220, 228, 228), sx:3, sy:3, sz:3, num_conditions:2
condition:1, metric:[0.82357323 0.         0.        ]
condition:2, metric:[0.69720444 0.         0.        ]
condition batch eval, img shape:(220, 228, 228), sx:3, sy:3, sz:3, num_conditions:2
condition:3, metric:[0.70330579 0.         0.        ]
condition:4, metric:[  0. 150. 150.]
condition batch eval, img shape:(220, 228, 228), sx:3, sy:3, sz:3, num_conditions:2
condition:5, metric:[  0. 150. 150.]
condition:6, metric:[0.94039018 0.         0.        ]
condition batch eval, img shape:(220, 228, 228), sx:3, sy:3, sz:3, num_conditions:2
condition:7, metric:[0.43258423 0.         0.        ]
condition:8, metric:[0.55945686 0.         0.        ]
condition batch eval, img shape:(220, 228, 228), sx:3, sy:3, sz:3, num_conditions:2
condition:9, metric:[0.81577614 0.         0.        ]
condition:10, metric:[0.68113066 0.         0.        ]
condition batch eval, img shape:(220, 228, 228), sx:3, sy:3, sz:3, num_conditions:2
condition:11, metric:[0.4243994 0.        0.       ]
condition:12, metric:[  0. 150. 150.]
condition batch eval, img shape:(220, 228, 228), sx:3, sy:3, sz:3, num_conditions:1
condition:13, metric:[  0. 150. 150.]
Validation end
avg metric shape: (13, 3)
iteration 16400 : model2_dice_score : 0.463052 model2_hd95 : 46.153846
save model to ../model/BTCV_5_C3PS_cond_mode_film_began_semi2000_con4000_SGD_SGD/unet_3D_old/model_iter_16400.pth
save model2 to ../model/BTCV_5_C3PS_cond_mode_film_began_semi2000_con4000_SGD_SGD/unet_3D_old/model2_iter_16400.pth
iteration 16420 :model1 loss : 0.169090model2 loss : 0.073307pseudo_supervision1 : 0.000000pseudo_supervision2 : 0.501134
iteration 16440 :model1 loss : 0.206114model2 loss : 0.028831pseudo_supervision1 : 0.765665pseudo_supervision2 : 0.034494
iteration 16460 :model1 loss : 0.162327model2 loss : 0.062416pseudo_supervision1 : 0.293859pseudo_supervision2 : 0.025511
iteration 16480 :model1 loss : 0.143561model2 loss : 0.038946pseudo_supervision1 : 0.000000pseudo_supervision2 : 0.500008
iteration 16500 :model1 loss : 0.218602model2 loss : 0.018543pseudo_supervision1 : 0.000000pseudo_supervision2 : 0.018159
iteration 16520 :model1 loss : 0.137428model2 loss : 0.093801pseudo_supervision1 : 0.000000pseudo_supervision2 : 0.167057
iteration 16540 :model1 loss : 0.218520model2 loss : 0.035716pseudo_supervision1 : 0.000000pseudo_supervision2 : 0.500037
iteration 16560 :model1 loss : 0.375759model2 loss : 0.028070pseudo_supervision1 : 0.000000pseudo_supervision2 : 0.067237
iteration 16580 :model1 loss : 0.425733model2 loss : 0.096608pseudo_supervision1 : 0.000000pseudo_supervision2 : 0.500014
iteration 16600 :model1 loss : 0.189867model2 loss : 0.039983pseudo_supervision1 : 1.107621pseudo_supervision2 : 0.080686
save model to ../model/BTCV_5_C3PS_cond_mode_film_began_semi2000_con4000_SGD_SGD/unet_3D_old/model_iter_16600.pth
save model2 to ../model/BTCV_5_C3PS_cond_mode_film_began_semi2000_con4000_SGD_SGD/unet_3D_old/model2_iter_16600.pth
iteration 16620 :model1 loss : 0.154917model2 loss : 0.083988pseudo_supervision1 : 0.000000pseudo_supervision2 : 0.485979
iteration 16640 :model1 loss : 0.154730model2 loss : 0.059227pseudo_supervision1 : 0.000000pseudo_supervision2 : 0.503752
iteration 16660 :model1 loss : 0.286524model2 loss : 0.160603pseudo_supervision1 : 0.000000pseudo_supervision2 : 0.500050
iteration 16680 :model1 loss : 0.259314model2 loss : 0.038162pseudo_supervision1 : 1.238258pseudo_supervision2 : 0.145967
iteration 16700 :model1 loss : 0.346171model2 loss : 0.121557pseudo_supervision1 : 3.918597pseudo_supervision2 : 0.495700
iteration 16720 :model1 loss : 0.162460model2 loss : 0.046975pseudo_supervision1 : 0.000000pseudo_supervision2 : 0.198616
iteration 16740 :model1 loss : 0.295674model2 loss : 0.039046pseudo_supervision1 : 0.203007pseudo_supervision2 : 0.192577
iteration 16760 :model1 loss : 0.135521model2 loss : 0.110383pseudo_supervision1 : 0.000000pseudo_supervision2 : 0.512813
iteration 16780 :model1 loss : 0.318828model2 loss : 0.077497pseudo_supervision1 : 0.994581pseudo_supervision2 : 0.013440
iteration 16800 :model1 loss : 0.199170model2 loss : 0.036984pseudo_supervision1 : 0.000000pseudo_supervision2 : 0.080436
began evaluation!
iteration 16800: validation sampled 4/12 cases
Total test images: 4
Validation begin
Validation end
avg metric shape: (13, 3)
iteration 16800 : model_dice_score : 0.667108 model_hd95 : 2.884615
began evaluation!
Total test images: 4
Validation begin
===>test image:/projects/weilab/liupeng/dataset/ssl_seg/BTCV/Training_resampled_1.5_1.5_2.0_npy_zscore/img/img0002.npy
condition batch eval, img shape:(208, 246, 246), sx:3, sy:3, sz:3, num_conditions:2
condition:1, metric:[0.89395422 0.         0.        ]
condition:2, metric:[0.90461824 0.         0.        ]
condition batch eval, img shape:(208, 246, 246), sx:3, sy:3, sz:3, num_conditions:2
condition:3, metric:[0.87670503 0.         0.        ]
condition:4, metric:[  0. 150. 150.]
condition batch eval, img shape:(208, 246, 246), sx:3, sy:3, sz:3, num_conditions:2
condition:5, metric:[  0. 150. 150.]
condition:6, metric:[0.91999217 0.         0.        ]
condition batch eval, img shape:(208, 246, 246), sx:3, sy:3, sz:3, num_conditions:2
condition:7, metric:[0.61001119 0.         0.        ]
condition:8, metric:[0.75108254 0.         0.        ]
condition batch eval, img shape:(208, 246, 246), sx:3, sy:3, sz:3, num_conditions:2
condition:9, metric:[0.77509493 0.         0.        ]
condition:10, metric:[0.47355307 0.         0.        ]
condition batch eval, img shape:(208, 246, 246), sx:3, sy:3, sz:3, num_conditions:2
condition:11, metric:[0.47860192 0.         0.        ]
condition:12, metric:[  0. 150. 150.]
condition batch eval, img shape:(208, 246, 246), sx:3, sy:3, sz:3, num_conditions:1
condition:13, metric:[  0. 150. 150.]
===>test image:/projects/weilab/liupeng/dataset/ssl_seg/BTCV/Training_resampled_1.5_1.5_2.0_npy_zscore/img/img0029.npy
condition batch eval, img shape:(150, 299, 299), sx:2, sy:4, sz:4, num_conditions:2
condition:1, metric:[0.92088282 0.         0.        ]
condition:2, metric:[0.8795904 0.        0.       ]
condition batch eval, img shape:(150, 299, 299), sx:2, sy:4, sz:4, num_conditions:2
condition:3, metric:[0.90995665 0.         0.        ]
condition:4, metric:[  0. 150. 150.]
condition batch eval, img shape:(150, 299, 299), sx:2, sy:4, sz:4, num_conditions:2
condition:5, metric:[  0. 150. 150.]
condition:6, metric:[0.94221691 0.         0.        ]
condition batch eval, img shape:(150, 299, 299), sx:2, sy:4, sz:4, num_conditions:2
condition:7, metric:[0.70161441 0.         0.        ]
condition:8, metric:[0.8902261 0.        0.       ]
condition batch eval, img shape:(150, 299, 299), sx:2, sy:4, sz:4, num_conditions:2
condition:9, metric:[0.8480263 0.        0.       ]
condition:10, metric:[0.62265734 0.         0.        ]
condition batch eval, img shape:(150, 299, 299), sx:2, sy:4, sz:4, num_conditions:2
condition:11, metric:[0.48716701 0.         0.        ]
condition:12, metric:[  0. 150. 150.]
condition batch eval, img shape:(150, 299, 299), sx:2, sy:4, sz:4, num_conditions:1
condition:13, metric:[  0. 150. 150.]
===>test image:/projects/weilab/liupeng/dataset/ssl_seg/BTCV/Training_resampled_1.5_1.5_2.0_npy_zscore/img/img0035.npy
condition batch eval, img shape:(235, 314, 314), sx:4, sy:4, sz:4, num_conditions:2
condition:1, metric:[0.91385497 0.         0.        ]
condition:2, metric:[0.80768124 0.         0.        ]
condition batch eval, img shape:(235, 314, 314), sx:4, sy:4, sz:4, num_conditions:2
condition:3, metric:[0.90627328 0.         0.        ]
condition:4, metric:[  0. 150. 150.]
condition batch eval, img shape:(235, 314, 314), sx:4, sy:4, sz:4, num_conditions:2
condition:5, metric:[  0. 150. 150.]
condition:6, metric:[0.91137629 0.         0.        ]
condition batch eval, img shape:(235, 314, 314), sx:4, sy:4, sz:4, num_conditions:2
condition:7, metric:[0.82356755 0.         0.        ]
condition:8, metric:[0.74992849 0.         0.        ]
condition batch eval, img shape:(235, 314, 314), sx:4, sy:4, sz:4, num_conditions:2
condition:9, metric:[0.81835814 0.         0.        ]
condition:10, metric:[0.54108939 0.         0.        ]
condition batch eval, img shape:(235, 314, 314), sx:4, sy:4, sz:4, num_conditions:2
condition:11, metric:[0.48432498 0.         0.        ]
condition:12, metric:[  0. 150. 150.]
condition batch eval, img shape:(235, 314, 314), sx:4, sy:4, sz:4, num_conditions:1
condition:13, metric:[  0. 150. 150.]
===>test image:/projects/weilab/liupeng/dataset/ssl_seg/BTCV/Training_resampled_1.5_1.5_2.0_npy_zscore/img/img0036.npy
condition batch eval, img shape:(276, 255, 255), sx:4, sy:3, sz:3, num_conditions:2
condition:1, metric:[0.92680242 0.         0.        ]
condition:2, metric:[0.93680313 0.         0.        ]
condition batch eval, img shape:(276, 255, 255), sx:4, sy:3, sz:3, num_conditions:2
condition:3, metric:[0.92327569 0.         0.        ]
condition:4, metric:[  0. 150. 150.]
condition batch eval, img shape:(276, 255, 255), sx:4, sy:3, sz:3, num_conditions:2
condition:5, metric:[  0. 150. 150.]
condition:6, metric:[0.94221376 0.         0.        ]
condition batch eval, img shape:(276, 255, 255), sx:4, sy:3, sz:3, num_conditions:2
condition:7, metric:[0.89650743 0.         0.        ]
condition:8, metric:[0.82717807 0.         0.        ]
condition batch eval, img shape:(276, 255, 255), sx:4, sy:3, sz:3, num_conditions:2
condition:9, metric:[0.76954355 0.         0.        ]
condition:10, metric:[0.62231717 0.         0.        ]
condition batch eval, img shape:(276, 255, 255), sx:4, sy:3, sz:3, num_conditions:2
condition:11, metric:[0.60749461 0.         0.        ]
condition:12, metric:[  0. 150. 150.]
condition batch eval, img shape:(276, 255, 255), sx:4, sy:3, sz:3, num_conditions:1
condition:13, metric:[  0. 150. 150.]
Validation end
avg metric shape: (13, 3)
save model to ../model/BTCV_5_C3PS_cond_mode_film_began_semi2000_con4000_SGD_SGD/unet_3D_old/iter_16800_dice_0.5441
iteration 16800 : model2_dice_score : 0.544126 model2_hd95 : 46.153846
save model to ../model/BTCV_5_C3PS_cond_mode_film_began_semi2000_con4000_SGD_SGD/unet_3D_old/model_iter_16800.pth
save model2 to ../model/BTCV_5_C3PS_cond_mode_film_began_semi2000_con4000_SGD_SGD/unet_3D_old/model2_iter_16800.pth
iteration 16820 :model1 loss : 0.127322model2 loss : 0.283220pseudo_supervision1 : 0.000000pseudo_supervision2 : 0.500018
iteration 16840 :model1 loss : 0.183380model2 loss : 0.259187pseudo_supervision1 : 0.000000pseudo_supervision2 : 0.113071
iteration 16860 :model1 loss : 0.185303model2 loss : 0.260917pseudo_supervision1 : 1.420929pseudo_supervision2 : 0.044514
iteration 16880 :model1 loss : 0.206008model2 loss : 0.075256pseudo_supervision1 : 0.000000pseudo_supervision2 : 0.512169
iteration 16900 :model1 loss : 0.133878model2 loss : 0.030538pseudo_supervision1 : 0.110842pseudo_supervision2 : 0.041651
iteration 16920 :model1 loss : 0.275818model2 loss : 0.034552pseudo_supervision1 : 0.296488pseudo_supervision2 : 0.021893
iteration 16940 :model1 loss : 0.482533model2 loss : 0.084343pseudo_supervision1 : 1.122430pseudo_supervision2 : 0.055112
iteration 16960 :model1 loss : 0.135685model2 loss : 0.054802pseudo_supervision1 : 0.000000pseudo_supervision2 : 0.497256
iteration 16980 :model1 loss : 0.473262model2 loss : 0.269457pseudo_supervision1 : 0.000000pseudo_supervision2 : 0.500575
iteration 17000 :model1 loss : 0.183127model2 loss : 0.066261pseudo_supervision1 : 0.000000pseudo_supervision2 : 0.501052
save model to ../model/BTCV_5_C3PS_cond_mode_film_began_semi2000_con4000_SGD_SGD/unet_3D_old/model_iter_17000.pth
save model2 to ../model/BTCV_5_C3PS_cond_mode_film_began_semi2000_con4000_SGD_SGD/unet_3D_old/model2_iter_17000.pth
iteration 17020 :model1 loss : 0.190078model2 loss : 0.082203pseudo_supervision1 : 0.000000pseudo_supervision2 : 0.506084
iteration 17040 :model1 loss : 0.165954model2 loss : 0.047392pseudo_supervision1 : 0.386774pseudo_supervision2 : 0.012642
iteration 17060 :model1 loss : 0.343529model2 loss : 0.264692pseudo_supervision1 : 0.115019pseudo_supervision2 : 0.015016
iteration 17080 :model1 loss : 0.124628model2 loss : 0.028922pseudo_supervision1 : 0.094850pseudo_supervision2 : 0.163049
iteration 17100 :model1 loss : 0.137004model2 loss : 0.104743pseudo_supervision1 : 0.000000pseudo_supervision2 : 0.501269
iteration 17120 :model1 loss : 0.121897model2 loss : 0.068402pseudo_supervision1 : 0.000000pseudo_supervision2 : 0.287198
iteration 17140 :model1 loss : 0.144610model2 loss : 0.026006pseudo_supervision1 : 0.356003pseudo_supervision2 : 0.147975
iteration 17160 :model1 loss : 0.187821model2 loss : 0.031028pseudo_supervision1 : 0.363837pseudo_supervision2 : 0.123254
iteration 17180 :model1 loss : 0.133779model2 loss : 0.183657pseudo_supervision1 : 0.000000pseudo_supervision2 : 0.500517
iteration 17200 :model1 loss : 0.130993model2 loss : 0.054990pseudo_supervision1 : 0.000000pseudo_supervision2 : 0.500917
began evaluation!
iteration 17200: validation sampled 4/12 cases
Total test images: 4
Validation begin
Validation end
avg metric shape: (13, 3)
iteration 17200 : model_dice_score : 0.607865 model_hd95 : 2.884615
began evaluation!
Total test images: 4
Validation begin
===>test image:/projects/weilab/liupeng/dataset/ssl_seg/BTCV/Training_resampled_1.5_1.5_2.0_npy_zscore/img/img0032.npy
condition batch eval, img shape:(216, 253, 253), sx:3, sy:3, sz:3, num_conditions:2
condition:1, metric:[0.65359528 0.         0.        ]
condition:2, metric:[0.89387484 0.         0.        ]
condition batch eval, img shape:(216, 253, 253), sx:3, sy:3, sz:3, num_conditions:2
condition:3, metric:[0.74325482 0.         0.        ]
condition:4, metric:[  0. 150. 150.]
condition batch eval, img shape:(216, 253, 253), sx:3, sy:3, sz:3, num_conditions:2
condition:5, metric:[  0. 150. 150.]
condition:6, metric:[0.91668003 0.         0.        ]
condition batch eval, img shape:(216, 253, 253), sx:3, sy:3, sz:3, num_conditions:2
condition:7, metric:[0.73485235 0.         0.        ]
condition:8, metric:[0.79709398 0.         0.        ]
condition batch eval, img shape:(216, 253, 253), sx:3, sy:3, sz:3, num_conditions:2
condition:9, metric:[0.68193694 0.         0.        ]
condition:10, metric:[0.61348123 0.         0.        ]
condition batch eval, img shape:(216, 253, 253), sx:3, sy:3, sz:3, num_conditions:2
condition:11, metric:[0.56130988 0.         0.        ]
condition:12, metric:[  0. 150. 150.]
condition batch eval, img shape:(216, 253, 253), sx:3, sy:3, sz:3, num_conditions:1
condition:13, metric:[  0. 150. 150.]
===>test image:/projects/weilab/liupeng/dataset/ssl_seg/BTCV/Training_resampled_1.5_1.5_2.0_npy_zscore/img/img0003.npy
condition batch eval, img shape:(297, 307, 307), sx:5, sy:4, sz:4, num_conditions:2
condition:1, metric:[0.25936612 0.         0.        ]
condition:2, metric:[0.92975127 0.         0.        ]
condition batch eval, img shape:(297, 307, 307), sx:5, sy:4, sz:4, num_conditions:2
condition:3, metric:[0.90277944 0.         0.        ]
condition:4, metric:[  0. 150. 150.]
condition batch eval, img shape:(297, 307, 307), sx:5, sy:4, sz:4, num_conditions:2
condition:5, metric:[  0. 150. 150.]
condition:6, metric:[0.84822468 0.         0.        ]
condition batch eval, img shape:(297, 307, 307), sx:5, sy:4, sz:4, num_conditions:2
condition:7, metric:[0.06365157 0.         0.        ]
condition:8, metric:[0.82182444 0.         0.        ]
condition batch eval, img shape:(297, 307, 307), sx:5, sy:4, sz:4, num_conditions:2
condition:9, metric:[0.72598086 0.         0.        ]
condition:10, metric:[0.36232677 0.         0.        ]
condition batch eval, img shape:(297, 307, 307), sx:5, sy:4, sz:4, num_conditions:2
condition:11, metric:[0.11935454 0.         0.        ]
condition:12, metric:[  0. 150. 150.]
condition batch eval, img shape:(297, 307, 307), sx:5, sy:4, sz:4, num_conditions:1
condition:13, metric:[  0. 150. 150.]
===>test image:/projects/weilab/liupeng/dataset/ssl_seg/BTCV/Training_resampled_1.5_1.5_2.0_npy_zscore/img/img0004.npy
condition batch eval, img shape:(210, 203, 203), sx:3, sy:2, sz:2, num_conditions:2
condition:1, metric:[0.8737674 0.        0.       ]
condition:2, metric:[0.76767808 0.         0.        ]
condition batch eval, img shape:(210, 203, 203), sx:3, sy:2, sz:2, num_conditions:2
condition:3, metric:[0.71449976 0.         0.        ]
condition:4, metric:[  0. 150. 150.]
condition batch eval, img shape:(210, 203, 203), sx:3, sy:2, sz:2, num_conditions:2
condition:5, metric:[  0. 150. 150.]
condition:6, metric:[0.90774128 0.         0.        ]
condition batch eval, img shape:(210, 203, 203), sx:3, sy:2, sz:2, num_conditions:2
condition:7, metric:[0.41721162 0.         0.        ]
condition:8, metric:[0.58688692 0.         0.        ]
condition batch eval, img shape:(210, 203, 203), sx:3, sy:2, sz:2, num_conditions:2
condition:9, metric:[0.8249626 0.        0.       ]
condition:10, metric:[0.51710965 0.         0.        ]
condition batch eval, img shape:(210, 203, 203), sx:3, sy:2, sz:2, num_conditions:2
condition:11, metric:[0.28203943 0.         0.        ]
condition:12, metric:[  0. 150. 150.]
condition batch eval, img shape:(210, 203, 203), sx:3, sy:2, sz:2, num_conditions:1
condition:13, metric:[  0. 150. 150.]
===>test image:/projects/weilab/liupeng/dataset/ssl_seg/BTCV/Training_resampled_1.5_1.5_2.0_npy_zscore/img/img0029.npy
condition batch eval, img shape:(150, 299, 299), sx:2, sy:4, sz:4, num_conditions:2
condition:1, metric:[0.88278936 0.         0.        ]
condition:2, metric:[0.90988075 0.         0.        ]
condition batch eval, img shape:(150, 299, 299), sx:2, sy:4, sz:4, num_conditions:2
condition:3, metric:[0.90941482 0.         0.        ]
condition:4, metric:[  0. 150. 150.]
condition batch eval, img shape:(150, 299, 299), sx:2, sy:4, sz:4, num_conditions:2
condition:5, metric:[  0. 150. 150.]
condition:6, metric:[0.9358882 0.        0.       ]
condition batch eval, img shape:(150, 299, 299), sx:2, sy:4, sz:4, num_conditions:2
condition:7, metric:[0.61203733 0.         0.        ]
condition:8, metric:[0.90412014 0.         0.        ]
condition batch eval, img shape:(150, 299, 299), sx:2, sy:4, sz:4, num_conditions:2
condition:9, metric:[0.87820669 0.         0.        ]
condition:10, metric:[0.59808159 0.         0.        ]
condition batch eval, img shape:(150, 299, 299), sx:2, sy:4, sz:4, num_conditions:2
condition:11, metric:[0.59671433 0.         0.        ]
condition:12, metric:[  0. 150. 150.]
condition batch eval, img shape:(150, 299, 299), sx:2, sy:4, sz:4, num_conditions:1
condition:13, metric:[  0. 150. 150.]
Validation end
avg metric shape: (13, 3)
iteration 17200 : model2_dice_score : 0.475930 model2_hd95 : 46.153846
save model to ../model/BTCV_5_C3PS_cond_mode_film_began_semi2000_con4000_SGD_SGD/unet_3D_old/model_iter_17200.pth
save model2 to ../model/BTCV_5_C3PS_cond_mode_film_began_semi2000_con4000_SGD_SGD/unet_3D_old/model2_iter_17200.pth
iteration 17220 :model1 loss : 0.129034model2 loss : 0.038712pseudo_supervision1 : 0.000000pseudo_supervision2 : 0.119646
iteration 17240 :model1 loss : 0.199326model2 loss : 0.081038pseudo_supervision1 : 1.258512pseudo_supervision2 : 0.029969
iteration 17260 :model1 loss : 0.220742model2 loss : 0.052463pseudo_supervision1 : 1.112296pseudo_supervision2 : 0.100327
iteration 17280 :model1 loss : 0.128722model2 loss : 0.073552pseudo_supervision1 : 0.000000pseudo_supervision2 : 0.500607
iteration 17300 :model1 loss : 0.143823model2 loss : 0.253461pseudo_supervision1 : 0.000000pseudo_supervision2 : 0.122042
iteration 17320 :model1 loss : 0.262363model2 loss : 0.027098pseudo_supervision1 : 0.081633pseudo_supervision2 : 0.060433
iteration 17340 :model1 loss : 0.126363model2 loss : 0.065432pseudo_supervision1 : 0.000000pseudo_supervision2 : 0.500856
iteration 17360 :model1 loss : 0.370564model2 loss : 0.061312pseudo_supervision1 : 1.124911pseudo_supervision2 : 0.208245
iteration 17380 :model1 loss : 0.127690model2 loss : 0.040031pseudo_supervision1 : 0.000000pseudo_supervision2 : 0.500852
iteration 17400 :model1 loss : 0.244312model2 loss : 0.074534pseudo_supervision1 : 0.317646pseudo_supervision2 : 0.200365
save model to ../model/BTCV_5_C3PS_cond_mode_film_began_semi2000_con4000_SGD_SGD/unet_3D_old/model_iter_17400.pth
save model2 to ../model/BTCV_5_C3PS_cond_mode_film_began_semi2000_con4000_SGD_SGD/unet_3D_old/model2_iter_17400.pth
iteration 17420 :model1 loss : 0.184367model2 loss : 0.033590pseudo_supervision1 : 0.609420pseudo_supervision2 : 0.017832
iteration 17440 :model1 loss : 0.179692model2 loss : 0.060770pseudo_supervision1 : 0.099591pseudo_supervision2 : 0.011935
iteration 17460 :model1 loss : 0.141640model2 loss : 0.060733pseudo_supervision1 : 0.000000pseudo_supervision2 : 0.500218
iteration 17480 :model1 loss : 0.186604model2 loss : 0.049131pseudo_supervision1 : 0.000000pseudo_supervision2 : 0.190933
iteration 17500 :model1 loss : 0.119878model2 loss : 0.038573pseudo_supervision1 : 0.000000pseudo_supervision2 : 0.500012
iteration 17520 :model1 loss : 0.161453model2 loss : 0.048511pseudo_supervision1 : 0.136437pseudo_supervision2 : 0.116734
iteration 17540 :model1 loss : 0.127563model2 loss : 0.036086pseudo_supervision1 : 0.000000pseudo_supervision2 : 0.500810
iteration 17560 :model1 loss : 0.152373model2 loss : 0.047072pseudo_supervision1 : 0.000000pseudo_supervision2 : 0.497704
iteration 17580 :model1 loss : 0.160587model2 loss : 0.057843pseudo_supervision1 : 0.721071pseudo_supervision2 : 0.130850
iteration 17600 :model1 loss : 0.132001model2 loss : 0.037572pseudo_supervision1 : 0.000000pseudo_supervision2 : 0.502046
began evaluation!
iteration 17600: validation sampled 4/12 cases
Total test images: 4
Validation begin
Validation end
avg metric shape: (13, 3)
iteration 17600 : model_dice_score : 0.670802 model_hd95 : 0.000000
began evaluation!
Total test images: 4
Validation begin
===>test image:/projects/weilab/liupeng/dataset/ssl_seg/BTCV/Training_resampled_1.5_1.5_2.0_npy_zscore/img/img0025.npy
condition batch eval, img shape:(212, 284, 284), sx:3, sy:3, sz:3, num_conditions:2
condition:1, metric:[0.76759242 0.         0.        ]
condition:2, metric:[  0. 150. 150.]
condition batch eval, img shape:(212, 284, 284), sx:3, sy:3, sz:3, num_conditions:2
condition:3, metric:[0.31448653 0.         0.        ]
condition:4, metric:[  0. 150. 150.]
condition batch eval, img shape:(212, 284, 284), sx:3, sy:3, sz:3, num_conditions:2
condition:5, metric:[  0. 150. 150.]
condition:6, metric:[0.95639166 0.         0.        ]
condition batch eval, img shape:(212, 284, 284), sx:3, sy:3, sz:3, num_conditions:2
condition:7, metric:[0.50655678 0.         0.        ]
condition:8, metric:[0.78784509 0.         0.        ]
condition batch eval, img shape:(212, 284, 284), sx:3, sy:3, sz:3, num_conditions:2
condition:9, metric:[0.71335514 0.         0.        ]
condition:10, metric:[0.16884622 0.         0.        ]
condition batch eval, img shape:(212, 284, 284), sx:3, sy:3, sz:3, num_conditions:2
condition:11, metric:[0.56549416 0.         0.        ]
condition:12, metric:[  0. 150. 150.]
condition batch eval, img shape:(212, 284, 284), sx:3, sy:3, sz:3, num_conditions:1
condition:13, metric:[  0. 150. 150.]
===>test image:/projects/weilab/liupeng/dataset/ssl_seg/BTCV/Training_resampled_1.5_1.5_2.0_npy_zscore/img/img0029.npy
condition batch eval, img shape:(150, 299, 299), sx:2, sy:4, sz:4, num_conditions:2
condition:1, metric:[0.87919221 0.         0.        ]
condition:2, metric:[0.87558064 0.         0.        ]
condition batch eval, img shape:(150, 299, 299), sx:2, sy:4, sz:4, num_conditions:2
condition:3, metric:[0.91376926 0.         0.        ]
condition:4, metric:[  0. 150. 150.]
condition batch eval, img shape:(150, 299, 299), sx:2, sy:4, sz:4, num_conditions:2
condition:5, metric:[  0. 150. 150.]
condition:6, metric:[0.93757549 0.         0.        ]
condition batch eval, img shape:(150, 299, 299), sx:2, sy:4, sz:4, num_conditions:2
condition:7, metric:[0.54811384 0.         0.        ]
condition:8, metric:[0.90521004 0.         0.        ]
condition batch eval, img shape:(150, 299, 299), sx:2, sy:4, sz:4, num_conditions:2
condition:9, metric:[0.84006108 0.         0.        ]
condition:10, metric:[0.56775204 0.         0.        ]
condition batch eval, img shape:(150, 299, 299), sx:2, sy:4, sz:4, num_conditions:2
condition:11, metric:[0.50835443 0.         0.        ]
condition:12, metric:[  0. 150. 150.]
condition batch eval, img shape:(150, 299, 299), sx:2, sy:4, sz:4, num_conditions:1
condition:13, metric:[  0. 150. 150.]
===>test image:/projects/weilab/liupeng/dataset/ssl_seg/BTCV/Training_resampled_1.5_1.5_2.0_npy_zscore/img/img0038.npy
condition batch eval, img shape:(250, 333, 333), sx:4, sy:4, sz:4, num_conditions:2
condition:1, metric:[0.71636304 0.         0.        ]
condition:2, metric:[0.81821117 0.         0.        ]
condition batch eval, img shape:(250, 333, 333), sx:4, sy:4, sz:4, num_conditions:2
condition:3, metric:[0.88808036 0.         0.        ]
condition:4, metric:[  0. 150. 150.]
condition batch eval, img shape:(250, 333, 333), sx:4, sy:4, sz:4, num_conditions:2
condition:5, metric:[  0. 150. 150.]
condition:6, metric:[0.84971383 0.         0.        ]
condition batch eval, img shape:(250, 333, 333), sx:4, sy:4, sz:4, num_conditions:2
condition:7, metric:[0.49130598 0.         0.        ]
condition:8, metric:[0.88477247 0.         0.        ]
condition batch eval, img shape:(250, 333, 333), sx:4, sy:4, sz:4, num_conditions:2
condition:9, metric:[0.61947388 0.         0.        ]
condition:10, metric:[0.62483508 0.         0.        ]
condition batch eval, img shape:(250, 333, 333), sx:4, sy:4, sz:4, num_conditions:2
condition:11, metric:[0.74442688 0.         0.        ]
condition:12, metric:[  0. 150. 150.]
condition batch eval, img shape:(250, 333, 333), sx:4, sy:4, sz:4, num_conditions:1
condition:13, metric:[  0. 150. 150.]
===>test image:/projects/weilab/liupeng/dataset/ssl_seg/BTCV/Training_resampled_1.5_1.5_2.0_npy_zscore/img/img0032.npy
condition batch eval, img shape:(216, 253, 253), sx:3, sy:3, sz:3, num_conditions:2
condition:1, metric:[0.88181047 0.         0.        ]
condition:2, metric:[0.90608526 0.         0.        ]
condition batch eval, img shape:(216, 253, 253), sx:3, sy:3, sz:3, num_conditions:2
condition:3, metric:[0.80516182 0.         0.        ]
condition:4, metric:[  0. 150. 150.]
condition batch eval, img shape:(216, 253, 253), sx:3, sy:3, sz:3, num_conditions:2
condition:5, metric:[  0. 150. 150.]
condition:6, metric:[0.93760345 0.         0.        ]
condition batch eval, img shape:(216, 253, 253), sx:3, sy:3, sz:3, num_conditions:2
condition:7, metric:[0.80135337 0.         0.        ]
condition:8, metric:[0.71361479 0.         0.        ]
condition batch eval, img shape:(216, 253, 253), sx:3, sy:3, sz:3, num_conditions:2
condition:9, metric:[0.75383733 0.         0.        ]
condition:10, metric:[0.61063994 0.         0.        ]
condition batch eval, img shape:(216, 253, 253), sx:3, sy:3, sz:3, num_conditions:2
condition:11, metric:[0.57877494 0.         0.        ]
condition:12, metric:[  0. 150. 150.]
condition batch eval, img shape:(216, 253, 253), sx:3, sy:3, sz:3, num_conditions:1
condition:13, metric:[  0. 150. 150.]
Validation end
avg metric shape: (13, 3)
iteration 17600 : model2_dice_score : 0.488120 model2_hd95 : 49.038462
save model to ../model/BTCV_5_C3PS_cond_mode_film_began_semi2000_con4000_SGD_SGD/unet_3D_old/model_iter_17600.pth
save model2 to ../model/BTCV_5_C3PS_cond_mode_film_began_semi2000_con4000_SGD_SGD/unet_3D_old/model2_iter_17600.pth
iteration 17620 :model1 loss : 0.163878model2 loss : 0.044225pseudo_supervision1 : 0.454694pseudo_supervision2 : 0.012938
iteration 17640 :model1 loss : 0.202271model2 loss : 0.051364pseudo_supervision1 : 0.000000pseudo_supervision2 : 0.050241
iteration 17660 :model1 loss : 0.166693model2 loss : 0.044037pseudo_supervision1 : 0.000000pseudo_supervision2 : 0.500354
iteration 17680 :model1 loss : 0.230278model2 loss : 0.072672pseudo_supervision1 : 0.000000pseudo_supervision2 : 0.501279
iteration 17700 :model1 loss : 0.236260model2 loss : 0.049313pseudo_supervision1 : 0.353438pseudo_supervision2 : 0.015558
iteration 17720 :model1 loss : 0.261008model2 loss : 0.058404pseudo_supervision1 : 0.000000pseudo_supervision2 : 0.500067
iteration 17740 :model1 loss : 0.171140model2 loss : 0.085129pseudo_supervision1 : 0.000000pseudo_supervision2 : 0.500085
iteration 17760 :model1 loss : 0.205745model2 loss : 0.041363pseudo_supervision1 : 0.474844pseudo_supervision2 : 0.014621
iteration 17780 :model1 loss : 0.194306model2 loss : 0.086425pseudo_supervision1 : 0.000000pseudo_supervision2 : 0.503341
iteration 17800 :model1 loss : 0.310953model2 loss : 0.041088pseudo_supervision1 : 0.000000pseudo_supervision2 : 0.502007
save model to ../model/BTCV_5_C3PS_cond_mode_film_began_semi2000_con4000_SGD_SGD/unet_3D_old/model_iter_17800.pth
save model2 to ../model/BTCV_5_C3PS_cond_mode_film_began_semi2000_con4000_SGD_SGD/unet_3D_old/model2_iter_17800.pth
iteration 17820 :model1 loss : 0.147693model2 loss : 0.020969pseudo_supervision1 : 0.155600pseudo_supervision2 : 0.013153
iteration 17840 :model1 loss : 0.143154model2 loss : 0.032117pseudo_supervision1 : 0.272925pseudo_supervision2 : 0.180125
iteration 17860 :model1 loss : 0.223977model2 loss : 0.053261pseudo_supervision1 : 0.290587pseudo_supervision2 : 0.019722
iteration 17880 :model1 loss : 0.126876model2 loss : 0.049018pseudo_supervision1 : 0.000000pseudo_supervision2 : 0.124805
iteration 17900 :model1 loss : 0.121297model2 loss : 0.067465pseudo_supervision1 : 0.000000pseudo_supervision2 : 0.484435
iteration 17920 :model1 loss : 0.123155model2 loss : 0.086439pseudo_supervision1 : 0.000000pseudo_supervision2 : 0.500083
iteration 17940 :model1 loss : 0.333119model2 loss : 0.057019pseudo_supervision1 : 0.000000pseudo_supervision2 : 0.500094
iteration 17960 :model1 loss : 0.169576model2 loss : 0.040866pseudo_supervision1 : 0.000000pseudo_supervision2 : 0.097884
iteration 17980 :model1 loss : 0.122310model2 loss : 0.048513pseudo_supervision1 : 0.000000pseudo_supervision2 : 0.500545
iteration 18000 :model1 loss : 0.120957model2 loss : 0.034479pseudo_supervision1 : 0.000000pseudo_supervision2 : 0.248491
began evaluation!
iteration 18000: validation sampled 4/12 cases
Total test images: 4
Validation begin
Validation end
avg metric shape: (13, 3)
iteration 18000 : model_dice_score : 0.683872 model_hd95 : 2.884615
began evaluation!
Total test images: 4
Validation begin
===>test image:/projects/weilab/liupeng/dataset/ssl_seg/BTCV/Training_resampled_1.5_1.5_2.0_npy_zscore/img/img0035.npy
condition batch eval, img shape:(235, 314, 314), sx:4, sy:4, sz:4, num_conditions:2
condition:1, metric:[0.92515519 0.         0.        ]
condition:2, metric:[0.90788003 0.         0.        ]
condition batch eval, img shape:(235, 314, 314), sx:4, sy:4, sz:4, num_conditions:2
condition:3, metric:[0.84210927 0.         0.        ]
condition:4, metric:[  0. 150. 150.]
condition batch eval, img shape:(235, 314, 314), sx:4, sy:4, sz:4, num_conditions:2
condition:5, metric:[  0. 150. 150.]
condition:6, metric:[0.94020862 0.         0.        ]
condition batch eval, img shape:(235, 314, 314), sx:4, sy:4, sz:4, num_conditions:2
condition:7, metric:[0.81910473 0.         0.        ]
condition:8, metric:[0.5227729 0.        0.       ]
condition batch eval, img shape:(235, 314, 314), sx:4, sy:4, sz:4, num_conditions:2
condition:9, metric:[0.80040634 0.         0.        ]
condition:10, metric:[0.61408694 0.         0.        ]
condition batch eval, img shape:(235, 314, 314), sx:4, sy:4, sz:4, num_conditions:2
condition:11, metric:[0.48420811 0.         0.        ]
condition:12, metric:[  0. 150. 150.]
condition batch eval, img shape:(235, 314, 314), sx:4, sy:4, sz:4, num_conditions:1
condition:13, metric:[  0. 150. 150.]
===>test image:/projects/weilab/liupeng/dataset/ssl_seg/BTCV/Training_resampled_1.5_1.5_2.0_npy_zscore/img/img0036.npy
condition batch eval, img shape:(276, 255, 255), sx:4, sy:3, sz:3, num_conditions:2
condition:1, metric:[0.93457094 0.         0.        ]
condition:2, metric:[0.90843571 0.         0.        ]
condition batch eval, img shape:(276, 255, 255), sx:4, sy:3, sz:3, num_conditions:2
condition:3, metric:[0.82256664 0.         0.        ]
condition:4, metric:[  0. 150. 150.]
condition batch eval, img shape:(276, 255, 255), sx:4, sy:3, sz:3, num_conditions:2
condition:5, metric:[  0. 150. 150.]
condition:6, metric:[0.95189198 0.         0.        ]
condition batch eval, img shape:(276, 255, 255), sx:4, sy:3, sz:3, num_conditions:2
condition:7, metric:[0.84176138 0.         0.        ]
condition:8, metric:[0.74167941 0.         0.        ]
condition batch eval, img shape:(276, 255, 255), sx:4, sy:3, sz:3, num_conditions:2
condition:9, metric:[0.74852339 0.         0.        ]
condition:10, metric:[0.54685176 0.         0.        ]
condition batch eval, img shape:(276, 255, 255), sx:4, sy:3, sz:3, num_conditions:2
condition:11, metric:[0.57625752 0.         0.        ]
condition:12, metric:[  0. 150. 150.]
condition batch eval, img shape:(276, 255, 255), sx:4, sy:3, sz:3, num_conditions:1
condition:13, metric:[  0. 150. 150.]
===>test image:/projects/weilab/liupeng/dataset/ssl_seg/BTCV/Training_resampled_1.5_1.5_2.0_npy_zscore/img/img0029.npy
condition batch eval, img shape:(150, 299, 299), sx:2, sy:4, sz:4, num_conditions:2
condition:1, metric:[0.91572842 0.         0.        ]
condition:2, metric:[0.91047521 0.         0.        ]
condition batch eval, img shape:(150, 299, 299), sx:2, sy:4, sz:4, num_conditions:2
condition:3, metric:[0.90674862 0.         0.        ]
condition:4, metric:[  0. 150. 150.]
condition batch eval, img shape:(150, 299, 299), sx:2, sy:4, sz:4, num_conditions:2
condition:5, metric:[  0. 150. 150.]
condition:6, metric:[0.94101497 0.         0.        ]
condition batch eval, img shape:(150, 299, 299), sx:2, sy:4, sz:4, num_conditions:2
condition:7, metric:[0.74468979 0.         0.        ]
condition:8, metric:[0.84490078 0.         0.        ]
condition batch eval, img shape:(150, 299, 299), sx:2, sy:4, sz:4, num_conditions:2
condition:9, metric:[0.8563857 0.        0.       ]
condition:10, metric:[0.47325155 0.         0.        ]
condition batch eval, img shape:(150, 299, 299), sx:2, sy:4, sz:4, num_conditions:2
condition:11, metric:[0.55716889 0.         0.        ]
condition:12, metric:[  0. 150. 150.]
condition batch eval, img shape:(150, 299, 299), sx:2, sy:4, sz:4, num_conditions:1
condition:13, metric:[  0. 150. 150.]
===>test image:/projects/weilab/liupeng/dataset/ssl_seg/BTCV/Training_resampled_1.5_1.5_2.0_npy_zscore/img/img0022.npy
condition batch eval, img shape:(222, 262, 262), sx:3, sy:3, sz:3, num_conditions:2
condition:1, metric:[0.8974909 0.        0.       ]
condition:2, metric:[0.9374764 0.        0.       ]
condition batch eval, img shape:(222, 262, 262), sx:3, sy:3, sz:3, num_conditions:2
condition:3, metric:[0.90195659 0.         0.        ]
condition:4, metric:[  0. 150. 150.]
condition batch eval, img shape:(222, 262, 262), sx:3, sy:3, sz:3, num_conditions:2
condition:5, metric:[  0. 150. 150.]
condition:6, metric:[0.90289338 0.         0.        ]
condition batch eval, img shape:(222, 262, 262), sx:3, sy:3, sz:3, num_conditions:2
condition:7, metric:[0.85799517 0.         0.        ]
condition:8, metric:[0.818614 0.       0.      ]
condition batch eval, img shape:(222, 262, 262), sx:3, sy:3, sz:3, num_conditions:2
condition:9, metric:[0.81898173 0.         0.        ]
condition:10, metric:[0.66666667 0.         0.        ]
condition batch eval, img shape:(222, 262, 262), sx:3, sy:3, sz:3, num_conditions:2
condition:11, metric:[0.70233458 0.         0.        ]
condition:12, metric:[  0. 150. 150.]
condition batch eval, img shape:(222, 262, 262), sx:3, sy:3, sz:3, num_conditions:1
condition:13, metric:[  0. 150. 150.]
Validation end
avg metric shape: (13, 3)
save model to ../model/BTCV_5_C3PS_cond_mode_film_began_semi2000_con4000_SGD_SGD/unet_3D_old/iter_18000_dice_0.5497
iteration 18000 : model2_dice_score : 0.549678 model2_hd95 : 46.153846
save model to ../model/BTCV_5_C3PS_cond_mode_film_began_semi2000_con4000_SGD_SGD/unet_3D_old/model_iter_18000.pth
save model2 to ../model/BTCV_5_C3PS_cond_mode_film_began_semi2000_con4000_SGD_SGD/unet_3D_old/model2_iter_18000.pth
iteration 18020 :model1 loss : 0.135665model2 loss : 0.028627pseudo_supervision1 : 0.000000pseudo_supervision2 : 0.182590
iteration 18040 :model1 loss : 0.172794model2 loss : 0.030228pseudo_supervision1 : 0.435407pseudo_supervision2 : 0.015712
iteration 18060 :model1 loss : 0.153614model2 loss : 0.280374pseudo_supervision1 : 0.000000pseudo_supervision2 : 0.500172
iteration 18080 :model1 loss : 0.139588model2 loss : 0.036808pseudo_supervision1 : 0.000000pseudo_supervision2 : 0.502127
iteration 18100 :model1 loss : 0.421374model2 loss : 0.226304pseudo_supervision1 : 0.000000pseudo_supervision2 : 0.503033
iteration 18120 :model1 loss : 0.157073model2 loss : 0.091561pseudo_supervision1 : 0.407995pseudo_supervision2 : 0.056003
iteration 18140 :model1 loss : 0.155072model2 loss : 0.055906pseudo_supervision1 : 0.472907pseudo_supervision2 : 0.166495
iteration 18160 :model1 loss : 0.156591model2 loss : 0.088478pseudo_supervision1 : 0.000000pseudo_supervision2 : 0.472554
iteration 18180 :model1 loss : 0.138324model2 loss : 0.026466pseudo_supervision1 : 0.408393pseudo_supervision2 : 0.021250
iteration 18200 :model1 loss : 0.268154model2 loss : 0.267769pseudo_supervision1 : 0.274156pseudo_supervision2 : 0.365907
save model to ../model/BTCV_5_C3PS_cond_mode_film_began_semi2000_con4000_SGD_SGD/unet_3D_old/model_iter_18200.pth
save model2 to ../model/BTCV_5_C3PS_cond_mode_film_began_semi2000_con4000_SGD_SGD/unet_3D_old/model2_iter_18200.pth
iteration 18220 :model1 loss : 0.245569model2 loss : 0.032235pseudo_supervision1 : 0.224528pseudo_supervision2 : 0.188266
iteration 18240 :model1 loss : 0.230429model2 loss : 0.037588pseudo_supervision1 : 1.142299pseudo_supervision2 : 0.087857
iteration 18260 :model1 loss : 0.155262model2 loss : 0.263079pseudo_supervision1 : 0.173841pseudo_supervision2 : 0.232659
iteration 18280 :model1 loss : 0.388385model2 loss : 0.143743pseudo_supervision1 : 0.148179pseudo_supervision2 : 0.051261
iteration 18300 :model1 loss : 0.140756model2 loss : 0.036072pseudo_supervision1 : 0.235891pseudo_supervision2 : 0.087310
iteration 18320 :model1 loss : 0.167239model2 loss : 0.044730pseudo_supervision1 : 0.448389pseudo_supervision2 : 0.192720
iteration 18340 :model1 loss : 0.157174model2 loss : 0.074089pseudo_supervision1 : 0.000000pseudo_supervision2 : 0.494175
iteration 18360 :model1 loss : 0.181213model2 loss : 0.035833pseudo_supervision1 : 0.236444pseudo_supervision2 : 0.088788
iteration 18380 :model1 loss : 0.261687model2 loss : 0.047614pseudo_supervision1 : 0.000000pseudo_supervision2 : 0.500393
iteration 18400 :model1 loss : 0.202707model2 loss : 0.034545pseudo_supervision1 : 0.417184pseudo_supervision2 : 0.041107
began evaluation!
iteration 18400: validation sampled 4/12 cases
Total test images: 4
Validation begin
Validation end
avg metric shape: (13, 3)
iteration 18400 : model_dice_score : 0.520179 model_hd95 : 0.000000
began evaluation!
Total test images: 4
Validation begin
===>test image:/projects/weilab/liupeng/dataset/ssl_seg/BTCV/Training_resampled_1.5_1.5_2.0_npy_zscore/img/img0003.npy
condition batch eval, img shape:(297, 307, 307), sx:5, sy:4, sz:4, num_conditions:2
condition:1, metric:[0.2579948 0.        0.       ]
condition:2, metric:[0.91663311 0.         0.        ]
condition batch eval, img shape:(297, 307, 307), sx:5, sy:4, sz:4, num_conditions:2
condition:3, metric:[0.87630354 0.         0.        ]
condition:4, metric:[  0. 150. 150.]
condition batch eval, img shape:(297, 307, 307), sx:5, sy:4, sz:4, num_conditions:2
condition:5, metric:[  0. 150. 150.]
condition:6, metric:[0.85598641 0.         0.        ]
condition batch eval, img shape:(297, 307, 307), sx:5, sy:4, sz:4, num_conditions:2
condition:7, metric:[0.03611879 0.         0.        ]
condition:8, metric:[0.77621888 0.         0.        ]
condition batch eval, img shape:(297, 307, 307), sx:5, sy:4, sz:4, num_conditions:2
condition:9, metric:[0.73599904 0.         0.        ]
condition:10, metric:[0.35211666 0.         0.        ]
condition batch eval, img shape:(297, 307, 307), sx:5, sy:4, sz:4, num_conditions:2
condition:11, metric:[0.06766536 0.         0.        ]
condition:12, metric:[  0. 150. 150.]
condition batch eval, img shape:(297, 307, 307), sx:5, sy:4, sz:4, num_conditions:1
condition:13, metric:[  0. 150. 150.]
===>test image:/projects/weilab/liupeng/dataset/ssl_seg/BTCV/Training_resampled_1.5_1.5_2.0_npy_zscore/img/img0008.npy
condition batch eval, img shape:(222, 249, 249), sx:3, sy:3, sz:3, num_conditions:2
condition:1, metric:[0.89379273 0.         0.        ]
condition:2, metric:[0.02257647 0.         0.        ]
condition batch eval, img shape:(222, 249, 249), sx:3, sy:3, sz:3, num_conditions:2
condition:3, metric:[0.01879825 0.         0.        ]
condition:4, metric:[  0. 150. 150.]
condition batch eval, img shape:(222, 249, 249), sx:3, sy:3, sz:3, num_conditions:2
condition:5, metric:[  0. 150. 150.]
condition:6, metric:[0.87961747 0.         0.        ]
condition batch eval, img shape:(222, 249, 249), sx:3, sy:3, sz:3, num_conditions:2
condition:7, metric:[0.76730205 0.         0.        ]
condition:8, metric:[0.40920995 0.         0.        ]
condition batch eval, img shape:(222, 249, 249), sx:3, sy:3, sz:3, num_conditions:2
condition:9, metric:[0.81346001 0.         0.        ]
condition:10, metric:[0.4892562 0.        0.       ]
condition batch eval, img shape:(222, 249, 249), sx:3, sy:3, sz:3, num_conditions:2
condition:11, metric:[0.67842058 0.         0.        ]
condition:12, metric:[  0. 150. 150.]
condition batch eval, img shape:(222, 249, 249), sx:3, sy:3, sz:3, num_conditions:1
condition:13, metric:[  0. 150. 150.]
===>test image:/projects/weilab/liupeng/dataset/ssl_seg/BTCV/Training_resampled_1.5_1.5_2.0_npy_zscore/img/img0002.npy
condition batch eval, img shape:(208, 246, 246), sx:3, sy:3, sz:3, num_conditions:2
condition:1, metric:[0.88480302 0.         0.        ]
condition:2, metric:[0.91959604 0.         0.        ]
condition batch eval, img shape:(208, 246, 246), sx:3, sy:3, sz:3, num_conditions:2
condition:3, metric:[0.76301728 0.         0.        ]
condition:4, metric:[  0. 150. 150.]
condition batch eval, img shape:(208, 246, 246), sx:3, sy:3, sz:3, num_conditions:2
condition:5, metric:[  0. 150. 150.]
condition:6, metric:[0.9191994 0.        0.       ]
condition batch eval, img shape:(208, 246, 246), sx:3, sy:3, sz:3, num_conditions:2
condition:7, metric:[0.69388179 0.         0.        ]
condition:8, metric:[0.43201874 0.         0.        ]
condition batch eval, img shape:(208, 246, 246), sx:3, sy:3, sz:3, num_conditions:2
condition:9, metric:[0.77363161 0.         0.        ]
condition:10, metric:[0.46674412 0.         0.        ]
condition batch eval, img shape:(208, 246, 246), sx:3, sy:3, sz:3, num_conditions:2
condition:11, metric:[0.48468551 0.         0.        ]
condition:12, metric:[  0. 150. 150.]
condition batch eval, img shape:(208, 246, 246), sx:3, sy:3, sz:3, num_conditions:1
condition:13, metric:[  0. 150. 150.]
===>test image:/projects/weilab/liupeng/dataset/ssl_seg/BTCV/Training_resampled_1.5_1.5_2.0_npy_zscore/img/img0022.npy
condition batch eval, img shape:(222, 262, 262), sx:3, sy:3, sz:3, num_conditions:2
condition:1, metric:[0.8737653 0.        0.       ]
condition:2, metric:[0.92925903 0.         0.        ]
condition batch eval, img shape:(222, 262, 262), sx:3, sy:3, sz:3, num_conditions:2
condition:3, metric:[0.89382466 0.         0.        ]
condition:4, metric:[  0. 150. 150.]
condition batch eval, img shape:(222, 262, 262), sx:3, sy:3, sz:3, num_conditions:2
condition:5, metric:[  0. 150. 150.]
condition:6, metric:[0.91582475 0.         0.        ]
condition batch eval, img shape:(222, 262, 262), sx:3, sy:3, sz:3, num_conditions:2
condition:7, metric:[0.86158091 0.         0.        ]
condition:8, metric:[0.90880933 0.         0.        ]
condition batch eval, img shape:(222, 262, 262), sx:3, sy:3, sz:3, num_conditions:2
condition:9, metric:[0.81012411 0.         0.        ]
condition:10, metric:[0.66306373 0.         0.        ]
condition batch eval, img shape:(222, 262, 262), sx:3, sy:3, sz:3, num_conditions:2
condition:11, metric:[0.67354566 0.         0.        ]
condition:12, metric:[  0. 150. 150.]
condition batch eval, img shape:(222, 262, 262), sx:3, sy:3, sz:3, num_conditions:1
condition:13, metric:[  0. 150. 150.]
Validation end
avg metric shape: (13, 3)
iteration 18400 : model2_dice_score : 0.456055 model2_hd95 : 46.153846
save model to ../model/BTCV_5_C3PS_cond_mode_film_began_semi2000_con4000_SGD_SGD/unet_3D_old/model_iter_18400.pth
save model2 to ../model/BTCV_5_C3PS_cond_mode_film_began_semi2000_con4000_SGD_SGD/unet_3D_old/model2_iter_18400.pth
iteration 18420 :model1 loss : 0.215709model2 loss : 0.068643pseudo_supervision1 : 0.000000pseudo_supervision2 : 0.500173
iteration 18440 :model1 loss : 0.196530model2 loss : 0.054748pseudo_supervision1 : 0.000000pseudo_supervision2 : 0.191829
iteration 18460 :model1 loss : 0.190361model2 loss : 0.071038pseudo_supervision1 : 0.000000pseudo_supervision2 : 0.500057
iteration 18480 :model1 loss : 0.136714model2 loss : 0.061896pseudo_supervision1 : 0.000000pseudo_supervision2 : 0.500478
iteration 18500 :model1 loss : 0.218802model2 loss : 0.124565pseudo_supervision1 : 0.207080pseudo_supervision2 : 0.163902
iteration 18520 :model1 loss : 0.137186model2 loss : 0.060342pseudo_supervision1 : 0.000000pseudo_supervision2 : 0.500229
iteration 18540 :model1 loss : 0.163410model2 loss : 0.045064pseudo_supervision1 : 0.000000pseudo_supervision2 : 0.311949
iteration 18560 :model1 loss : 0.143358model2 loss : 0.031746pseudo_supervision1 : 0.394834pseudo_supervision2 : 0.020699
iteration 18580 :model1 loss : 0.167105model2 loss : 0.062873pseudo_supervision1 : 0.527904pseudo_supervision2 : 0.037114
iteration 18600 :model1 loss : 0.142172model2 loss : 0.039664pseudo_supervision1 : 0.000000pseudo_supervision2 : 0.501083
save model to ../model/BTCV_5_C3PS_cond_mode_film_began_semi2000_con4000_SGD_SGD/unet_3D_old/model_iter_18600.pth
save model2 to ../model/BTCV_5_C3PS_cond_mode_film_began_semi2000_con4000_SGD_SGD/unet_3D_old/model2_iter_18600.pth
iteration 18620 :model1 loss : 0.153091model2 loss : 0.108737pseudo_supervision1 : 0.273754pseudo_supervision2 : 0.008924
iteration 18640 :model1 loss : 0.168440model2 loss : 0.078836pseudo_supervision1 : 0.466628pseudo_supervision2 : 0.114303
iteration 18660 :model1 loss : 0.250055model2 loss : 0.032262pseudo_supervision1 : 0.637638pseudo_supervision2 : 0.122326
iteration 18680 :model1 loss : 0.160072model2 loss : 0.082187pseudo_supervision1 : 0.000000pseudo_supervision2 : 0.500895
iteration 18700 :model1 loss : 0.132871model2 loss : 0.135674pseudo_supervision1 : 0.000000pseudo_supervision2 : 0.500000
iteration 18720 :model1 loss : 0.194123model2 loss : 0.038196pseudo_supervision1 : 0.573513pseudo_supervision2 : 0.141899
iteration 18740 :model1 loss : 0.171468model2 loss : 0.051034pseudo_supervision1 : 0.000000pseudo_supervision2 : 0.511490
iteration 18760 :model1 loss : 0.137450model2 loss : 0.153255pseudo_supervision1 : 0.000000pseudo_supervision2 : 0.057473
iteration 18780 :model1 loss : 0.164134model2 loss : 0.059690pseudo_supervision1 : 0.000000pseudo_supervision2 : 0.500673
iteration 18800 :model1 loss : 0.131432model2 loss : 0.049057pseudo_supervision1 : 0.000000pseudo_supervision2 : 0.500027
began evaluation!
iteration 18800: validation sampled 4/12 cases
Total test images: 4
Validation begin
Validation end
avg metric shape: (13, 3)
iteration 18800 : model_dice_score : 0.591024 model_hd95 : 5.769231
began evaluation!
Total test images: 4
Validation begin
===>test image:/projects/weilab/liupeng/dataset/ssl_seg/BTCV/Training_resampled_1.5_1.5_2.0_npy_zscore/img/img0032.npy
condition batch eval, img shape:(216, 253, 253), sx:3, sy:3, sz:3, num_conditions:2
condition:1, metric:[0.85883885 0.         0.        ]
condition:2, metric:[0.84831914 0.         0.        ]
condition batch eval, img shape:(216, 253, 253), sx:3, sy:3, sz:3, num_conditions:2
condition:3, metric:[0.76355224 0.         0.        ]
condition:4, metric:[  0. 150. 150.]
condition batch eval, img shape:(216, 253, 253), sx:3, sy:3, sz:3, num_conditions:2
condition:5, metric:[  0. 150. 150.]
condition:6, metric:[0.86562528 0.         0.        ]
condition batch eval, img shape:(216, 253, 253), sx:3, sy:3, sz:3, num_conditions:2
condition:7, metric:[0.81240153 0.         0.        ]
condition:8, metric:[0.57524722 0.         0.        ]
condition batch eval, img shape:(216, 253, 253), sx:3, sy:3, sz:3, num_conditions:2
condition:9, metric:[0.68260229 0.         0.        ]
condition:10, metric:[0.59631676 0.         0.        ]
condition batch eval, img shape:(216, 253, 253), sx:3, sy:3, sz:3, num_conditions:2
condition:11, metric:[0.45651164 0.         0.        ]
condition:12, metric:[  0. 150. 150.]
condition batch eval, img shape:(216, 253, 253), sx:3, sy:3, sz:3, num_conditions:1
condition:13, metric:[  0. 150. 150.]
===>test image:/projects/weilab/liupeng/dataset/ssl_seg/BTCV/Training_resampled_1.5_1.5_2.0_npy_zscore/img/img0003.npy
condition batch eval, img shape:(297, 307, 307), sx:5, sy:4, sz:4, num_conditions:2
condition:1, metric:[0.28558528 0.         0.        ]
condition:2, metric:[0.93033325 0.         0.        ]
condition batch eval, img shape:(297, 307, 307), sx:5, sy:4, sz:4, num_conditions:2
condition:3, metric:[0.8609009 0.        0.       ]
condition:4, metric:[  0. 150. 150.]
condition batch eval, img shape:(297, 307, 307), sx:5, sy:4, sz:4, num_conditions:2
condition:5, metric:[  0. 150. 150.]
condition:6, metric:[0.81007537 0.         0.        ]
condition batch eval, img shape:(297, 307, 307), sx:5, sy:4, sz:4, num_conditions:2
condition:7, metric:[0.08040149 0.         0.        ]
condition:8, metric:[0.79558721 0.         0.        ]
condition batch eval, img shape:(297, 307, 307), sx:5, sy:4, sz:4, num_conditions:2
condition:9, metric:[0.72589011 0.         0.        ]
condition:10, metric:[0.27255029 0.         0.        ]
condition batch eval, img shape:(297, 307, 307), sx:5, sy:4, sz:4, num_conditions:2
condition:11, metric:[0.00010492 0.         0.        ]
condition:12, metric:[  0. 150. 150.]
condition batch eval, img shape:(297, 307, 307), sx:5, sy:4, sz:4, num_conditions:1
condition:13, metric:[  0. 150. 150.]
===>test image:/projects/weilab/liupeng/dataset/ssl_seg/BTCV/Training_resampled_1.5_1.5_2.0_npy_zscore/img/img0001.npy
condition batch eval, img shape:(220, 228, 228), sx:3, sy:3, sz:3, num_conditions:2
condition:1, metric:[0.93548921 0.         0.        ]
condition:2, metric:[0.74607868 0.         0.        ]
condition batch eval, img shape:(220, 228, 228), sx:3, sy:3, sz:3, num_conditions:2
condition:3, metric:[0.68479147 0.         0.        ]
condition:4, metric:[  0. 150. 150.]
condition batch eval, img shape:(220, 228, 228), sx:3, sy:3, sz:3, num_conditions:2
condition:5, metric:[  0. 150. 150.]
condition:6, metric:[0.92490346 0.         0.        ]
condition batch eval, img shape:(220, 228, 228), sx:3, sy:3, sz:3, num_conditions:2
condition:7, metric:[0.71134314 0.         0.        ]
condition:8, metric:[0.47845394 0.         0.        ]
condition batch eval, img shape:(220, 228, 228), sx:3, sy:3, sz:3, num_conditions:2
condition:9, metric:[0.78416334 0.         0.        ]
condition:10, metric:[0.69371528 0.         0.        ]
condition batch eval, img shape:(220, 228, 228), sx:3, sy:3, sz:3, num_conditions:2
condition:11, metric:[0.38848704 0.         0.        ]
condition:12, metric:[  0. 150. 150.]
condition batch eval, img shape:(220, 228, 228), sx:3, sy:3, sz:3, num_conditions:1
condition:13, metric:[  0. 150. 150.]
===>test image:/projects/weilab/liupeng/dataset/ssl_seg/BTCV/Training_resampled_1.5_1.5_2.0_npy_zscore/img/img0029.npy
condition batch eval, img shape:(150, 299, 299), sx:2, sy:4, sz:4, num_conditions:2
condition:1, metric:[0.88353687 0.         0.        ]
condition:2, metric:[0.90370296 0.         0.        ]
condition batch eval, img shape:(150, 299, 299), sx:2, sy:4, sz:4, num_conditions:2
condition:3, metric:[0.91295953 0.         0.        ]
condition:4, metric:[  0. 150. 150.]
condition batch eval, img shape:(150, 299, 299), sx:2, sy:4, sz:4, num_conditions:2
condition:5, metric:[  0. 150. 150.]
condition:6, metric:[0.93514729 0.         0.        ]
condition batch eval, img shape:(150, 299, 299), sx:2, sy:4, sz:4, num_conditions:2
condition:7, metric:[0.64215025 0.         0.        ]
condition:8, metric:[0.87738005 0.         0.        ]
condition batch eval, img shape:(150, 299, 299), sx:2, sy:4, sz:4, num_conditions:2
condition:9, metric:[0.86128218 0.         0.        ]
condition:10, metric:[0.48422768 0.         0.        ]
condition batch eval, img shape:(150, 299, 299), sx:2, sy:4, sz:4, num_conditions:2
condition:11, metric:[0.45475244 0.         0.        ]
condition:12, metric:[  0. 150. 150.]
condition batch eval, img shape:(150, 299, 299), sx:2, sy:4, sz:4, num_conditions:1
condition:13, metric:[  0. 150. 150.]
Validation end
avg metric shape: (13, 3)
iteration 18800 : model2_dice_score : 0.471604 model2_hd95 : 46.153846
save model to ../model/BTCV_5_C3PS_cond_mode_film_began_semi2000_con4000_SGD_SGD/unet_3D_old/model_iter_18800.pth
save model2 to ../model/BTCV_5_C3PS_cond_mode_film_began_semi2000_con4000_SGD_SGD/unet_3D_old/model2_iter_18800.pth
iteration 18820 :model1 loss : 0.163277model2 loss : 0.050917pseudo_supervision1 : 0.000000pseudo_supervision2 : 0.500037
iteration 18840 :model1 loss : 0.198778model2 loss : 0.045672pseudo_supervision1 : 0.307701pseudo_supervision2 : 0.063313
iteration 18860 :model1 loss : 0.144474model2 loss : 0.109348pseudo_supervision1 : 0.000000pseudo_supervision2 : 0.500761
iteration 18880 :model1 loss : 0.170237model2 loss : 0.023415pseudo_supervision1 : 0.360218pseudo_supervision2 : 0.158377
iteration 18900 :model1 loss : 0.148121model2 loss : 0.021753pseudo_supervision1 : 0.261162pseudo_supervision2 : 0.030470
iteration 18920 :model1 loss : 0.217288model2 loss : 0.024258pseudo_supervision1 : 0.394272pseudo_supervision2 : 0.021341
iteration 18940 :model1 loss : 0.202810model2 loss : 0.046839pseudo_supervision1 : 0.000000pseudo_supervision2 : 0.500091
iteration 18960 :model1 loss : 0.150545model2 loss : 0.053735pseudo_supervision1 : 0.000000pseudo_supervision2 : 0.041005
iteration 18980 :model1 loss : 0.171650model2 loss : 0.235958pseudo_supervision1 : 0.150017pseudo_supervision2 : 0.082186
iteration 19000 :model1 loss : 0.171809model2 loss : 0.068448pseudo_supervision1 : 0.000000pseudo_supervision2 : 0.501927
save model to ../model/BTCV_5_C3PS_cond_mode_film_began_semi2000_con4000_SGD_SGD/unet_3D_old/model_iter_19000.pth
save model2 to ../model/BTCV_5_C3PS_cond_mode_film_began_semi2000_con4000_SGD_SGD/unet_3D_old/model2_iter_19000.pth
iteration 19020 :model1 loss : 0.175253model2 loss : 0.055900pseudo_supervision1 : 0.000000pseudo_supervision2 : 0.500041
iteration 19040 :model1 loss : 0.159165model2 loss : 0.065489pseudo_supervision1 : 0.000000pseudo_supervision2 : 0.500350
iteration 19060 :model1 loss : 0.132524model2 loss : 0.065582pseudo_supervision1 : 0.000000pseudo_supervision2 : 0.500268
iteration 19080 :model1 loss : 0.182656model2 loss : 0.063986pseudo_supervision1 : 0.000000pseudo_supervision2 : 0.506968
iteration 19100 :model1 loss : 0.299337model2 loss : 0.100602pseudo_supervision1 : 0.158911pseudo_supervision2 : 0.029013
iteration 19120 :model1 loss : 0.154316model2 loss : 0.256053pseudo_supervision1 : 0.372960pseudo_supervision2 : 0.057944
iteration 19140 :model1 loss : 0.187432model2 loss : 0.040232pseudo_supervision1 : 0.313781pseudo_supervision2 : 0.139190
iteration 19160 :model1 loss : 0.148888model2 loss : 0.081479pseudo_supervision1 : 0.000000pseudo_supervision2 : 0.448495
iteration 19180 :model1 loss : 0.149647model2 loss : 0.024335pseudo_supervision1 : 0.453055pseudo_supervision2 : 0.008882
iteration 19200 :model1 loss : 0.293310model2 loss : 0.041151pseudo_supervision1 : 0.222786pseudo_supervision2 : 0.061644
began evaluation!
iteration 19200: validation sampled 4/12 cases
Total test images: 4
Validation begin
Validation end
avg metric shape: (13, 3)
iteration 19200 : model_dice_score : 0.584629 model_hd95 : 2.884615
began evaluation!
Total test images: 4
Validation begin
===>test image:/projects/weilab/liupeng/dataset/ssl_seg/BTCV/Training_resampled_1.5_1.5_2.0_npy_zscore/img/img0038.npy
condition batch eval, img shape:(250, 333, 333), sx:4, sy:4, sz:4, num_conditions:2
condition:1, metric:[0.72965073 0.         0.        ]
condition:2, metric:[0.85313464 0.         0.        ]
condition batch eval, img shape:(250, 333, 333), sx:4, sy:4, sz:4, num_conditions:2
condition:3, metric:[0.90984993 0.         0.        ]
condition:4, metric:[  0. 150. 150.]
condition batch eval, img shape:(250, 333, 333), sx:4, sy:4, sz:4, num_conditions:2
condition:5, metric:[  0. 150. 150.]
condition:6, metric:[0.84533931 0.         0.        ]
condition batch eval, img shape:(250, 333, 333), sx:4, sy:4, sz:4, num_conditions:2
condition:7, metric:[0.54046288 0.         0.        ]
condition:8, metric:[0.86982674 0.         0.        ]
condition batch eval, img shape:(250, 333, 333), sx:4, sy:4, sz:4, num_conditions:2
condition:9, metric:[0.73523648 0.         0.        ]
condition:10, metric:[0.62671387 0.         0.        ]
condition batch eval, img shape:(250, 333, 333), sx:4, sy:4, sz:4, num_conditions:2
condition:11, metric:[0.71349267 0.         0.        ]
condition:12, metric:[  0. 150. 150.]
condition batch eval, img shape:(250, 333, 333), sx:4, sy:4, sz:4, num_conditions:1
condition:13, metric:[  0. 150. 150.]
===>test image:/projects/weilab/liupeng/dataset/ssl_seg/BTCV/Training_resampled_1.5_1.5_2.0_npy_zscore/img/img0008.npy
condition batch eval, img shape:(222, 249, 249), sx:3, sy:3, sz:3, num_conditions:2
condition:1, metric:[0.87921147 0.         0.        ]
condition:2, metric:[0.00866544 0.         0.        ]
condition batch eval, img shape:(222, 249, 249), sx:3, sy:3, sz:3, num_conditions:2
condition:3, metric:[0.00575244 0.         0.        ]
condition:4, metric:[  0. 150. 150.]
condition batch eval, img shape:(222, 249, 249), sx:3, sy:3, sz:3, num_conditions:2
condition:5, metric:[  0. 150. 150.]
condition:6, metric:[0.90934081 0.         0.        ]
condition batch eval, img shape:(222, 249, 249), sx:3, sy:3, sz:3, num_conditions:2
condition:7, metric:[0.57786713 0.         0.        ]
condition:8, metric:[0.47878257 0.         0.        ]
condition batch eval, img shape:(222, 249, 249), sx:3, sy:3, sz:3, num_conditions:2
condition:9, metric:[0.8267009 0.        0.       ]
condition:10, metric:[0.5825791 0.        0.       ]
condition batch eval, img shape:(222, 249, 249), sx:3, sy:3, sz:3, num_conditions:2
condition:11, metric:[0.68405751 0.         0.        ]
condition:12, metric:[  0. 150. 150.]
condition batch eval, img shape:(222, 249, 249), sx:3, sy:3, sz:3, num_conditions:1
condition:13, metric:[  0. 150. 150.]
===>test image:/projects/weilab/liupeng/dataset/ssl_seg/BTCV/Training_resampled_1.5_1.5_2.0_npy_zscore/img/img0001.npy
condition batch eval, img shape:(220, 228, 228), sx:3, sy:3, sz:3, num_conditions:2
condition:1, metric:[0.91356488 0.         0.        ]
condition:2, metric:[0.68981362 0.         0.        ]
condition batch eval, img shape:(220, 228, 228), sx:3, sy:3, sz:3, num_conditions:2
condition:3, metric:[0.75048697 0.         0.        ]
condition:4, metric:[  0. 150. 150.]
condition batch eval, img shape:(220, 228, 228), sx:3, sy:3, sz:3, num_conditions:2
condition:5, metric:[  0. 150. 150.]
condition:6, metric:[0.92704088 0.         0.        ]
condition batch eval, img shape:(220, 228, 228), sx:3, sy:3, sz:3, num_conditions:2
condition:7, metric:[0.58444323 0.         0.        ]
condition:8, metric:[0.61514917 0.         0.        ]
condition batch eval, img shape:(220, 228, 228), sx:3, sy:3, sz:3, num_conditions:2
condition:9, metric:[0.79471366 0.         0.        ]
condition:10, metric:[0.64576585 0.         0.        ]
condition batch eval, img shape:(220, 228, 228), sx:3, sy:3, sz:3, num_conditions:2
condition:11, metric:[0.41958374 0.         0.        ]
condition:12, metric:[  0. 150. 150.]
condition batch eval, img shape:(220, 228, 228), sx:3, sy:3, sz:3, num_conditions:1
condition:13, metric:[  0. 150. 150.]
===>test image:/projects/weilab/liupeng/dataset/ssl_seg/BTCV/Training_resampled_1.5_1.5_2.0_npy_zscore/img/img0029.npy
condition batch eval, img shape:(150, 299, 299), sx:2, sy:4, sz:4, num_conditions:2
condition:1, metric:[0.81427184 0.         0.        ]
condition:2, metric:[0.9163516 0.        0.       ]
condition batch eval, img shape:(150, 299, 299), sx:2, sy:4, sz:4, num_conditions:2
condition:3, metric:[0.8931172 0.        0.       ]
condition:4, metric:[  0. 150. 150.]
condition batch eval, img shape:(150, 299, 299), sx:2, sy:4, sz:4, num_conditions:2
condition:5, metric:[  0. 150. 150.]
condition:6, metric:[0.9330948 0.        0.       ]
condition batch eval, img shape:(150, 299, 299), sx:2, sy:4, sz:4, num_conditions:2
condition:7, metric:[0.62859115 0.         0.        ]
condition:8, metric:[0.90957886 0.         0.        ]
condition batch eval, img shape:(150, 299, 299), sx:2, sy:4, sz:4, num_conditions:2
condition:9, metric:[0.87755347 0.         0.        ]
condition:10, metric:[0.4394702 0.        0.       ]
condition batch eval, img shape:(150, 299, 299), sx:2, sy:4, sz:4, num_conditions:2
condition:11, metric:[0.67501074 0.         0.        ]
condition:12, metric:[  0. 150. 150.]
condition batch eval, img shape:(150, 299, 299), sx:2, sy:4, sz:4, num_conditions:1
condition:13, metric:[  0. 150. 150.]
Validation end
avg metric shape: (13, 3)
iteration 19200 : model2_dice_score : 0.484697 model2_hd95 : 46.153846
save model to ../model/BTCV_5_C3PS_cond_mode_film_began_semi2000_con4000_SGD_SGD/unet_3D_old/model_iter_19200.pth
save model2 to ../model/BTCV_5_C3PS_cond_mode_film_began_semi2000_con4000_SGD_SGD/unet_3D_old/model2_iter_19200.pth
iteration 19220 :model1 loss : 0.213579model2 loss : 0.043809pseudo_supervision1 : 0.673984pseudo_supervision2 : 0.046263
iteration 19240 :model1 loss : 0.199529model2 loss : 0.057917pseudo_supervision1 : 0.000000pseudo_supervision2 : 0.500262
iteration 19260 :model1 loss : 0.139458model2 loss : 0.021982pseudo_supervision1 : 0.207988pseudo_supervision2 : 0.064725
iteration 19280 :model1 loss : 0.157163model2 loss : 0.076309pseudo_supervision1 : 0.674637pseudo_supervision2 : 0.093692
iteration 19300 :model1 loss : 0.196261model2 loss : 0.068085pseudo_supervision1 : 0.074799pseudo_supervision2 : 0.063024
iteration 19320 :model1 loss : 0.137958model2 loss : 0.013487pseudo_supervision1 : 0.144592pseudo_supervision2 : 0.018679
iteration 19340 :model1 loss : 0.115196model2 loss : 0.044759pseudo_supervision1 : 0.000000pseudo_supervision2 : 0.500202
iteration 19360 :model1 loss : 0.235310model2 loss : 0.034427pseudo_supervision1 : 1.606700pseudo_supervision2 : 0.092885
iteration 19380 :model1 loss : 0.133946model2 loss : 0.283044pseudo_supervision1 : 0.000000pseudo_supervision2 : 0.500241
iteration 19400 :model1 loss : 0.135419model2 loss : 0.064053pseudo_supervision1 : 0.000000pseudo_supervision2 : 0.500084
save model to ../model/BTCV_5_C3PS_cond_mode_film_began_semi2000_con4000_SGD_SGD/unet_3D_old/model_iter_19400.pth
save model2 to ../model/BTCV_5_C3PS_cond_mode_film_began_semi2000_con4000_SGD_SGD/unet_3D_old/model2_iter_19400.pth
iteration 19420 :model1 loss : 0.162926model2 loss : 0.026793pseudo_supervision1 : 0.120116pseudo_supervision2 : 0.046464
iteration 19440 :model1 loss : 0.150034model2 loss : 0.187860pseudo_supervision1 : 0.000000pseudo_supervision2 : 0.499872
iteration 19460 :model1 loss : 0.144635model2 loss : 0.069284pseudo_supervision1 : 0.094196pseudo_supervision2 : 0.204622
iteration 19480 :model1 loss : 0.125436model2 loss : 0.030205pseudo_supervision1 : 0.072567pseudo_supervision2 : 0.013233
iteration 19500 :model1 loss : 0.164757model2 loss : 0.024019pseudo_supervision1 : 0.224487pseudo_supervision2 : 0.008896
iteration 19520 :model1 loss : 0.150772model2 loss : 0.047290pseudo_supervision1 : 0.263690pseudo_supervision2 : 0.091420
iteration 19540 :model1 loss : 0.435826model2 loss : 0.083842pseudo_supervision1 : 0.000000pseudo_supervision2 : 0.488594
iteration 19560 :model1 loss : 0.127034model2 loss : 0.162334pseudo_supervision1 : 0.000000pseudo_supervision2 : 0.500260
iteration 19580 :model1 loss : 0.195749model2 loss : 0.073956pseudo_supervision1 : 0.000000pseudo_supervision2 : 0.544444
iteration 19600 :model1 loss : 0.142936model2 loss : 0.020682pseudo_supervision1 : 0.153937pseudo_supervision2 : 0.020205
began evaluation!
iteration 19600: validation sampled 4/12 cases
Total test images: 4
Validation begin
Validation end
avg metric shape: (13, 3)
iteration 19600 : model_dice_score : 0.634625 model_hd95 : 0.000000
began evaluation!
Total test images: 4
Validation begin
===>test image:/projects/weilab/liupeng/dataset/ssl_seg/BTCV/Training_resampled_1.5_1.5_2.0_npy_zscore/img/img0036.npy
condition batch eval, img shape:(276, 255, 255), sx:4, sy:3, sz:3, num_conditions:2
condition:1, metric:[0.87711864 0.         0.        ]
condition:2, metric:[0.93527569 0.         0.        ]
condition batch eval, img shape:(276, 255, 255), sx:4, sy:3, sz:3, num_conditions:2
condition:3, metric:[0.84598295 0.         0.        ]
condition:4, metric:[  0. 150. 150.]
condition batch eval, img shape:(276, 255, 255), sx:4, sy:3, sz:3, num_conditions:2
condition:5, metric:[  0. 150. 150.]
condition:6, metric:[0.93904854 0.         0.        ]
condition batch eval, img shape:(276, 255, 255), sx:4, sy:3, sz:3, num_conditions:2
condition:7, metric:[0.8494873 0.        0.       ]
condition:8, metric:[0.82453443 0.         0.        ]
condition batch eval, img shape:(276, 255, 255), sx:4, sy:3, sz:3, num_conditions:2
condition:9, metric:[0.74336606 0.         0.        ]
condition:10, metric:[0.46993499 0.         0.        ]
condition batch eval, img shape:(276, 255, 255), sx:4, sy:3, sz:3, num_conditions:2
condition:11, metric:[0.53808851 0.         0.        ]
condition:12, metric:[  0. 150. 150.]
condition batch eval, img shape:(276, 255, 255), sx:4, sy:3, sz:3, num_conditions:1
condition:13, metric:[  0. 150. 150.]
===>test image:/projects/weilab/liupeng/dataset/ssl_seg/BTCV/Training_resampled_1.5_1.5_2.0_npy_zscore/img/img0025.npy
condition batch eval, img shape:(212, 284, 284), sx:3, sy:3, sz:3, num_conditions:2
condition:1, metric:[0.576288 0.       0.      ]
condition:2, metric:[0.04744796 0.         0.        ]
condition batch eval, img shape:(212, 284, 284), sx:3, sy:3, sz:3, num_conditions:2
condition:3, metric:[0.57585387 0.         0.        ]
condition:4, metric:[  0. 150. 150.]
condition batch eval, img shape:(212, 284, 284), sx:3, sy:3, sz:3, num_conditions:2
condition:5, metric:[  0. 150. 150.]
condition:6, metric:[0.9584087 0.        0.       ]
condition batch eval, img shape:(212, 284, 284), sx:3, sy:3, sz:3, num_conditions:2
condition:7, metric:[0.29679249 0.         0.        ]
condition:8, metric:[0.78542203 0.         0.        ]
condition batch eval, img shape:(212, 284, 284), sx:3, sy:3, sz:3, num_conditions:2
condition:9, metric:[0.69211452 0.         0.        ]
condition:10, metric:[0.01638151 0.         0.        ]
condition batch eval, img shape:(212, 284, 284), sx:3, sy:3, sz:3, num_conditions:2
condition:11, metric:[0.46899785 0.         0.        ]
condition:12, metric:[  0. 150. 150.]
condition batch eval, img shape:(212, 284, 284), sx:3, sy:3, sz:3, num_conditions:1
condition:13, metric:[  0. 150. 150.]
===>test image:/projects/weilab/liupeng/dataset/ssl_seg/BTCV/Training_resampled_1.5_1.5_2.0_npy_zscore/img/img0003.npy
condition batch eval, img shape:(297, 307, 307), sx:5, sy:4, sz:4, num_conditions:2
condition:1, metric:[0.33674678 0.         0.        ]
condition:2, metric:[0.93023061 0.         0.        ]
condition batch eval, img shape:(297, 307, 307), sx:5, sy:4, sz:4, num_conditions:2
condition:3, metric:[0.91572195 0.         0.        ]
condition:4, metric:[  0. 150. 150.]
condition batch eval, img shape:(297, 307, 307), sx:5, sy:4, sz:4, num_conditions:2
condition:5, metric:[  0. 150. 150.]
condition:6, metric:[0.84641371 0.         0.        ]
condition batch eval, img shape:(297, 307, 307), sx:5, sy:4, sz:4, num_conditions:2
condition:7, metric:[0.01127639 0.         0.        ]
condition:8, metric:[0.81484859 0.         0.        ]
condition batch eval, img shape:(297, 307, 307), sx:5, sy:4, sz:4, num_conditions:2
condition:9, metric:[0.74063892 0.         0.        ]
condition:10, metric:[0.15885145 0.         0.        ]
condition batch eval, img shape:(297, 307, 307), sx:5, sy:4, sz:4, num_conditions:2
condition:11, metric:[0.17818286 0.         0.        ]
condition:12, metric:[  0. 150. 150.]
condition batch eval, img shape:(297, 307, 307), sx:5, sy:4, sz:4, num_conditions:1
condition:13, metric:[  0. 150. 150.]
===>test image:/projects/weilab/liupeng/dataset/ssl_seg/BTCV/Training_resampled_1.5_1.5_2.0_npy_zscore/img/img0022.npy
condition batch eval, img shape:(222, 262, 262), sx:3, sy:3, sz:3, num_conditions:2
condition:1, metric:[0.89979921 0.         0.        ]
condition:2, metric:[0.9256298 0.        0.       ]
condition batch eval, img shape:(222, 262, 262), sx:3, sy:3, sz:3, num_conditions:2
condition:3, metric:[0.92122114 0.         0.        ]
condition:4, metric:[  0. 150. 150.]
condition batch eval, img shape:(222, 262, 262), sx:3, sy:3, sz:3, num_conditions:2
condition:5, metric:[  0. 150. 150.]
condition:6, metric:[0.92738559 0.         0.        ]
condition batch eval, img shape:(222, 262, 262), sx:3, sy:3, sz:3, num_conditions:2
condition:7, metric:[0.85608306 0.         0.        ]
condition:8, metric:[0.90095827 0.         0.        ]
condition batch eval, img shape:(222, 262, 262), sx:3, sy:3, sz:3, num_conditions:2
condition:9, metric:[0.81328984 0.         0.        ]
condition:10, metric:[0.52276147 0.         0.        ]
condition batch eval, img shape:(222, 262, 262), sx:3, sy:3, sz:3, num_conditions:2
condition:11, metric:[0.64911011 0.         0.        ]
condition:12, metric:[  0. 150. 150.]
condition batch eval, img shape:(222, 262, 262), sx:3, sy:3, sz:3, num_conditions:1
condition:13, metric:[  0. 150. 150.]
Validation end
avg metric shape: (13, 3)
iteration 19600 : model2_dice_score : 0.457494 model2_hd95 : 46.153846
save model to ../model/BTCV_5_C3PS_cond_mode_film_began_semi2000_con4000_SGD_SGD/unet_3D_old/model_iter_19600.pth
save model2 to ../model/BTCV_5_C3PS_cond_mode_film_began_semi2000_con4000_SGD_SGD/unet_3D_old/model2_iter_19600.pth
iteration 19620 :model1 loss : 0.179738model2 loss : 0.104009pseudo_supervision1 : 0.166896pseudo_supervision2 : 0.107534
iteration 19640 :model1 loss : 0.127875model2 loss : 0.272427pseudo_supervision1 : 0.000000pseudo_supervision2 : 0.500118
iteration 19660 :model1 loss : 0.152308model2 loss : 0.044441pseudo_supervision1 : 0.229196pseudo_supervision2 : 0.060427
iteration 19680 :model1 loss : 0.219569model2 loss : 0.058452pseudo_supervision1 : 0.000000pseudo_supervision2 : 0.500160
iteration 19700 :model1 loss : 0.332556model2 loss : 0.020290pseudo_supervision1 : 0.580423pseudo_supervision2 : 0.067801
iteration 19720 :model1 loss : 0.243056model2 loss : 0.036220pseudo_supervision1 : 1.094666pseudo_supervision2 : 0.206378
iteration 19740 :model1 loss : 0.184818model2 loss : 0.060917pseudo_supervision1 : 0.000000pseudo_supervision2 : 0.500879
iteration 19760 :model1 loss : 0.999236model2 loss : 0.086215pseudo_supervision1 : 15.001115pseudo_supervision2 : 0.501635
iteration 19780 :model1 loss : 0.256764model2 loss : 0.023754pseudo_supervision1 : 0.000000pseudo_supervision2 : 0.036639
iteration 19800 :model1 loss : 0.173402model2 loss : 0.026937pseudo_supervision1 : 0.497509pseudo_supervision2 : 0.047284
save model to ../model/BTCV_5_C3PS_cond_mode_film_began_semi2000_con4000_SGD_SGD/unet_3D_old/model_iter_19800.pth
save model2 to ../model/BTCV_5_C3PS_cond_mode_film_began_semi2000_con4000_SGD_SGD/unet_3D_old/model2_iter_19800.pth
iteration 19820 :model1 loss : 0.145975model2 loss : 0.278956pseudo_supervision1 : 0.000000pseudo_supervision2 : 0.500726
iteration 19840 :model1 loss : 0.175590model2 loss : 0.028978pseudo_supervision1 : 0.071130pseudo_supervision2 : 0.026086
iteration 19860 :model1 loss : 0.144781model2 loss : 0.052979pseudo_supervision1 : 0.000000pseudo_supervision2 : 0.500829
iteration 19880 :model1 loss : 0.178898model2 loss : 0.049284pseudo_supervision1 : 0.000000pseudo_supervision2 : 0.015531
iteration 19900 :model1 loss : 0.163619model2 loss : 0.073201pseudo_supervision1 : 0.000000pseudo_supervision2 : 0.501038
iteration 19920 :model1 loss : 0.201782model2 loss : 0.077526pseudo_supervision1 : 0.987778pseudo_supervision2 : 0.038733
iteration 19940 :model1 loss : 0.157300model2 loss : 0.187178pseudo_supervision1 : 0.404807pseudo_supervision2 : 0.042191
iteration 19960 :model1 loss : 0.183669model2 loss : 0.039458pseudo_supervision1 : 0.109110pseudo_supervision2 : 0.029276
iteration 19980 :model1 loss : 0.156729model2 loss : 0.283514pseudo_supervision1 : 0.000000pseudo_supervision2 : 0.500392
iteration 20000 :model1 loss : 0.285367model2 loss : 0.051028pseudo_supervision1 : 0.539394pseudo_supervision2 : 0.033367
began evaluation!
iteration 20000: validation sampled 4/12 cases
Total test images: 4
Validation begin
Validation end
avg metric shape: (13, 3)
iteration 20000 : model_dice_score : 0.594136 model_hd95 : 0.000000
began evaluation!
Total test images: 4
Validation begin
===>test image:/projects/weilab/liupeng/dataset/ssl_seg/BTCV/Training_resampled_1.5_1.5_2.0_npy_zscore/img/img0025.npy
condition batch eval, img shape:(212, 284, 284), sx:3, sy:3, sz:3, num_conditions:2
condition:1, metric:[0.64999489 0.         0.        ]
condition:2, metric:[0.06313212 0.         0.        ]
condition batch eval, img shape:(212, 284, 284), sx:3, sy:3, sz:3, num_conditions:2
condition:3, metric:[0.55772126 0.         0.        ]
condition:4, metric:[  0. 150. 150.]
condition batch eval, img shape:(212, 284, 284), sx:3, sy:3, sz:3, num_conditions:2
condition:5, metric:[  0. 150. 150.]
condition:6, metric:[0.95907927 0.         0.        ]
condition batch eval, img shape:(212, 284, 284), sx:3, sy:3, sz:3, num_conditions:2
condition:7, metric:[0.4964539 0.        0.       ]
condition:8, metric:[0.80336232 0.         0.        ]
condition batch eval, img shape:(212, 284, 284), sx:3, sy:3, sz:3, num_conditions:2
condition:9, metric:[0.64568796 0.         0.        ]
condition:10, metric:[0.00036697 0.         0.        ]
condition batch eval, img shape:(212, 284, 284), sx:3, sy:3, sz:3, num_conditions:2
condition:11, metric:[0.56803484 0.         0.        ]
condition:12, metric:[  0. 150. 150.]
condition batch eval, img shape:(212, 284, 284), sx:3, sy:3, sz:3, num_conditions:1
condition:13, metric:[  0. 150. 150.]
===>test image:/projects/weilab/liupeng/dataset/ssl_seg/BTCV/Training_resampled_1.5_1.5_2.0_npy_zscore/img/img0036.npy
condition batch eval, img shape:(276, 255, 255), sx:4, sy:3, sz:3, num_conditions:2
condition:1, metric:[0.89476392 0.         0.        ]
condition:2, metric:[0.94736951 0.         0.        ]
condition batch eval, img shape:(276, 255, 255), sx:4, sy:3, sz:3, num_conditions:2
condition:3, metric:[0.80838042 0.         0.        ]
condition:4, metric:[  0. 150. 150.]
condition batch eval, img shape:(276, 255, 255), sx:4, sy:3, sz:3, num_conditions:2
condition:5, metric:[  0. 150. 150.]
condition:6, metric:[0.91220194 0.         0.        ]
condition batch eval, img shape:(276, 255, 255), sx:4, sy:3, sz:3, num_conditions:2
condition:7, metric:[0.82128995 0.         0.        ]
condition:8, metric:[0.83779863 0.         0.        ]
condition batch eval, img shape:(276, 255, 255), sx:4, sy:3, sz:3, num_conditions:2
condition:9, metric:[0.74004793 0.         0.        ]
condition:10, metric:[0.47766913 0.         0.        ]
condition batch eval, img shape:(276, 255, 255), sx:4, sy:3, sz:3, num_conditions:2
condition:11, metric:[0.55791707 0.         0.        ]
condition:12, metric:[  0. 150. 150.]
condition batch eval, img shape:(276, 255, 255), sx:4, sy:3, sz:3, num_conditions:1
condition:13, metric:[  0. 150. 150.]
===>test image:/projects/weilab/liupeng/dataset/ssl_seg/BTCV/Training_resampled_1.5_1.5_2.0_npy_zscore/img/img0032.npy
condition batch eval, img shape:(216, 253, 253), sx:3, sy:3, sz:3, num_conditions:2
condition:1, metric:[0.800097 0.       0.      ]
condition:2, metric:[0.8726205 0.        0.       ]
condition batch eval, img shape:(216, 253, 253), sx:3, sy:3, sz:3, num_conditions:2
condition:3, metric:[0.74893095 0.         0.        ]
condition:4, metric:[  0. 150. 150.]
condition batch eval, img shape:(216, 253, 253), sx:3, sy:3, sz:3, num_conditions:2
condition:5, metric:[  0. 150. 150.]
condition:6, metric:[0.86966604 0.         0.        ]
condition batch eval, img shape:(216, 253, 253), sx:3, sy:3, sz:3, num_conditions:2
condition:7, metric:[0.77852148 0.         0.        ]
condition:8, metric:[0.68572774 0.         0.        ]
condition batch eval, img shape:(216, 253, 253), sx:3, sy:3, sz:3, num_conditions:2
condition:9, metric:[0.68090846 0.         0.        ]
condition:10, metric:[0.43584167 0.         0.        ]
condition batch eval, img shape:(216, 253, 253), sx:3, sy:3, sz:3, num_conditions:2
condition:11, metric:[0.44385687 0.         0.        ]
condition:12, metric:[  0. 150. 150.]
condition batch eval, img shape:(216, 253, 253), sx:3, sy:3, sz:3, num_conditions:1
condition:13, metric:[  0. 150. 150.]
===>test image:/projects/weilab/liupeng/dataset/ssl_seg/BTCV/Training_resampled_1.5_1.5_2.0_npy_zscore/img/img0008.npy
condition batch eval, img shape:(222, 249, 249), sx:3, sy:3, sz:3, num_conditions:2
condition:1, metric:[0.85968413 0.         0.        ]
condition:2, metric:[0.01426153 0.         0.        ]
condition batch eval, img shape:(222, 249, 249), sx:3, sy:3, sz:3, num_conditions:2
condition:3, metric:[0.0084789 0.        0.       ]
condition:4, metric:[  0. 150. 150.]
condition batch eval, img shape:(222, 249, 249), sx:3, sy:3, sz:3, num_conditions:2
condition:5, metric:[  0. 150. 150.]
condition:6, metric:[0.88134631 0.         0.        ]
condition batch eval, img shape:(222, 249, 249), sx:3, sy:3, sz:3, num_conditions:2
condition:7, metric:[0.54145078 0.         0.        ]
condition:8, metric:[0.51007854 0.         0.        ]
condition batch eval, img shape:(222, 249, 249), sx:3, sy:3, sz:3, num_conditions:2
condition:9, metric:[0.80760421 0.         0.        ]
condition:10, metric:[0.68984476 0.         0.        ]
condition batch eval, img shape:(222, 249, 249), sx:3, sy:3, sz:3, num_conditions:2
condition:11, metric:[0.6126578 0.        0.       ]
condition:12, metric:[  0. 150. 150.]
condition batch eval, img shape:(222, 249, 249), sx:3, sy:3, sz:3, num_conditions:1
condition:13, metric:[  0. 150. 150.]
Validation end
avg metric shape: (13, 3)
iteration 20000 : model2_dice_score : 0.441978 model2_hd95 : 46.153846
save model to ../model/BTCV_5_C3PS_cond_mode_film_began_semi2000_con4000_SGD_SGD/unet_3D_old/model_iter_20000.pth
save model2 to ../model/BTCV_5_C3PS_cond_mode_film_began_semi2000_con4000_SGD_SGD/unet_3D_old/model2_iter_20000.pth
iteration 20020 :model1 loss : 0.166414model2 loss : 0.107005pseudo_supervision1 : 0.000000pseudo_supervision2 : 0.413659
iteration 20040 :model1 loss : 0.274786model2 loss : 0.027204pseudo_supervision1 : 0.262789pseudo_supervision2 : 0.012078
iteration 20060 :model1 loss : 0.177755model2 loss : 0.050162pseudo_supervision1 : 0.000000pseudo_supervision2 : 0.483946
iteration 20080 :model1 loss : 0.229821model2 loss : 0.071555pseudo_supervision1 : 0.000000pseudo_supervision2 : 0.473848
iteration 20100 :model1 loss : 0.183332model2 loss : 0.034865pseudo_supervision1 : 0.309161pseudo_supervision2 : 0.116677
iteration 20120 :model1 loss : 0.176419model2 loss : 0.141047pseudo_supervision1 : 0.616942pseudo_supervision2 : 0.174485
iteration 20140 :model1 loss : 0.226996model2 loss : 0.043389pseudo_supervision1 : 1.058146pseudo_supervision2 : 0.241975
iteration 20160 :model1 loss : 0.219700model2 loss : 0.105055pseudo_supervision1 : 0.000000pseudo_supervision2 : 0.133404
iteration 20180 :model1 loss : 0.196931model2 loss : 0.062547pseudo_supervision1 : 0.000000pseudo_supervision2 : 0.500339
iteration 20200 :model1 loss : 0.475659model2 loss : 0.045386pseudo_supervision1 : 1.282763pseudo_supervision2 : 0.129317
save model to ../model/BTCV_5_C3PS_cond_mode_film_began_semi2000_con4000_SGD_SGD/unet_3D_old/model_iter_20200.pth
save model2 to ../model/BTCV_5_C3PS_cond_mode_film_began_semi2000_con4000_SGD_SGD/unet_3D_old/model2_iter_20200.pth
iteration 20220 :model1 loss : 0.177490model2 loss : 0.062333pseudo_supervision1 : 0.000000pseudo_supervision2 : 0.500355
iteration 20240 :model1 loss : 0.187368model2 loss : 0.030072pseudo_supervision1 : 0.149379pseudo_supervision2 : 0.008067
iteration 20260 :model1 loss : 0.169574model2 loss : 0.035919pseudo_supervision1 : 0.658322pseudo_supervision2 : 0.122988
iteration 20280 :model1 loss : 0.165706model2 loss : 0.073869pseudo_supervision1 : 0.000000pseudo_supervision2 : 0.502281
iteration 20300 :model1 loss : 0.170475model2 loss : 0.045597pseudo_supervision1 : 0.148100pseudo_supervision2 : 0.011199
iteration 20320 :model1 loss : 0.224524model2 loss : 0.030245pseudo_supervision1 : 0.287737pseudo_supervision2 : 0.097035
iteration 20340 :model1 loss : 0.242373model2 loss : 0.057626pseudo_supervision1 : 0.000000pseudo_supervision2 : 0.501499
iteration 20360 :model1 loss : 0.200168model2 loss : 0.028096pseudo_supervision1 : 0.148712pseudo_supervision2 : 0.028640
iteration 20380 :model1 loss : 0.121877model2 loss : 0.066269pseudo_supervision1 : 0.000000pseudo_supervision2 : 0.500573
iteration 20400 :model1 loss : 0.179123model2 loss : 0.035807pseudo_supervision1 : 0.234073pseudo_supervision2 : 0.050423
began evaluation!
iteration 20400: validation sampled 4/12 cases
Total test images: 4
Validation begin
Validation end
avg metric shape: (13, 3)
iteration 20400 : model_dice_score : 0.592717 model_hd95 : 0.000000
began evaluation!
Total test images: 4
Validation begin
===>test image:/projects/weilab/liupeng/dataset/ssl_seg/BTCV/Training_resampled_1.5_1.5_2.0_npy_zscore/img/img0003.npy
condition batch eval, img shape:(297, 307, 307), sx:5, sy:4, sz:4, num_conditions:2
condition:1, metric:[0.40410592 0.         0.        ]
condition:2, metric:[0.93693694 0.         0.        ]
condition batch eval, img shape:(297, 307, 307), sx:5, sy:4, sz:4, num_conditions:2
condition:3, metric:[0.90644203 0.         0.        ]
condition:4, metric:[  0. 150. 150.]
condition batch eval, img shape:(297, 307, 307), sx:5, sy:4, sz:4, num_conditions:2
condition:5, metric:[  0. 150. 150.]
condition:6, metric:[0.86687329 0.         0.        ]
condition batch eval, img shape:(297, 307, 307), sx:5, sy:4, sz:4, num_conditions:2
condition:7, metric:[0.12138739 0.         0.        ]
condition:8, metric:[0.7699406 0.        0.       ]
condition batch eval, img shape:(297, 307, 307), sx:5, sy:4, sz:4, num_conditions:2
condition:9, metric:[0.73117479 0.         0.        ]
condition:10, metric:[0.40727146 0.         0.        ]
condition batch eval, img shape:(297, 307, 307), sx:5, sy:4, sz:4, num_conditions:2
condition:11, metric:[0.08760223 0.         0.        ]
condition:12, metric:[  0. 150. 150.]
condition batch eval, img shape:(297, 307, 307), sx:5, sy:4, sz:4, num_conditions:1
condition:13, metric:[  0. 150. 150.]
===>test image:/projects/weilab/liupeng/dataset/ssl_seg/BTCV/Training_resampled_1.5_1.5_2.0_npy_zscore/img/img0036.npy
condition batch eval, img shape:(276, 255, 255), sx:4, sy:3, sz:3, num_conditions:2
condition:1, metric:[0.87615188 0.         0.        ]
condition:2, metric:[0.94599753 0.         0.        ]
condition batch eval, img shape:(276, 255, 255), sx:4, sy:3, sz:3, num_conditions:2
condition:3, metric:[0.78148254 0.         0.        ]
condition:4, metric:[  0. 150. 150.]
condition batch eval, img shape:(276, 255, 255), sx:4, sy:3, sz:3, num_conditions:2
condition:5, metric:[  0. 150. 150.]
condition:6, metric:[0.9173162 0.        0.       ]
condition batch eval, img shape:(276, 255, 255), sx:4, sy:3, sz:3, num_conditions:2
condition:7, metric:[0.75627235 0.         0.        ]
condition:8, metric:[0.81674409 0.         0.        ]
condition batch eval, img shape:(276, 255, 255), sx:4, sy:3, sz:3, num_conditions:2
condition:9, metric:[0.70124651 0.         0.        ]
condition:10, metric:[0.63752258 0.         0.        ]
condition batch eval, img shape:(276, 255, 255), sx:4, sy:3, sz:3, num_conditions:2
condition:11, metric:[0.54585121 0.         0.        ]
condition:12, metric:[  0. 150. 150.]
condition batch eval, img shape:(276, 255, 255), sx:4, sy:3, sz:3, num_conditions:1
condition:13, metric:[  0. 150. 150.]
===>test image:/projects/weilab/liupeng/dataset/ssl_seg/BTCV/Training_resampled_1.5_1.5_2.0_npy_zscore/img/img0002.npy
condition batch eval, img shape:(208, 246, 246), sx:3, sy:3, sz:3, num_conditions:2
condition:1, metric:[0.74230503 0.         0.        ]
condition:2, metric:[0.91625986 0.         0.        ]
condition batch eval, img shape:(208, 246, 246), sx:3, sy:3, sz:3, num_conditions:2
condition:3, metric:[0.75525918 0.         0.        ]
condition:4, metric:[  0. 150. 150.]
condition batch eval, img shape:(208, 246, 246), sx:3, sy:3, sz:3, num_conditions:2
condition:5, metric:[  0. 150. 150.]
condition:6, metric:[0.92610784 0.         0.        ]
condition batch eval, img shape:(208, 246, 246), sx:3, sy:3, sz:3, num_conditions:2
condition:7, metric:[0.62712177 0.         0.        ]
condition:8, metric:[0.45365613 0.         0.        ]
condition batch eval, img shape:(208, 246, 246), sx:3, sy:3, sz:3, num_conditions:2
condition:9, metric:[0.71475211 0.         0.        ]
condition:10, metric:[0.51525905 0.         0.        ]
condition batch eval, img shape:(208, 246, 246), sx:3, sy:3, sz:3, num_conditions:2
condition:11, metric:[0.33855988 0.         0.        ]
condition:12, metric:[  0. 150. 150.]
condition batch eval, img shape:(208, 246, 246), sx:3, sy:3, sz:3, num_conditions:1
condition:13, metric:[  0. 150. 150.]
===>test image:/projects/weilab/liupeng/dataset/ssl_seg/BTCV/Training_resampled_1.5_1.5_2.0_npy_zscore/img/img0001.npy
condition batch eval, img shape:(220, 228, 228), sx:3, sy:3, sz:3, num_conditions:2
condition:1, metric:[0.85808515 0.         0.        ]
condition:2, metric:[0.66859578 0.         0.        ]
condition batch eval, img shape:(220, 228, 228), sx:3, sy:3, sz:3, num_conditions:2
condition:3, metric:[0.69898811 0.         0.        ]
condition:4, metric:[  0. 150. 150.]
condition batch eval, img shape:(220, 228, 228), sx:3, sy:3, sz:3, num_conditions:2
condition:5, metric:[  0. 150. 150.]
condition:6, metric:[0.94117539 0.         0.        ]
condition batch eval, img shape:(220, 228, 228), sx:3, sy:3, sz:3, num_conditions:2
condition:7, metric:[0.62226568 0.         0.        ]
condition:8, metric:[0.61592304 0.         0.        ]
condition batch eval, img shape:(220, 228, 228), sx:3, sy:3, sz:3, num_conditions:2
condition:9, metric:[0.75641819 0.         0.        ]
condition:10, metric:[0.73221542 0.         0.        ]
condition batch eval, img shape:(220, 228, 228), sx:3, sy:3, sz:3, num_conditions:2
condition:11, metric:[0.38401819 0.         0.        ]
condition:12, metric:[  0. 150. 150.]
condition batch eval, img shape:(220, 228, 228), sx:3, sy:3, sz:3, num_conditions:1
condition:13, metric:[  0. 150. 150.]
Validation end
avg metric shape: (13, 3)
iteration 20400 : model2_dice_score : 0.470717 model2_hd95 : 46.153846
save model to ../model/BTCV_5_C3PS_cond_mode_film_began_semi2000_con4000_SGD_SGD/unet_3D_old/model_iter_20400.pth
save model2 to ../model/BTCV_5_C3PS_cond_mode_film_began_semi2000_con4000_SGD_SGD/unet_3D_old/model2_iter_20400.pth
iteration 20420 :model1 loss : 0.168526model2 loss : 0.084837pseudo_supervision1 : 0.105007pseudo_supervision2 : 0.037486
iteration 20440 :model1 loss : 0.135541model2 loss : 0.024598pseudo_supervision1 : 0.000000pseudo_supervision2 : 0.021652
iteration 20460 :model1 loss : 0.192946model2 loss : 0.049119pseudo_supervision1 : 0.182188pseudo_supervision2 : 0.073654
iteration 20480 :model1 loss : 0.172170model2 loss : 0.073961pseudo_supervision1 : 0.212677pseudo_supervision2 : 0.179375
iteration 20500 :model1 loss : 0.274041model2 loss : 0.251281pseudo_supervision1 : 1.108406pseudo_supervision2 : 0.066180
iteration 20520 :model1 loss : 0.173953model2 loss : 0.031935pseudo_supervision1 : 0.257158pseudo_supervision2 : 0.009696
iteration 20540 :model1 loss : 0.201558model2 loss : 0.137176pseudo_supervision1 : 0.000000pseudo_supervision2 : 0.520559
iteration 20560 :model1 loss : 0.175955model2 loss : 0.046222pseudo_supervision1 : 0.369936pseudo_supervision2 : 0.159542
iteration 20580 :model1 loss : 0.217230model2 loss : 0.044647pseudo_supervision1 : 0.000000pseudo_supervision2 : 0.281015
iteration 20600 :model1 loss : 0.194304model2 loss : 0.038487pseudo_supervision1 : 0.116464pseudo_supervision2 : 0.032957
save model to ../model/BTCV_5_C3PS_cond_mode_film_began_semi2000_con4000_SGD_SGD/unet_3D_old/model_iter_20600.pth
save model2 to ../model/BTCV_5_C3PS_cond_mode_film_began_semi2000_con4000_SGD_SGD/unet_3D_old/model2_iter_20600.pth
iteration 20620 :model1 loss : 0.470649model2 loss : 0.091918pseudo_supervision1 : 0.237059pseudo_supervision2 : 0.219591
iteration 20640 :model1 loss : 0.154921model2 loss : 0.045059pseudo_supervision1 : 0.372895pseudo_supervision2 : 0.094122
iteration 20660 :model1 loss : 0.124290model2 loss : 0.048137pseudo_supervision1 : 0.000000pseudo_supervision2 : 0.500019
iteration 20680 :model1 loss : 0.297570model2 loss : 0.063942pseudo_supervision1 : 2.644629pseudo_supervision2 : 0.203764
iteration 20700 :model1 loss : 0.297822model2 loss : 0.101000pseudo_supervision1 : 0.000000pseudo_supervision2 : 0.500811
iteration 20720 :model1 loss : 0.125650model2 loss : 0.088692pseudo_supervision1 : 0.000000pseudo_supervision2 : 0.334036
iteration 20740 :model1 loss : 0.302096model2 loss : 0.091387pseudo_supervision1 : 0.000000pseudo_supervision2 : 0.500799
iteration 20760 :model1 loss : 0.131281model2 loss : 0.092960pseudo_supervision1 : 0.000000pseudo_supervision2 : 0.500458
iteration 20780 :model1 loss : 0.275529model2 loss : 0.025620pseudo_supervision1 : 0.213253pseudo_supervision2 : 0.030762
iteration 20800 :model1 loss : 0.381674model2 loss : 0.052771pseudo_supervision1 : 0.000000pseudo_supervision2 : 0.500299
began evaluation!
iteration 20800: validation sampled 4/12 cases
Total test images: 4
Validation begin
Validation end
avg metric shape: (13, 3)
iteration 20800 : model_dice_score : 0.606663 model_hd95 : 2.884615
began evaluation!
Total test images: 4
Validation begin
===>test image:/projects/weilab/liupeng/dataset/ssl_seg/BTCV/Training_resampled_1.5_1.5_2.0_npy_zscore/img/img0002.npy
condition batch eval, img shape:(208, 246, 246), sx:3, sy:3, sz:3, num_conditions:2
condition:1, metric:[0.75349766 0.         0.        ]
condition:2, metric:[0.84834209 0.         0.        ]
condition batch eval, img shape:(208, 246, 246), sx:3, sy:3, sz:3, num_conditions:2
condition:3, metric:[0.71071161 0.         0.        ]
condition:4, metric:[  0. 150. 150.]
condition batch eval, img shape:(208, 246, 246), sx:3, sy:3, sz:3, num_conditions:2
condition:5, metric:[  0. 150. 150.]
condition:6, metric:[0.92163407 0.         0.        ]
condition batch eval, img shape:(208, 246, 246), sx:3, sy:3, sz:3, num_conditions:2
condition:7, metric:[0.59632013 0.         0.        ]
condition:8, metric:[0.38062414 0.         0.        ]
condition batch eval, img shape:(208, 246, 246), sx:3, sy:3, sz:3, num_conditions:2
condition:9, metric:[0.71826177 0.         0.        ]
condition:10, metric:[0.48168857 0.         0.        ]
condition batch eval, img shape:(208, 246, 246), sx:3, sy:3, sz:3, num_conditions:2
condition:11, metric:[0.26907884 0.         0.        ]
condition:12, metric:[  0. 150. 150.]
condition batch eval, img shape:(208, 246, 246), sx:3, sy:3, sz:3, num_conditions:1
condition:13, metric:[  0. 150. 150.]
===>test image:/projects/weilab/liupeng/dataset/ssl_seg/BTCV/Training_resampled_1.5_1.5_2.0_npy_zscore/img/img0032.npy
condition batch eval, img shape:(216, 253, 253), sx:3, sy:3, sz:3, num_conditions:2
condition:1, metric:[0.84116391 0.         0.        ]
condition:2, metric:[0.80150879 0.         0.        ]
condition batch eval, img shape:(216, 253, 253), sx:3, sy:3, sz:3, num_conditions:2
condition:3, metric:[0.7379934 0.        0.       ]
condition:4, metric:[  0. 150. 150.]
condition batch eval, img shape:(216, 253, 253), sx:3, sy:3, sz:3, num_conditions:2
condition:5, metric:[  0. 150. 150.]
condition:6, metric:[0.88165351 0.         0.        ]
condition batch eval, img shape:(216, 253, 253), sx:3, sy:3, sz:3, num_conditions:2
condition:7, metric:[0.71271204 0.         0.        ]
condition:8, metric:[0.56696055 0.         0.        ]
condition batch eval, img shape:(216, 253, 253), sx:3, sy:3, sz:3, num_conditions:2
condition:9, metric:[0.65362293 0.         0.        ]
condition:10, metric:[0.61627268 0.         0.        ]
condition batch eval, img shape:(216, 253, 253), sx:3, sy:3, sz:3, num_conditions:2
condition:11, metric:[0.42883716 0.         0.        ]
condition:12, metric:[  0. 150. 150.]
condition batch eval, img shape:(216, 253, 253), sx:3, sy:3, sz:3, num_conditions:1
condition:13, metric:[  0. 150. 150.]
===>test image:/projects/weilab/liupeng/dataset/ssl_seg/BTCV/Training_resampled_1.5_1.5_2.0_npy_zscore/img/img0004.npy
condition batch eval, img shape:(210, 203, 203), sx:3, sy:2, sz:2, num_conditions:2
condition:1, metric:[0.7569838 0.        0.       ]
condition:2, metric:[0.92425529 0.         0.        ]
condition batch eval, img shape:(210, 203, 203), sx:3, sy:2, sz:2, num_conditions:2
condition:3, metric:[0.70533355 0.         0.        ]
condition:4, metric:[  0. 150. 150.]
condition batch eval, img shape:(210, 203, 203), sx:3, sy:2, sz:2, num_conditions:2
condition:5, metric:[  0. 150. 150.]
condition:6, metric:[0.86366291 0.         0.        ]
condition batch eval, img shape:(210, 203, 203), sx:3, sy:2, sz:2, num_conditions:2
condition:7, metric:[0.29447641 0.         0.        ]
condition:8, metric:[0.36660209 0.         0.        ]
condition batch eval, img shape:(210, 203, 203), sx:3, sy:2, sz:2, num_conditions:2
condition:9, metric:[0.72207184 0.         0.        ]
condition:10, metric:[0.57650737 0.         0.        ]
condition batch eval, img shape:(210, 203, 203), sx:3, sy:2, sz:2, num_conditions:2
condition:11, metric:[0.10452983 0.         0.        ]
condition:12, metric:[  0. 150. 150.]
condition batch eval, img shape:(210, 203, 203), sx:3, sy:2, sz:2, num_conditions:1
condition:13, metric:[  0. 150. 150.]
===>test image:/projects/weilab/liupeng/dataset/ssl_seg/BTCV/Training_resampled_1.5_1.5_2.0_npy_zscore/img/img0022.npy
condition batch eval, img shape:(222, 262, 262), sx:3, sy:3, sz:3, num_conditions:2
condition:1, metric:[0.83364879 0.         0.        ]
condition:2, metric:[0.93994061 0.         0.        ]
condition batch eval, img shape:(222, 262, 262), sx:3, sy:3, sz:3, num_conditions:2
condition:3, metric:[0.89124874 0.         0.        ]
condition:4, metric:[  0. 150. 150.]
condition batch eval, img shape:(222, 262, 262), sx:3, sy:3, sz:3, num_conditions:2
condition:5, metric:[  0. 150. 150.]
condition:6, metric:[0.92969256 0.         0.        ]
condition batch eval, img shape:(222, 262, 262), sx:3, sy:3, sz:3, num_conditions:2
condition:7, metric:[0.85844772 0.         0.        ]
condition:8, metric:[0.896965 0.       0.      ]
condition batch eval, img shape:(222, 262, 262), sx:3, sy:3, sz:3, num_conditions:2
condition:9, metric:[0.83828854 0.         0.        ]
condition:10, metric:[0.636897 0.       0.      ]
condition batch eval, img shape:(222, 262, 262), sx:3, sy:3, sz:3, num_conditions:2
condition:11, metric:[0.65688927 0.         0.        ]
condition:12, metric:[  0. 150. 150.]
condition batch eval, img shape:(222, 262, 262), sx:3, sy:3, sz:3, num_conditions:1
condition:13, metric:[  0. 150. 150.]
Validation end
avg metric shape: (13, 3)
iteration 20800 : model2_dice_score : 0.475333 model2_hd95 : 46.153846
save model to ../model/BTCV_5_C3PS_cond_mode_film_began_semi2000_con4000_SGD_SGD/unet_3D_old/model_iter_20800.pth
save model2 to ../model/BTCV_5_C3PS_cond_mode_film_began_semi2000_con4000_SGD_SGD/unet_3D_old/model2_iter_20800.pth
iteration 20820 :model1 loss : 0.234307model2 loss : 0.092009pseudo_supervision1 : 0.000000pseudo_supervision2 : 0.500468
iteration 20840 :model1 loss : 0.123771model2 loss : 0.061708pseudo_supervision1 : 0.000000pseudo_supervision2 : 0.501053
iteration 20860 :model1 loss : 0.185726model2 loss : 0.043370pseudo_supervision1 : 0.074214pseudo_supervision2 : 0.299790
iteration 20880 :model1 loss : 0.311044model2 loss : 0.100408pseudo_supervision1 : 0.000000pseudo_supervision2 : 0.500258
iteration 20900 :model1 loss : 0.427836model2 loss : 0.283522pseudo_supervision1 : 3.184187pseudo_supervision2 : 0.504668
iteration 20920 :model1 loss : 0.223205model2 loss : 0.094576pseudo_supervision1 : 0.239850pseudo_supervision2 : 0.011521
iteration 20940 :model1 loss : 0.134656model2 loss : 0.166073pseudo_supervision1 : 0.000000pseudo_supervision2 : 0.449493
iteration 20960 :model1 loss : 0.227699model2 loss : 0.032691pseudo_supervision1 : 0.269389pseudo_supervision2 : 0.065932
iteration 20980 :model1 loss : 0.200363model2 loss : 0.063823pseudo_supervision1 : 0.000000pseudo_supervision2 : 0.500270
iteration 21000 :model1 loss : 0.195257model2 loss : 0.236030pseudo_supervision1 : 0.203469pseudo_supervision2 : 0.020006
save model to ../model/BTCV_5_C3PS_cond_mode_film_began_semi2000_con4000_SGD_SGD/unet_3D_old/model_iter_21000.pth
save model2 to ../model/BTCV_5_C3PS_cond_mode_film_began_semi2000_con4000_SGD_SGD/unet_3D_old/model2_iter_21000.pth
iteration 21020 :model1 loss : 0.162255model2 loss : 0.061250pseudo_supervision1 : 0.000000pseudo_supervision2 : 0.508262
iteration 21040 :model1 loss : 0.133384model2 loss : 0.027269pseudo_supervision1 : 0.233726pseudo_supervision2 : 0.043083
iteration 21060 :model1 loss : 0.137936model2 loss : 0.054623pseudo_supervision1 : 0.204470pseudo_supervision2 : 0.009509
iteration 21080 :model1 loss : 0.167501model2 loss : 0.097148pseudo_supervision1 : 0.358353pseudo_supervision2 : 0.043987
iteration 21100 :model1 loss : 0.381857model2 loss : 0.036993pseudo_supervision1 : 0.377437pseudo_supervision2 : 0.017713
iteration 21120 :model1 loss : 0.135639model2 loss : 0.045474pseudo_supervision1 : 0.214627pseudo_supervision2 : 0.046006
iteration 21140 :model1 loss : 0.156242model2 loss : 0.101295pseudo_supervision1 : 0.000000pseudo_supervision2 : 0.505181
iteration 21160 :model1 loss : 0.239811model2 loss : 0.119596pseudo_supervision1 : 0.000000pseudo_supervision2 : 0.500110
iteration 21180 :model1 loss : 0.165961model2 loss : 0.056356pseudo_supervision1 : 0.000000pseudo_supervision2 : 0.487950
iteration 21200 :model1 loss : 0.182697model2 loss : 0.252893pseudo_supervision1 : 0.371280pseudo_supervision2 : 0.046804
began evaluation!
iteration 21200: validation sampled 4/12 cases
Total test images: 4
Validation begin
Validation end
avg metric shape: (13, 3)
iteration 21200 : model_dice_score : 0.549043 model_hd95 : 2.884615
began evaluation!
Total test images: 4
Validation begin
===>test image:/projects/weilab/liupeng/dataset/ssl_seg/BTCV/Training_resampled_1.5_1.5_2.0_npy_zscore/img/img0025.npy
condition batch eval, img shape:(212, 284, 284), sx:3, sy:3, sz:3, num_conditions:2
condition:1, metric:[0.78520142 0.         0.        ]
condition:2, metric:[0.28825434 0.         0.        ]
condition batch eval, img shape:(212, 284, 284), sx:3, sy:3, sz:3, num_conditions:2
condition:3, metric:[0.63596384 0.         0.        ]
condition:4, metric:[  0. 150. 150.]
condition batch eval, img shape:(212, 284, 284), sx:3, sy:3, sz:3, num_conditions:2
condition:5, metric:[  0. 150. 150.]
condition:6, metric:[0.95038787 0.         0.        ]
condition batch eval, img shape:(212, 284, 284), sx:3, sy:3, sz:3, num_conditions:2
condition:7, metric:[0.57151882 0.         0.        ]
condition:8, metric:[0.75086514 0.         0.        ]
condition batch eval, img shape:(212, 284, 284), sx:3, sy:3, sz:3, num_conditions:2
condition:9, metric:[0.69631792 0.         0.        ]
condition:10, metric:[0.23140686 0.         0.        ]
condition batch eval, img shape:(212, 284, 284), sx:3, sy:3, sz:3, num_conditions:2
condition:11, metric:[0.594349 0.       0.      ]
condition:12, metric:[  0. 150. 150.]
condition batch eval, img shape:(212, 284, 284), sx:3, sy:3, sz:3, num_conditions:1
condition:13, metric:[  0. 150. 150.]
===>test image:/projects/weilab/liupeng/dataset/ssl_seg/BTCV/Training_resampled_1.5_1.5_2.0_npy_zscore/img/img0035.npy
condition batch eval, img shape:(235, 314, 314), sx:4, sy:4, sz:4, num_conditions:2
condition:1, metric:[0.92521481 0.         0.        ]
condition:2, metric:[0.87472252 0.         0.        ]
condition batch eval, img shape:(235, 314, 314), sx:4, sy:4, sz:4, num_conditions:2
condition:3, metric:[0.74761466 0.         0.        ]
condition:4, metric:[  0. 150. 150.]
condition batch eval, img shape:(235, 314, 314), sx:4, sy:4, sz:4, num_conditions:2
condition:5, metric:[  0. 150. 150.]
condition:6, metric:[0.88814069 0.         0.        ]
condition batch eval, img shape:(235, 314, 314), sx:4, sy:4, sz:4, num_conditions:2
condition:7, metric:[0.80176613 0.         0.        ]
condition:8, metric:[0.80526414 0.         0.        ]
condition batch eval, img shape:(235, 314, 314), sx:4, sy:4, sz:4, num_conditions:2
condition:9, metric:[0.75395122 0.         0.        ]
condition:10, metric:[0.57817964 0.         0.        ]
condition batch eval, img shape:(235, 314, 314), sx:4, sy:4, sz:4, num_conditions:2
condition:11, metric:[0.33927939 0.         0.        ]
condition:12, metric:[  0. 150. 150.]
condition batch eval, img shape:(235, 314, 314), sx:4, sy:4, sz:4, num_conditions:1
condition:13, metric:[  0. 150. 150.]
===>test image:/projects/weilab/liupeng/dataset/ssl_seg/BTCV/Training_resampled_1.5_1.5_2.0_npy_zscore/img/img0038.npy
condition batch eval, img shape:(250, 333, 333), sx:4, sy:4, sz:4, num_conditions:2
condition:1, metric:[0.70320884 0.         0.        ]
condition:2, metric:[0.80144641 0.         0.        ]
condition batch eval, img shape:(250, 333, 333), sx:4, sy:4, sz:4, num_conditions:2
condition:3, metric:[0.92503098 0.         0.        ]
condition:4, metric:[  0. 150. 150.]
condition batch eval, img shape:(250, 333, 333), sx:4, sy:4, sz:4, num_conditions:2
condition:5, metric:[  0. 150. 150.]
condition:6, metric:[0.89134046 0.         0.        ]
condition batch eval, img shape:(250, 333, 333), sx:4, sy:4, sz:4, num_conditions:2
condition:7, metric:[0.54372553 0.         0.        ]
condition:8, metric:[0.85990217 0.         0.        ]
condition batch eval, img shape:(250, 333, 333), sx:4, sy:4, sz:4, num_conditions:2
condition:9, metric:[0.69485163 0.         0.        ]
condition:10, metric:[0.62670873 0.         0.        ]
condition batch eval, img shape:(250, 333, 333), sx:4, sy:4, sz:4, num_conditions:2
condition:11, metric:[0.70107491 0.         0.        ]
condition:12, metric:[  0. 150. 150.]
condition batch eval, img shape:(250, 333, 333), sx:4, sy:4, sz:4, num_conditions:1
condition:13, metric:[  0. 150. 150.]
===>test image:/projects/weilab/liupeng/dataset/ssl_seg/BTCV/Training_resampled_1.5_1.5_2.0_npy_zscore/img/img0001.npy
condition batch eval, img shape:(220, 228, 228), sx:3, sy:3, sz:3, num_conditions:2
condition:1, metric:[0.90128762 0.         0.        ]
condition:2, metric:[0.73613918 0.         0.        ]
condition batch eval, img shape:(220, 228, 228), sx:3, sy:3, sz:3, num_conditions:2
condition:3, metric:[0.65581594 0.         0.        ]
condition:4, metric:[  0. 150. 150.]
condition batch eval, img shape:(220, 228, 228), sx:3, sy:3, sz:3, num_conditions:2
condition:5, metric:[  0. 150. 150.]
condition:6, metric:[0.93034628 0.         0.        ]
condition batch eval, img shape:(220, 228, 228), sx:3, sy:3, sz:3, num_conditions:2
condition:7, metric:[0.69157879 0.         0.        ]
condition:8, metric:[0.60200898 0.         0.        ]
condition batch eval, img shape:(220, 228, 228), sx:3, sy:3, sz:3, num_conditions:2
condition:9, metric:[0.71678637 0.         0.        ]
condition:10, metric:[0.69937483 0.         0.        ]
condition batch eval, img shape:(220, 228, 228), sx:3, sy:3, sz:3, num_conditions:2
condition:11, metric:[0.68712913 0.         0.        ]
condition:12, metric:[  0. 150. 150.]
condition batch eval, img shape:(220, 228, 228), sx:3, sy:3, sz:3, num_conditions:1
condition:13, metric:[  0. 150. 150.]
Validation end
avg metric shape: (13, 3)
iteration 21200 : model2_dice_score : 0.492041 model2_hd95 : 46.153846
save model to ../model/BTCV_5_C3PS_cond_mode_film_began_semi2000_con4000_SGD_SGD/unet_3D_old/model_iter_21200.pth
save model2 to ../model/BTCV_5_C3PS_cond_mode_film_began_semi2000_con4000_SGD_SGD/unet_3D_old/model2_iter_21200.pth
iteration 21220 :model1 loss : 0.143127model2 loss : 0.032189pseudo_supervision1 : 0.000000pseudo_supervision2 : 0.158248
iteration 21240 :model1 loss : 0.125440model2 loss : 0.055641pseudo_supervision1 : 0.000000pseudo_supervision2 : 0.500191
iteration 21260 :model1 loss : 0.173926model2 loss : 0.052794pseudo_supervision1 : 0.078141pseudo_supervision2 : 0.109915
iteration 21280 :model1 loss : 0.174195model2 loss : 0.064291pseudo_supervision1 : 0.000000pseudo_supervision2 : 0.500994
iteration 21300 :model1 loss : 0.172415model2 loss : 0.054479pseudo_supervision1 : 0.000000pseudo_supervision2 : 0.516861
iteration 21320 :model1 loss : 0.228471model2 loss : 0.108929pseudo_supervision1 : 0.000000pseudo_supervision2 : 0.491082
iteration 21340 :model1 loss : 0.351638model2 loss : 0.082540pseudo_supervision1 : 0.538595pseudo_supervision2 : 0.041974
iteration 21360 :model1 loss : 0.178312model2 loss : 0.027862pseudo_supervision1 : 0.323009pseudo_supervision2 : 0.021093
iteration 21380 :model1 loss : 0.136565model2 loss : 0.063545pseudo_supervision1 : 0.092535pseudo_supervision2 : 0.186412
iteration 21400 :model1 loss : 0.129565model2 loss : 0.082616pseudo_supervision1 : 0.000000pseudo_supervision2 : 0.438528
save model to ../model/BTCV_5_C3PS_cond_mode_film_began_semi2000_con4000_SGD_SGD/unet_3D_old/model_iter_21400.pth
save model2 to ../model/BTCV_5_C3PS_cond_mode_film_began_semi2000_con4000_SGD_SGD/unet_3D_old/model2_iter_21400.pth
iteration 21420 :model1 loss : 0.134329model2 loss : 0.061402pseudo_supervision1 : 0.000000pseudo_supervision2 : 0.500110
iteration 21440 :model1 loss : 0.301088model2 loss : 0.060913pseudo_supervision1 : 0.110024pseudo_supervision2 : 0.035105
iteration 21460 :model1 loss : 0.144835model2 loss : 0.033127pseudo_supervision1 : 0.329624pseudo_supervision2 : 0.044190
iteration 21480 :model1 loss : 0.238242model2 loss : 0.067302pseudo_supervision1 : 0.000000pseudo_supervision2 : 0.118117
iteration 21500 :model1 loss : 0.215961model2 loss : 0.032987pseudo_supervision1 : 0.000000pseudo_supervision2 : 0.060194
iteration 21520 :model1 loss : 0.760612model2 loss : 0.081624pseudo_supervision1 : 9.457523pseudo_supervision2 : 0.504934
iteration 21540 :model1 loss : 0.169178model2 loss : 0.129530pseudo_supervision1 : 0.371175pseudo_supervision2 : 0.029882
iteration 21560 :model1 loss : 0.127575model2 loss : 0.033235pseudo_supervision1 : 0.000000pseudo_supervision2 : 0.173787
iteration 21580 :model1 loss : 0.218588model2 loss : 0.225679pseudo_supervision1 : 0.690108pseudo_supervision2 : 0.144416
iteration 21600 :model1 loss : 0.230101model2 loss : 0.063538pseudo_supervision1 : 1.547318pseudo_supervision2 : 0.501978
began evaluation!
iteration 21600: validation sampled 4/12 cases
Total test images: 4
Validation begin
Validation end
avg metric shape: (13, 3)
iteration 21600 : model_dice_score : 0.521890 model_hd95 : 2.884615
began evaluation!
Total test images: 4
Validation begin
===>test image:/projects/weilab/liupeng/dataset/ssl_seg/BTCV/Training_resampled_1.5_1.5_2.0_npy_zscore/img/img0004.npy
condition batch eval, img shape:(210, 203, 203), sx:3, sy:2, sz:2, num_conditions:2
condition:1, metric:[0.7832354 0.        0.       ]
condition:2, metric:[0.89161678 0.         0.        ]
condition batch eval, img shape:(210, 203, 203), sx:3, sy:2, sz:2, num_conditions:2
condition:3, metric:[0.57076463 0.         0.        ]
condition:4, metric:[  0. 150. 150.]
condition batch eval, img shape:(210, 203, 203), sx:3, sy:2, sz:2, num_conditions:2
condition:5, metric:[  0. 150. 150.]
condition:6, metric:[0.88153032 0.         0.        ]
condition batch eval, img shape:(210, 203, 203), sx:3, sy:2, sz:2, num_conditions:2
condition:7, metric:[0.29185527 0.         0.        ]
condition:8, metric:[0.39389636 0.         0.        ]
condition batch eval, img shape:(210, 203, 203), sx:3, sy:2, sz:2, num_conditions:2
condition:9, metric:[0.63345321 0.         0.        ]
condition:10, metric:[0.49791466 0.         0.        ]
condition batch eval, img shape:(210, 203, 203), sx:3, sy:2, sz:2, num_conditions:2
condition:11, metric:[0.20059583 0.         0.        ]
condition:12, metric:[  0. 150. 150.]
condition batch eval, img shape:(210, 203, 203), sx:3, sy:2, sz:2, num_conditions:1
condition:13, metric:[0.40305635 0.         0.        ]
===>test image:/projects/weilab/liupeng/dataset/ssl_seg/BTCV/Training_resampled_1.5_1.5_2.0_npy_zscore/img/img0025.npy
condition batch eval, img shape:(212, 284, 284), sx:3, sy:3, sz:3, num_conditions:2
condition:1, metric:[0.79853473 0.         0.        ]
condition:2, metric:[0.32105346 0.         0.        ]
condition batch eval, img shape:(212, 284, 284), sx:3, sy:3, sz:3, num_conditions:2
condition:3, metric:[0.60065938 0.         0.        ]
condition:4, metric:[  0. 150. 150.]
condition batch eval, img shape:(212, 284, 284), sx:3, sy:3, sz:3, num_conditions:2
condition:5, metric:[  0. 150. 150.]
condition:6, metric:[0.9398679 0.        0.       ]
condition batch eval, img shape:(212, 284, 284), sx:3, sy:3, sz:3, num_conditions:2
condition:7, metric:[0.4252123 0.        0.       ]
condition:8, metric:[0.82990674 0.         0.        ]
condition batch eval, img shape:(212, 284, 284), sx:3, sy:3, sz:3, num_conditions:2
condition:9, metric:[0.67984683 0.         0.        ]
condition:10, metric:[0.15489405 0.         0.        ]
condition batch eval, img shape:(212, 284, 284), sx:3, sy:3, sz:3, num_conditions:2
condition:11, metric:[0.59997427 0.         0.        ]
condition:12, metric:[  0. 150. 150.]
condition batch eval, img shape:(212, 284, 284), sx:3, sy:3, sz:3, num_conditions:1
condition:13, metric:[0.04622871 0.         0.        ]
===>test image:/projects/weilab/liupeng/dataset/ssl_seg/BTCV/Training_resampled_1.5_1.5_2.0_npy_zscore/img/img0008.npy
condition batch eval, img shape:(222, 249, 249), sx:3, sy:3, sz:3, num_conditions:2
condition:1, metric:[0.78018366 0.         0.        ]
condition:2, metric:[0.03155515 0.         0.        ]
condition batch eval, img shape:(222, 249, 249), sx:3, sy:3, sz:3, num_conditions:2
condition:3, metric:[0.00343223 0.         0.        ]
condition:4, metric:[  0. 150. 150.]
condition batch eval, img shape:(222, 249, 249), sx:3, sy:3, sz:3, num_conditions:2
condition:5, metric:[  0. 150. 150.]
condition:6, metric:[0.91755453 0.         0.        ]
condition batch eval, img shape:(222, 249, 249), sx:3, sy:3, sz:3, num_conditions:2
condition:7, metric:[0.4607726 0.        0.       ]
condition:8, metric:[0.45615061 0.         0.        ]
condition batch eval, img shape:(222, 249, 249), sx:3, sy:3, sz:3, num_conditions:2
condition:9, metric:[0.72526255 0.         0.        ]
condition:10, metric:[0.55963088 0.         0.        ]
condition batch eval, img shape:(222, 249, 249), sx:3, sy:3, sz:3, num_conditions:2
condition:11, metric:[0.56340394 0.         0.        ]
condition:12, metric:[  0. 150. 150.]
condition batch eval, img shape:(222, 249, 249), sx:3, sy:3, sz:3, num_conditions:1
condition:13, metric:[0.14006515 0.         0.        ]
===>test image:/projects/weilab/liupeng/dataset/ssl_seg/BTCV/Training_resampled_1.5_1.5_2.0_npy_zscore/img/img0001.npy
condition batch eval, img shape:(220, 228, 228), sx:3, sy:3, sz:3, num_conditions:2
condition:1, metric:[0.8855412 0.        0.       ]
condition:2, metric:[0.74312733 0.         0.        ]
condition batch eval, img shape:(220, 228, 228), sx:3, sy:3, sz:3, num_conditions:2
condition:3, metric:[0.57490386 0.         0.        ]
condition:4, metric:[  0. 150. 150.]
condition batch eval, img shape:(220, 228, 228), sx:3, sy:3, sz:3, num_conditions:2
condition:5, metric:[  0. 150. 150.]
condition:6, metric:[0.94525721 0.         0.        ]
condition batch eval, img shape:(220, 228, 228), sx:3, sy:3, sz:3, num_conditions:2
condition:7, metric:[0.54144532 0.         0.        ]
condition:8, metric:[0.5191063 0.        0.       ]
condition batch eval, img shape:(220, 228, 228), sx:3, sy:3, sz:3, num_conditions:2
condition:9, metric:[0.69876513 0.         0.        ]
condition:10, metric:[0.74002528 0.         0.        ]
condition batch eval, img shape:(220, 228, 228), sx:3, sy:3, sz:3, num_conditions:2
condition:11, metric:[0.55053816 0.         0.        ]
condition:12, metric:[  0. 150. 150.]
condition batch eval, img shape:(220, 228, 228), sx:3, sy:3, sz:3, num_conditions:1
condition:13, metric:[0.60470497 0.         0.        ]
Validation end
avg metric shape: (13, 3)
iteration 21600 : model2_dice_score : 0.430491 model2_hd95 : 34.615385
save model to ../model/BTCV_5_C3PS_cond_mode_film_began_semi2000_con4000_SGD_SGD/unet_3D_old/model_iter_21600.pth
save model2 to ../model/BTCV_5_C3PS_cond_mode_film_began_semi2000_con4000_SGD_SGD/unet_3D_old/model2_iter_21600.pth
iteration 21620 :model1 loss : 0.221654model2 loss : 0.017967pseudo_supervision1 : 0.101153pseudo_supervision2 : 0.035530
iteration 21640 :model1 loss : 0.166679model2 loss : 0.032253pseudo_supervision1 : 0.322478pseudo_supervision2 : 0.135575
iteration 21660 :model1 loss : 0.135043model2 loss : 0.248529pseudo_supervision1 : 0.000000pseudo_supervision2 : 0.500669
iteration 21680 :model1 loss : 0.166896model2 loss : 0.058960pseudo_supervision1 : 0.401862pseudo_supervision2 : 0.088142
iteration 21700 :model1 loss : 0.268862model2 loss : 0.059804pseudo_supervision1 : 1.301154pseudo_supervision2 : 0.021689
iteration 21720 :model1 loss : 0.170840model2 loss : 0.071788pseudo_supervision1 : 0.000000pseudo_supervision2 : 0.500355
iteration 21740 :model1 loss : 0.262063model2 loss : 0.081507pseudo_supervision1 : 0.570015pseudo_supervision2 : 0.071113
iteration 21760 :model1 loss : 0.269538model2 loss : 0.073778pseudo_supervision1 : 0.000000pseudo_supervision2 : 0.500165
iteration 21780 :model1 loss : 0.139878model2 loss : 0.023018pseudo_supervision1 : 0.192283pseudo_supervision2 : 0.026152
iteration 21800 :model1 loss : 0.152271model2 loss : 0.069629pseudo_supervision1 : 0.000000pseudo_supervision2 : 0.067638
save model to ../model/BTCV_5_C3PS_cond_mode_film_began_semi2000_con4000_SGD_SGD/unet_3D_old/model_iter_21800.pth
save model2 to ../model/BTCV_5_C3PS_cond_mode_film_began_semi2000_con4000_SGD_SGD/unet_3D_old/model2_iter_21800.pth
iteration 21820 :model1 loss : 0.133603model2 loss : 0.054650pseudo_supervision1 : 0.000000pseudo_supervision2 : 0.500361
iteration 21840 :model1 loss : 0.223992model2 loss : 0.125358pseudo_supervision1 : 1.197921pseudo_supervision2 : 0.080969
iteration 21860 :model1 loss : 0.157163model2 loss : 0.064865pseudo_supervision1 : 0.000000pseudo_supervision2 : 0.500208
iteration 21880 :model1 loss : 0.221536model2 loss : 0.061305pseudo_supervision1 : 0.000000pseudo_supervision2 : 0.500319
iteration 21900 :model1 loss : 0.154352model2 loss : 0.056158pseudo_supervision1 : 0.000000pseudo_supervision2 : 0.487953
iteration 21920 :model1 loss : 0.171489model2 loss : 0.056099pseudo_supervision1 : 0.000000pseudo_supervision2 : 0.500378
iteration 21940 :model1 loss : 0.145185model2 loss : 0.032169pseudo_supervision1 : 0.168680pseudo_supervision2 : 0.027320
iteration 21960 :model1 loss : 0.389438model2 loss : 0.060087pseudo_supervision1 : 0.000000pseudo_supervision2 : 0.551243
iteration 21980 :model1 loss : 0.346336model2 loss : 0.031158pseudo_supervision1 : 2.814815pseudo_supervision2 : 0.079793
iteration 22000 :model1 loss : 0.415885model2 loss : 0.080110pseudo_supervision1 : 0.000000pseudo_supervision2 : 0.500804
began evaluation!
iteration 22000: validation sampled 4/12 cases
Total test images: 4
Validation begin
Validation end
avg metric shape: (13, 3)
iteration 22000 : model_dice_score : 0.491335 model_hd95 : 5.769231
began evaluation!
Total test images: 4
Validation begin
===>test image:/projects/weilab/liupeng/dataset/ssl_seg/BTCV/Training_resampled_1.5_1.5_2.0_npy_zscore/img/img0003.npy
condition batch eval, img shape:(297, 307, 307), sx:5, sy:4, sz:4, num_conditions:2
condition:1, metric:[0.37832458 0.         0.        ]
condition:2, metric:[0.9251638 0.        0.       ]
condition batch eval, img shape:(297, 307, 307), sx:5, sy:4, sz:4, num_conditions:2
condition:3, metric:[0.82413156 0.         0.        ]
condition:4, metric:[  0. 150. 150.]
condition batch eval, img shape:(297, 307, 307), sx:5, sy:4, sz:4, num_conditions:2
condition:5, metric:[  0. 150. 150.]
condition:6, metric:[0.85463525 0.         0.        ]
condition batch eval, img shape:(297, 307, 307), sx:5, sy:4, sz:4, num_conditions:2
condition:7, metric:[0.01417848 0.         0.        ]
condition:8, metric:[0.65388426 0.         0.        ]
condition batch eval, img shape:(297, 307, 307), sx:5, sy:4, sz:4, num_conditions:2
condition:9, metric:[0.72311178 0.         0.        ]
condition:10, metric:[0.36557025 0.         0.        ]
condition batch eval, img shape:(297, 307, 307), sx:5, sy:4, sz:4, num_conditions:2
condition:11, metric:[0.16514086 0.         0.        ]
condition:12, metric:[  0. 150. 150.]
condition batch eval, img shape:(297, 307, 307), sx:5, sy:4, sz:4, num_conditions:1
condition:13, metric:[  0. 150. 150.]
===>test image:/projects/weilab/liupeng/dataset/ssl_seg/BTCV/Training_resampled_1.5_1.5_2.0_npy_zscore/img/img0032.npy
condition batch eval, img shape:(216, 253, 253), sx:3, sy:3, sz:3, num_conditions:2
condition:1, metric:[0.78600903 0.         0.        ]
condition:2, metric:[0.79400288 0.         0.        ]
condition batch eval, img shape:(216, 253, 253), sx:3, sy:3, sz:3, num_conditions:2
condition:3, metric:[0.69541999 0.         0.        ]
condition:4, metric:[  0. 150. 150.]
condition batch eval, img shape:(216, 253, 253), sx:3, sy:3, sz:3, num_conditions:2
condition:5, metric:[  0. 150. 150.]
condition:6, metric:[0.90772406 0.         0.        ]
condition batch eval, img shape:(216, 253, 253), sx:3, sy:3, sz:3, num_conditions:2
condition:7, metric:[0.76651274 0.         0.        ]
condition:8, metric:[0.69629978 0.         0.        ]
condition batch eval, img shape:(216, 253, 253), sx:3, sy:3, sz:3, num_conditions:2
condition:9, metric:[0.64123641 0.         0.        ]
condition:10, metric:[0.63576159 0.         0.        ]
condition batch eval, img shape:(216, 253, 253), sx:3, sy:3, sz:3, num_conditions:2
condition:11, metric:[0.4875754 0.        0.       ]
condition:12, metric:[  0. 150. 150.]
condition batch eval, img shape:(216, 253, 253), sx:3, sy:3, sz:3, num_conditions:1
condition:13, metric:[0.26126126 0.         0.        ]
===>test image:/projects/weilab/liupeng/dataset/ssl_seg/BTCV/Training_resampled_1.5_1.5_2.0_npy_zscore/img/img0008.npy
condition batch eval, img shape:(222, 249, 249), sx:3, sy:3, sz:3, num_conditions:2
condition:1, metric:[0.8131493 0.        0.       ]
condition:2, metric:[0.01207777 0.         0.        ]
condition batch eval, img shape:(222, 249, 249), sx:3, sy:3, sz:3, num_conditions:2
condition:3, metric:[0.00086481 0.         0.        ]
condition:4, metric:[  0. 150. 150.]
condition batch eval, img shape:(222, 249, 249), sx:3, sy:3, sz:3, num_conditions:2
condition:5, metric:[  0. 150. 150.]
condition:6, metric:[0.91771439 0.         0.        ]
condition batch eval, img shape:(222, 249, 249), sx:3, sy:3, sz:3, num_conditions:2
condition:7, metric:[0.63300689 0.         0.        ]
condition:8, metric:[0.52360394 0.         0.        ]
condition batch eval, img shape:(222, 249, 249), sx:3, sy:3, sz:3, num_conditions:2
condition:9, metric:[0.69033813 0.         0.        ]
condition:10, metric:[0.55807973 0.         0.        ]
condition batch eval, img shape:(222, 249, 249), sx:3, sy:3, sz:3, num_conditions:2
condition:11, metric:[0.55806999 0.         0.        ]
condition:12, metric:[  0. 150. 150.]
condition batch eval, img shape:(222, 249, 249), sx:3, sy:3, sz:3, num_conditions:1
condition:13, metric:[0.44736842 0.         0.        ]
===>test image:/projects/weilab/liupeng/dataset/ssl_seg/BTCV/Training_resampled_1.5_1.5_2.0_npy_zscore/img/img0038.npy
condition batch eval, img shape:(250, 333, 333), sx:4, sy:4, sz:4, num_conditions:2
condition:1, metric:[0.71024673 0.         0.        ]
condition:2, metric:[0.83383629 0.         0.        ]
condition batch eval, img shape:(250, 333, 333), sx:4, sy:4, sz:4, num_conditions:2
condition:3, metric:[0.92242943 0.         0.        ]
condition:4, metric:[  0. 150. 150.]
condition batch eval, img shape:(250, 333, 333), sx:4, sy:4, sz:4, num_conditions:2
condition:5, metric:[  0. 150. 150.]
condition:6, metric:[0.89016535 0.         0.        ]
condition batch eval, img shape:(250, 333, 333), sx:4, sy:4, sz:4, num_conditions:2
condition:7, metric:[0.54538898 0.         0.        ]
condition:8, metric:[0.90765399 0.         0.        ]
condition batch eval, img shape:(250, 333, 333), sx:4, sy:4, sz:4, num_conditions:2
condition:9, metric:[0.60479845 0.         0.        ]
condition:10, metric:[0.66321559 0.         0.        ]
condition batch eval, img shape:(250, 333, 333), sx:4, sy:4, sz:4, num_conditions:2
condition:11, metric:[0.75661732 0.         0.        ]
condition:12, metric:[  0. 150. 150.]
condition batch eval, img shape:(250, 333, 333), sx:4, sy:4, sz:4, num_conditions:1
condition:13, metric:[0.31186869 0.         0.        ]
Validation end
avg metric shape: (13, 3)
iteration 22000 : model2_dice_score : 0.459162 model2_hd95 : 37.500000
save model to ../model/BTCV_5_C3PS_cond_mode_film_began_semi2000_con4000_SGD_SGD/unet_3D_old/model_iter_22000.pth
save model2 to ../model/BTCV_5_C3PS_cond_mode_film_began_semi2000_con4000_SGD_SGD/unet_3D_old/model2_iter_22000.pth
iteration 22020 :model1 loss : 0.137492model2 loss : 0.050685pseudo_supervision1 : 0.000000pseudo_supervision2 : 0.478149
iteration 22040 :model1 loss : 0.245534model2 loss : 0.085859pseudo_supervision1 : 0.000000pseudo_supervision2 : 0.500428
iteration 22060 :model1 loss : 0.180642model2 loss : 0.071692pseudo_supervision1 : 0.000000pseudo_supervision2 : 0.099035
iteration 22080 :model1 loss : 0.172408model2 loss : 0.170194pseudo_supervision1 : 0.139552pseudo_supervision2 : 0.014020
iteration 22100 :model1 loss : 0.164527model2 loss : 0.086925pseudo_supervision1 : 0.000000pseudo_supervision2 : 0.501134
iteration 22120 :model1 loss : 0.377628model2 loss : 0.073527pseudo_supervision1 : 0.000000pseudo_supervision2 : 0.500156
iteration 22140 :model1 loss : 0.167283model2 loss : 0.256761pseudo_supervision1 : 0.226291pseudo_supervision2 : 0.028689
iteration 22160 :model1 loss : 0.274234model2 loss : 0.043093pseudo_supervision1 : 1.632769pseudo_supervision2 : 0.064053
iteration 22180 :model1 loss : 0.178914model2 loss : 0.020079pseudo_supervision1 : 0.215254pseudo_supervision2 : 0.026810
iteration 22200 :model1 loss : 0.263470model2 loss : 0.063964pseudo_supervision1 : 0.000000pseudo_supervision2 : 0.500398
save model to ../model/BTCV_5_C3PS_cond_mode_film_began_semi2000_con4000_SGD_SGD/unet_3D_old/model_iter_22200.pth
save model2 to ../model/BTCV_5_C3PS_cond_mode_film_began_semi2000_con4000_SGD_SGD/unet_3D_old/model2_iter_22200.pth
iteration 22220 :model1 loss : 0.732710model2 loss : 0.118520pseudo_supervision1 : 8.545200pseudo_supervision2 : 0.496495
iteration 22240 :model1 loss : 0.372819model2 loss : 0.064772pseudo_supervision1 : 0.171354pseudo_supervision2 : 0.042999
iteration 22260 :model1 loss : 0.192729model2 loss : 0.057172pseudo_supervision1 : 0.000000pseudo_supervision2 : 0.500366
iteration 22280 :model1 loss : 0.171905model2 loss : 0.141730pseudo_supervision1 : 0.000000pseudo_supervision2 : 0.480846
iteration 22300 :model1 loss : 0.166764model2 loss : 0.062186pseudo_supervision1 : 0.000000pseudo_supervision2 : 0.500289
iteration 22320 :model1 loss : 0.299295model2 loss : 0.020448pseudo_supervision1 : 0.089478pseudo_supervision2 : 0.012859
iteration 22340 :model1 loss : 0.121411model2 loss : 0.096650pseudo_supervision1 : 0.000000pseudo_supervision2 : 0.500536
iteration 22360 :model1 loss : 0.125133model2 loss : 0.078335pseudo_supervision1 : 0.000000pseudo_supervision2 : 0.501314
iteration 22380 :model1 loss : 0.180627model2 loss : 0.052609pseudo_supervision1 : 0.000000pseudo_supervision2 : 0.500173
iteration 22400 :model1 loss : 0.185496model2 loss : 0.027919pseudo_supervision1 : 0.370349pseudo_supervision2 : 0.024391
began evaluation!
iteration 22400: validation sampled 4/12 cases
Total test images: 4
Validation begin
Validation end
avg metric shape: (13, 3)
iteration 22400 : model_dice_score : 0.561871 model_hd95 : 0.000000
began evaluation!
Total test images: 4
Validation begin
===>test image:/projects/weilab/liupeng/dataset/ssl_seg/BTCV/Training_resampled_1.5_1.5_2.0_npy_zscore/img/img0038.npy
condition batch eval, img shape:(250, 333, 333), sx:4, sy:4, sz:4, num_conditions:2
condition:1, metric:[0.77278731 0.         0.        ]
condition:2, metric:[0.84464139 0.         0.        ]
condition batch eval, img shape:(250, 333, 333), sx:4, sy:4, sz:4, num_conditions:2
condition:3, metric:[0.91548095 0.         0.        ]
condition:4, metric:[0. 0. 0.]
condition batch eval, img shape:(250, 333, 333), sx:4, sy:4, sz:4, num_conditions:2
condition:5, metric:[  0. 150. 150.]
condition:6, metric:[0.85964571 0.         0.        ]
condition batch eval, img shape:(250, 333, 333), sx:4, sy:4, sz:4, num_conditions:2
condition:7, metric:[0.56185364 0.         0.        ]
condition:8, metric:[0.90102992 0.         0.        ]
condition batch eval, img shape:(250, 333, 333), sx:4, sy:4, sz:4, num_conditions:2
condition:9, metric:[0.72496049 0.         0.        ]
condition:10, metric:[0.62140136 0.         0.        ]
condition batch eval, img shape:(250, 333, 333), sx:4, sy:4, sz:4, num_conditions:2
condition:11, metric:[0.71453231 0.         0.        ]
condition:12, metric:[  0. 150. 150.]
condition batch eval, img shape:(250, 333, 333), sx:4, sy:4, sz:4, num_conditions:1
condition:13, metric:[0.49159954 0.         0.        ]
===>test image:/projects/weilab/liupeng/dataset/ssl_seg/BTCV/Training_resampled_1.5_1.5_2.0_npy_zscore/img/img0003.npy
condition batch eval, img shape:(297, 307, 307), sx:5, sy:4, sz:4, num_conditions:2
condition:1, metric:[0.35491362 0.         0.        ]
condition:2, metric:[0.92083393 0.         0.        ]
condition batch eval, img shape:(297, 307, 307), sx:5, sy:4, sz:4, num_conditions:2
condition:3, metric:[0.88459934 0.         0.        ]
condition:4, metric:[  0. 150. 150.]
condition batch eval, img shape:(297, 307, 307), sx:5, sy:4, sz:4, num_conditions:2
condition:5, metric:[  0. 150. 150.]
condition:6, metric:[0.86611975 0.         0.        ]
condition batch eval, img shape:(297, 307, 307), sx:5, sy:4, sz:4, num_conditions:2
condition:7, metric:[0.20940536 0.         0.        ]
condition:8, metric:[0.74956109 0.         0.        ]
condition batch eval, img shape:(297, 307, 307), sx:5, sy:4, sz:4, num_conditions:2
condition:9, metric:[0.67180479 0.         0.        ]
condition:10, metric:[0.28808128 0.         0.        ]
condition batch eval, img shape:(297, 307, 307), sx:5, sy:4, sz:4, num_conditions:2
condition:11, metric:[0.17856058 0.         0.        ]
condition:12, metric:[  0. 150. 150.]
condition batch eval, img shape:(297, 307, 307), sx:5, sy:4, sz:4, num_conditions:1
condition:13, metric:[0. 0. 0.]
===>test image:/projects/weilab/liupeng/dataset/ssl_seg/BTCV/Training_resampled_1.5_1.5_2.0_npy_zscore/img/img0022.npy
condition batch eval, img shape:(222, 262, 262), sx:3, sy:3, sz:3, num_conditions:2
condition:1, metric:[0.87895068 0.         0.        ]
condition:2, metric:[0.93626622 0.         0.        ]
condition batch eval, img shape:(222, 262, 262), sx:3, sy:3, sz:3, num_conditions:2
condition:3, metric:[0.91398071 0.         0.        ]
condition:4, metric:[  0. 150. 150.]
condition batch eval, img shape:(222, 262, 262), sx:3, sy:3, sz:3, num_conditions:2
condition:5, metric:[  0. 150. 150.]
condition:6, metric:[0.85230995 0.         0.        ]
condition batch eval, img shape:(222, 262, 262), sx:3, sy:3, sz:3, num_conditions:2
condition:7, metric:[0.88853545 0.         0.        ]
condition:8, metric:[0.91563964 0.         0.        ]
condition batch eval, img shape:(222, 262, 262), sx:3, sy:3, sz:3, num_conditions:2
condition:9, metric:[0.79121054 0.         0.        ]
condition:10, metric:[0.66245406 0.         0.        ]
condition batch eval, img shape:(222, 262, 262), sx:3, sy:3, sz:3, num_conditions:2
condition:11, metric:[0.61301713 0.         0.        ]
condition:12, metric:[  0. 150. 150.]
condition batch eval, img shape:(222, 262, 262), sx:3, sy:3, sz:3, num_conditions:1
condition:13, metric:[0.37300319 0.         0.        ]
===>test image:/projects/weilab/liupeng/dataset/ssl_seg/BTCV/Training_resampled_1.5_1.5_2.0_npy_zscore/img/img0025.npy
condition batch eval, img shape:(212, 284, 284), sx:3, sy:3, sz:3, num_conditions:2
condition:1, metric:[0.803875 0.       0.      ]
condition:2, metric:[0.25091129 0.         0.        ]
condition batch eval, img shape:(212, 284, 284), sx:3, sy:3, sz:3, num_conditions:2
condition:3, metric:[0.76710265 0.         0.        ]
condition:4, metric:[  0. 150. 150.]
condition batch eval, img shape:(212, 284, 284), sx:3, sy:3, sz:3, num_conditions:2
condition:5, metric:[  0. 150. 150.]
condition:6, metric:[0.9532704 0.        0.       ]
condition batch eval, img shape:(212, 284, 284), sx:3, sy:3, sz:3, num_conditions:2
condition:7, metric:[0.72813396 0.         0.        ]
condition:8, metric:[0.84218061 0.         0.        ]
condition batch eval, img shape:(212, 284, 284), sx:3, sy:3, sz:3, num_conditions:2
condition:9, metric:[0.65434666 0.         0.        ]
condition:10, metric:[0.13631832 0.         0.        ]
condition batch eval, img shape:(212, 284, 284), sx:3, sy:3, sz:3, num_conditions:2
condition:11, metric:[0.60244693 0.         0.        ]
condition:12, metric:[  0. 150. 150.]
condition batch eval, img shape:(212, 284, 284), sx:3, sy:3, sz:3, num_conditions:1
condition:13, metric:[0.54478164 0.         0.        ]
Validation end
avg metric shape: (13, 3)
iteration 22400 : model2_dice_score : 0.512318 model2_hd95 : 31.730769
save model to ../model/BTCV_5_C3PS_cond_mode_film_began_semi2000_con4000_SGD_SGD/unet_3D_old/model_iter_22400.pth
save model2 to ../model/BTCV_5_C3PS_cond_mode_film_began_semi2000_con4000_SGD_SGD/unet_3D_old/model2_iter_22400.pth
iteration 22420 :model1 loss : 0.412584model2 loss : 0.021226pseudo_supervision1 : 1.000340pseudo_supervision2 : 0.051140
iteration 22440 :model1 loss : 0.128801model2 loss : 0.091502pseudo_supervision1 : 0.000000pseudo_supervision2 : 0.239792
iteration 22460 :model1 loss : 0.139525model2 loss : 0.066379pseudo_supervision1 : 0.000000pseudo_supervision2 : 0.500432
iteration 22480 :model1 loss : 0.119561model2 loss : 0.076822pseudo_supervision1 : 0.000000pseudo_supervision2 : 0.500112
iteration 22500 :model1 loss : 0.183805model2 loss : 0.081999pseudo_supervision1 : 0.000000pseudo_supervision2 : 0.502376
iteration 22520 :model1 loss : 0.242866model2 loss : 0.024536pseudo_supervision1 : 0.324030pseudo_supervision2 : 0.034120
iteration 22540 :model1 loss : 0.363180model2 loss : 0.032743pseudo_supervision1 : 0.189922pseudo_supervision2 : 0.056855
iteration 22560 :model1 loss : 0.203654model2 loss : 0.033478pseudo_supervision1 : 0.263832pseudo_supervision2 : 0.096774
iteration 22580 :model1 loss : 0.182041model2 loss : 0.044327pseudo_supervision1 : 0.142736pseudo_supervision2 : 0.116848
iteration 22600 :model1 loss : 0.284148model2 loss : 0.080941pseudo_supervision1 : 0.000000pseudo_supervision2 : 0.500360
save model to ../model/BTCV_5_C3PS_cond_mode_film_began_semi2000_con4000_SGD_SGD/unet_3D_old/model_iter_22600.pth
save model2 to ../model/BTCV_5_C3PS_cond_mode_film_began_semi2000_con4000_SGD_SGD/unet_3D_old/model2_iter_22600.pth
iteration 22620 :model1 loss : 0.137011model2 loss : 0.062191pseudo_supervision1 : 0.000000pseudo_supervision2 : 0.501417
iteration 22640 :model1 loss : 0.121835model2 loss : 0.074219pseudo_supervision1 : 0.000000pseudo_supervision2 : 0.589183
iteration 22660 :model1 loss : 0.349105model2 loss : 0.055565pseudo_supervision1 : 0.000000pseudo_supervision2 : 0.213922
iteration 22680 :model1 loss : 0.149532model2 loss : 0.083695pseudo_supervision1 : 0.000000pseudo_supervision2 : 0.500328
iteration 22700 :model1 loss : 0.218124model2 loss : 0.150569pseudo_supervision1 : 1.066297pseudo_supervision2 : 0.054931
iteration 22720 :model1 loss : 0.151155model2 loss : 0.093637pseudo_supervision1 : 0.000000pseudo_supervision2 : 0.500176
iteration 22740 :model1 loss : 0.140750model2 loss : 0.061300pseudo_supervision1 : 0.000000pseudo_supervision2 : 0.500301
iteration 22760 :model1 loss : 0.156279model2 loss : 0.120361pseudo_supervision1 : 0.213384pseudo_supervision2 : 0.041692
iteration 22780 :model1 loss : 0.475288model2 loss : 0.055491pseudo_supervision1 : 1.354221pseudo_supervision2 : 0.248957
iteration 22800 :model1 loss : 0.156191model2 loss : 0.029359pseudo_supervision1 : 0.262116pseudo_supervision2 : 0.048076
began evaluation!
iteration 22800: validation sampled 4/12 cases
Total test images: 4
Validation begin
Validation end
avg metric shape: (13, 3)
iteration 22800 : model_dice_score : 0.566972 model_hd95 : 0.000000
began evaluation!
Total test images: 4
Validation begin
===>test image:/projects/weilab/liupeng/dataset/ssl_seg/BTCV/Training_resampled_1.5_1.5_2.0_npy_zscore/img/img0003.npy
condition batch eval, img shape:(297, 307, 307), sx:5, sy:4, sz:4, num_conditions:2
condition:1, metric:[0.38256404 0.         0.        ]
condition:2, metric:[0.91587069 0.         0.        ]
condition batch eval, img shape:(297, 307, 307), sx:5, sy:4, sz:4, num_conditions:2
condition:3, metric:[0.89897402 0.         0.        ]
condition:4, metric:[0. 0. 0.]
condition batch eval, img shape:(297, 307, 307), sx:5, sy:4, sz:4, num_conditions:2
condition:5, metric:[  0. 150. 150.]
condition:6, metric:[0.85951977 0.         0.        ]
condition batch eval, img shape:(297, 307, 307), sx:5, sy:4, sz:4, num_conditions:2
condition:7, metric:[0.19305602 0.         0.        ]
condition:8, metric:[0.76307093 0.         0.        ]
condition batch eval, img shape:(297, 307, 307), sx:5, sy:4, sz:4, num_conditions:2
condition:9, metric:[0.7635511 0.        0.       ]
condition:10, metric:[0.37226277 0.         0.        ]
condition batch eval, img shape:(297, 307, 307), sx:5, sy:4, sz:4, num_conditions:2
condition:11, metric:[0.38703466 0.         0.        ]
condition:12, metric:[  0. 150. 150.]
condition batch eval, img shape:(297, 307, 307), sx:5, sy:4, sz:4, num_conditions:1
condition:13, metric:[0. 0. 0.]
===>test image:/projects/weilab/liupeng/dataset/ssl_seg/BTCV/Training_resampled_1.5_1.5_2.0_npy_zscore/img/img0008.npy
condition batch eval, img shape:(222, 249, 249), sx:3, sy:3, sz:3, num_conditions:2
condition:1, metric:[0.79325945 0.         0.        ]
condition:2, metric:[0.01692723 0.         0.        ]
condition batch eval, img shape:(222, 249, 249), sx:3, sy:3, sz:3, num_conditions:2
condition:3, metric:[0.0006956 0.        0.       ]
condition:4, metric:[0. 0. 0.]
condition batch eval, img shape:(222, 249, 249), sx:3, sy:3, sz:3, num_conditions:2
condition:5, metric:[  0. 150. 150.]
condition:6, metric:[0.90675198 0.         0.        ]
condition batch eval, img shape:(222, 249, 249), sx:3, sy:3, sz:3, num_conditions:2
condition:7, metric:[0.45760721 0.         0.        ]
condition:8, metric:[0.37200788 0.         0.        ]
condition batch eval, img shape:(222, 249, 249), sx:3, sy:3, sz:3, num_conditions:2
condition:9, metric:[0.70864977 0.         0.        ]
condition:10, metric:[0.58370167 0.         0.        ]
condition batch eval, img shape:(222, 249, 249), sx:3, sy:3, sz:3, num_conditions:2
condition:11, metric:[0.57091547 0.         0.        ]
condition:12, metric:[  0. 150. 150.]
condition batch eval, img shape:(222, 249, 249), sx:3, sy:3, sz:3, num_conditions:1
condition:13, metric:[0.3385214 0.        0.       ]
===>test image:/projects/weilab/liupeng/dataset/ssl_seg/BTCV/Training_resampled_1.5_1.5_2.0_npy_zscore/img/img0038.npy
condition batch eval, img shape:(250, 333, 333), sx:4, sy:4, sz:4, num_conditions:2
condition:1, metric:[0.58492055 0.         0.        ]
condition:2, metric:[0.82762456 0.         0.        ]
condition batch eval, img shape:(250, 333, 333), sx:4, sy:4, sz:4, num_conditions:2
condition:3, metric:[0.91992314 0.         0.        ]
condition:4, metric:[0. 0. 0.]
condition batch eval, img shape:(250, 333, 333), sx:4, sy:4, sz:4, num_conditions:2
condition:5, metric:[  0. 150. 150.]
condition:6, metric:[0.90247367 0.         0.        ]
condition batch eval, img shape:(250, 333, 333), sx:4, sy:4, sz:4, num_conditions:2
condition:7, metric:[0.54765491 0.         0.        ]
condition:8, metric:[0.88274615 0.         0.        ]
condition batch eval, img shape:(250, 333, 333), sx:4, sy:4, sz:4, num_conditions:2
condition:9, metric:[0.73297104 0.         0.        ]
condition:10, metric:[0.62130079 0.         0.        ]
condition batch eval, img shape:(250, 333, 333), sx:4, sy:4, sz:4, num_conditions:2
condition:11, metric:[0.71775923 0.         0.        ]
condition:12, metric:[  0. 150. 150.]
condition batch eval, img shape:(250, 333, 333), sx:4, sy:4, sz:4, num_conditions:1
condition:13, metric:[0.48727796 0.         0.        ]
===>test image:/projects/weilab/liupeng/dataset/ssl_seg/BTCV/Training_resampled_1.5_1.5_2.0_npy_zscore/img/img0036.npy
condition batch eval, img shape:(276, 255, 255), sx:4, sy:3, sz:3, num_conditions:2
condition:1, metric:[0.86636183 0.         0.        ]
condition:2, metric:[0.84172629 0.         0.        ]
condition batch eval, img shape:(276, 255, 255), sx:4, sy:3, sz:3, num_conditions:2
condition:3, metric:[0.75384434 0.         0.        ]
condition:4, metric:[0. 0. 0.]
condition batch eval, img shape:(276, 255, 255), sx:4, sy:3, sz:3, num_conditions:2
condition:5, metric:[  0. 150. 150.]
condition:6, metric:[0.91577262 0.         0.        ]
condition batch eval, img shape:(276, 255, 255), sx:4, sy:3, sz:3, num_conditions:2
condition:7, metric:[0.77530149 0.         0.        ]
condition:8, metric:[0.75493676 0.         0.        ]
condition batch eval, img shape:(276, 255, 255), sx:4, sy:3, sz:3, num_conditions:2
condition:9, metric:[0.72852951 0.         0.        ]
condition:10, metric:[0.58514274 0.         0.        ]
condition batch eval, img shape:(276, 255, 255), sx:4, sy:3, sz:3, num_conditions:2
condition:11, metric:[0.4339108 0.        0.       ]
condition:12, metric:[  0. 150. 150.]
condition batch eval, img shape:(276, 255, 255), sx:4, sy:3, sz:3, num_conditions:1
condition:13, metric:[0.38075093 0.         0.        ]
Validation end
avg metric shape: (13, 3)
iteration 22800 : model2_dice_score : 0.472036 model2_hd95 : 23.076923
save model to ../model/BTCV_5_C3PS_cond_mode_film_began_semi2000_con4000_SGD_SGD/unet_3D_old/model_iter_22800.pth
save model2 to ../model/BTCV_5_C3PS_cond_mode_film_began_semi2000_con4000_SGD_SGD/unet_3D_old/model2_iter_22800.pth
iteration 22820 :model1 loss : 0.491219model2 loss : 0.252537pseudo_supervision1 : 0.112534pseudo_supervision2 : 0.028582
iteration 22840 :model1 loss : 0.157120model2 loss : 0.087294pseudo_supervision1 : 0.000000pseudo_supervision2 : 0.500127
iteration 22860 :model1 loss : 0.128401model2 loss : 0.023764pseudo_supervision1 : 0.142612pseudo_supervision2 : 0.024484
iteration 22880 :model1 loss : 0.230078model2 loss : 0.044813pseudo_supervision1 : 1.047845pseudo_supervision2 : 0.032351
iteration 22900 :model1 loss : 0.217803model2 loss : 0.235727pseudo_supervision1 : 0.157548pseudo_supervision2 : 0.026344
iteration 22920 :model1 loss : 0.223008model2 loss : 0.042163pseudo_supervision1 : 0.152699pseudo_supervision2 : 0.239554
iteration 22940 :model1 loss : 0.195981model2 loss : 0.022294pseudo_supervision1 : 0.152582pseudo_supervision2 : 0.020585
iteration 22960 :model1 loss : 0.122995model2 loss : 0.074056pseudo_supervision1 : 0.000000pseudo_supervision2 : 0.501000
iteration 22980 :model1 loss : 0.179055model2 loss : 0.071938pseudo_supervision1 : 0.000000pseudo_supervision2 : 0.500284
iteration 23000 :model1 loss : 0.133501model2 loss : 0.155101pseudo_supervision1 : 0.000000pseudo_supervision2 : 0.500118
save model to ../model/BTCV_5_C3PS_cond_mode_film_began_semi2000_con4000_SGD_SGD/unet_3D_old/model_iter_23000.pth
save model2 to ../model/BTCV_5_C3PS_cond_mode_film_began_semi2000_con4000_SGD_SGD/unet_3D_old/model2_iter_23000.pth
iteration 23020 :model1 loss : 0.334465model2 loss : 0.129837pseudo_supervision1 : 0.000000pseudo_supervision2 : 0.506661
iteration 23040 :model1 loss : 0.157043model2 loss : 0.059040pseudo_supervision1 : 0.284609pseudo_supervision2 : 0.058522
iteration 23060 :model1 loss : 0.178524model2 loss : 0.065249pseudo_supervision1 : 0.364555pseudo_supervision2 : 0.045939
iteration 23080 :model1 loss : 0.359146model2 loss : 0.050138pseudo_supervision1 : 0.000000pseudo_supervision2 : 0.325937
iteration 23100 :model1 loss : 0.291294model2 loss : 0.069399pseudo_supervision1 : 0.946127pseudo_supervision2 : 0.134317
iteration 23120 :model1 loss : 0.177700model2 loss : 0.036735pseudo_supervision1 : 0.134898pseudo_supervision2 : 0.010135
iteration 23140 :model1 loss : 0.165588model2 loss : 0.030785pseudo_supervision1 : 0.438254pseudo_supervision2 : 0.013987
iteration 23160 :model1 loss : 0.359066model2 loss : 0.103824pseudo_supervision1 : 2.111284pseudo_supervision2 : 0.390174
iteration 23180 :model1 loss : 0.199648model2 loss : 0.287017pseudo_supervision1 : 0.000000pseudo_supervision2 : 0.504152
iteration 23200 :model1 loss : 0.477608model2 loss : 0.104792pseudo_supervision1 : 0.293081pseudo_supervision2 : 0.042261
began evaluation!
iteration 23200: validation sampled 4/12 cases
Total test images: 4
Validation begin
Validation end
avg metric shape: (13, 3)
iteration 23200 : model_dice_score : 0.579265 model_hd95 : 0.000000
began evaluation!
Total test images: 4
Validation begin
===>test image:/projects/weilab/liupeng/dataset/ssl_seg/BTCV/Training_resampled_1.5_1.5_2.0_npy_zscore/img/img0038.npy
condition batch eval, img shape:(250, 333, 333), sx:4, sy:4, sz:4, num_conditions:2
condition:1, metric:[0.64910175 0.         0.        ]
condition:2, metric:[0.86144103 0.         0.        ]
condition batch eval, img shape:(250, 333, 333), sx:4, sy:4, sz:4, num_conditions:2
condition:3, metric:[0.92611896 0.         0.        ]
condition:4, metric:[0. 0. 0.]
condition batch eval, img shape:(250, 333, 333), sx:4, sy:4, sz:4, num_conditions:2
condition:5, metric:[  0. 150. 150.]
condition:6, metric:[0.91095955 0.         0.        ]
condition batch eval, img shape:(250, 333, 333), sx:4, sy:4, sz:4, num_conditions:2
condition:7, metric:[0.51525162 0.         0.        ]
condition:8, metric:[0.88212742 0.         0.        ]
condition batch eval, img shape:(250, 333, 333), sx:4, sy:4, sz:4, num_conditions:2
condition:9, metric:[0.74960824 0.         0.        ]
condition:10, metric:[0.68949288 0.         0.        ]
condition batch eval, img shape:(250, 333, 333), sx:4, sy:4, sz:4, num_conditions:2
condition:11, metric:[0.40122246 0.         0.        ]
condition:12, metric:[  0. 150. 150.]
condition batch eval, img shape:(250, 333, 333), sx:4, sy:4, sz:4, num_conditions:1
condition:13, metric:[0.22693365 0.         0.        ]
===>test image:/projects/weilab/liupeng/dataset/ssl_seg/BTCV/Training_resampled_1.5_1.5_2.0_npy_zscore/img/img0036.npy
condition batch eval, img shape:(276, 255, 255), sx:4, sy:3, sz:3, num_conditions:2
condition:1, metric:[0.89983412 0.         0.        ]
condition:2, metric:[0.85920155 0.         0.        ]
condition batch eval, img shape:(276, 255, 255), sx:4, sy:3, sz:3, num_conditions:2
condition:3, metric:[0.8076906 0.        0.       ]
condition:4, metric:[  0. 150. 150.]
condition batch eval, img shape:(276, 255, 255), sx:4, sy:3, sz:3, num_conditions:2
condition:5, metric:[  0. 150. 150.]
condition:6, metric:[0.90211743 0.         0.        ]
condition batch eval, img shape:(276, 255, 255), sx:4, sy:3, sz:3, num_conditions:2
condition:7, metric:[0.82735097 0.         0.        ]
condition:8, metric:[0.75168441 0.         0.        ]
condition batch eval, img shape:(276, 255, 255), sx:4, sy:3, sz:3, num_conditions:2
condition:9, metric:[0.68253685 0.         0.        ]
condition:10, metric:[0.67020089 0.         0.        ]
condition batch eval, img shape:(276, 255, 255), sx:4, sy:3, sz:3, num_conditions:2
condition:11, metric:[0.45229805 0.         0.        ]
condition:12, metric:[  0. 150. 150.]
condition batch eval, img shape:(276, 255, 255), sx:4, sy:3, sz:3, num_conditions:1
condition:13, metric:[0.4991453 0.        0.       ]
===>test image:/projects/weilab/liupeng/dataset/ssl_seg/BTCV/Training_resampled_1.5_1.5_2.0_npy_zscore/img/img0025.npy
condition batch eval, img shape:(212, 284, 284), sx:3, sy:3, sz:3, num_conditions:2
condition:1, metric:[0.72333652 0.         0.        ]
condition:2, metric:[0.23312913 0.         0.        ]
condition batch eval, img shape:(212, 284, 284), sx:3, sy:3, sz:3, num_conditions:2
condition:3, metric:[0.68415418 0.         0.        ]
condition:4, metric:[  0. 150. 150.]
condition batch eval, img shape:(212, 284, 284), sx:3, sy:3, sz:3, num_conditions:2
condition:5, metric:[  0. 150. 150.]
condition:6, metric:[0.95985211 0.         0.        ]
condition batch eval, img shape:(212, 284, 284), sx:3, sy:3, sz:3, num_conditions:2
condition:7, metric:[0.59686861 0.         0.        ]
condition:8, metric:[0.85437211 0.         0.        ]
condition batch eval, img shape:(212, 284, 284), sx:3, sy:3, sz:3, num_conditions:2
condition:9, metric:[0.671612 0.       0.      ]
condition:10, metric:[0.11532222 0.         0.        ]
condition batch eval, img shape:(212, 284, 284), sx:3, sy:3, sz:3, num_conditions:2
condition:11, metric:[0.36033202 0.         0.        ]
condition:12, metric:[  0. 150. 150.]
condition batch eval, img shape:(212, 284, 284), sx:3, sy:3, sz:3, num_conditions:1
condition:13, metric:[0.42794333 0.         0.        ]
===>test image:/projects/weilab/liupeng/dataset/ssl_seg/BTCV/Training_resampled_1.5_1.5_2.0_npy_zscore/img/img0008.npy
condition batch eval, img shape:(222, 249, 249), sx:3, sy:3, sz:3, num_conditions:2
condition:1, metric:[0.83303767 0.         0.        ]
condition:2, metric:[0.00956255 0.         0.        ]
condition batch eval, img shape:(222, 249, 249), sx:3, sy:3, sz:3, num_conditions:2
condition:3, metric:[0. 0. 0.]
condition:4, metric:[0.01334816 0.         0.        ]
condition batch eval, img shape:(222, 249, 249), sx:3, sy:3, sz:3, num_conditions:2
condition:5, metric:[  0. 150. 150.]
condition:6, metric:[0.87129212 0.         0.        ]
condition batch eval, img shape:(222, 249, 249), sx:3, sy:3, sz:3, num_conditions:2
condition:7, metric:[0.40242808 0.         0.        ]
condition:8, metric:[0.36826617 0.         0.        ]
condition batch eval, img shape:(222, 249, 249), sx:3, sy:3, sz:3, num_conditions:2
condition:9, metric:[0.84616318 0.         0.        ]
condition:10, metric:[0.66421637 0.         0.        ]
condition batch eval, img shape:(222, 249, 249), sx:3, sy:3, sz:3, num_conditions:2
condition:11, metric:[0.56701817 0.         0.        ]
condition:12, metric:[  0. 150. 150.]
condition batch eval, img shape:(222, 249, 249), sx:3, sy:3, sz:3, num_conditions:1
condition:13, metric:[0.50346741 0.         0.        ]
Validation end
avg metric shape: (13, 3)
iteration 23200 : model2_dice_score : 0.478270 model2_hd95 : 28.846154
save model to ../model/BTCV_5_C3PS_cond_mode_film_began_semi2000_con4000_SGD_SGD/unet_3D_old/model_iter_23200.pth
save model2 to ../model/BTCV_5_C3PS_cond_mode_film_began_semi2000_con4000_SGD_SGD/unet_3D_old/model2_iter_23200.pth
iteration 23220 :model1 loss : 0.188785model2 loss : 0.288586pseudo_supervision1 : 0.000000pseudo_supervision2 : 0.499512
iteration 23240 :model1 loss : 0.135564model2 loss : 0.058017pseudo_supervision1 : 0.000000pseudo_supervision2 : 0.500165
iteration 23260 :model1 loss : 0.154938model2 loss : 0.020245pseudo_supervision1 : 0.000000pseudo_supervision2 : 0.023380
iteration 23280 :model1 loss : 0.266393model2 loss : 0.040355pseudo_supervision1 : 0.425293pseudo_supervision2 : 0.043862
iteration 23300 :model1 loss : 0.189587model2 loss : 0.066994pseudo_supervision1 : 0.000000pseudo_supervision2 : 0.500087
iteration 23320 :model1 loss : 0.199403model2 loss : 0.029251pseudo_supervision1 : 0.829009pseudo_supervision2 : 0.053520
iteration 23340 :model1 loss : 0.182433model2 loss : 0.170392pseudo_supervision1 : 0.617504pseudo_supervision2 : 0.024006
iteration 23360 :model1 loss : 0.136880model2 loss : 0.030133pseudo_supervision1 : 0.164225pseudo_supervision2 : 0.012471
iteration 23380 :model1 loss : 0.172298model2 loss : 0.121636pseudo_supervision1 : 0.303631pseudo_supervision2 : 0.198275
iteration 23400 :model1 loss : 0.446770model2 loss : 0.048929pseudo_supervision1 : 0.931741pseudo_supervision2 : 0.031061
save model to ../model/BTCV_5_C3PS_cond_mode_film_began_semi2000_con4000_SGD_SGD/unet_3D_old/model_iter_23400.pth
save model2 to ../model/BTCV_5_C3PS_cond_mode_film_began_semi2000_con4000_SGD_SGD/unet_3D_old/model2_iter_23400.pth
iteration 23420 :model1 loss : 0.242456model2 loss : 0.104687pseudo_supervision1 : 0.700941pseudo_supervision2 : 0.027316
iteration 23440 :model1 loss : 0.241178model2 loss : 0.093898pseudo_supervision1 : 0.373372pseudo_supervision2 : 0.120553
iteration 23460 :model1 loss : 0.170586model2 loss : 0.019607pseudo_supervision1 : 0.215535pseudo_supervision2 : 0.018431
iteration 23480 :model1 loss : 0.195715model2 loss : 0.047545pseudo_supervision1 : 0.452501pseudo_supervision2 : 0.126991
iteration 23500 :model1 loss : 0.156992model2 loss : 0.055099pseudo_supervision1 : 0.220475pseudo_supervision2 : 0.190551
iteration 23520 :model1 loss : 0.137180model2 loss : 0.154531pseudo_supervision1 : 0.000000pseudo_supervision2 : 0.500273
iteration 23540 :model1 loss : 0.263973model2 loss : 0.101375pseudo_supervision1 : 0.806383pseudo_supervision2 : 0.050786
iteration 23560 :model1 loss : 0.125840model2 loss : 0.078752pseudo_supervision1 : 0.000000pseudo_supervision2 : 0.500714
iteration 23580 :model1 loss : 0.271826model2 loss : 0.038588pseudo_supervision1 : 1.709391pseudo_supervision2 : 0.214302
iteration 23600 :model1 loss : 0.195848model2 loss : 0.073977pseudo_supervision1 : 0.000000pseudo_supervision2 : 0.395859
began evaluation!
iteration 23600: validation sampled 4/12 cases
Total test images: 4
Validation begin
Validation end
avg metric shape: (13, 3)
iteration 23600 : model_dice_score : 0.529933 model_hd95 : 5.769231
began evaluation!
Total test images: 4
Validation begin
===>test image:/projects/weilab/liupeng/dataset/ssl_seg/BTCV/Training_resampled_1.5_1.5_2.0_npy_zscore/img/img0035.npy
condition batch eval, img shape:(235, 314, 314), sx:4, sy:4, sz:4, num_conditions:2
condition:1, metric:[0.92172646 0.         0.        ]
condition:2, metric:[0.90807825 0.         0.        ]
condition batch eval, img shape:(235, 314, 314), sx:4, sy:4, sz:4, num_conditions:2
condition:3, metric:[0.78757468 0.         0.        ]
condition:4, metric:[  0. 150. 150.]
condition batch eval, img shape:(235, 314, 314), sx:4, sy:4, sz:4, num_conditions:2
condition:5, metric:[  0. 150. 150.]
condition:6, metric:[0.89402912 0.         0.        ]
condition batch eval, img shape:(235, 314, 314), sx:4, sy:4, sz:4, num_conditions:2
condition:7, metric:[0.82553741 0.         0.        ]
condition:8, metric:[0.76356387 0.         0.        ]
condition batch eval, img shape:(235, 314, 314), sx:4, sy:4, sz:4, num_conditions:2
condition:9, metric:[0.79750318 0.         0.        ]
condition:10, metric:[0.65738263 0.         0.        ]
condition batch eval, img shape:(235, 314, 314), sx:4, sy:4, sz:4, num_conditions:2
condition:11, metric:[0.36250758 0.         0.        ]
condition:12, metric:[  0. 150. 150.]
condition batch eval, img shape:(235, 314, 314), sx:4, sy:4, sz:4, num_conditions:1
condition:13, metric:[0.26315789 0.         0.        ]
===>test image:/projects/weilab/liupeng/dataset/ssl_seg/BTCV/Training_resampled_1.5_1.5_2.0_npy_zscore/img/img0025.npy
condition batch eval, img shape:(212, 284, 284), sx:3, sy:3, sz:3, num_conditions:2
condition:1, metric:[0.6323796 0.        0.       ]
condition:2, metric:[0.26797294 0.         0.        ]
condition batch eval, img shape:(212, 284, 284), sx:3, sy:3, sz:3, num_conditions:2
condition:3, metric:[0.67696307 0.         0.        ]
condition:4, metric:[0.76661683 0.         0.        ]
condition batch eval, img shape:(212, 284, 284), sx:3, sy:3, sz:3, num_conditions:2
condition:5, metric:[  0. 150. 150.]
condition:6, metric:[0.94820727 0.         0.        ]
condition batch eval, img shape:(212, 284, 284), sx:3, sy:3, sz:3, num_conditions:2
condition:7, metric:[0.52186133 0.         0.        ]
condition:8, metric:[0.82998335 0.         0.        ]
condition batch eval, img shape:(212, 284, 284), sx:3, sy:3, sz:3, num_conditions:2
condition:9, metric:[0.69374189 0.         0.        ]
condition:10, metric:[0.14570381 0.         0.        ]
condition batch eval, img shape:(212, 284, 284), sx:3, sy:3, sz:3, num_conditions:2
condition:11, metric:[0.56124391 0.         0.        ]
condition:12, metric:[  0. 150. 150.]
condition batch eval, img shape:(212, 284, 284), sx:3, sy:3, sz:3, num_conditions:1
condition:13, metric:[0.46489564 0.         0.        ]
===>test image:/projects/weilab/liupeng/dataset/ssl_seg/BTCV/Training_resampled_1.5_1.5_2.0_npy_zscore/img/img0003.npy
condition batch eval, img shape:(297, 307, 307), sx:5, sy:4, sz:4, num_conditions:2
condition:1, metric:[0.29539924 0.         0.        ]
condition:2, metric:[0.90886647 0.         0.        ]
condition batch eval, img shape:(297, 307, 307), sx:5, sy:4, sz:4, num_conditions:2
condition:3, metric:[0.89245625 0.         0.        ]
condition:4, metric:[0.16124774 0.         0.        ]
condition batch eval, img shape:(297, 307, 307), sx:5, sy:4, sz:4, num_conditions:2
condition:5, metric:[  0. 150. 150.]
condition:6, metric:[0.80979528 0.         0.        ]
condition batch eval, img shape:(297, 307, 307), sx:5, sy:4, sz:4, num_conditions:2
condition:7, metric:[0.09113992 0.         0.        ]
condition:8, metric:[0.76357643 0.         0.        ]
condition batch eval, img shape:(297, 307, 307), sx:5, sy:4, sz:4, num_conditions:2
condition:9, metric:[0.7766819 0.        0.       ]
condition:10, metric:[0.30815649 0.         0.        ]
condition batch eval, img shape:(297, 307, 307), sx:5, sy:4, sz:4, num_conditions:2
condition:11, metric:[0.15580673 0.         0.        ]
condition:12, metric:[  0. 150. 150.]
condition batch eval, img shape:(297, 307, 307), sx:5, sy:4, sz:4, num_conditions:1
condition:13, metric:[  0. 150. 150.]
===>test image:/projects/weilab/liupeng/dataset/ssl_seg/BTCV/Training_resampled_1.5_1.5_2.0_npy_zscore/img/img0004.npy
condition batch eval, img shape:(210, 203, 203), sx:3, sy:2, sz:2, num_conditions:2
condition:1, metric:[0.72457717 0.         0.        ]
condition:2, metric:[0.83018272 0.         0.        ]
condition batch eval, img shape:(210, 203, 203), sx:3, sy:2, sz:2, num_conditions:2
condition:3, metric:[0.58668836 0.         0.        ]
condition:4, metric:[0. 0. 0.]
condition batch eval, img shape:(210, 203, 203), sx:3, sy:2, sz:2, num_conditions:2
condition:5, metric:[  0. 150. 150.]
condition:6, metric:[0.84238053 0.         0.        ]
condition batch eval, img shape:(210, 203, 203), sx:3, sy:2, sz:2, num_conditions:2
condition:7, metric:[0.32514002 0.         0.        ]
condition:8, metric:[0.30859223 0.         0.        ]
condition batch eval, img shape:(210, 203, 203), sx:3, sy:2, sz:2, num_conditions:2
condition:9, metric:[0.71339386 0.         0.        ]
condition:10, metric:[0.62804045 0.         0.        ]
condition batch eval, img shape:(210, 203, 203), sx:3, sy:2, sz:2, num_conditions:2
condition:11, metric:[0.23093736 0.         0.        ]
condition:12, metric:[  0. 150. 150.]
condition batch eval, img shape:(210, 203, 203), sx:3, sy:2, sz:2, num_conditions:1
condition:13, metric:[0.1475827 0.        0.       ]
Validation end
avg metric shape: (13, 3)
iteration 23600 : model2_dice_score : 0.465217 model2_hd95 : 28.846154
save model to ../model/BTCV_5_C3PS_cond_mode_film_began_semi2000_con4000_SGD_SGD/unet_3D_old/model_iter_23600.pth
save model2 to ../model/BTCV_5_C3PS_cond_mode_film_began_semi2000_con4000_SGD_SGD/unet_3D_old/model2_iter_23600.pth
iteration 23620 :model1 loss : 0.250202model2 loss : 0.108495pseudo_supervision1 : 0.000000pseudo_supervision2 : 0.501025
iteration 23640 :model1 loss : 0.196663model2 loss : 0.063266pseudo_supervision1 : 0.406154pseudo_supervision2 : 0.064117
iteration 23660 :model1 loss : 0.171495model2 loss : 0.031411pseudo_supervision1 : 0.447695pseudo_supervision2 : 0.090413
iteration 23680 :model1 loss : 0.121271model2 loss : 0.056016pseudo_supervision1 : 0.000000pseudo_supervision2 : 0.500205
iteration 23700 :model1 loss : 0.211590model2 loss : 0.023994pseudo_supervision1 : 0.979341pseudo_supervision2 : 0.022618
iteration 23720 :model1 loss : 0.394955model2 loss : 0.087834pseudo_supervision1 : 0.000000pseudo_supervision2 : 0.391370
iteration 23740 :model1 loss : 0.165727model2 loss : 0.023039pseudo_supervision1 : 0.364496pseudo_supervision2 : 0.042175
iteration 23760 :model1 loss : 0.159678model2 loss : 0.045140pseudo_supervision1 : 0.208452pseudo_supervision2 : 0.035805
iteration 23780 :model1 loss : 0.125587model2 loss : 0.282090pseudo_supervision1 : 0.000000pseudo_supervision2 : 0.437784
iteration 23800 :model1 loss : 0.209843model2 loss : 0.053622pseudo_supervision1 : 1.219157pseudo_supervision2 : 0.139525
save model to ../model/BTCV_5_C3PS_cond_mode_film_began_semi2000_con4000_SGD_SGD/unet_3D_old/model_iter_23800.pth
save model2 to ../model/BTCV_5_C3PS_cond_mode_film_began_semi2000_con4000_SGD_SGD/unet_3D_old/model2_iter_23800.pth
iteration 23820 :model1 loss : 0.118658model2 loss : 0.063315pseudo_supervision1 : 0.000000pseudo_supervision2 : 0.500288
iteration 23840 :model1 loss : 0.164459model2 loss : 0.019272pseudo_supervision1 : 0.488868pseudo_supervision2 : 0.037132
iteration 23860 :model1 loss : 0.330218model2 loss : 0.098064pseudo_supervision1 : 0.324641pseudo_supervision2 : 0.111006
iteration 23880 :model1 loss : 0.161460model2 loss : 0.026698pseudo_supervision1 : 0.361660pseudo_supervision2 : 0.041972
iteration 23900 :model1 loss : 0.142738model2 loss : 0.062343pseudo_supervision1 : 0.294418pseudo_supervision2 : 0.073069
iteration 23920 :model1 loss : 0.169737model2 loss : 0.057052pseudo_supervision1 : 0.000000pseudo_supervision2 : 0.500327
iteration 23940 :model1 loss : 0.327626model2 loss : 0.051331pseudo_supervision1 : 0.376740pseudo_supervision2 : 0.011185
iteration 23960 :model1 loss : 0.257784model2 loss : 0.027222pseudo_supervision1 : 1.170995pseudo_supervision2 : 0.039699
iteration 23980 :model1 loss : 0.118606model2 loss : 0.055030pseudo_supervision1 : 0.000000pseudo_supervision2 : 0.474546
iteration 24000 :model1 loss : 0.149152model2 loss : 0.246292pseudo_supervision1 : 0.157191pseudo_supervision2 : 0.011557
began evaluation!
iteration 24000: validation sampled 4/12 cases
Total test images: 4
Validation begin
Validation end
avg metric shape: (13, 3)
iteration 24000 : model_dice_score : 0.606319 model_hd95 : 5.769231
began evaluation!
Total test images: 4
Validation begin
===>test image:/projects/weilab/liupeng/dataset/ssl_seg/BTCV/Training_resampled_1.5_1.5_2.0_npy_zscore/img/img0035.npy
condition batch eval, img shape:(235, 314, 314), sx:4, sy:4, sz:4, num_conditions:2
condition:1, metric:[0.9247059 0.        0.       ]
condition:2, metric:[0.90659097 0.         0.        ]
condition batch eval, img shape:(235, 314, 314), sx:4, sy:4, sz:4, num_conditions:2
condition:3, metric:[0.77317132 0.         0.        ]
condition:4, metric:[  0. 150. 150.]
condition batch eval, img shape:(235, 314, 314), sx:4, sy:4, sz:4, num_conditions:2
condition:5, metric:[  0. 150. 150.]
condition:6, metric:[0.86725459 0.         0.        ]
condition batch eval, img shape:(235, 314, 314), sx:4, sy:4, sz:4, num_conditions:2
condition:7, metric:[0.70989792 0.         0.        ]
condition:8, metric:[0.80147629 0.         0.        ]
condition batch eval, img shape:(235, 314, 314), sx:4, sy:4, sz:4, num_conditions:2
condition:9, metric:[0.7906063 0.        0.       ]
condition:10, metric:[0.56399676 0.         0.        ]
condition batch eval, img shape:(235, 314, 314), sx:4, sy:4, sz:4, num_conditions:2
condition:11, metric:[0.31810925 0.         0.        ]
condition:12, metric:[  0. 150. 150.]
condition batch eval, img shape:(235, 314, 314), sx:4, sy:4, sz:4, num_conditions:1
condition:13, metric:[0.38513932 0.         0.        ]
===>test image:/projects/weilab/liupeng/dataset/ssl_seg/BTCV/Training_resampled_1.5_1.5_2.0_npy_zscore/img/img0029.npy
condition batch eval, img shape:(150, 299, 299), sx:2, sy:4, sz:4, num_conditions:2
condition:1, metric:[0.91060577 0.         0.        ]
condition:2, metric:[0.90811585 0.         0.        ]
condition batch eval, img shape:(150, 299, 299), sx:2, sy:4, sz:4, num_conditions:2
condition:3, metric:[0.83408743 0.         0.        ]
condition:4, metric:[0.08785674 0.         0.        ]
condition batch eval, img shape:(150, 299, 299), sx:2, sy:4, sz:4, num_conditions:2
condition:5, metric:[  0. 150. 150.]
condition:6, metric:[0.93527547 0.         0.        ]
condition batch eval, img shape:(150, 299, 299), sx:2, sy:4, sz:4, num_conditions:2
condition:7, metric:[0.57164732 0.         0.        ]
condition:8, metric:[0.86178654 0.         0.        ]
condition batch eval, img shape:(150, 299, 299), sx:2, sy:4, sz:4, num_conditions:2
condition:9, metric:[0.85387456 0.         0.        ]
condition:10, metric:[0.60947923 0.         0.        ]
condition batch eval, img shape:(150, 299, 299), sx:2, sy:4, sz:4, num_conditions:2
condition:11, metric:[0.56491899 0.         0.        ]
condition:12, metric:[  0. 150. 150.]
condition batch eval, img shape:(150, 299, 299), sx:2, sy:4, sz:4, num_conditions:1
condition:13, metric:[0.56774194 0.         0.        ]
===>test image:/projects/weilab/liupeng/dataset/ssl_seg/BTCV/Training_resampled_1.5_1.5_2.0_npy_zscore/img/img0032.npy
condition batch eval, img shape:(216, 253, 253), sx:3, sy:3, sz:3, num_conditions:2
condition:1, metric:[0.82213304 0.         0.        ]
condition:2, metric:[0.70755943 0.         0.        ]
condition batch eval, img shape:(216, 253, 253), sx:3, sy:3, sz:3, num_conditions:2
condition:3, metric:[0.62057154 0.         0.        ]
condition:4, metric:[0.44555342 0.         0.        ]
condition batch eval, img shape:(216, 253, 253), sx:3, sy:3, sz:3, num_conditions:2
condition:5, metric:[  0. 150. 150.]
condition:6, metric:[0.80978185 0.         0.        ]
condition batch eval, img shape:(216, 253, 253), sx:3, sy:3, sz:3, num_conditions:2
condition:7, metric:[0.64685712 0.         0.        ]
condition:8, metric:[0.51506552 0.         0.        ]
condition batch eval, img shape:(216, 253, 253), sx:3, sy:3, sz:3, num_conditions:2
condition:9, metric:[0.64463635 0.         0.        ]
condition:10, metric:[0.57799672 0.         0.        ]
condition batch eval, img shape:(216, 253, 253), sx:3, sy:3, sz:3, num_conditions:2
condition:11, metric:[0.51198251 0.         0.        ]
condition:12, metric:[  0. 150. 150.]
condition batch eval, img shape:(216, 253, 253), sx:3, sy:3, sz:3, num_conditions:1
condition:13, metric:[0.32463768 0.         0.        ]
===>test image:/projects/weilab/liupeng/dataset/ssl_seg/BTCV/Training_resampled_1.5_1.5_2.0_npy_zscore/img/img0002.npy
condition batch eval, img shape:(208, 246, 246), sx:3, sy:3, sz:3, num_conditions:2
condition:1, metric:[0.6930368 0.        0.       ]
condition:2, metric:[0.7228345 0.        0.       ]
condition batch eval, img shape:(208, 246, 246), sx:3, sy:3, sz:3, num_conditions:2
condition:3, metric:[0.57184524 0.         0.        ]
condition:4, metric:[0.37137398 0.         0.        ]
condition batch eval, img shape:(208, 246, 246), sx:3, sy:3, sz:3, num_conditions:2
condition:5, metric:[  0. 150. 150.]
condition:6, metric:[0.86697656 0.         0.        ]
condition batch eval, img shape:(208, 246, 246), sx:3, sy:3, sz:3, num_conditions:2
condition:7, metric:[0.59496059 0.         0.        ]
condition:8, metric:[0.38819242 0.         0.        ]
condition batch eval, img shape:(208, 246, 246), sx:3, sy:3, sz:3, num_conditions:2
condition:9, metric:[0.72709522 0.         0.        ]
condition:10, metric:[0.55903952 0.         0.        ]
condition batch eval, img shape:(208, 246, 246), sx:3, sy:3, sz:3, num_conditions:2
condition:11, metric:[0.35360761 0.         0.        ]
condition:12, metric:[  0. 150. 150.]
condition batch eval, img shape:(208, 246, 246), sx:3, sy:3, sz:3, num_conditions:1
condition:13, metric:[0.4305685 0.        0.       ]
Validation end
avg metric shape: (13, 3)
iteration 24000 : model2_dice_score : 0.531782 model2_hd95 : 25.961538
save model to ../model/BTCV_5_C3PS_cond_mode_film_began_semi2000_con4000_SGD_SGD/unet_3D_old/model_iter_24000.pth
save model2 to ../model/BTCV_5_C3PS_cond_mode_film_began_semi2000_con4000_SGD_SGD/unet_3D_old/model2_iter_24000.pth
iteration 24020 :model1 loss : 0.140018model2 loss : 0.044969pseudo_supervision1 : 0.091534pseudo_supervision2 : 0.309734
iteration 24040 :model1 loss : 0.166454model2 loss : 0.084579pseudo_supervision1 : 0.116634pseudo_supervision2 : 0.018095
iteration 24060 :model1 loss : 0.159881model2 loss : 0.065648pseudo_supervision1 : 0.000000pseudo_supervision2 : 0.501191
iteration 24080 :model1 loss : 0.218387model2 loss : 0.039954pseudo_supervision1 : 0.000000pseudo_supervision2 : 0.125886
iteration 24100 :model1 loss : 0.153807model2 loss : 0.205098pseudo_supervision1 : 0.000000pseudo_supervision2 : 0.486494
iteration 24120 :model1 loss : 0.219691model2 loss : 0.066359pseudo_supervision1 : 0.000000pseudo_supervision2 : 0.501671
iteration 24140 :model1 loss : 0.163829model2 loss : 0.046317pseudo_supervision1 : 0.387332pseudo_supervision2 : 0.115687
iteration 24160 :model1 loss : 0.155745model2 loss : 0.029645pseudo_supervision1 : 0.373074pseudo_supervision2 : 0.165121
iteration 24180 :model1 loss : 0.211731model2 loss : 0.019374pseudo_supervision1 : 0.178667pseudo_supervision2 : 0.051378
iteration 24200 :model1 loss : 0.178974model2 loss : 0.068653pseudo_supervision1 : 0.000000pseudo_supervision2 : 0.493433
save model to ../model/BTCV_5_C3PS_cond_mode_film_began_semi2000_con4000_SGD_SGD/unet_3D_old/model_iter_24200.pth
save model2 to ../model/BTCV_5_C3PS_cond_mode_film_began_semi2000_con4000_SGD_SGD/unet_3D_old/model2_iter_24200.pth
iteration 24220 :model1 loss : 0.189821model2 loss : 0.064473pseudo_supervision1 : 0.000000pseudo_supervision2 : 0.500177
iteration 24240 :model1 loss : 0.155721model2 loss : 0.015278pseudo_supervision1 : 0.091808pseudo_supervision2 : 0.015282
iteration 24260 :model1 loss : 0.207443model2 loss : 0.017507pseudo_supervision1 : 0.117296pseudo_supervision2 : 0.010703
iteration 24280 :model1 loss : 0.175762model2 loss : 0.062723pseudo_supervision1 : 0.000000pseudo_supervision2 : 0.503100
iteration 24300 :model1 loss : 0.169188model2 loss : 0.069590pseudo_supervision1 : 0.000000pseudo_supervision2 : 0.500274
iteration 24320 :model1 loss : 0.136816model2 loss : 0.027863pseudo_supervision1 : 0.124464pseudo_supervision2 : 0.058076
iteration 24340 :model1 loss : 0.136595model2 loss : 0.100658pseudo_supervision1 : 0.167425pseudo_supervision2 : 0.034479
iteration 24360 :model1 loss : 0.124031model2 loss : 0.085312pseudo_supervision1 : 0.000000pseudo_supervision2 : 0.465029
iteration 24380 :model1 loss : 0.239196model2 loss : 0.027709pseudo_supervision1 : 0.000000pseudo_supervision2 : 0.135570
iteration 24400 :model1 loss : 0.127249model2 loss : 0.045846pseudo_supervision1 : 0.000000pseudo_supervision2 : 0.254593
began evaluation!
iteration 24400: validation sampled 4/12 cases
Total test images: 4
Validation begin
Validation end
avg metric shape: (13, 3)
iteration 24400 : model_dice_score : 0.553311 model_hd95 : 2.884615
began evaluation!
Total test images: 4
Validation begin
===>test image:/projects/weilab/liupeng/dataset/ssl_seg/BTCV/Training_resampled_1.5_1.5_2.0_npy_zscore/img/img0008.npy
condition batch eval, img shape:(222, 249, 249), sx:3, sy:3, sz:3, num_conditions:2
condition:1, metric:[0.68570195 0.         0.        ]
condition:2, metric:[0.0152485 0.        0.       ]
condition batch eval, img shape:(222, 249, 249), sx:3, sy:3, sz:3, num_conditions:2
condition:3, metric:[0.00281781 0.         0.        ]
condition:4, metric:[0.61067011 0.         0.        ]
condition batch eval, img shape:(222, 249, 249), sx:3, sy:3, sz:3, num_conditions:2
condition:5, metric:[  0. 150. 150.]
condition:6, metric:[0.86272283 0.         0.        ]
condition batch eval, img shape:(222, 249, 249), sx:3, sy:3, sz:3, num_conditions:2
condition:7, metric:[0.35127191 0.         0.        ]
condition:8, metric:[0.36921072 0.         0.        ]
condition batch eval, img shape:(222, 249, 249), sx:3, sy:3, sz:3, num_conditions:2
condition:9, metric:[0.77726269 0.         0.        ]
condition:10, metric:[0.57775748 0.         0.        ]
condition batch eval, img shape:(222, 249, 249), sx:3, sy:3, sz:3, num_conditions:2
condition:11, metric:[0.60418428 0.         0.        ]
condition:12, metric:[  0. 150. 150.]
condition batch eval, img shape:(222, 249, 249), sx:3, sy:3, sz:3, num_conditions:1
condition:13, metric:[0.49712313 0.         0.        ]
===>test image:/projects/weilab/liupeng/dataset/ssl_seg/BTCV/Training_resampled_1.5_1.5_2.0_npy_zscore/img/img0029.npy
condition batch eval, img shape:(150, 299, 299), sx:2, sy:4, sz:4, num_conditions:2
condition:1, metric:[0.83650995 0.         0.        ]
condition:2, metric:[0.89751844 0.         0.        ]
condition batch eval, img shape:(150, 299, 299), sx:2, sy:4, sz:4, num_conditions:2
condition:3, metric:[0.84310848 0.         0.        ]
condition:4, metric:[0.396702 0.       0.      ]
condition batch eval, img shape:(150, 299, 299), sx:2, sy:4, sz:4, num_conditions:2
condition:5, metric:[  0. 150. 150.]
condition:6, metric:[0.94950665 0.         0.        ]
condition batch eval, img shape:(150, 299, 299), sx:2, sy:4, sz:4, num_conditions:2
condition:7, metric:[0.55268044 0.         0.        ]
condition:8, metric:[0.83785534 0.         0.        ]
condition batch eval, img shape:(150, 299, 299), sx:2, sy:4, sz:4, num_conditions:2
condition:9, metric:[0.85685155 0.         0.        ]
condition:10, metric:[0.1698921 0.        0.       ]
condition batch eval, img shape:(150, 299, 299), sx:2, sy:4, sz:4, num_conditions:2
condition:11, metric:[0.57028585 0.         0.        ]
condition:12, metric:[  0. 150. 150.]
condition batch eval, img shape:(150, 299, 299), sx:2, sy:4, sz:4, num_conditions:1
condition:13, metric:[0.10080645 0.         0.        ]
===>test image:/projects/weilab/liupeng/dataset/ssl_seg/BTCV/Training_resampled_1.5_1.5_2.0_npy_zscore/img/img0002.npy
condition batch eval, img shape:(208, 246, 246), sx:3, sy:3, sz:3, num_conditions:2
condition:1, metric:[0.53448905 0.         0.        ]
condition:2, metric:[0.69073788 0.         0.        ]
condition batch eval, img shape:(208, 246, 246), sx:3, sy:3, sz:3, num_conditions:2
condition:3, metric:[0.58123891 0.         0.        ]
condition:4, metric:[0.35568202 0.         0.        ]
condition batch eval, img shape:(208, 246, 246), sx:3, sy:3, sz:3, num_conditions:2
condition:5, metric:[  0. 150. 150.]
condition:6, metric:[0.90492441 0.         0.        ]
condition batch eval, img shape:(208, 246, 246), sx:3, sy:3, sz:3, num_conditions:2
condition:7, metric:[0.51943299 0.         0.        ]
condition:8, metric:[0.36092764 0.         0.        ]
condition batch eval, img shape:(208, 246, 246), sx:3, sy:3, sz:3, num_conditions:2
condition:9, metric:[0.74107788 0.         0.        ]
condition:10, metric:[0.16777778 0.         0.        ]
condition batch eval, img shape:(208, 246, 246), sx:3, sy:3, sz:3, num_conditions:2
condition:11, metric:[0.39675773 0.         0.        ]
condition:12, metric:[  0. 150. 150.]
condition batch eval, img shape:(208, 246, 246), sx:3, sy:3, sz:3, num_conditions:1
condition:13, metric:[0.41079199 0.         0.        ]
===>test image:/projects/weilab/liupeng/dataset/ssl_seg/BTCV/Training_resampled_1.5_1.5_2.0_npy_zscore/img/img0022.npy
condition batch eval, img shape:(222, 262, 262), sx:3, sy:3, sz:3, num_conditions:2
condition:1, metric:[0.81815562 0.         0.        ]
condition:2, metric:[0.93914617 0.         0.        ]
condition batch eval, img shape:(222, 262, 262), sx:3, sy:3, sz:3, num_conditions:2
condition:3, metric:[0.89224156 0.         0.        ]
condition:4, metric:[0.61673391 0.         0.        ]
condition batch eval, img shape:(222, 262, 262), sx:3, sy:3, sz:3, num_conditions:2
condition:5, metric:[  0. 150. 150.]
condition:6, metric:[0.86872072 0.         0.        ]
condition batch eval, img shape:(222, 262, 262), sx:3, sy:3, sz:3, num_conditions:2
condition:7, metric:[0.79823589 0.         0.        ]
condition:8, metric:[0.88701287 0.         0.        ]
condition batch eval, img shape:(222, 262, 262), sx:3, sy:3, sz:3, num_conditions:2
condition:9, metric:[0.75333268 0.         0.        ]
condition:10, metric:[0.38923668 0.         0.        ]
condition batch eval, img shape:(222, 262, 262), sx:3, sy:3, sz:3, num_conditions:2
condition:11, metric:[0.57441194 0.         0.        ]
condition:12, metric:[  0. 150. 150.]
condition batch eval, img shape:(222, 262, 262), sx:3, sy:3, sz:3, num_conditions:1
condition:13, metric:[0.25458248 0.         0.        ]
Validation end
avg metric shape: (13, 3)
iteration 24400 : model2_dice_score : 0.496564 model2_hd95 : 23.076923
save model to ../model/BTCV_5_C3PS_cond_mode_film_began_semi2000_con4000_SGD_SGD/unet_3D_old/model_iter_24400.pth
save model2 to ../model/BTCV_5_C3PS_cond_mode_film_began_semi2000_con4000_SGD_SGD/unet_3D_old/model2_iter_24400.pth
iteration 24420 :model1 loss : 0.208785model2 loss : 0.028386pseudo_supervision1 : 0.914761pseudo_supervision2 : 0.040013
iteration 24440 :model1 loss : 0.175151model2 loss : 0.129588pseudo_supervision1 : 0.000000pseudo_supervision2 : 0.056387
iteration 24460 :model1 loss : 0.169002model2 loss : 0.197020pseudo_supervision1 : 0.256522pseudo_supervision2 : 0.040197
iteration 24480 :model1 loss : 0.232545model2 loss : 0.034179pseudo_supervision1 : 0.893543pseudo_supervision2 : 0.053885
iteration 24500 :model1 loss : 0.160849model2 loss : 0.043451pseudo_supervision1 : 0.210868pseudo_supervision2 : 0.127795
iteration 24520 :model1 loss : 0.164850model2 loss : 0.057653pseudo_supervision1 : 0.144041pseudo_supervision2 : 0.014906
iteration 24540 :model1 loss : 0.164552model2 loss : 0.032614pseudo_supervision1 : 0.374141pseudo_supervision2 : 0.043764
iteration 24560 :model1 loss : 0.123938model2 loss : 0.055697pseudo_supervision1 : 0.000000pseudo_supervision2 : 0.059670
iteration 24580 :model1 loss : 0.150480model2 loss : 0.028159pseudo_supervision1 : 0.185682pseudo_supervision2 : 0.042410
iteration 24600 :model1 loss : 0.247104model2 loss : 0.091495pseudo_supervision1 : 0.000000pseudo_supervision2 : 0.500422
save model to ../model/BTCV_5_C3PS_cond_mode_film_began_semi2000_con4000_SGD_SGD/unet_3D_old/model_iter_24600.pth
save model2 to ../model/BTCV_5_C3PS_cond_mode_film_began_semi2000_con4000_SGD_SGD/unet_3D_old/model2_iter_24600.pth
iteration 24620 :model1 loss : 0.135571model2 loss : 0.026218pseudo_supervision1 : 0.000000pseudo_supervision2 : 0.067953
iteration 24640 :model1 loss : 0.239168model2 loss : 0.095360pseudo_supervision1 : 0.000000pseudo_supervision2 : 0.500273
iteration 24660 :model1 loss : 0.210580model2 loss : 0.058188pseudo_supervision1 : 0.000000pseudo_supervision2 : 0.500286
iteration 24680 :model1 loss : 0.158078model2 loss : 0.045357pseudo_supervision1 : 0.000000pseudo_supervision2 : 0.124809
iteration 24700 :model1 loss : 0.169570model2 loss : 0.019635pseudo_supervision1 : 0.367541pseudo_supervision2 : 0.012924
iteration 24720 :model1 loss : 0.257728model2 loss : 0.064179pseudo_supervision1 : 1.275395pseudo_supervision2 : 0.157006
iteration 24740 :model1 loss : 0.165680model2 loss : 0.125018pseudo_supervision1 : 0.000000pseudo_supervision2 : 0.375463
iteration 24760 :model1 loss : 0.233405model2 loss : 0.065349pseudo_supervision1 : 0.000000pseudo_supervision2 : 0.500169
iteration 24780 :model1 loss : 0.161275model2 loss : 0.066403pseudo_supervision1 : 0.093180pseudo_supervision2 : 0.021188
iteration 24800 :model1 loss : 0.164246model2 loss : 0.064949pseudo_supervision1 : 0.000000pseudo_supervision2 : 0.500179
began evaluation!
iteration 24800: validation sampled 4/12 cases
Total test images: 4
Validation begin
Validation end
avg metric shape: (13, 3)
iteration 24800 : model_dice_score : 0.595863 model_hd95 : 0.000000
began evaluation!
Total test images: 4
Validation begin
===>test image:/projects/weilab/liupeng/dataset/ssl_seg/BTCV/Training_resampled_1.5_1.5_2.0_npy_zscore/img/img0038.npy
condition batch eval, img shape:(250, 333, 333), sx:4, sy:4, sz:4, num_conditions:2
condition:1, metric:[0.85044311 0.         0.        ]
condition:2, metric:[0.80975265 0.         0.        ]
condition batch eval, img shape:(250, 333, 333), sx:4, sy:4, sz:4, num_conditions:2
condition:3, metric:[0.91679588 0.         0.        ]
condition:4, metric:[0.04279421 0.         0.        ]
condition batch eval, img shape:(250, 333, 333), sx:4, sy:4, sz:4, num_conditions:2
condition:5, metric:[  0. 150. 150.]
condition:6, metric:[0.81504236 0.         0.        ]
condition batch eval, img shape:(250, 333, 333), sx:4, sy:4, sz:4, num_conditions:2
condition:7, metric:[0.51768059 0.         0.        ]
condition:8, metric:[0.8672259 0.        0.       ]
condition batch eval, img shape:(250, 333, 333), sx:4, sy:4, sz:4, num_conditions:2
condition:9, metric:[0.70781681 0.         0.        ]
condition:10, metric:[0.63685714 0.         0.        ]
condition batch eval, img shape:(250, 333, 333), sx:4, sy:4, sz:4, num_conditions:2
condition:11, metric:[0.67089745 0.         0.        ]
condition:12, metric:[  0. 150. 150.]
condition batch eval, img shape:(250, 333, 333), sx:4, sy:4, sz:4, num_conditions:1
condition:13, metric:[0.20433183 0.         0.        ]
===>test image:/projects/weilab/liupeng/dataset/ssl_seg/BTCV/Training_resampled_1.5_1.5_2.0_npy_zscore/img/img0022.npy
condition batch eval, img shape:(222, 262, 262), sx:3, sy:3, sz:3, num_conditions:2
condition:1, metric:[0.89320514 0.         0.        ]
condition:2, metric:[0.93179983 0.         0.        ]
condition batch eval, img shape:(222, 262, 262), sx:3, sy:3, sz:3, num_conditions:2
condition:3, metric:[0.91935659 0.         0.        ]
condition:4, metric:[0.23814134 0.         0.        ]
condition batch eval, img shape:(222, 262, 262), sx:3, sy:3, sz:3, num_conditions:2
condition:5, metric:[  0. 150. 150.]
condition:6, metric:[0.83634027 0.         0.        ]
condition batch eval, img shape:(222, 262, 262), sx:3, sy:3, sz:3, num_conditions:2
condition:7, metric:[0.87659092 0.         0.        ]
condition:8, metric:[0.88637913 0.         0.        ]
condition batch eval, img shape:(222, 262, 262), sx:3, sy:3, sz:3, num_conditions:2
condition:9, metric:[0.80309494 0.         0.        ]
condition:10, metric:[0.65231192 0.         0.        ]
condition batch eval, img shape:(222, 262, 262), sx:3, sy:3, sz:3, num_conditions:2
condition:11, metric:[0.62045899 0.         0.        ]
condition:12, metric:[  0. 150. 150.]
condition batch eval, img shape:(222, 262, 262), sx:3, sy:3, sz:3, num_conditions:1
condition:13, metric:[0.48689772 0.         0.        ]
===>test image:/projects/weilab/liupeng/dataset/ssl_seg/BTCV/Training_resampled_1.5_1.5_2.0_npy_zscore/img/img0008.npy
condition batch eval, img shape:(222, 249, 249), sx:3, sy:3, sz:3, num_conditions:2
condition:1, metric:[0.74366965 0.         0.        ]
condition:2, metric:[0.0149544 0.        0.       ]
condition batch eval, img shape:(222, 249, 249), sx:3, sy:3, sz:3, num_conditions:2
condition:3, metric:[0.00097634 0.         0.        ]
condition:4, metric:[0.15994094 0.         0.        ]
condition batch eval, img shape:(222, 249, 249), sx:3, sy:3, sz:3, num_conditions:2
condition:5, metric:[  0. 150. 150.]
condition:6, metric:[0.80681875 0.         0.        ]
condition batch eval, img shape:(222, 249, 249), sx:3, sy:3, sz:3, num_conditions:2
condition:7, metric:[0.39660186 0.         0.        ]
condition:8, metric:[0.33894748 0.         0.        ]
condition batch eval, img shape:(222, 249, 249), sx:3, sy:3, sz:3, num_conditions:2
condition:9, metric:[0.83166196 0.         0.        ]
condition:10, metric:[0.71495478 0.         0.        ]
condition batch eval, img shape:(222, 249, 249), sx:3, sy:3, sz:3, num_conditions:2
condition:11, metric:[0.64030858 0.         0.        ]
condition:12, metric:[  0. 150. 150.]
condition batch eval, img shape:(222, 249, 249), sx:3, sy:3, sz:3, num_conditions:1
condition:13, metric:[0.43816254 0.         0.        ]
===>test image:/projects/weilab/liupeng/dataset/ssl_seg/BTCV/Training_resampled_1.5_1.5_2.0_npy_zscore/img/img0032.npy
condition batch eval, img shape:(216, 253, 253), sx:3, sy:3, sz:3, num_conditions:2
condition:1, metric:[0.64343743 0.         0.        ]
condition:2, metric:[0.73335941 0.         0.        ]
condition batch eval, img shape:(216, 253, 253), sx:3, sy:3, sz:3, num_conditions:2
condition:3, metric:[0.63543372 0.         0.        ]
condition:4, metric:[0.60169843 0.         0.        ]
condition batch eval, img shape:(216, 253, 253), sx:3, sy:3, sz:3, num_conditions:2
condition:5, metric:[  0. 150. 150.]
condition:6, metric:[0.77467737 0.         0.        ]
condition batch eval, img shape:(216, 253, 253), sx:3, sy:3, sz:3, num_conditions:2
condition:7, metric:[0.67792629 0.         0.        ]
condition:8, metric:[0.45487618 0.         0.        ]
condition batch eval, img shape:(216, 253, 253), sx:3, sy:3, sz:3, num_conditions:2
condition:9, metric:[0.70995878 0.         0.        ]
condition:10, metric:[0.55225049 0.         0.        ]
condition batch eval, img shape:(216, 253, 253), sx:3, sy:3, sz:3, num_conditions:2
condition:11, metric:[0.51040997 0.         0.        ]
condition:12, metric:[  0. 150. 150.]
condition batch eval, img shape:(216, 253, 253), sx:3, sy:3, sz:3, num_conditions:1
condition:13, metric:[0.06689537 0.         0.        ]
Validation end
avg metric shape: (13, 3)
iteration 24800 : model2_dice_score : 0.512156 model2_hd95 : 23.076923
save model to ../model/BTCV_5_C3PS_cond_mode_film_began_semi2000_con4000_SGD_SGD/unet_3D_old/model_iter_24800.pth
save model2 to ../model/BTCV_5_C3PS_cond_mode_film_began_semi2000_con4000_SGD_SGD/unet_3D_old/model2_iter_24800.pth
iteration 24820 :model1 loss : 0.150709model2 loss : 0.090036pseudo_supervision1 : 0.354614pseudo_supervision2 : 0.147486
iteration 24840 :model1 loss : 0.264970model2 loss : 0.062242pseudo_supervision1 : 0.444659pseudo_supervision2 : 0.042446
iteration 24860 :model1 loss : 0.149341model2 loss : 0.056314pseudo_supervision1 : 0.366291pseudo_supervision2 : 0.028459
iteration 24880 :model1 loss : 0.134641model2 loss : 0.083224pseudo_supervision1 : 0.000000pseudo_supervision2 : 0.500311
iteration 24900 :model1 loss : 0.150447model2 loss : 0.019748pseudo_supervision1 : 0.152458pseudo_supervision2 : 0.013801
iteration 24920 :model1 loss : 0.150809model2 loss : 0.023590pseudo_supervision1 : 0.163417pseudo_supervision2 : 0.044667
iteration 24940 :model1 loss : 0.162593model2 loss : 0.027191pseudo_supervision1 : 0.235862pseudo_supervision2 : 0.089141
iteration 24960 :model1 loss : 0.127951model2 loss : 0.080390pseudo_supervision1 : 0.000000pseudo_supervision2 : 0.500271
iteration 24980 :model1 loss : 0.122490model2 loss : 0.068261pseudo_supervision1 : 0.080413pseudo_supervision2 : 0.146656
iteration 25000 :model1 loss : 0.130677model2 loss : 0.038553pseudo_supervision1 : 0.110729pseudo_supervision2 : 0.012600
save model to ../model/BTCV_5_C3PS_cond_mode_film_began_semi2000_con4000_SGD_SGD/unet_3D_old/model_iter_25000.pth
save model2 to ../model/BTCV_5_C3PS_cond_mode_film_began_semi2000_con4000_SGD_SGD/unet_3D_old/model2_iter_25000.pth
iteration 25020 :model1 loss : 0.136370model2 loss : 0.072484pseudo_supervision1 : 0.000000pseudo_supervision2 : 0.500389
iteration 25040 :model1 loss : 0.163496model2 loss : 0.024829pseudo_supervision1 : 0.209890pseudo_supervision2 : 0.121092
iteration 25060 :model1 loss : 0.304354model2 loss : 0.090248pseudo_supervision1 : 0.000000pseudo_supervision2 : 0.500545
iteration 25080 :model1 loss : 0.183581model2 loss : 0.127828pseudo_supervision1 : 0.554193pseudo_supervision2 : 0.026698
iteration 25100 :model1 loss : 0.395990model2 loss : 0.030794pseudo_supervision1 : 1.060022pseudo_supervision2 : 0.079009
iteration 25120 :model1 loss : 0.138413model2 loss : 0.073016pseudo_supervision1 : 0.000000pseudo_supervision2 : 0.014870
iteration 25140 :model1 loss : 0.190697model2 loss : 0.027793pseudo_supervision1 : 0.382128pseudo_supervision2 : 0.054722
iteration 25160 :model1 loss : 0.132895model2 loss : 0.097930pseudo_supervision1 : 0.094347pseudo_supervision2 : 0.020500
iteration 25180 :model1 loss : 0.221926model2 loss : 0.093281pseudo_supervision1 : 0.000000pseudo_supervision2 : 0.501088
iteration 25200 :model1 loss : 0.253340model2 loss : 0.061023pseudo_supervision1 : 0.840387pseudo_supervision2 : 0.097851
began evaluation!
iteration 25200: validation sampled 4/12 cases
Total test images: 4
Validation begin
Validation end
avg metric shape: (13, 3)
iteration 25200 : model_dice_score : 0.619003 model_hd95 : 2.884615
began evaluation!
Total test images: 4
Validation begin
===>test image:/projects/weilab/liupeng/dataset/ssl_seg/BTCV/Training_resampled_1.5_1.5_2.0_npy_zscore/img/img0025.npy
condition batch eval, img shape:(212, 284, 284), sx:3, sy:3, sz:3, num_conditions:2
condition:1, metric:[0.76923216 0.         0.        ]
condition:2, metric:[0.30187508 0.         0.        ]
condition batch eval, img shape:(212, 284, 284), sx:3, sy:3, sz:3, num_conditions:2
condition:3, metric:[0.62549324 0.         0.        ]
condition:4, metric:[0.6920172 0.        0.       ]
condition batch eval, img shape:(212, 284, 284), sx:3, sy:3, sz:3, num_conditions:2
condition:5, metric:[  0. 150. 150.]
condition:6, metric:[0.94762392 0.         0.        ]
condition batch eval, img shape:(212, 284, 284), sx:3, sy:3, sz:3, num_conditions:2
condition:7, metric:[0.63853977 0.         0.        ]
condition:8, metric:[0.82388042 0.         0.        ]
condition batch eval, img shape:(212, 284, 284), sx:3, sy:3, sz:3, num_conditions:2
condition:9, metric:[0.72269549 0.         0.        ]
condition:10, metric:[0.00943739 0.         0.        ]
condition batch eval, img shape:(212, 284, 284), sx:3, sy:3, sz:3, num_conditions:2
condition:11, metric:[0.54611709 0.         0.        ]
condition:12, metric:[  0. 150. 150.]
condition batch eval, img shape:(212, 284, 284), sx:3, sy:3, sz:3, num_conditions:1
condition:13, metric:[0.6298016 0.        0.       ]
===>test image:/projects/weilab/liupeng/dataset/ssl_seg/BTCV/Training_resampled_1.5_1.5_2.0_npy_zscore/img/img0035.npy
condition batch eval, img shape:(235, 314, 314), sx:4, sy:4, sz:4, num_conditions:2
condition:1, metric:[0.8608492 0.        0.       ]
condition:2, metric:[0.89147884 0.         0.        ]
condition batch eval, img shape:(235, 314, 314), sx:4, sy:4, sz:4, num_conditions:2
condition:3, metric:[0.80435171 0.         0.        ]
condition:4, metric:[  0. 150. 150.]
condition batch eval, img shape:(235, 314, 314), sx:4, sy:4, sz:4, num_conditions:2
condition:5, metric:[  0. 150. 150.]
condition:6, metric:[0.87008443 0.         0.        ]
condition batch eval, img shape:(235, 314, 314), sx:4, sy:4, sz:4, num_conditions:2
condition:7, metric:[0.71242863 0.         0.        ]
condition:8, metric:[0.72825228 0.         0.        ]
condition batch eval, img shape:(235, 314, 314), sx:4, sy:4, sz:4, num_conditions:2
condition:9, metric:[0.7719274 0.        0.       ]
condition:10, metric:[0.64538907 0.         0.        ]
condition batch eval, img shape:(235, 314, 314), sx:4, sy:4, sz:4, num_conditions:2
condition:11, metric:[0.35747275 0.         0.        ]
condition:12, metric:[  0. 150. 150.]
condition batch eval, img shape:(235, 314, 314), sx:4, sy:4, sz:4, num_conditions:1
condition:13, metric:[0.20436681 0.         0.        ]
===>test image:/projects/weilab/liupeng/dataset/ssl_seg/BTCV/Training_resampled_1.5_1.5_2.0_npy_zscore/img/img0036.npy
condition batch eval, img shape:(276, 255, 255), sx:4, sy:3, sz:3, num_conditions:2
condition:1, metric:[0.83285744 0.         0.        ]
condition:2, metric:[0.7859999 0.        0.       ]
condition batch eval, img shape:(276, 255, 255), sx:4, sy:3, sz:3, num_conditions:2
condition:3, metric:[0.75995667 0.         0.        ]
condition:4, metric:[0.38472108 0.         0.        ]
condition batch eval, img shape:(276, 255, 255), sx:4, sy:3, sz:3, num_conditions:2
condition:5, metric:[  0. 150. 150.]
condition:6, metric:[0.84879154 0.         0.        ]
condition batch eval, img shape:(276, 255, 255), sx:4, sy:3, sz:3, num_conditions:2
condition:7, metric:[0.71741509 0.         0.        ]
condition:8, metric:[0.70325701 0.         0.        ]
condition batch eval, img shape:(276, 255, 255), sx:4, sy:3, sz:3, num_conditions:2
condition:9, metric:[0.7223443 0.        0.       ]
condition:10, metric:[0.52172137 0.         0.        ]
condition batch eval, img shape:(276, 255, 255), sx:4, sy:3, sz:3, num_conditions:2
condition:11, metric:[0.52929614 0.         0.        ]
condition:12, metric:[  0. 150. 150.]
condition batch eval, img shape:(276, 255, 255), sx:4, sy:3, sz:3, num_conditions:1
condition:13, metric:[0.51760346 0.         0.        ]
===>test image:/projects/weilab/liupeng/dataset/ssl_seg/BTCV/Training_resampled_1.5_1.5_2.0_npy_zscore/img/img0038.npy
condition batch eval, img shape:(250, 333, 333), sx:4, sy:4, sz:4, num_conditions:2
condition:1, metric:[0.85359369 0.         0.        ]
condition:2, metric:[0.82704681 0.         0.        ]
condition batch eval, img shape:(250, 333, 333), sx:4, sy:4, sz:4, num_conditions:2
condition:3, metric:[0.92255964 0.         0.        ]
condition:4, metric:[0.34694858 0.         0.        ]
condition batch eval, img shape:(250, 333, 333), sx:4, sy:4, sz:4, num_conditions:2
condition:5, metric:[  0. 150. 150.]
condition:6, metric:[0.85627557 0.         0.        ]
condition batch eval, img shape:(250, 333, 333), sx:4, sy:4, sz:4, num_conditions:2
condition:7, metric:[0.50235239 0.         0.        ]
condition:8, metric:[0.8826359 0.        0.       ]
condition batch eval, img shape:(250, 333, 333), sx:4, sy:4, sz:4, num_conditions:2
condition:9, metric:[0.73775339 0.         0.        ]
condition:10, metric:[0.61750686 0.         0.        ]
condition batch eval, img shape:(250, 333, 333), sx:4, sy:4, sz:4, num_conditions:2
condition:11, metric:[0.61839854 0.         0.        ]
condition:12, metric:[  0. 150. 150.]
condition batch eval, img shape:(250, 333, 333), sx:4, sy:4, sz:4, num_conditions:1
condition:13, metric:[0.18336163 0.         0.        ]
Validation end
avg metric shape: (13, 3)
iteration 25200 : model2_dice_score : 0.542802 model2_hd95 : 25.961538
save model to ../model/BTCV_5_C3PS_cond_mode_film_began_semi2000_con4000_SGD_SGD/unet_3D_old/model_iter_25200.pth
save model2 to ../model/BTCV_5_C3PS_cond_mode_film_began_semi2000_con4000_SGD_SGD/unet_3D_old/model2_iter_25200.pth
iteration 25220 :model1 loss : 0.234608model2 loss : 0.066511pseudo_supervision1 : 0.000000pseudo_supervision2 : 0.500073
iteration 25240 :model1 loss : 0.129531model2 loss : 0.084825pseudo_supervision1 : 0.000000pseudo_supervision2 : 0.500208
iteration 25260 :model1 loss : 0.262802model2 loss : 0.021240pseudo_supervision1 : 1.145907pseudo_supervision2 : 0.053365
iteration 25280 :model1 loss : 0.126039model2 loss : 0.086279pseudo_supervision1 : 0.000000pseudo_supervision2 : 0.500162
iteration 25300 :model1 loss : 0.198189model2 loss : 0.034167pseudo_supervision1 : 0.000000pseudo_supervision2 : 0.140206
iteration 25320 :model1 loss : 0.303868model2 loss : 0.036830pseudo_supervision1 : 0.918363pseudo_supervision2 : 0.061898
iteration 25340 :model1 loss : 0.456306model2 loss : 0.064780pseudo_supervision1 : 2.625665pseudo_supervision2 : 0.501847
iteration 25360 :model1 loss : 0.220757model2 loss : 0.027040pseudo_supervision1 : 0.154320pseudo_supervision2 : 0.098453
iteration 25380 :model1 loss : 0.264411model2 loss : 0.087844pseudo_supervision1 : 0.000000pseudo_supervision2 : 0.500161
iteration 25400 :model1 loss : 0.152498model2 loss : 0.062276pseudo_supervision1 : 0.000000pseudo_supervision2 : 0.500299
save model to ../model/BTCV_5_C3PS_cond_mode_film_began_semi2000_con4000_SGD_SGD/unet_3D_old/model_iter_25400.pth
save model2 to ../model/BTCV_5_C3PS_cond_mode_film_began_semi2000_con4000_SGD_SGD/unet_3D_old/model2_iter_25400.pth
iteration 25420 :model1 loss : 0.277118model2 loss : 0.023656pseudo_supervision1 : 0.072200pseudo_supervision2 : 0.011794
iteration 25440 :model1 loss : 0.165932model2 loss : 0.023113pseudo_supervision1 : 0.292286pseudo_supervision2 : 0.066842
iteration 25460 :model1 loss : 0.121170model2 loss : 0.068915pseudo_supervision1 : 0.000000pseudo_supervision2 : 0.500246
iteration 25480 :model1 loss : 0.328080model2 loss : 0.066319pseudo_supervision1 : 0.000000pseudo_supervision2 : 0.209354
iteration 25500 :model1 loss : 0.161725model2 loss : 0.074864pseudo_supervision1 : 0.000000pseudo_supervision2 : 0.500161
iteration 25520 :model1 loss : 0.156727model2 loss : 0.167135pseudo_supervision1 : 0.000000pseudo_supervision2 : 0.500159
iteration 25540 :model1 loss : 0.150424model2 loss : 0.022335pseudo_supervision1 : 0.351432pseudo_supervision2 : 0.058581
iteration 25560 :model1 loss : 0.217416model2 loss : 0.034570pseudo_supervision1 : 0.899855pseudo_supervision2 : 0.150849
iteration 25580 :model1 loss : 0.397653model2 loss : 0.098617pseudo_supervision1 : 0.192157pseudo_supervision2 : 0.089168
iteration 25600 :model1 loss : 0.135279model2 loss : 0.111586pseudo_supervision1 : 0.000000pseudo_supervision2 : 0.430030
began evaluation!
iteration 25600: validation sampled 4/12 cases
Total test images: 4
Validation begin
Validation end
avg metric shape: (13, 3)
iteration 25600 : model_dice_score : 0.572043 model_hd95 : 2.884615
began evaluation!
Total test images: 4
Validation begin
===>test image:/projects/weilab/liupeng/dataset/ssl_seg/BTCV/Training_resampled_1.5_1.5_2.0_npy_zscore/img/img0025.npy
condition batch eval, img shape:(212, 284, 284), sx:3, sy:3, sz:3, num_conditions:2
condition:1, metric:[0.75723864 0.         0.        ]
condition:2, metric:[0.31088527 0.         0.        ]
condition batch eval, img shape:(212, 284, 284), sx:3, sy:3, sz:3, num_conditions:2
condition:3, metric:[0.65695151 0.         0.        ]
condition:4, metric:[0.73439739 0.         0.        ]
condition batch eval, img shape:(212, 284, 284), sx:3, sy:3, sz:3, num_conditions:2
condition:5, metric:[0. 0. 0.]
condition:6, metric:[0.93496603 0.         0.        ]
condition batch eval, img shape:(212, 284, 284), sx:3, sy:3, sz:3, num_conditions:2
condition:7, metric:[0.6759092 0.        0.       ]
condition:8, metric:[0.69821441 0.         0.        ]
condition batch eval, img shape:(212, 284, 284), sx:3, sy:3, sz:3, num_conditions:2
condition:9, metric:[0.71235861 0.         0.        ]
condition:10, metric:[0.02429297 0.         0.        ]
condition batch eval, img shape:(212, 284, 284), sx:3, sy:3, sz:3, num_conditions:2
condition:11, metric:[0.55270638 0.         0.        ]
condition:12, metric:[0.26259824 0.         0.        ]
condition batch eval, img shape:(212, 284, 284), sx:3, sy:3, sz:3, num_conditions:1
condition:13, metric:[0.40079169 0.         0.        ]
===>test image:/projects/weilab/liupeng/dataset/ssl_seg/BTCV/Training_resampled_1.5_1.5_2.0_npy_zscore/img/img0036.npy
condition batch eval, img shape:(276, 255, 255), sx:4, sy:3, sz:3, num_conditions:2
condition:1, metric:[0.76195441 0.         0.        ]
condition:2, metric:[0.73045778 0.         0.        ]
condition batch eval, img shape:(276, 255, 255), sx:4, sy:3, sz:3, num_conditions:2
condition:3, metric:[0.63370838 0.         0.        ]
condition:4, metric:[0.30238095 0.         0.        ]
condition batch eval, img shape:(276, 255, 255), sx:4, sy:3, sz:3, num_conditions:2
condition:5, metric:[0.02112676 0.         0.        ]
condition:6, metric:[0.82147808 0.         0.        ]
condition batch eval, img shape:(276, 255, 255), sx:4, sy:3, sz:3, num_conditions:2
condition:7, metric:[0.58185624 0.         0.        ]
condition:8, metric:[0.70010672 0.         0.        ]
condition batch eval, img shape:(276, 255, 255), sx:4, sy:3, sz:3, num_conditions:2
condition:9, metric:[0.73322486 0.         0.        ]
condition:10, metric:[0.43927025 0.         0.        ]
condition batch eval, img shape:(276, 255, 255), sx:4, sy:3, sz:3, num_conditions:2
condition:11, metric:[0.48942265 0.         0.        ]
condition:12, metric:[0.07231638 0.         0.        ]
condition batch eval, img shape:(276, 255, 255), sx:4, sy:3, sz:3, num_conditions:1
condition:13, metric:[0.35818815 0.         0.        ]
===>test image:/projects/weilab/liupeng/dataset/ssl_seg/BTCV/Training_resampled_1.5_1.5_2.0_npy_zscore/img/img0022.npy
condition batch eval, img shape:(222, 262, 262), sx:3, sy:3, sz:3, num_conditions:2
condition:1, metric:[0.80503259 0.         0.        ]
condition:2, metric:[0.93707361 0.         0.        ]
condition batch eval, img shape:(222, 262, 262), sx:3, sy:3, sz:3, num_conditions:2
condition:3, metric:[0.88663414 0.         0.        ]
condition:4, metric:[0.28948507 0.         0.        ]
condition batch eval, img shape:(222, 262, 262), sx:3, sy:3, sz:3, num_conditions:2
condition:5, metric:[0.11585807 0.         0.        ]
condition:6, metric:[0.82351644 0.         0.        ]
condition batch eval, img shape:(222, 262, 262), sx:3, sy:3, sz:3, num_conditions:2
condition:7, metric:[0.78022882 0.         0.        ]
condition:8, metric:[0.88285865 0.         0.        ]
condition batch eval, img shape:(222, 262, 262), sx:3, sy:3, sz:3, num_conditions:2
condition:9, metric:[0.8148967 0.        0.       ]
condition:10, metric:[0.53019487 0.         0.        ]
condition batch eval, img shape:(222, 262, 262), sx:3, sy:3, sz:3, num_conditions:2
condition:11, metric:[0.57489833 0.         0.        ]
condition:12, metric:[0.092827 0.       0.      ]
condition batch eval, img shape:(222, 262, 262), sx:3, sy:3, sz:3, num_conditions:1
condition:13, metric:[0.50380389 0.         0.        ]
===>test image:/projects/weilab/liupeng/dataset/ssl_seg/BTCV/Training_resampled_1.5_1.5_2.0_npy_zscore/img/img0004.npy
condition batch eval, img shape:(210, 203, 203), sx:3, sy:2, sz:2, num_conditions:2
condition:1, metric:[0.51444205 0.         0.        ]
condition:2, metric:[0.6555206 0.        0.       ]
condition batch eval, img shape:(210, 203, 203), sx:3, sy:2, sz:2, num_conditions:2
condition:3, metric:[0.52232595 0.         0.        ]
condition:4, metric:[0. 0. 0.]
condition batch eval, img shape:(210, 203, 203), sx:3, sy:2, sz:2, num_conditions:2
condition:5, metric:[0.26748252 0.         0.        ]
condition:6, metric:[0.7371906 0.        0.       ]
condition batch eval, img shape:(210, 203, 203), sx:3, sy:2, sz:2, num_conditions:2
condition:7, metric:[0.16779784 0.         0.        ]
condition:8, metric:[0.32528451 0.         0.        ]
condition batch eval, img shape:(210, 203, 203), sx:3, sy:2, sz:2, num_conditions:2
condition:9, metric:[0.69260932 0.         0.        ]
condition:10, metric:[0.48530748 0.         0.        ]
condition batch eval, img shape:(210, 203, 203), sx:3, sy:2, sz:2, num_conditions:2
condition:11, metric:[0.21315537 0.         0.        ]
condition:12, metric:[0.23337856 0.         0.        ]
condition batch eval, img shape:(210, 203, 203), sx:3, sy:2, sz:2, num_conditions:1
condition:13, metric:[  0. 150. 150.]
Validation end
avg metric shape: (13, 3)
iteration 25600 : model2_dice_score : 0.504204 model2_hd95 : 2.884615
save model to ../model/BTCV_5_C3PS_cond_mode_film_began_semi2000_con4000_SGD_SGD/unet_3D_old/model_iter_25600.pth
save model2 to ../model/BTCV_5_C3PS_cond_mode_film_began_semi2000_con4000_SGD_SGD/unet_3D_old/model2_iter_25600.pth
iteration 25620 :model1 loss : 0.197511model2 loss : 0.041548pseudo_supervision1 : 0.284636pseudo_supervision2 : 0.038695
iteration 25640 :model1 loss : 0.165069model2 loss : 0.103486pseudo_supervision1 : 0.381674pseudo_supervision2 : 0.082791
iteration 25660 :model1 loss : 0.367499model2 loss : 0.086489pseudo_supervision1 : 0.000000pseudo_supervision2 : 0.119169
iteration 25680 :model1 loss : 0.240146model2 loss : 0.023474pseudo_supervision1 : 1.268520pseudo_supervision2 : 0.116371
iteration 25700 :model1 loss : 0.236984model2 loss : 0.048285pseudo_supervision1 : 0.000000pseudo_supervision2 : 0.073969
iteration 25720 :model1 loss : 0.162598model2 loss : 0.080936pseudo_supervision1 : 0.221916pseudo_supervision2 : 0.050568
iteration 25740 :model1 loss : 0.158507model2 loss : 0.021524pseudo_supervision1 : 0.296347pseudo_supervision2 : 0.040347
iteration 25760 :model1 loss : 0.167823model2 loss : 0.027121pseudo_supervision1 : 0.073296pseudo_supervision2 : 0.009334
iteration 25780 :model1 loss : 0.178050model2 loss : 0.041650pseudo_supervision1 : 0.505021pseudo_supervision2 : 0.085450
iteration 25800 :model1 loss : 0.249826model2 loss : 0.049663pseudo_supervision1 : 1.097923pseudo_supervision2 : 0.028405
save model to ../model/BTCV_5_C3PS_cond_mode_film_began_semi2000_con4000_SGD_SGD/unet_3D_old/model_iter_25800.pth
save model2 to ../model/BTCV_5_C3PS_cond_mode_film_began_semi2000_con4000_SGD_SGD/unet_3D_old/model2_iter_25800.pth
iteration 25820 :model1 loss : 0.160473model2 loss : 0.025491pseudo_supervision1 : 0.325393pseudo_supervision2 : 0.059308
iteration 25840 :model1 loss : 0.279852model2 loss : 0.043715pseudo_supervision1 : 0.183061pseudo_supervision2 : 0.209813
iteration 25860 :model1 loss : 0.178404model2 loss : 0.065646pseudo_supervision1 : 0.000000pseudo_supervision2 : 0.501396
iteration 25880 :model1 loss : 0.179023model2 loss : 0.088371pseudo_supervision1 : 0.000000pseudo_supervision2 : 0.500207
iteration 25900 :model1 loss : 0.189151model2 loss : 0.084296pseudo_supervision1 : 0.000000pseudo_supervision2 : 0.500232
iteration 25920 :model1 loss : 0.154675model2 loss : 0.021809pseudo_supervision1 : 0.369205pseudo_supervision2 : 0.011936
iteration 25940 :model1 loss : 0.345621model2 loss : 0.019086pseudo_supervision1 : 0.278829pseudo_supervision2 : 0.048390
iteration 25960 :model1 loss : 0.139803model2 loss : 0.077292pseudo_supervision1 : 0.000000pseudo_supervision2 : 0.500099
iteration 25980 :model1 loss : 0.158199model2 loss : 0.016081pseudo_supervision1 : 0.368384pseudo_supervision2 : 0.008266
iteration 26000 :model1 loss : 0.134549model2 loss : 0.020885pseudo_supervision1 : 0.085905pseudo_supervision2 : 0.020500
began evaluation!
iteration 26000: validation sampled 4/12 cases
Total test images: 4
Validation begin
Validation end
avg metric shape: (13, 3)
iteration 26000 : model_dice_score : 0.620640 model_hd95 : 0.000000
began evaluation!
Total test images: 4
Validation begin
===>test image:/projects/weilab/liupeng/dataset/ssl_seg/BTCV/Training_resampled_1.5_1.5_2.0_npy_zscore/img/img0038.npy
condition batch eval, img shape:(250, 333, 333), sx:4, sy:4, sz:4, num_conditions:2
condition:1, metric:[0.66087956 0.         0.        ]
condition:2, metric:[0.83156755 0.         0.        ]
condition batch eval, img shape:(250, 333, 333), sx:4, sy:4, sz:4, num_conditions:2
condition:3, metric:[0.89365108 0.         0.        ]
condition:4, metric:[0.15381502 0.         0.        ]
condition batch eval, img shape:(250, 333, 333), sx:4, sy:4, sz:4, num_conditions:2
condition:5, metric:[0.08415702 0.         0.        ]
condition:6, metric:[0.83266842 0.         0.        ]
condition batch eval, img shape:(250, 333, 333), sx:4, sy:4, sz:4, num_conditions:2
condition:7, metric:[0.46006876 0.         0.        ]
condition:8, metric:[0.88468593 0.         0.        ]
condition batch eval, img shape:(250, 333, 333), sx:4, sy:4, sz:4, num_conditions:2
condition:9, metric:[0.76352906 0.         0.        ]
condition:10, metric:[0.66234532 0.         0.        ]
condition batch eval, img shape:(250, 333, 333), sx:4, sy:4, sz:4, num_conditions:2
condition:11, metric:[0.59365484 0.         0.        ]
condition:12, metric:[0.05791962 0.         0.        ]
condition batch eval, img shape:(250, 333, 333), sx:4, sy:4, sz:4, num_conditions:1
condition:13, metric:[0.3971232 0.        0.       ]
===>test image:/projects/weilab/liupeng/dataset/ssl_seg/BTCV/Training_resampled_1.5_1.5_2.0_npy_zscore/img/img0001.npy
condition batch eval, img shape:(220, 228, 228), sx:3, sy:3, sz:3, num_conditions:2
condition:1, metric:[0.84296127 0.         0.        ]
condition:2, metric:[0.5907513 0.        0.       ]
condition batch eval, img shape:(220, 228, 228), sx:3, sy:3, sz:3, num_conditions:2
condition:3, metric:[0.56331118 0.         0.        ]
condition:4, metric:[0.01378858 0.         0.        ]
condition batch eval, img shape:(220, 228, 228), sx:3, sy:3, sz:3, num_conditions:2
condition:5, metric:[0.24020356 0.         0.        ]
condition:6, metric:[0.86853632 0.         0.        ]
condition batch eval, img shape:(220, 228, 228), sx:3, sy:3, sz:3, num_conditions:2
condition:7, metric:[0.44076146 0.         0.        ]
condition:8, metric:[0.49792519 0.         0.        ]
condition batch eval, img shape:(220, 228, 228), sx:3, sy:3, sz:3, num_conditions:2
condition:9, metric:[0.74318209 0.         0.        ]
condition:10, metric:[0.73401692 0.         0.        ]
condition batch eval, img shape:(220, 228, 228), sx:3, sy:3, sz:3, num_conditions:2
condition:11, metric:[0.21755702 0.         0.        ]
condition:12, metric:[0.02323126 0.         0.        ]
condition batch eval, img shape:(220, 228, 228), sx:3, sy:3, sz:3, num_conditions:1
condition:13, metric:[0.44864865 0.         0.        ]
===>test image:/projects/weilab/liupeng/dataset/ssl_seg/BTCV/Training_resampled_1.5_1.5_2.0_npy_zscore/img/img0029.npy
condition batch eval, img shape:(150, 299, 299), sx:2, sy:4, sz:4, num_conditions:2
condition:1, metric:[0.86076042 0.         0.        ]
condition:2, metric:[0.86173046 0.         0.        ]
condition batch eval, img shape:(150, 299, 299), sx:2, sy:4, sz:4, num_conditions:2
condition:3, metric:[0.81100705 0.         0.        ]
condition:4, metric:[0.45245606 0.         0.        ]
condition batch eval, img shape:(150, 299, 299), sx:2, sy:4, sz:4, num_conditions:2
condition:5, metric:[0.06934673 0.         0.        ]
condition:6, metric:[0.94007872 0.         0.        ]
condition batch eval, img shape:(150, 299, 299), sx:2, sy:4, sz:4, num_conditions:2
condition:7, metric:[0.38984222 0.         0.        ]
condition:8, metric:[0.88998599 0.         0.        ]
condition batch eval, img shape:(150, 299, 299), sx:2, sy:4, sz:4, num_conditions:2
condition:9, metric:[0.86854903 0.         0.        ]
condition:10, metric:[0.60124069 0.         0.        ]
condition batch eval, img shape:(150, 299, 299), sx:2, sy:4, sz:4, num_conditions:2
condition:11, metric:[0.45561106 0.         0.        ]
condition:12, metric:[0.23268698 0.         0.        ]
condition batch eval, img shape:(150, 299, 299), sx:2, sy:4, sz:4, num_conditions:1
condition:13, metric:[0.18860511 0.         0.        ]
===>test image:/projects/weilab/liupeng/dataset/ssl_seg/BTCV/Training_resampled_1.5_1.5_2.0_npy_zscore/img/img0036.npy
condition batch eval, img shape:(276, 255, 255), sx:4, sy:3, sz:3, num_conditions:2
condition:1, metric:[0.80923685 0.         0.        ]
condition:2, metric:[0.74692577 0.         0.        ]
condition batch eval, img shape:(276, 255, 255), sx:4, sy:3, sz:3, num_conditions:2
condition:3, metric:[0.75054286 0.         0.        ]
condition:4, metric:[0.32480598 0.         0.        ]
condition batch eval, img shape:(276, 255, 255), sx:4, sy:3, sz:3, num_conditions:2
condition:5, metric:[0.11451777 0.         0.        ]
condition:6, metric:[0.81770619 0.         0.        ]
condition batch eval, img shape:(276, 255, 255), sx:4, sy:3, sz:3, num_conditions:2
condition:7, metric:[0.59435904 0.         0.        ]
condition:8, metric:[0.71853299 0.         0.        ]
condition batch eval, img shape:(276, 255, 255), sx:4, sy:3, sz:3, num_conditions:2
condition:9, metric:[0.69203194 0.         0.        ]
condition:10, metric:[0.62990382 0.         0.        ]
condition batch eval, img shape:(276, 255, 255), sx:4, sy:3, sz:3, num_conditions:2
condition:11, metric:[0.52220306 0.         0.        ]
condition:12, metric:[  0. 150. 150.]
condition batch eval, img shape:(276, 255, 255), sx:4, sy:3, sz:3, num_conditions:1
condition:13, metric:[0.56069071 0.         0.        ]
Validation end
avg metric shape: (13, 3)
iteration 26000 : model2_dice_score : 0.546236 model2_hd95 : 2.884615
save model to ../model/BTCV_5_C3PS_cond_mode_film_began_semi2000_con4000_SGD_SGD/unet_3D_old/model_iter_26000.pth
save model2 to ../model/BTCV_5_C3PS_cond_mode_film_began_semi2000_con4000_SGD_SGD/unet_3D_old/model2_iter_26000.pth
iteration 26020 :model1 loss : 0.140995model2 loss : 0.220951pseudo_supervision1 : 0.000000pseudo_supervision2 : 0.500176
iteration 26040 :model1 loss : 0.130239model2 loss : 0.037699pseudo_supervision1 : 0.000000pseudo_supervision2 : 0.065302
iteration 26060 :model1 loss : 0.191681model2 loss : 0.046519pseudo_supervision1 : 0.175111pseudo_supervision2 : 0.020901
iteration 26080 :model1 loss : 0.257073model2 loss : 0.036200pseudo_supervision1 : 0.896972pseudo_supervision2 : 0.071988
iteration 26100 :model1 loss : 0.119427model2 loss : 0.022685pseudo_supervision1 : 0.000000pseudo_supervision2 : 0.015281
iteration 26120 :model1 loss : 0.133982model2 loss : 0.211459pseudo_supervision1 : 0.000000pseudo_supervision2 : 0.332474
iteration 26140 :model1 loss : 0.117632model2 loss : 0.062249pseudo_supervision1 : 0.000000pseudo_supervision2 : 0.500852
iteration 26160 :model1 loss : 0.360701model2 loss : 0.030542pseudo_supervision1 : 0.070442pseudo_supervision2 : 0.025842
iteration 26180 :model1 loss : 0.347148model2 loss : 0.055352pseudo_supervision1 : 0.000000pseudo_supervision2 : 0.396376
iteration 26200 :model1 loss : 0.220041model2 loss : 0.037023pseudo_supervision1 : 0.195653pseudo_supervision2 : 0.100742
save model to ../model/BTCV_5_C3PS_cond_mode_film_began_semi2000_con4000_SGD_SGD/unet_3D_old/model_iter_26200.pth
save model2 to ../model/BTCV_5_C3PS_cond_mode_film_began_semi2000_con4000_SGD_SGD/unet_3D_old/model2_iter_26200.pth
iteration 26220 :model1 loss : 0.124813model2 loss : 0.082572pseudo_supervision1 : 0.000000pseudo_supervision2 : 0.501488
iteration 26240 :model1 loss : 0.219622model2 loss : 0.084260pseudo_supervision1 : 0.847455pseudo_supervision2 : 0.042176
iteration 26260 :model1 loss : 0.479887model2 loss : 0.053748pseudo_supervision1 : 0.367923pseudo_supervision2 : 0.024089
iteration 26280 :model1 loss : 0.123613model2 loss : 0.066172pseudo_supervision1 : 0.000000pseudo_supervision2 : 0.503922
iteration 26300 :model1 loss : 0.194596model2 loss : 0.047405pseudo_supervision1 : 0.189028pseudo_supervision2 : 0.175158
iteration 26320 :model1 loss : 0.182808model2 loss : 0.063921pseudo_supervision1 : 0.360486pseudo_supervision2 : 0.023458
iteration 26340 :model1 loss : 0.159808model2 loss : 0.040003pseudo_supervision1 : 0.168399pseudo_supervision2 : 0.158723
iteration 26360 :model1 loss : 0.287198model2 loss : 0.126878pseudo_supervision1 : 0.000000pseudo_supervision2 : 0.500101
iteration 26380 :model1 loss : 0.296348model2 loss : 0.093859pseudo_supervision1 : 0.407692pseudo_supervision2 : 0.023667
iteration 26400 :model1 loss : 0.209800model2 loss : 0.102499pseudo_supervision1 : 0.000000pseudo_supervision2 : 0.500105
began evaluation!
iteration 26400: validation sampled 4/12 cases
Total test images: 4
Validation begin
Validation end
avg metric shape: (13, 3)
iteration 26400 : model_dice_score : 0.620095 model_hd95 : 0.000000
began evaluation!
Total test images: 4
Validation begin
===>test image:/projects/weilab/liupeng/dataset/ssl_seg/BTCV/Training_resampled_1.5_1.5_2.0_npy_zscore/img/img0008.npy
condition batch eval, img shape:(222, 249, 249), sx:3, sy:3, sz:3, num_conditions:2
condition:1, metric:[0.74499222 0.         0.        ]
condition:2, metric:[0.00648344 0.         0.        ]
condition batch eval, img shape:(222, 249, 249), sx:3, sy:3, sz:3, num_conditions:2
condition:3, metric:[0.00038908 0.         0.        ]
condition:4, metric:[0.37696567 0.         0.        ]
condition batch eval, img shape:(222, 249, 249), sx:3, sy:3, sz:3, num_conditions:2
condition:5, metric:[0.44048797 0.         0.        ]
condition:6, metric:[0.81011346 0.         0.        ]
condition batch eval, img shape:(222, 249, 249), sx:3, sy:3, sz:3, num_conditions:2
condition:7, metric:[0.30928106 0.         0.        ]
condition:8, metric:[0.39297448 0.         0.        ]
condition batch eval, img shape:(222, 249, 249), sx:3, sy:3, sz:3, num_conditions:2
condition:9, metric:[0.7400166 0.        0.       ]
condition:10, metric:[0.59101376 0.         0.        ]
condition batch eval, img shape:(222, 249, 249), sx:3, sy:3, sz:3, num_conditions:2
condition:11, metric:[0.6389669 0.        0.       ]
condition:12, metric:[0.53930685 0.         0.        ]
condition batch eval, img shape:(222, 249, 249), sx:3, sy:3, sz:3, num_conditions:1
condition:13, metric:[0.59201389 0.         0.        ]
===>test image:/projects/weilab/liupeng/dataset/ssl_seg/BTCV/Training_resampled_1.5_1.5_2.0_npy_zscore/img/img0029.npy
condition batch eval, img shape:(150, 299, 299), sx:2, sy:4, sz:4, num_conditions:2
condition:1, metric:[0.88244658 0.         0.        ]
condition:2, metric:[0.88310017 0.         0.        ]
condition batch eval, img shape:(150, 299, 299), sx:2, sy:4, sz:4, num_conditions:2
condition:3, metric:[0.69960261 0.         0.        ]
condition:4, metric:[0.10324729 0.         0.        ]
condition batch eval, img shape:(150, 299, 299), sx:2, sy:4, sz:4, num_conditions:2
condition:5, metric:[0.50749625 0.         0.        ]
condition:6, metric:[0.92753528 0.         0.        ]
condition batch eval, img shape:(150, 299, 299), sx:2, sy:4, sz:4, num_conditions:2
condition:7, metric:[0.46301338 0.         0.        ]
condition:8, metric:[0.8976123 0.        0.       ]
condition batch eval, img shape:(150, 299, 299), sx:2, sy:4, sz:4, num_conditions:2
condition:9, metric:[0.8568227 0.        0.       ]
condition:10, metric:[0.61637727 0.         0.        ]
condition batch eval, img shape:(150, 299, 299), sx:2, sy:4, sz:4, num_conditions:2
condition:11, metric:[0.51932052 0.         0.        ]
condition:12, metric:[0.45731255 0.         0.        ]
condition batch eval, img shape:(150, 299, 299), sx:2, sy:4, sz:4, num_conditions:1
condition:13, metric:[0.58202568 0.         0.        ]
===>test image:/projects/weilab/liupeng/dataset/ssl_seg/BTCV/Training_resampled_1.5_1.5_2.0_npy_zscore/img/img0036.npy
condition batch eval, img shape:(276, 255, 255), sx:4, sy:3, sz:3, num_conditions:2
condition:1, metric:[0.8597032 0.        0.       ]
condition:2, metric:[0.77134099 0.         0.        ]
condition batch eval, img shape:(276, 255, 255), sx:4, sy:3, sz:3, num_conditions:2
condition:3, metric:[0.67341102 0.         0.        ]
condition:4, metric:[0.12636454 0.         0.        ]
condition batch eval, img shape:(276, 255, 255), sx:4, sy:3, sz:3, num_conditions:2
condition:5, metric:[0.54749229 0.         0.        ]
condition:6, metric:[0.85024391 0.         0.        ]
condition batch eval, img shape:(276, 255, 255), sx:4, sy:3, sz:3, num_conditions:2
condition:7, metric:[0.60694684 0.         0.        ]
condition:8, metric:[0.7216264 0.        0.       ]
condition batch eval, img shape:(276, 255, 255), sx:4, sy:3, sz:3, num_conditions:2
condition:9, metric:[0.72292054 0.         0.        ]
condition:10, metric:[0.65883202 0.         0.        ]
condition batch eval, img shape:(276, 255, 255), sx:4, sy:3, sz:3, num_conditions:2
condition:11, metric:[0.59325084 0.         0.        ]
condition:12, metric:[0.28063241 0.         0.        ]
condition batch eval, img shape:(276, 255, 255), sx:4, sy:3, sz:3, num_conditions:1
condition:13, metric:[0.52683461 0.         0.        ]
===>test image:/projects/weilab/liupeng/dataset/ssl_seg/BTCV/Training_resampled_1.5_1.5_2.0_npy_zscore/img/img0025.npy
condition batch eval, img shape:(212, 284, 284), sx:3, sy:3, sz:3, num_conditions:2
condition:1, metric:[0.76969241 0.         0.        ]
condition:2, metric:[0.3168026 0.        0.       ]
condition batch eval, img shape:(212, 284, 284), sx:3, sy:3, sz:3, num_conditions:2
condition:3, metric:[0.62739749 0.         0.        ]
condition:4, metric:[0.52159871 0.         0.        ]
condition batch eval, img shape:(212, 284, 284), sx:3, sy:3, sz:3, num_conditions:2
condition:5, metric:[0.17845484 0.         0.        ]
condition:6, metric:[0.94028631 0.         0.        ]
condition batch eval, img shape:(212, 284, 284), sx:3, sy:3, sz:3, num_conditions:2
condition:7, metric:[0.59356847 0.         0.        ]
condition:8, metric:[0.80486932 0.         0.        ]
condition batch eval, img shape:(212, 284, 284), sx:3, sy:3, sz:3, num_conditions:2
condition:9, metric:[0.74309434 0.         0.        ]
condition:10, metric:[0.35967363 0.         0.        ]
condition batch eval, img shape:(212, 284, 284), sx:3, sy:3, sz:3, num_conditions:2
condition:11, metric:[0.54919327 0.         0.        ]
condition:12, metric:[0.38752933 0.         0.        ]
condition batch eval, img shape:(212, 284, 284), sx:3, sy:3, sz:3, num_conditions:1
condition:13, metric:[0.16175683 0.         0.        ]
Validation end
avg metric shape: (13, 3)
save model to ../model/BTCV_5_C3PS_cond_mode_film_began_semi2000_con4000_SGD_SGD/unet_3D_old/iter_26400_dice_0.5668
iteration 26400 : model2_dice_score : 0.566778 model2_hd95 : 0.000000
save model to ../model/BTCV_5_C3PS_cond_mode_film_began_semi2000_con4000_SGD_SGD/unet_3D_old/model_iter_26400.pth
save model2 to ../model/BTCV_5_C3PS_cond_mode_film_began_semi2000_con4000_SGD_SGD/unet_3D_old/model2_iter_26400.pth
iteration 26420 :model1 loss : 0.174478model2 loss : 0.093090pseudo_supervision1 : 0.000000pseudo_supervision2 : 0.500813
iteration 26440 :model1 loss : 0.352672model2 loss : 0.054111pseudo_supervision1 : 0.287527pseudo_supervision2 : 0.039211
iteration 26460 :model1 loss : 0.129647model2 loss : 0.041419pseudo_supervision1 : 0.104246pseudo_supervision2 : 0.064930
iteration 26480 :model1 loss : 0.117676model2 loss : 0.081407pseudo_supervision1 : 0.000000pseudo_supervision2 : 0.500307
iteration 26500 :model1 loss : 0.238634model2 loss : 0.044460pseudo_supervision1 : 0.546928pseudo_supervision2 : 0.279357
iteration 26520 :model1 loss : 0.415331model2 loss : 0.057626pseudo_supervision1 : 0.000000pseudo_supervision2 : 0.121727
iteration 26540 :model1 loss : 0.188510model2 loss : 0.110260pseudo_supervision1 : 0.000000pseudo_supervision2 : 0.500532
iteration 26560 :model1 loss : 0.145372model2 loss : 0.094235pseudo_supervision1 : 0.000000pseudo_supervision2 : 0.501244
iteration 26580 :model1 loss : 0.329593model2 loss : 0.029384pseudo_supervision1 : 0.157505pseudo_supervision2 : 0.018522
iteration 26600 :model1 loss : 0.132605model2 loss : 0.088460pseudo_supervision1 : 0.000000pseudo_supervision2 : 0.500189
save model to ../model/BTCV_5_C3PS_cond_mode_film_began_semi2000_con4000_SGD_SGD/unet_3D_old/model_iter_26600.pth
save model2 to ../model/BTCV_5_C3PS_cond_mode_film_began_semi2000_con4000_SGD_SGD/unet_3D_old/model2_iter_26600.pth
iteration 26620 :model1 loss : 0.134102model2 loss : 0.033778pseudo_supervision1 : 0.100928pseudo_supervision2 : 0.196108
iteration 26640 :model1 loss : 0.139144model2 loss : 0.041539pseudo_supervision1 : 0.000000pseudo_supervision2 : 0.031894
iteration 26660 :model1 loss : 0.209578model2 loss : 0.093072pseudo_supervision1 : 0.000000pseudo_supervision2 : 0.501137
iteration 26680 :model1 loss : 0.157687model2 loss : 0.058838pseudo_supervision1 : 0.000000pseudo_supervision2 : 0.197413
iteration 26700 :model1 loss : 0.242618model2 loss : 0.068267pseudo_supervision1 : 0.000000pseudo_supervision2 : 0.500222
iteration 26720 :model1 loss : 0.369405model2 loss : 0.033050pseudo_supervision1 : 0.654285pseudo_supervision2 : 0.049624
iteration 26740 :model1 loss : 0.150877model2 loss : 0.096965pseudo_supervision1 : 0.000000pseudo_supervision2 : 0.500238
iteration 26760 :model1 loss : 0.232515model2 loss : 0.063351pseudo_supervision1 : 0.000000pseudo_supervision2 : 0.500674
iteration 26780 :model1 loss : 0.269139model2 loss : 0.061532pseudo_supervision1 : 0.171832pseudo_supervision2 : 0.029670
iteration 26800 :model1 loss : 0.145968model2 loss : 0.179231pseudo_supervision1 : 0.000000pseudo_supervision2 : 0.500185
began evaluation!
iteration 26800: validation sampled 4/12 cases
Total test images: 4
Validation begin
Validation end
avg metric shape: (13, 3)
iteration 26800 : model_dice_score : 0.492947 model_hd95 : 2.884615
began evaluation!
Total test images: 4
Validation begin
===>test image:/projects/weilab/liupeng/dataset/ssl_seg/BTCV/Training_resampled_1.5_1.5_2.0_npy_zscore/img/img0002.npy
condition batch eval, img shape:(208, 246, 246), sx:3, sy:3, sz:3, num_conditions:2
condition:1, metric:[0.436517 0.       0.      ]
condition:2, metric:[0.64010209 0.         0.        ]
condition batch eval, img shape:(208, 246, 246), sx:3, sy:3, sz:3, num_conditions:2
condition:3, metric:[0.48893299 0.         0.        ]
condition:4, metric:[0.46380832 0.         0.        ]
condition batch eval, img shape:(208, 246, 246), sx:3, sy:3, sz:3, num_conditions:2
condition:5, metric:[0.365684 0.       0.      ]
condition:6, metric:[0.83757153 0.         0.        ]
condition batch eval, img shape:(208, 246, 246), sx:3, sy:3, sz:3, num_conditions:2
condition:7, metric:[0.50345143 0.         0.        ]
condition:8, metric:[0.33901506 0.         0.        ]
condition batch eval, img shape:(208, 246, 246), sx:3, sy:3, sz:3, num_conditions:2
condition:9, metric:[0.72076566 0.         0.        ]
condition:10, metric:[0.55758487 0.         0.        ]
condition batch eval, img shape:(208, 246, 246), sx:3, sy:3, sz:3, num_conditions:2
condition:11, metric:[0.4151267 0.        0.       ]
condition:12, metric:[0.60611205 0.         0.        ]
condition batch eval, img shape:(208, 246, 246), sx:3, sy:3, sz:3, num_conditions:1
condition:13, metric:[0.42307692 0.         0.        ]
===>test image:/projects/weilab/liupeng/dataset/ssl_seg/BTCV/Training_resampled_1.5_1.5_2.0_npy_zscore/img/img0001.npy
condition batch eval, img shape:(220, 228, 228), sx:3, sy:3, sz:3, num_conditions:2
condition:1, metric:[0.6781149 0.        0.       ]
condition:2, metric:[0.51970422 0.         0.        ]
condition batch eval, img shape:(220, 228, 228), sx:3, sy:3, sz:3, num_conditions:2
condition:3, metric:[0.50944245 0.         0.        ]
condition:4, metric:[0.0107849 0.        0.       ]
condition batch eval, img shape:(220, 228, 228), sx:3, sy:3, sz:3, num_conditions:2
condition:5, metric:[0.66799469 0.         0.        ]
condition:6, metric:[0.86615088 0.         0.        ]
condition batch eval, img shape:(220, 228, 228), sx:3, sy:3, sz:3, num_conditions:2
condition:7, metric:[0.44481907 0.         0.        ]
condition:8, metric:[0.40048349 0.         0.        ]
condition batch eval, img shape:(220, 228, 228), sx:3, sy:3, sz:3, num_conditions:2
condition:9, metric:[0.71182114 0.         0.        ]
condition:10, metric:[0.68544548 0.         0.        ]
condition batch eval, img shape:(220, 228, 228), sx:3, sy:3, sz:3, num_conditions:2
condition:11, metric:[0.42646417 0.         0.        ]
condition:12, metric:[0.46615492 0.         0.        ]
condition batch eval, img shape:(220, 228, 228), sx:3, sy:3, sz:3, num_conditions:1
condition:13, metric:[0.39880359 0.         0.        ]
===>test image:/projects/weilab/liupeng/dataset/ssl_seg/BTCV/Training_resampled_1.5_1.5_2.0_npy_zscore/img/img0003.npy
condition batch eval, img shape:(297, 307, 307), sx:5, sy:4, sz:4, num_conditions:2
condition:1, metric:[0.36252513 0.         0.        ]
condition:2, metric:[0.91799722 0.         0.        ]
condition batch eval, img shape:(297, 307, 307), sx:5, sy:4, sz:4, num_conditions:2
condition:3, metric:[0.87034798 0.         0.        ]
condition:4, metric:[0.39413429 0.         0.        ]
condition batch eval, img shape:(297, 307, 307), sx:5, sy:4, sz:4, num_conditions:2
condition:5, metric:[0.03721149 0.         0.        ]
condition:6, metric:[0.85052507 0.         0.        ]
condition batch eval, img shape:(297, 307, 307), sx:5, sy:4, sz:4, num_conditions:2
condition:7, metric:[0.16482392 0.         0.        ]
condition:8, metric:[0.68099822 0.         0.        ]
condition batch eval, img shape:(297, 307, 307), sx:5, sy:4, sz:4, num_conditions:2
condition:9, metric:[0.76659879 0.         0.        ]
condition:10, metric:[0.3769727 0.        0.       ]
condition batch eval, img shape:(297, 307, 307), sx:5, sy:4, sz:4, num_conditions:2
condition:11, metric:[0.23271199 0.         0.        ]
condition:12, metric:[0.29397192 0.         0.        ]
condition batch eval, img shape:(297, 307, 307), sx:5, sy:4, sz:4, num_conditions:1
condition:13, metric:[  0. 150. 150.]
===>test image:/projects/weilab/liupeng/dataset/ssl_seg/BTCV/Training_resampled_1.5_1.5_2.0_npy_zscore/img/img0004.npy
condition batch eval, img shape:(210, 203, 203), sx:3, sy:2, sz:2, num_conditions:2
condition:1, metric:[0.47779674 0.         0.        ]
condition:2, metric:[0.68363544 0.         0.        ]
condition batch eval, img shape:(210, 203, 203), sx:3, sy:2, sz:2, num_conditions:2
condition:3, metric:[0.55874268 0.         0.        ]
condition:4, metric:[0. 0. 0.]
condition batch eval, img shape:(210, 203, 203), sx:3, sy:2, sz:2, num_conditions:2
condition:5, metric:[0.5770424 0.        0.       ]
condition:6, metric:[0.74103787 0.         0.        ]
condition batch eval, img shape:(210, 203, 203), sx:3, sy:2, sz:2, num_conditions:2
condition:7, metric:[0.2293465 0.        0.       ]
condition:8, metric:[0.21944398 0.         0.        ]
condition batch eval, img shape:(210, 203, 203), sx:3, sy:2, sz:2, num_conditions:2
condition:9, metric:[0.67121223 0.         0.        ]
condition:10, metric:[0.53588324 0.         0.        ]
condition batch eval, img shape:(210, 203, 203), sx:3, sy:2, sz:2, num_conditions:2
condition:11, metric:[0.23512167 0.         0.        ]
condition:12, metric:[0.48799232 0.         0.        ]
condition batch eval, img shape:(210, 203, 203), sx:3, sy:2, sz:2, num_conditions:1
condition:13, metric:[0.20955882 0.         0.        ]
Validation end
avg metric shape: (13, 3)
iteration 26800 : model2_dice_score : 0.483838 model2_hd95 : 2.884615
save model to ../model/BTCV_5_C3PS_cond_mode_film_began_semi2000_con4000_SGD_SGD/unet_3D_old/model_iter_26800.pth
save model2 to ../model/BTCV_5_C3PS_cond_mode_film_began_semi2000_con4000_SGD_SGD/unet_3D_old/model2_iter_26800.pth
iteration 26820 :model1 loss : 0.261136model2 loss : 0.070437pseudo_supervision1 : 0.000000pseudo_supervision2 : 0.421439
iteration 26840 :model1 loss : 0.138070model2 loss : 0.096583pseudo_supervision1 : 0.000000pseudo_supervision2 : 0.560266
iteration 26860 :model1 loss : 0.250753model2 loss : 0.061648pseudo_supervision1 : 1.258885pseudo_supervision2 : 0.034730
iteration 26880 :model1 loss : 0.171150model2 loss : 0.035667pseudo_supervision1 : 0.472555pseudo_supervision2 : 0.065197
iteration 26900 :model1 loss : 0.166590model2 loss : 0.177830pseudo_supervision1 : 0.000119pseudo_supervision2 : 0.967815
iteration 26920 :model1 loss : 0.174841model2 loss : 0.059996pseudo_supervision1 : 0.000000pseudo_supervision2 : 0.500901
iteration 26940 :model1 loss : 0.209191model2 loss : 0.040336pseudo_supervision1 : 0.662600pseudo_supervision2 : 0.113248
iteration 26960 :model1 loss : 0.199584model2 loss : 0.074547pseudo_supervision1 : 0.000000pseudo_supervision2 : 0.500180
iteration 26980 :model1 loss : 0.307927model2 loss : 0.067960pseudo_supervision1 : 0.000000pseudo_supervision2 : 0.500147
iteration 27000 :model1 loss : 0.133803model2 loss : 0.119696pseudo_supervision1 : 0.000000pseudo_supervision2 : 0.500076
save model to ../model/BTCV_5_C3PS_cond_mode_film_began_semi2000_con4000_SGD_SGD/unet_3D_old/model_iter_27000.pth
save model2 to ../model/BTCV_5_C3PS_cond_mode_film_began_semi2000_con4000_SGD_SGD/unet_3D_old/model2_iter_27000.pth
iteration 27020 :model1 loss : 0.175044model2 loss : 0.041214pseudo_supervision1 : 0.442888pseudo_supervision2 : 0.032922
iteration 27040 :model1 loss : 0.177790model2 loss : 0.032147pseudo_supervision1 : 0.000000pseudo_supervision2 : 0.035440
iteration 27060 :model1 loss : 0.167691model2 loss : 0.049399pseudo_supervision1 : 0.254263pseudo_supervision2 : 0.236301
iteration 27080 :model1 loss : 0.266589model2 loss : 0.067444pseudo_supervision1 : 0.000000pseudo_supervision2 : 0.499518
iteration 27100 :model1 loss : 0.118086model2 loss : 0.082506pseudo_supervision1 : 0.000000pseudo_supervision2 : 0.500208
iteration 27120 :model1 loss : 0.123539model2 loss : 0.107950pseudo_supervision1 : 0.073093pseudo_supervision2 : 0.162527
iteration 27140 :model1 loss : 0.179284model2 loss : 0.067869pseudo_supervision1 : 0.000000pseudo_supervision2 : 0.487513
iteration 27160 :model1 loss : 0.178475model2 loss : 0.065830pseudo_supervision1 : 0.307633pseudo_supervision2 : 0.064085
iteration 27180 :model1 loss : 0.169406model2 loss : 0.149294pseudo_supervision1 : 0.000000pseudo_supervision2 : 0.132770
iteration 27200 :model1 loss : 0.223182model2 loss : 0.077291pseudo_supervision1 : 0.520098pseudo_supervision2 : 0.074417
began evaluation!
iteration 27200: validation sampled 4/12 cases
Total test images: 4
Validation begin
Validation end
avg metric shape: (13, 3)
iteration 27200 : model_dice_score : 0.574598 model_hd95 : 8.653846
began evaluation!
Total test images: 4
Validation begin
===>test image:/projects/weilab/liupeng/dataset/ssl_seg/BTCV/Training_resampled_1.5_1.5_2.0_npy_zscore/img/img0035.npy
condition batch eval, img shape:(235, 314, 314), sx:4, sy:4, sz:4, num_conditions:2
condition:1, metric:[0.881855 0.       0.      ]
condition:2, metric:[0.87382784 0.         0.        ]
condition batch eval, img shape:(235, 314, 314), sx:4, sy:4, sz:4, num_conditions:2
condition:3, metric:[0.80731489 0.         0.        ]
condition:4, metric:[  0. 150. 150.]
condition batch eval, img shape:(235, 314, 314), sx:4, sy:4, sz:4, num_conditions:2
condition:5, metric:[0.1509434 0.        0.       ]
condition:6, metric:[0.85177366 0.         0.        ]
condition batch eval, img shape:(235, 314, 314), sx:4, sy:4, sz:4, num_conditions:2
condition:7, metric:[0.71365485 0.         0.        ]
condition:8, metric:[0.55436993 0.         0.        ]
condition batch eval, img shape:(235, 314, 314), sx:4, sy:4, sz:4, num_conditions:2
condition:9, metric:[0.73042137 0.         0.        ]
condition:10, metric:[0.68609045 0.         0.        ]
condition batch eval, img shape:(235, 314, 314), sx:4, sy:4, sz:4, num_conditions:2
condition:11, metric:[0.38122776 0.         0.        ]
condition:12, metric:[0.23572076 0.         0.        ]
condition batch eval, img shape:(235, 314, 314), sx:4, sy:4, sz:4, num_conditions:1
condition:13, metric:[0.43478261 0.         0.        ]
===>test image:/projects/weilab/liupeng/dataset/ssl_seg/BTCV/Training_resampled_1.5_1.5_2.0_npy_zscore/img/img0036.npy
condition batch eval, img shape:(276, 255, 255), sx:4, sy:3, sz:3, num_conditions:2
condition:1, metric:[0.85576417 0.         0.        ]
condition:2, metric:[0.74563233 0.         0.        ]
condition batch eval, img shape:(276, 255, 255), sx:4, sy:3, sz:3, num_conditions:2
condition:3, metric:[0.775676 0.       0.      ]
condition:4, metric:[0.10456918 0.         0.        ]
condition batch eval, img shape:(276, 255, 255), sx:4, sy:3, sz:3, num_conditions:2
condition:5, metric:[0.44501222 0.         0.        ]
condition:6, metric:[0.85676583 0.         0.        ]
condition batch eval, img shape:(276, 255, 255), sx:4, sy:3, sz:3, num_conditions:2
condition:7, metric:[0.73351233 0.         0.        ]
condition:8, metric:[0.64071645 0.         0.        ]
condition batch eval, img shape:(276, 255, 255), sx:4, sy:3, sz:3, num_conditions:2
condition:9, metric:[0.69913697 0.         0.        ]
condition:10, metric:[0.62756669 0.         0.        ]
condition batch eval, img shape:(276, 255, 255), sx:4, sy:3, sz:3, num_conditions:2
condition:11, metric:[0.55087668 0.         0.        ]
condition:12, metric:[0.12375691 0.         0.        ]
condition batch eval, img shape:(276, 255, 255), sx:4, sy:3, sz:3, num_conditions:1
condition:13, metric:[0.47451227 0.         0.        ]
===>test image:/projects/weilab/liupeng/dataset/ssl_seg/BTCV/Training_resampled_1.5_1.5_2.0_npy_zscore/img/img0022.npy
condition batch eval, img shape:(222, 262, 262), sx:3, sy:3, sz:3, num_conditions:2
condition:1, metric:[0.86969425 0.         0.        ]
condition:2, metric:[0.94160814 0.         0.        ]
condition batch eval, img shape:(222, 262, 262), sx:3, sy:3, sz:3, num_conditions:2
condition:3, metric:[0.90782279 0.         0.        ]
condition:4, metric:[0.40627963 0.         0.        ]
condition batch eval, img shape:(222, 262, 262), sx:3, sy:3, sz:3, num_conditions:2
condition:5, metric:[0.20762833 0.         0.        ]
condition:6, metric:[0.859149 0.       0.      ]
condition batch eval, img shape:(222, 262, 262), sx:3, sy:3, sz:3, num_conditions:2
condition:7, metric:[0.8026118 0.        0.       ]
condition:8, metric:[0.875541 0.       0.      ]
condition batch eval, img shape:(222, 262, 262), sx:3, sy:3, sz:3, num_conditions:2
condition:9, metric:[0.79164536 0.         0.        ]
condition:10, metric:[0.69138495 0.         0.        ]
condition batch eval, img shape:(222, 262, 262), sx:3, sy:3, sz:3, num_conditions:2
condition:11, metric:[0.7048484 0.        0.       ]
condition:12, metric:[0.06632124 0.         0.        ]
condition batch eval, img shape:(222, 262, 262), sx:3, sy:3, sz:3, num_conditions:1
condition:13, metric:[0.50751252 0.         0.        ]
===>test image:/projects/weilab/liupeng/dataset/ssl_seg/BTCV/Training_resampled_1.5_1.5_2.0_npy_zscore/img/img0004.npy
condition batch eval, img shape:(210, 203, 203), sx:3, sy:2, sz:2, num_conditions:2
condition:1, metric:[0.70916977 0.         0.        ]
condition:2, metric:[0.67753469 0.         0.        ]
condition batch eval, img shape:(210, 203, 203), sx:3, sy:2, sz:2, num_conditions:2
condition:3, metric:[0.56255127 0.         0.        ]
condition:4, metric:[0. 0. 0.]
condition batch eval, img shape:(210, 203, 203), sx:3, sy:2, sz:2, num_conditions:2
condition:5, metric:[0.24802761 0.         0.        ]
condition:6, metric:[0.73603233 0.         0.        ]
condition batch eval, img shape:(210, 203, 203), sx:3, sy:2, sz:2, num_conditions:2
condition:7, metric:[0.28735157 0.         0.        ]
condition:8, metric:[0.2131431 0.        0.       ]
condition batch eval, img shape:(210, 203, 203), sx:3, sy:2, sz:2, num_conditions:2
condition:9, metric:[0.59608935 0.         0.        ]
condition:10, metric:[0.65821138 0.         0.        ]
condition batch eval, img shape:(210, 203, 203), sx:3, sy:2, sz:2, num_conditions:2
condition:11, metric:[0.23607228 0.         0.        ]
condition:12, metric:[0.15340087 0.         0.        ]
condition batch eval, img shape:(210, 203, 203), sx:3, sy:2, sz:2, num_conditions:1
condition:13, metric:[0.4726477 0.        0.       ]
Validation end
avg metric shape: (13, 3)
iteration 27200 : model2_dice_score : 0.559957 model2_hd95 : 2.884615
save model to ../model/BTCV_5_C3PS_cond_mode_film_began_semi2000_con4000_SGD_SGD/unet_3D_old/model_iter_27200.pth
save model2 to ../model/BTCV_5_C3PS_cond_mode_film_began_semi2000_con4000_SGD_SGD/unet_3D_old/model2_iter_27200.pth
iteration 27220 :model1 loss : 0.117323model2 loss : 0.072662pseudo_supervision1 : 0.000000pseudo_supervision2 : 0.500114
iteration 27240 :model1 loss : 0.119522model2 loss : 0.039614pseudo_supervision1 : 0.000000pseudo_supervision2 : 0.267742
iteration 27260 :model1 loss : 0.148615model2 loss : 0.140388pseudo_supervision1 : 0.416195pseudo_supervision2 : 0.039723
iteration 27280 :model1 loss : 0.147491model2 loss : 0.049063pseudo_supervision1 : 0.269832pseudo_supervision2 : 0.135093
iteration 27300 :model1 loss : 0.365009model2 loss : 0.088575pseudo_supervision1 : 0.106001pseudo_supervision2 : 0.086680
iteration 27320 :model1 loss : 0.175308model2 loss : 0.035027pseudo_supervision1 : 0.437270pseudo_supervision2 : 0.058261
iteration 27340 :model1 loss : 0.120382model2 loss : 0.033601pseudo_supervision1 : 0.000000pseudo_supervision2 : 0.111190
iteration 27360 :model1 loss : 0.212554model2 loss : 0.046186pseudo_supervision1 : 0.154936pseudo_supervision2 : 0.122555
iteration 27380 :model1 loss : 0.153919model2 loss : 0.068229pseudo_supervision1 : 0.000000pseudo_supervision2 : 0.500307
iteration 27400 :model1 loss : 0.111070model2 loss : 0.086087pseudo_supervision1 : 0.000000pseudo_supervision2 : 0.504218
save model to ../model/BTCV_5_C3PS_cond_mode_film_began_semi2000_con4000_SGD_SGD/unet_3D_old/model_iter_27400.pth
save model2 to ../model/BTCV_5_C3PS_cond_mode_film_began_semi2000_con4000_SGD_SGD/unet_3D_old/model2_iter_27400.pth
iteration 27420 :model1 loss : 0.202935model2 loss : 0.075534pseudo_supervision1 : 0.000000pseudo_supervision2 : 0.500291
iteration 27440 :model1 loss : 0.152021model2 loss : 0.024507pseudo_supervision1 : 0.061316pseudo_supervision2 : 0.036082
iteration 27460 :model1 loss : 0.295536model2 loss : 0.020457pseudo_supervision1 : 0.000000pseudo_supervision2 : 0.025113
iteration 27480 :model1 loss : 0.172478model2 loss : 0.035391pseudo_supervision1 : 0.251273pseudo_supervision2 : 0.065364
iteration 27500 :model1 loss : 0.179238model2 loss : 0.084347pseudo_supervision1 : 0.371223pseudo_supervision2 : 0.081206
iteration 27520 :model1 loss : 0.133033model2 loss : 0.027854pseudo_supervision1 : 0.000000pseudo_supervision2 : 0.105440
iteration 27540 :model1 loss : 0.153961model2 loss : 0.063196pseudo_supervision1 : 0.000000pseudo_supervision2 : 0.500149
iteration 27560 :model1 loss : 0.168187model2 loss : 0.026704pseudo_supervision1 : 0.311113pseudo_supervision2 : 0.020878
iteration 27580 :model1 loss : 0.300380model2 loss : 0.087976pseudo_supervision1 : 0.000000pseudo_supervision2 : 0.500204
iteration 27600 :model1 loss : 0.179250model2 loss : 0.054154pseudo_supervision1 : 0.604354pseudo_supervision2 : 0.370486
began evaluation!
iteration 27600: validation sampled 4/12 cases
Total test images: 4
Validation begin
Validation end
avg metric shape: (13, 3)
iteration 27600 : model_dice_score : 0.614112 model_hd95 : 0.000000
began evaluation!
Total test images: 4
Validation begin
===>test image:/projects/weilab/liupeng/dataset/ssl_seg/BTCV/Training_resampled_1.5_1.5_2.0_npy_zscore/img/img0022.npy
condition batch eval, img shape:(222, 262, 262), sx:3, sy:3, sz:3, num_conditions:2
condition:1, metric:[0.89837064 0.         0.        ]
condition:2, metric:[0.93497724 0.         0.        ]
condition batch eval, img shape:(222, 262, 262), sx:3, sy:3, sz:3, num_conditions:2
condition:3, metric:[0.91749238 0.         0.        ]
condition:4, metric:[0.22532234 0.         0.        ]
condition batch eval, img shape:(222, 262, 262), sx:3, sy:3, sz:3, num_conditions:2
condition:5, metric:[0.28960396 0.         0.        ]
condition:6, metric:[0.94200328 0.         0.        ]
condition batch eval, img shape:(222, 262, 262), sx:3, sy:3, sz:3, num_conditions:2
condition:7, metric:[0.83927176 0.         0.        ]
condition:8, metric:[0.8890014 0.        0.       ]
condition batch eval, img shape:(222, 262, 262), sx:3, sy:3, sz:3, num_conditions:2
condition:9, metric:[0.83614484 0.         0.        ]
condition:10, metric:[0.62206706 0.         0.        ]
condition batch eval, img shape:(222, 262, 262), sx:3, sy:3, sz:3, num_conditions:2
condition:11, metric:[0.69703289 0.         0.        ]
condition:12, metric:[0.22520107 0.         0.        ]
condition batch eval, img shape:(222, 262, 262), sx:3, sy:3, sz:3, num_conditions:1
condition:13, metric:[0.52416052 0.         0.        ]
===>test image:/projects/weilab/liupeng/dataset/ssl_seg/BTCV/Training_resampled_1.5_1.5_2.0_npy_zscore/img/img0025.npy
condition batch eval, img shape:(212, 284, 284), sx:3, sy:3, sz:3, num_conditions:2
condition:1, metric:[0.73922078 0.         0.        ]
condition:2, metric:[0.38368872 0.         0.        ]
condition batch eval, img shape:(212, 284, 284), sx:3, sy:3, sz:3, num_conditions:2
condition:3, metric:[0.60144255 0.         0.        ]
condition:4, metric:[0.51361216 0.         0.        ]
condition batch eval, img shape:(212, 284, 284), sx:3, sy:3, sz:3, num_conditions:2
condition:5, metric:[0.29491173 0.         0.        ]
condition:6, metric:[0.95516859 0.         0.        ]
condition batch eval, img shape:(212, 284, 284), sx:3, sy:3, sz:3, num_conditions:2
condition:7, metric:[0.66200836 0.         0.        ]
condition:8, metric:[0.76954206 0.         0.        ]
condition batch eval, img shape:(212, 284, 284), sx:3, sy:3, sz:3, num_conditions:2
condition:9, metric:[0.68990802 0.         0.        ]
condition:10, metric:[0.18842871 0.         0.        ]
condition batch eval, img shape:(212, 284, 284), sx:3, sy:3, sz:3, num_conditions:2
condition:11, metric:[0.57148282 0.         0.        ]
condition:12, metric:[0.4264225 0.        0.       ]
condition batch eval, img shape:(212, 284, 284), sx:3, sy:3, sz:3, num_conditions:1
condition:13, metric:[0.15376106 0.         0.        ]
===>test image:/projects/weilab/liupeng/dataset/ssl_seg/BTCV/Training_resampled_1.5_1.5_2.0_npy_zscore/img/img0038.npy
condition batch eval, img shape:(250, 333, 333), sx:4, sy:4, sz:4, num_conditions:2
condition:1, metric:[0.68356033 0.         0.        ]
condition:2, metric:[0.78804162 0.         0.        ]
condition batch eval, img shape:(250, 333, 333), sx:4, sy:4, sz:4, num_conditions:2
condition:3, metric:[0.91891495 0.         0.        ]
condition:4, metric:[0.26711941 0.         0.        ]
condition batch eval, img shape:(250, 333, 333), sx:4, sy:4, sz:4, num_conditions:2
condition:5, metric:[0.00354191 0.         0.        ]
condition:6, metric:[0.93843428 0.         0.        ]
condition batch eval, img shape:(250, 333, 333), sx:4, sy:4, sz:4, num_conditions:2
condition:7, metric:[0.51416112 0.         0.        ]
condition:8, metric:[0.87253598 0.         0.        ]
condition batch eval, img shape:(250, 333, 333), sx:4, sy:4, sz:4, num_conditions:2
condition:9, metric:[0.7753585 0.        0.       ]
condition:10, metric:[0.6322331 0.        0.       ]
condition batch eval, img shape:(250, 333, 333), sx:4, sy:4, sz:4, num_conditions:2
condition:11, metric:[0.70320545 0.         0.        ]
condition:12, metric:[0.3000997 0.        0.       ]
condition batch eval, img shape:(250, 333, 333), sx:4, sy:4, sz:4, num_conditions:1
condition:13, metric:[0.38436716 0.         0.        ]
===>test image:/projects/weilab/liupeng/dataset/ssl_seg/BTCV/Training_resampled_1.5_1.5_2.0_npy_zscore/img/img0002.npy
condition batch eval, img shape:(208, 246, 246), sx:3, sy:3, sz:3, num_conditions:2
condition:1, metric:[0.60304597 0.         0.        ]
condition:2, metric:[0.59420327 0.         0.        ]
condition batch eval, img shape:(208, 246, 246), sx:3, sy:3, sz:3, num_conditions:2
condition:3, metric:[0.54981405 0.         0.        ]
condition:4, metric:[0.49036164 0.         0.        ]
condition batch eval, img shape:(208, 246, 246), sx:3, sy:3, sz:3, num_conditions:2
condition:5, metric:[0.37452107 0.         0.        ]
condition:6, metric:[0.86844771 0.         0.        ]
condition batch eval, img shape:(208, 246, 246), sx:3, sy:3, sz:3, num_conditions:2
condition:7, metric:[0.50194299 0.         0.        ]
condition:8, metric:[0.28963864 0.         0.        ]
condition batch eval, img shape:(208, 246, 246), sx:3, sy:3, sz:3, num_conditions:2
condition:9, metric:[0.7351652 0.        0.       ]
condition:10, metric:[0.59632927 0.         0.        ]
condition batch eval, img shape:(208, 246, 246), sx:3, sy:3, sz:3, num_conditions:2
condition:11, metric:[0.42061934 0.         0.        ]
condition:12, metric:[0.53457172 0.         0.        ]
condition batch eval, img shape:(208, 246, 246), sx:3, sy:3, sz:3, num_conditions:1
condition:13, metric:[0.43481781 0.         0.        ]
Validation end
avg metric shape: (13, 3)
save model to ../model/BTCV_5_C3PS_cond_mode_film_began_semi2000_con4000_SGD_SGD/unet_3D_old/iter_27600_dice_0.5878
iteration 27600 : model2_dice_score : 0.587794 model2_hd95 : 0.000000
save model to ../model/BTCV_5_C3PS_cond_mode_film_began_semi2000_con4000_SGD_SGD/unet_3D_old/model_iter_27600.pth
save model2 to ../model/BTCV_5_C3PS_cond_mode_film_began_semi2000_con4000_SGD_SGD/unet_3D_old/model2_iter_27600.pth
iteration 27620 :model1 loss : 0.165499model2 loss : 0.074887pseudo_supervision1 : 0.000000pseudo_supervision2 : 0.500499
iteration 27640 :model1 loss : 0.148273model2 loss : 0.023037pseudo_supervision1 : 0.378982pseudo_supervision2 : 0.070768
iteration 27660 :model1 loss : 0.172123model2 loss : 0.096699pseudo_supervision1 : 0.000000pseudo_supervision2 : 0.153208
iteration 27680 :model1 loss : 0.300525model2 loss : 0.021924pseudo_supervision1 : 0.000000pseudo_supervision2 : 0.003349
iteration 27700 :model1 loss : 0.215654model2 loss : 0.021840pseudo_supervision1 : 0.164924pseudo_supervision2 : 0.012112
iteration 27720 :model1 loss : 0.169450model2 loss : 0.038015pseudo_supervision1 : 0.000000pseudo_supervision2 : 0.053740
iteration 27740 :model1 loss : 0.196377model2 loss : 0.076267pseudo_supervision1 : 0.000000pseudo_supervision2 : 0.500131
iteration 27760 :model1 loss : 0.175048model2 loss : 0.068679pseudo_supervision1 : 0.252016pseudo_supervision2 : 0.029393
iteration 27780 :model1 loss : 0.433636model2 loss : 0.101591pseudo_supervision1 : 0.000000pseudo_supervision2 : 0.500394
iteration 27800 :model1 loss : 0.459305model2 loss : 0.048617pseudo_supervision1 : 0.395715pseudo_supervision2 : 0.069076
save model to ../model/BTCV_5_C3PS_cond_mode_film_began_semi2000_con4000_SGD_SGD/unet_3D_old/model_iter_27800.pth
save model2 to ../model/BTCV_5_C3PS_cond_mode_film_began_semi2000_con4000_SGD_SGD/unet_3D_old/model2_iter_27800.pth
iteration 27820 :model1 loss : 0.366924model2 loss : 0.047274pseudo_supervision1 : 0.117581pseudo_supervision2 : 0.020703
iteration 27840 :model1 loss : 0.152033model2 loss : 0.042055pseudo_supervision1 : 0.370914pseudo_supervision2 : 0.010894
iteration 27860 :model1 loss : 0.250284model2 loss : 0.079482pseudo_supervision1 : 0.000000pseudo_supervision2 : 0.500512
iteration 27880 :model1 loss : 0.131685model2 loss : 0.068840pseudo_supervision1 : 0.000000pseudo_supervision2 : 0.500211
iteration 27900 :model1 loss : 0.157476model2 loss : 0.110481pseudo_supervision1 : 0.000000pseudo_supervision2 : 0.500084
iteration 27920 :model1 loss : 0.126941model2 loss : 0.071044pseudo_supervision1 : 0.000000pseudo_supervision2 : 0.456397
iteration 27940 :model1 loss : 0.185653model2 loss : 0.030060pseudo_supervision1 : 0.565108pseudo_supervision2 : 0.036744
iteration 27960 :model1 loss : 0.336573model2 loss : 0.025249pseudo_supervision1 : 0.877989pseudo_supervision2 : 0.016503
iteration 27980 :model1 loss : 0.418534model2 loss : 0.048461pseudo_supervision1 : 0.383584pseudo_supervision2 : 0.138315
iteration 28000 :model1 loss : 0.262236model2 loss : 0.074654pseudo_supervision1 : 0.000000pseudo_supervision2 : 0.501203
began evaluation!
iteration 28000: validation sampled 4/12 cases
Total test images: 4
Validation begin
Validation end
avg metric shape: (13, 3)
iteration 28000 : model_dice_score : 0.529466 model_hd95 : 5.769231
began evaluation!
Total test images: 4
Validation begin
===>test image:/projects/weilab/liupeng/dataset/ssl_seg/BTCV/Training_resampled_1.5_1.5_2.0_npy_zscore/img/img0032.npy
condition batch eval, img shape:(216, 253, 253), sx:3, sy:3, sz:3, num_conditions:2
condition:1, metric:[0.60392835 0.         0.        ]
condition:2, metric:[0.65117443 0.         0.        ]
condition batch eval, img shape:(216, 253, 253), sx:3, sy:3, sz:3, num_conditions:2
condition:3, metric:[0.60844078 0.         0.        ]
condition:4, metric:[0.53501116 0.         0.        ]
condition batch eval, img shape:(216, 253, 253), sx:3, sy:3, sz:3, num_conditions:2
condition:5, metric:[0.57048775 0.         0.        ]
condition:6, metric:[0.76673909 0.         0.        ]
condition batch eval, img shape:(216, 253, 253), sx:3, sy:3, sz:3, num_conditions:2
condition:7, metric:[0.45383324 0.         0.        ]
condition:8, metric:[0.35065462 0.         0.        ]
condition batch eval, img shape:(216, 253, 253), sx:3, sy:3, sz:3, num_conditions:2
condition:9, metric:[0.66691737 0.         0.        ]
condition:10, metric:[0.59778986 0.         0.        ]
condition batch eval, img shape:(216, 253, 253), sx:3, sy:3, sz:3, num_conditions:2
condition:11, metric:[0.58548474 0.         0.        ]
condition:12, metric:[0.56672345 0.         0.        ]
condition batch eval, img shape:(216, 253, 253), sx:3, sy:3, sz:3, num_conditions:1
condition:13, metric:[0.28710125 0.         0.        ]
===>test image:/projects/weilab/liupeng/dataset/ssl_seg/BTCV/Training_resampled_1.5_1.5_2.0_npy_zscore/img/img0004.npy
condition batch eval, img shape:(210, 203, 203), sx:3, sy:2, sz:2, num_conditions:2
condition:1, metric:[0.63067218 0.         0.        ]
condition:2, metric:[0.71876817 0.         0.        ]
condition batch eval, img shape:(210, 203, 203), sx:3, sy:2, sz:2, num_conditions:2
condition:3, metric:[0.58927202 0.         0.        ]
condition:4, metric:[0. 0. 0.]
condition batch eval, img shape:(210, 203, 203), sx:3, sy:2, sz:2, num_conditions:2
condition:5, metric:[0.48998459 0.         0.        ]
condition:6, metric:[0.74643255 0.         0.        ]
condition batch eval, img shape:(210, 203, 203), sx:3, sy:2, sz:2, num_conditions:2
condition:7, metric:[0.27188745 0.         0.        ]
condition:8, metric:[0.1998321 0.        0.       ]
condition batch eval, img shape:(210, 203, 203), sx:3, sy:2, sz:2, num_conditions:2
condition:9, metric:[0.66808709 0.         0.        ]
condition:10, metric:[0.60727505 0.         0.        ]
condition batch eval, img shape:(210, 203, 203), sx:3, sy:2, sz:2, num_conditions:2
condition:11, metric:[0.22844444 0.         0.        ]
condition:12, metric:[0.20547945 0.         0.        ]
condition batch eval, img shape:(210, 203, 203), sx:3, sy:2, sz:2, num_conditions:1
condition:13, metric:[  0. 150. 150.]
===>test image:/projects/weilab/liupeng/dataset/ssl_seg/BTCV/Training_resampled_1.5_1.5_2.0_npy_zscore/img/img0029.npy
condition batch eval, img shape:(150, 299, 299), sx:2, sy:4, sz:4, num_conditions:2
condition:1, metric:[0.85481679 0.         0.        ]
condition:2, metric:[0.87490748 0.         0.        ]
condition batch eval, img shape:(150, 299, 299), sx:2, sy:4, sz:4, num_conditions:2
condition:3, metric:[0.73277748 0.         0.        ]
condition:4, metric:[0.55885062 0.         0.        ]
condition batch eval, img shape:(150, 299, 299), sx:2, sy:4, sz:4, num_conditions:2
condition:5, metric:[0.78201566 0.         0.        ]
condition:6, metric:[0.93117416 0.         0.        ]
condition batch eval, img shape:(150, 299, 299), sx:2, sy:4, sz:4, num_conditions:2
condition:7, metric:[0.51955167 0.         0.        ]
condition:8, metric:[0.82429617 0.         0.        ]
condition batch eval, img shape:(150, 299, 299), sx:2, sy:4, sz:4, num_conditions:2
condition:9, metric:[0.84287265 0.         0.        ]
condition:10, metric:[0.62239865 0.         0.        ]
condition batch eval, img shape:(150, 299, 299), sx:2, sy:4, sz:4, num_conditions:2
condition:11, metric:[0.61527445 0.         0.        ]
condition:12, metric:[0.47116737 0.         0.        ]
condition batch eval, img shape:(150, 299, 299), sx:2, sy:4, sz:4, num_conditions:1
condition:13, metric:[0.48308525 0.         0.        ]
===>test image:/projects/weilab/liupeng/dataset/ssl_seg/BTCV/Training_resampled_1.5_1.5_2.0_npy_zscore/img/img0008.npy
condition batch eval, img shape:(222, 249, 249), sx:3, sy:3, sz:3, num_conditions:2
condition:1, metric:[0.67722712 0.         0.        ]
condition:2, metric:[0.01093506 0.         0.        ]
condition batch eval, img shape:(222, 249, 249), sx:3, sy:3, sz:3, num_conditions:2
condition:3, metric:[0.00083525 0.         0.        ]
condition:4, metric:[0.43267504 0.         0.        ]
condition batch eval, img shape:(222, 249, 249), sx:3, sy:3, sz:3, num_conditions:2
condition:5, metric:[0.4641329 0.        0.       ]
condition:6, metric:[0.80149558 0.         0.        ]
condition batch eval, img shape:(222, 249, 249), sx:3, sy:3, sz:3, num_conditions:2
condition:7, metric:[0.38351961 0.         0.        ]
condition:8, metric:[0.26227203 0.         0.        ]
condition batch eval, img shape:(222, 249, 249), sx:3, sy:3, sz:3, num_conditions:2
condition:9, metric:[0.75875057 0.         0.        ]
condition:10, metric:[0.68070779 0.         0.        ]
condition batch eval, img shape:(222, 249, 249), sx:3, sy:3, sz:3, num_conditions:2
condition:11, metric:[0.65511238 0.         0.        ]
condition:12, metric:[0.595053 0.       0.      ]
condition batch eval, img shape:(222, 249, 249), sx:3, sy:3, sz:3, num_conditions:1
condition:13, metric:[0.54451613 0.         0.        ]
Validation end
avg metric shape: (13, 3)
iteration 28000 : model2_dice_score : 0.538093 model2_hd95 : 2.884615
save model to ../model/BTCV_5_C3PS_cond_mode_film_began_semi2000_con4000_SGD_SGD/unet_3D_old/model_iter_28000.pth
save model2 to ../model/BTCV_5_C3PS_cond_mode_film_began_semi2000_con4000_SGD_SGD/unet_3D_old/model2_iter_28000.pth
iteration 28020 :model1 loss : 0.139371model2 loss : 0.107658pseudo_supervision1 : 0.204630pseudo_supervision2 : 0.190388
iteration 28040 :model1 loss : 0.136284model2 loss : 0.142981pseudo_supervision1 : 0.000000pseudo_supervision2 : 0.500329
iteration 28060 :model1 loss : 0.176469model2 loss : 0.029025pseudo_supervision1 : 0.116796pseudo_supervision2 : 0.010041
iteration 28080 :model1 loss : 0.127017model2 loss : 0.088036pseudo_supervision1 : 0.000000pseudo_supervision2 : 0.069961
iteration 28100 :model1 loss : 0.242788model2 loss : 0.046060pseudo_supervision1 : 1.210319pseudo_supervision2 : 0.228665
iteration 28120 :model1 loss : 0.115146model2 loss : 0.078545pseudo_supervision1 : 0.000000pseudo_supervision2 : 0.500398
iteration 28140 :model1 loss : 0.179054model2 loss : 0.041362pseudo_supervision1 : 0.550137pseudo_supervision2 : 0.065117
iteration 28160 :model1 loss : 0.116996model2 loss : 0.133871pseudo_supervision1 : 0.000000pseudo_supervision2 : 0.500204
iteration 28180 :model1 loss : 0.236589model2 loss : 0.110148pseudo_supervision1 : 0.000000pseudo_supervision2 : 0.500168
iteration 28200 :model1 loss : 0.134714model2 loss : 0.068804pseudo_supervision1 : 0.000000pseudo_supervision2 : 0.500136
save model to ../model/BTCV_5_C3PS_cond_mode_film_began_semi2000_con4000_SGD_SGD/unet_3D_old/model_iter_28200.pth
save model2 to ../model/BTCV_5_C3PS_cond_mode_film_began_semi2000_con4000_SGD_SGD/unet_3D_old/model2_iter_28200.pth
iteration 28220 :model1 loss : 0.145193model2 loss : 0.019623pseudo_supervision1 : 0.204443pseudo_supervision2 : 0.024215
iteration 28240 :model1 loss : 0.254200model2 loss : 0.136297pseudo_supervision1 : 0.862874pseudo_supervision2 : 0.045567
iteration 28260 :model1 loss : 0.408392model2 loss : 0.034958pseudo_supervision1 : 0.610897pseudo_supervision2 : 0.105353
iteration 28280 :model1 loss : 0.308665model2 loss : 0.034997pseudo_supervision1 : 0.238056pseudo_supervision2 : 0.020665
iteration 28300 :model1 loss : 0.170791model2 loss : 0.070470pseudo_supervision1 : 0.143995pseudo_supervision2 : 0.019517
iteration 28320 :model1 loss : 0.304176model2 loss : 0.024984pseudo_supervision1 : 0.197498pseudo_supervision2 : 0.018491
iteration 28340 :model1 loss : 0.146283model2 loss : 0.059507pseudo_supervision1 : 0.000000pseudo_supervision2 : 0.301469
iteration 28360 :model1 loss : 0.299030model2 loss : 0.065693pseudo_supervision1 : 0.369378pseudo_supervision2 : 0.085345
iteration 28380 :model1 loss : 0.223652model2 loss : 0.024048pseudo_supervision1 : 0.994794pseudo_supervision2 : 0.049479
iteration 28400 :model1 loss : 0.248108model2 loss : 0.043775pseudo_supervision1 : 0.556517pseudo_supervision2 : 0.016599
began evaluation!
iteration 28400: validation sampled 4/12 cases
Total test images: 4
Validation begin
Validation end
avg metric shape: (13, 3)
iteration 28400 : model_dice_score : 0.546185 model_hd95 : 2.884615
began evaluation!
Total test images: 4
Validation begin
===>test image:/projects/weilab/liupeng/dataset/ssl_seg/BTCV/Training_resampled_1.5_1.5_2.0_npy_zscore/img/img0008.npy
condition batch eval, img shape:(222, 249, 249), sx:3, sy:3, sz:3, num_conditions:2
condition:1, metric:[0.58049711 0.         0.        ]
condition:2, metric:[0.00924014 0.         0.        ]
condition batch eval, img shape:(222, 249, 249), sx:3, sy:3, sz:3, num_conditions:2
condition:3, metric:[0.00159899 0.         0.        ]
condition:4, metric:[0.74296372 0.         0.        ]
condition batch eval, img shape:(222, 249, 249), sx:3, sy:3, sz:3, num_conditions:2
condition:5, metric:[0.63209967 0.         0.        ]
condition:6, metric:[0.80702877 0.         0.        ]
condition batch eval, img shape:(222, 249, 249), sx:3, sy:3, sz:3, num_conditions:2
condition:7, metric:[0.31082813 0.         0.        ]
condition:8, metric:[0.26622594 0.         0.        ]
condition batch eval, img shape:(222, 249, 249), sx:3, sy:3, sz:3, num_conditions:2
condition:9, metric:[0.65891686 0.         0.        ]
condition:10, metric:[0.64426032 0.         0.        ]
condition batch eval, img shape:(222, 249, 249), sx:3, sy:3, sz:3, num_conditions:2
condition:11, metric:[0.50661102 0.         0.        ]
condition:12, metric:[0.47976308 0.         0.        ]
condition batch eval, img shape:(222, 249, 249), sx:3, sy:3, sz:3, num_conditions:1
condition:13, metric:[0.6 0.  0. ]
===>test image:/projects/weilab/liupeng/dataset/ssl_seg/BTCV/Training_resampled_1.5_1.5_2.0_npy_zscore/img/img0025.npy
condition batch eval, img shape:(212, 284, 284), sx:3, sy:3, sz:3, num_conditions:2
condition:1, metric:[0.70055924 0.         0.        ]
condition:2, metric:[0.32132667 0.         0.        ]
condition batch eval, img shape:(212, 284, 284), sx:3, sy:3, sz:3, num_conditions:2
condition:3, metric:[0.59659206 0.         0.        ]
condition:4, metric:[0.79773243 0.         0.        ]
condition batch eval, img shape:(212, 284, 284), sx:3, sy:3, sz:3, num_conditions:2
condition:5, metric:[0.61681465 0.         0.        ]
condition:6, metric:[0.93257757 0.         0.        ]
condition batch eval, img shape:(212, 284, 284), sx:3, sy:3, sz:3, num_conditions:2
condition:7, metric:[0.61651013 0.         0.        ]
condition:8, metric:[0.6889685 0.        0.       ]
condition batch eval, img shape:(212, 284, 284), sx:3, sy:3, sz:3, num_conditions:2
condition:9, metric:[0.7366818 0.        0.       ]
condition:10, metric:[0.15227653 0.         0.        ]
condition batch eval, img shape:(212, 284, 284), sx:3, sy:3, sz:3, num_conditions:2
condition:11, metric:[0.53631558 0.         0.        ]
condition:12, metric:[0.23730625 0.         0.        ]
condition batch eval, img shape:(212, 284, 284), sx:3, sy:3, sz:3, num_conditions:1
condition:13, metric:[0.38685446 0.         0.        ]
===>test image:/projects/weilab/liupeng/dataset/ssl_seg/BTCV/Training_resampled_1.5_1.5_2.0_npy_zscore/img/img0036.npy
condition batch eval, img shape:(276, 255, 255), sx:4, sy:3, sz:3, num_conditions:2
condition:1, metric:[0.75349641 0.         0.        ]
condition:2, metric:[0.71648659 0.         0.        ]
condition batch eval, img shape:(276, 255, 255), sx:4, sy:3, sz:3, num_conditions:2
condition:3, metric:[0.68253263 0.         0.        ]
condition:4, metric:[0.44692447 0.         0.        ]
condition batch eval, img shape:(276, 255, 255), sx:4, sy:3, sz:3, num_conditions:2
condition:5, metric:[0.65356467 0.         0.        ]
condition:6, metric:[0.86405041 0.         0.        ]
condition batch eval, img shape:(276, 255, 255), sx:4, sy:3, sz:3, num_conditions:2
condition:7, metric:[0.67550491 0.         0.        ]
condition:8, metric:[0.53856455 0.         0.        ]
condition batch eval, img shape:(276, 255, 255), sx:4, sy:3, sz:3, num_conditions:2
condition:9, metric:[0.70737679 0.         0.        ]
condition:10, metric:[0.65635188 0.         0.        ]
condition batch eval, img shape:(276, 255, 255), sx:4, sy:3, sz:3, num_conditions:2
condition:11, metric:[0.42671898 0.         0.        ]
condition:12, metric:[0.24081633 0.         0.        ]
condition batch eval, img shape:(276, 255, 255), sx:4, sy:3, sz:3, num_conditions:1
condition:13, metric:[0.55168986 0.         0.        ]
===>test image:/projects/weilab/liupeng/dataset/ssl_seg/BTCV/Training_resampled_1.5_1.5_2.0_npy_zscore/img/img0035.npy
condition batch eval, img shape:(235, 314, 314), sx:4, sy:4, sz:4, num_conditions:2
condition:1, metric:[0.82355677 0.         0.        ]
condition:2, metric:[0.86421705 0.         0.        ]
condition batch eval, img shape:(235, 314, 314), sx:4, sy:4, sz:4, num_conditions:2
condition:3, metric:[0.73061914 0.         0.        ]
condition:4, metric:[  0. 150. 150.]
condition batch eval, img shape:(235, 314, 314), sx:4, sy:4, sz:4, num_conditions:2
condition:5, metric:[0.59027088 0.         0.        ]
condition:6, metric:[0.89633286 0.         0.        ]
condition batch eval, img shape:(235, 314, 314), sx:4, sy:4, sz:4, num_conditions:2
condition:7, metric:[0.62902177 0.         0.        ]
condition:8, metric:[0.51028081 0.         0.        ]
condition batch eval, img shape:(235, 314, 314), sx:4, sy:4, sz:4, num_conditions:2
condition:9, metric:[0.72726539 0.         0.        ]
condition:10, metric:[0.68482039 0.         0.        ]
condition batch eval, img shape:(235, 314, 314), sx:4, sy:4, sz:4, num_conditions:2
condition:11, metric:[0.38279148 0.         0.        ]
condition:12, metric:[0.34621849 0.         0.        ]
condition batch eval, img shape:(235, 314, 314), sx:4, sy:4, sz:4, num_conditions:1
condition:13, metric:[0.13218391 0.         0.        ]
Validation end
avg metric shape: (13, 3)
iteration 28400 : model2_dice_score : 0.553696 model2_hd95 : 2.884615
save model to ../model/BTCV_5_C3PS_cond_mode_film_began_semi2000_con4000_SGD_SGD/unet_3D_old/model_iter_28400.pth
save model2 to ../model/BTCV_5_C3PS_cond_mode_film_began_semi2000_con4000_SGD_SGD/unet_3D_old/model2_iter_28400.pth
iteration 28420 :model1 loss : 0.175734model2 loss : 0.047778pseudo_supervision1 : 0.000000pseudo_supervision2 : 0.249495
iteration 28440 :model1 loss : 0.151089model2 loss : 0.082951pseudo_supervision1 : 0.000000pseudo_supervision2 : 0.500419
iteration 28460 :model1 loss : 0.214859model2 loss : 0.035492pseudo_supervision1 : 0.832276pseudo_supervision2 : 0.030910
iteration 28480 :model1 loss : 0.273708model2 loss : 0.031574pseudo_supervision1 : 0.315472pseudo_supervision2 : 0.067860
iteration 28500 :model1 loss : 0.134199model2 loss : 0.072878pseudo_supervision1 : 0.000000pseudo_supervision2 : 0.500148
iteration 28520 :model1 loss : 0.173059model2 loss : 0.136781pseudo_supervision1 : 0.000000pseudo_supervision2 : 0.394923
iteration 28540 :model1 loss : 0.138792model2 loss : 0.032778pseudo_supervision1 : 0.183961pseudo_supervision2 : 0.029009
iteration 28560 :model1 loss : 0.327273model2 loss : 0.065094pseudo_supervision1 : 0.000000pseudo_supervision2 : 0.500412
iteration 28580 :model1 loss : 0.117238model2 loss : 0.070775pseudo_supervision1 : 0.000000pseudo_supervision2 : 0.500495
iteration 28600 :model1 loss : 0.188366model2 loss : 0.077563pseudo_supervision1 : 0.000000pseudo_supervision2 : 0.500153
save model to ../model/BTCV_5_C3PS_cond_mode_film_began_semi2000_con4000_SGD_SGD/unet_3D_old/model_iter_28600.pth
save model2 to ../model/BTCV_5_C3PS_cond_mode_film_began_semi2000_con4000_SGD_SGD/unet_3D_old/model2_iter_28600.pth
iteration 28620 :model1 loss : 0.144669model2 loss : 0.060908pseudo_supervision1 : 0.196562pseudo_supervision2 : 0.009700
iteration 28640 :model1 loss : 0.171776model2 loss : 0.036144pseudo_supervision1 : 0.406498pseudo_supervision2 : 0.015064
iteration 28660 :model1 loss : 0.400036model2 loss : 0.103361pseudo_supervision1 : 0.203423pseudo_supervision2 : 0.763726
iteration 28680 :model1 loss : 0.155878model2 loss : 0.073556pseudo_supervision1 : 0.252478pseudo_supervision2 : 0.050526
iteration 28700 :model1 loss : 0.171775model2 loss : 0.068048pseudo_supervision1 : 0.486703pseudo_supervision2 : 0.082042
iteration 28720 :model1 loss : 0.172367model2 loss : 0.029686pseudo_supervision1 : 0.000000pseudo_supervision2 : 0.022113
iteration 28740 :model1 loss : 0.138896model2 loss : 0.036053pseudo_supervision1 : 0.236159pseudo_supervision2 : 0.068823
iteration 28760 :model1 loss : 0.147809model2 loss : 0.046429pseudo_supervision1 : 0.000000pseudo_supervision2 : 0.031997
iteration 28780 :model1 loss : 0.153289model2 loss : 0.035337pseudo_supervision1 : 0.210822pseudo_supervision2 : 0.054126
iteration 28800 :model1 loss : 0.181631model2 loss : 0.023286pseudo_supervision1 : 0.220646pseudo_supervision2 : 0.031187
began evaluation!
iteration 28800: validation sampled 4/12 cases
Total test images: 4
Validation begin
Validation end
avg metric shape: (13, 3)
iteration 28800 : model_dice_score : 0.592566 model_hd95 : 2.884615
began evaluation!
Total test images: 4
Validation begin
===>test image:/projects/weilab/liupeng/dataset/ssl_seg/BTCV/Training_resampled_1.5_1.5_2.0_npy_zscore/img/img0001.npy
condition batch eval, img shape:(220, 228, 228), sx:3, sy:3, sz:3, num_conditions:2
condition:1, metric:[0.70290172 0.         0.        ]
condition:2, metric:[0.43871733 0.         0.        ]
condition batch eval, img shape:(220, 228, 228), sx:3, sy:3, sz:3, num_conditions:2
condition:3, metric:[0.51462889 0.         0.        ]
condition:4, metric:[0.00079365 0.         0.        ]
condition batch eval, img shape:(220, 228, 228), sx:3, sy:3, sz:3, num_conditions:2
condition:5, metric:[0.68048671 0.         0.        ]
condition:6, metric:[0.75975693 0.         0.        ]
condition batch eval, img shape:(220, 228, 228), sx:3, sy:3, sz:3, num_conditions:2
condition:7, metric:[0.43167037 0.         0.        ]
condition:8, metric:[0.42257795 0.         0.        ]
condition batch eval, img shape:(220, 228, 228), sx:3, sy:3, sz:3, num_conditions:2
condition:9, metric:[0.66158487 0.         0.        ]
condition:10, metric:[0.62746833 0.         0.        ]
condition batch eval, img shape:(220, 228, 228), sx:3, sy:3, sz:3, num_conditions:2
condition:11, metric:[0.32641007 0.         0.        ]
condition:12, metric:[0.33083957 0.         0.        ]
condition batch eval, img shape:(220, 228, 228), sx:3, sy:3, sz:3, num_conditions:1
condition:13, metric:[0.57357974 0.         0.        ]
===>test image:/projects/weilab/liupeng/dataset/ssl_seg/BTCV/Training_resampled_1.5_1.5_2.0_npy_zscore/img/img0035.npy
condition batch eval, img shape:(235, 314, 314), sx:4, sy:4, sz:4, num_conditions:2
condition:1, metric:[0.71739497 0.         0.        ]
condition:2, metric:[0.80547467 0.         0.        ]
condition batch eval, img shape:(235, 314, 314), sx:4, sy:4, sz:4, num_conditions:2
condition:3, metric:[0.70643239 0.         0.        ]
condition:4, metric:[  0. 150. 150.]
condition batch eval, img shape:(235, 314, 314), sx:4, sy:4, sz:4, num_conditions:2
condition:5, metric:[0.55931044 0.         0.        ]
condition:6, metric:[0.7385584 0.        0.       ]
condition batch eval, img shape:(235, 314, 314), sx:4, sy:4, sz:4, num_conditions:2
condition:7, metric:[0.48399009 0.         0.        ]
condition:8, metric:[0.45078782 0.         0.        ]
condition batch eval, img shape:(235, 314, 314), sx:4, sy:4, sz:4, num_conditions:2
condition:9, metric:[0.75170001 0.         0.        ]
condition:10, metric:[0.60502245 0.         0.        ]
condition batch eval, img shape:(235, 314, 314), sx:4, sy:4, sz:4, num_conditions:2
condition:11, metric:[0.37899216 0.         0.        ]
condition:12, metric:[0.53125 0.      0.     ]
condition batch eval, img shape:(235, 314, 314), sx:4, sy:4, sz:4, num_conditions:1
condition:13, metric:[0.61179829 0.         0.        ]
===>test image:/projects/weilab/liupeng/dataset/ssl_seg/BTCV/Training_resampled_1.5_1.5_2.0_npy_zscore/img/img0022.npy
condition batch eval, img shape:(222, 262, 262), sx:3, sy:3, sz:3, num_conditions:2
condition:1, metric:[0.68673946 0.         0.        ]
condition:2, metric:[0.92866927 0.         0.        ]
condition batch eval, img shape:(222, 262, 262), sx:3, sy:3, sz:3, num_conditions:2
condition:3, metric:[0.86739553 0.         0.        ]
condition:4, metric:[0.33291157 0.         0.        ]
condition batch eval, img shape:(222, 262, 262), sx:3, sy:3, sz:3, num_conditions:2
condition:5, metric:[0.4501171 0.        0.       ]
condition:6, metric:[0.67809508 0.         0.        ]
condition batch eval, img shape:(222, 262, 262), sx:3, sy:3, sz:3, num_conditions:2
condition:7, metric:[0.67281933 0.         0.        ]
condition:8, metric:[0.64980015 0.         0.        ]
condition batch eval, img shape:(222, 262, 262), sx:3, sy:3, sz:3, num_conditions:2
condition:9, metric:[0.75745565 0.         0.        ]
condition:10, metric:[0.7039242 0.        0.       ]
condition batch eval, img shape:(222, 262, 262), sx:3, sy:3, sz:3, num_conditions:2
condition:11, metric:[0.69978137 0.         0.        ]
condition:12, metric:[0.40633245 0.         0.        ]
condition batch eval, img shape:(222, 262, 262), sx:3, sy:3, sz:3, num_conditions:1
condition:13, metric:[0.5676913 0.        0.       ]
===>test image:/projects/weilab/liupeng/dataset/ssl_seg/BTCV/Training_resampled_1.5_1.5_2.0_npy_zscore/img/img0029.npy
condition batch eval, img shape:(150, 299, 299), sx:2, sy:4, sz:4, num_conditions:2
condition:1, metric:[0.72099087 0.         0.        ]
condition:2, metric:[0.75738065 0.         0.        ]
condition batch eval, img shape:(150, 299, 299), sx:2, sy:4, sz:4, num_conditions:2
condition:3, metric:[0.76174717 0.         0.        ]
condition:4, metric:[0.64531549 0.         0.        ]
condition batch eval, img shape:(150, 299, 299), sx:2, sy:4, sz:4, num_conditions:2
condition:5, metric:[0.76960894 0.         0.        ]
condition:6, metric:[0.88322136 0.         0.        ]
condition batch eval, img shape:(150, 299, 299), sx:2, sy:4, sz:4, num_conditions:2
condition:7, metric:[0.50281926 0.         0.        ]
condition:8, metric:[0.7339362 0.        0.       ]
condition batch eval, img shape:(150, 299, 299), sx:2, sy:4, sz:4, num_conditions:2
condition:9, metric:[0.85545899 0.         0.        ]
condition:10, metric:[0.60049221 0.         0.        ]
condition batch eval, img shape:(150, 299, 299), sx:2, sy:4, sz:4, num_conditions:2
condition:11, metric:[0.50611338 0.         0.        ]
condition:12, metric:[0.53443202 0.         0.        ]
condition batch eval, img shape:(150, 299, 299), sx:2, sy:4, sz:4, num_conditions:1
condition:13, metric:[0.52173913 0.         0.        ]
Validation end
avg metric shape: (13, 3)
save model to ../model/BTCV_5_C3PS_cond_mode_film_began_semi2000_con4000_SGD_SGD/unet_3D_old/iter_28800_dice_0.5963
iteration 28800 : model2_dice_score : 0.596291 model2_hd95 : 2.884615
save model to ../model/BTCV_5_C3PS_cond_mode_film_began_semi2000_con4000_SGD_SGD/unet_3D_old/model_iter_28800.pth
save model2 to ../model/BTCV_5_C3PS_cond_mode_film_began_semi2000_con4000_SGD_SGD/unet_3D_old/model2_iter_28800.pth
iteration 28820 :model1 loss : 0.149144model2 loss : 0.081999pseudo_supervision1 : 0.276119pseudo_supervision2 : 0.134676
iteration 28840 :model1 loss : 0.151202model2 loss : 0.037502pseudo_supervision1 : 0.000000pseudo_supervision2 : 0.039044
iteration 28860 :model1 loss : 0.147371model2 loss : 0.042270pseudo_supervision1 : 0.191623pseudo_supervision2 : 0.032849
iteration 28880 :model1 loss : 0.154141model2 loss : 0.070280pseudo_supervision1 : 0.205168pseudo_supervision2 : 0.024876
iteration 28900 :model1 loss : 0.295737model2 loss : 0.036577pseudo_supervision1 : 0.420939pseudo_supervision2 : 0.086649
iteration 28920 :model1 loss : 0.120936model2 loss : 0.033639pseudo_supervision1 : 0.000000pseudo_supervision2 : 0.032116
iteration 28940 :model1 loss : 0.138486model2 loss : 0.073998pseudo_supervision1 : 0.000000pseudo_supervision2 : 0.500138
iteration 28960 :model1 loss : 0.152965model2 loss : 0.087904pseudo_supervision1 : 0.000000pseudo_supervision2 : 0.500486
iteration 28980 :model1 loss : 0.133140model2 loss : 0.084188pseudo_supervision1 : 0.000000pseudo_supervision2 : 0.500206
iteration 29000 :model1 loss : 0.119899model2 loss : 0.071471pseudo_supervision1 : 0.000000pseudo_supervision2 : 0.500099
save model to ../model/BTCV_5_C3PS_cond_mode_film_began_semi2000_con4000_SGD_SGD/unet_3D_old/model_iter_29000.pth
save model2 to ../model/BTCV_5_C3PS_cond_mode_film_began_semi2000_con4000_SGD_SGD/unet_3D_old/model2_iter_29000.pth
iteration 29020 :model1 loss : 0.155976model2 loss : 0.075336pseudo_supervision1 : 0.000000pseudo_supervision2 : 0.500696
iteration 29040 :model1 loss : 0.190818model2 loss : 0.069923pseudo_supervision1 : 0.324463pseudo_supervision2 : 0.032526
iteration 29060 :model1 loss : 0.135993model2 loss : 0.072750pseudo_supervision1 : 0.108815pseudo_supervision2 : 0.031933
iteration 29080 :model1 loss : 0.198528model2 loss : 0.026559pseudo_supervision1 : 0.785871pseudo_supervision2 : 0.045153
iteration 29100 :model1 loss : 0.155613model2 loss : 0.044086pseudo_supervision1 : 0.216280pseudo_supervision2 : 0.057944
iteration 29120 :model1 loss : 0.237868model2 loss : 0.023194pseudo_supervision1 : 1.161576pseudo_supervision2 : 0.061283
iteration 29140 :model1 loss : 0.164687model2 loss : 0.055176pseudo_supervision1 : 0.361763pseudo_supervision2 : 0.021832
iteration 29160 :model1 loss : 0.142805model2 loss : 0.034880pseudo_supervision1 : 0.000000pseudo_supervision2 : 0.138809
iteration 29180 :model1 loss : 0.121522model2 loss : 0.065355pseudo_supervision1 : 0.000000pseudo_supervision2 : 0.500096
iteration 29200 :model1 loss : 0.234125model2 loss : 0.035639pseudo_supervision1 : 0.247717pseudo_supervision2 : 0.047631
began evaluation!
iteration 29200: validation sampled 4/12 cases
Total test images: 4
Validation begin
Validation end
avg metric shape: (13, 3)
iteration 29200 : model_dice_score : 0.526025 model_hd95 : 2.884615
began evaluation!
Total test images: 4
Validation begin
===>test image:/projects/weilab/liupeng/dataset/ssl_seg/BTCV/Training_resampled_1.5_1.5_2.0_npy_zscore/img/img0032.npy
condition batch eval, img shape:(216, 253, 253), sx:3, sy:3, sz:3, num_conditions:2
condition:1, metric:[0.52140518 0.         0.        ]
condition:2, metric:[0.56874846 0.         0.        ]
condition batch eval, img shape:(216, 253, 253), sx:3, sy:3, sz:3, num_conditions:2
condition:3, metric:[0.50690066 0.         0.        ]
condition:4, metric:[0.76021588 0.         0.        ]
condition batch eval, img shape:(216, 253, 253), sx:3, sy:3, sz:3, num_conditions:2
condition:5, metric:[0.64909329 0.         0.        ]
condition:6, metric:[0.70971584 0.         0.        ]
condition batch eval, img shape:(216, 253, 253), sx:3, sy:3, sz:3, num_conditions:2
condition:7, metric:[0.52738987 0.         0.        ]
condition:8, metric:[0.34902161 0.         0.        ]
condition batch eval, img shape:(216, 253, 253), sx:3, sy:3, sz:3, num_conditions:2
condition:9, metric:[0.63450924 0.         0.        ]
condition:10, metric:[0.63033873 0.         0.        ]
condition batch eval, img shape:(216, 253, 253), sx:3, sy:3, sz:3, num_conditions:2
condition:11, metric:[0.48210675 0.         0.        ]
condition:12, metric:[0.65621939 0.         0.        ]
condition batch eval, img shape:(216, 253, 253), sx:3, sy:3, sz:3, num_conditions:1
condition:13, metric:[0.09601302 0.         0.        ]
===>test image:/projects/weilab/liupeng/dataset/ssl_seg/BTCV/Training_resampled_1.5_1.5_2.0_npy_zscore/img/img0001.npy
condition batch eval, img shape:(220, 228, 228), sx:3, sy:3, sz:3, num_conditions:2
condition:1, metric:[0.76372959 0.         0.        ]
condition:2, metric:[0.50679577 0.         0.        ]
condition batch eval, img shape:(220, 228, 228), sx:3, sy:3, sz:3, num_conditions:2
condition:3, metric:[0.47517666 0.         0.        ]
condition:4, metric:[0. 0. 0.]
condition batch eval, img shape:(220, 228, 228), sx:3, sy:3, sz:3, num_conditions:2
condition:5, metric:[0.6003294 0.        0.       ]
condition:6, metric:[0.75879034 0.         0.        ]
condition batch eval, img shape:(220, 228, 228), sx:3, sy:3, sz:3, num_conditions:2
condition:7, metric:[0.46855082 0.         0.        ]
condition:8, metric:[0.39220243 0.         0.        ]
condition batch eval, img shape:(220, 228, 228), sx:3, sy:3, sz:3, num_conditions:2
condition:9, metric:[0.74014859 0.         0.        ]
condition:10, metric:[0.77402819 0.         0.        ]
condition batch eval, img shape:(220, 228, 228), sx:3, sy:3, sz:3, num_conditions:2
condition:11, metric:[0.41321495 0.         0.        ]
condition:12, metric:[0.56243094 0.         0.        ]
condition batch eval, img shape:(220, 228, 228), sx:3, sy:3, sz:3, num_conditions:1
condition:13, metric:[0.50912494 0.         0.        ]
===>test image:/projects/weilab/liupeng/dataset/ssl_seg/BTCV/Training_resampled_1.5_1.5_2.0_npy_zscore/img/img0025.npy
condition batch eval, img shape:(212, 284, 284), sx:3, sy:3, sz:3, num_conditions:2
condition:1, metric:[0.65244608 0.         0.        ]
condition:2, metric:[0.30489448 0.         0.        ]
condition batch eval, img shape:(212, 284, 284), sx:3, sy:3, sz:3, num_conditions:2
condition:3, metric:[0.69441374 0.         0.        ]
condition:4, metric:[0.7534509 0.        0.       ]
condition batch eval, img shape:(212, 284, 284), sx:3, sy:3, sz:3, num_conditions:2
condition:5, metric:[0.67449239 0.         0.        ]
condition:6, metric:[0.89374641 0.         0.        ]
condition batch eval, img shape:(212, 284, 284), sx:3, sy:3, sz:3, num_conditions:2
condition:7, metric:[0.55517767 0.         0.        ]
condition:8, metric:[0.69072787 0.         0.        ]
condition batch eval, img shape:(212, 284, 284), sx:3, sy:3, sz:3, num_conditions:2
condition:9, metric:[0.67398244 0.         0.        ]
condition:10, metric:[0.19093567 0.         0.        ]
condition batch eval, img shape:(212, 284, 284), sx:3, sy:3, sz:3, num_conditions:2
condition:11, metric:[0.59405834 0.         0.        ]
condition:12, metric:[0.51939864 0.         0.        ]
condition batch eval, img shape:(212, 284, 284), sx:3, sy:3, sz:3, num_conditions:1
condition:13, metric:[0.46780917 0.         0.        ]
===>test image:/projects/weilab/liupeng/dataset/ssl_seg/BTCV/Training_resampled_1.5_1.5_2.0_npy_zscore/img/img0035.npy
condition batch eval, img shape:(235, 314, 314), sx:4, sy:4, sz:4, num_conditions:2
condition:1, metric:[0.74836456 0.         0.        ]
condition:2, metric:[0.78154292 0.         0.        ]
condition batch eval, img shape:(235, 314, 314), sx:4, sy:4, sz:4, num_conditions:2
condition:3, metric:[0.66448664 0.         0.        ]
condition:4, metric:[  0. 150. 150.]
condition batch eval, img shape:(235, 314, 314), sx:4, sy:4, sz:4, num_conditions:2
condition:5, metric:[0.61990494 0.         0.        ]
condition:6, metric:[0.80855615 0.         0.        ]
condition batch eval, img shape:(235, 314, 314), sx:4, sy:4, sz:4, num_conditions:2
condition:7, metric:[0.54413924 0.         0.        ]
condition:8, metric:[0.44310553 0.         0.        ]
condition batch eval, img shape:(235, 314, 314), sx:4, sy:4, sz:4, num_conditions:2
condition:9, metric:[0.74339763 0.         0.        ]
condition:10, metric:[0.68181818 0.         0.        ]
condition batch eval, img shape:(235, 314, 314), sx:4, sy:4, sz:4, num_conditions:2
condition:11, metric:[0.33046504 0.         0.        ]
condition:12, metric:[0.67798408 0.         0.        ]
condition batch eval, img shape:(235, 314, 314), sx:4, sy:4, sz:4, num_conditions:1
condition:13, metric:[0.20168067 0.         0.        ]
Validation end
avg metric shape: (13, 3)
iteration 29200 : model2_dice_score : 0.557061 model2_hd95 : 2.884615
save model to ../model/BTCV_5_C3PS_cond_mode_film_began_semi2000_con4000_SGD_SGD/unet_3D_old/model_iter_29200.pth
save model2 to ../model/BTCV_5_C3PS_cond_mode_film_began_semi2000_con4000_SGD_SGD/unet_3D_old/model2_iter_29200.pth
iteration 29220 :model1 loss : 0.238976model2 loss : 0.046295pseudo_supervision1 : 0.831389pseudo_supervision2 : 0.017714
iteration 29240 :model1 loss : 0.144501model2 loss : 0.089230pseudo_supervision1 : 0.000000pseudo_supervision2 : 0.500239
iteration 29260 :model1 loss : 0.170453model2 loss : 0.073981pseudo_supervision1 : 0.000000pseudo_supervision2 : 0.500775
iteration 29280 :model1 loss : 0.129346model2 loss : 0.069499pseudo_supervision1 : 0.000000pseudo_supervision2 : 0.500176
iteration 29300 :model1 loss : 0.216137model2 loss : 0.030351pseudo_supervision1 : 0.983201pseudo_supervision2 : 0.085288
iteration 29320 :model1 loss : 0.259722model2 loss : 0.071861pseudo_supervision1 : 1.239084pseudo_supervision2 : 0.078034
iteration 29340 :model1 loss : 0.122433model2 loss : 0.063379pseudo_supervision1 : 0.000000pseudo_supervision2 : 0.500523
iteration 29360 :model1 loss : 0.222587model2 loss : 0.129561pseudo_supervision1 : 0.504440pseudo_supervision2 : 0.049383
iteration 29380 :model1 loss : 0.298474model2 loss : 0.083891pseudo_supervision1 : 0.680793pseudo_supervision2 : 0.142960
iteration 29400 :model1 loss : 0.238668model2 loss : 0.061265pseudo_supervision1 : 0.000000pseudo_supervision2 : 0.129838
save model to ../model/BTCV_5_C3PS_cond_mode_film_began_semi2000_con4000_SGD_SGD/unet_3D_old/model_iter_29400.pth
save model2 to ../model/BTCV_5_C3PS_cond_mode_film_began_semi2000_con4000_SGD_SGD/unet_3D_old/model2_iter_29400.pth
iteration 29420 :model1 loss : 0.166982model2 loss : 0.051706pseudo_supervision1 : 0.142259pseudo_supervision2 : 0.014838
iteration 29440 :model1 loss : 0.192608model2 loss : 0.030584pseudo_supervision1 : 0.813085pseudo_supervision2 : 0.021309
iteration 29460 :model1 loss : 0.220307model2 loss : 0.041159pseudo_supervision1 : 0.505852pseudo_supervision2 : 0.029382
iteration 29480 :model1 loss : 0.232093model2 loss : 0.016400pseudo_supervision1 : 0.191071pseudo_supervision2 : 0.014611
iteration 29500 :model1 loss : 0.213066model2 loss : 0.116888pseudo_supervision1 : 0.774412pseudo_supervision2 : 0.032193
iteration 29520 :model1 loss : 0.117419model2 loss : 0.020435pseudo_supervision1 : 0.000000pseudo_supervision2 : 0.022408
iteration 29540 :model1 loss : 0.159007model2 loss : 0.025041pseudo_supervision1 : 0.302258pseudo_supervision2 : 0.020362
iteration 29560 :model1 loss : 0.175766model2 loss : 0.053947pseudo_supervision1 : 0.107117pseudo_supervision2 : 0.073709
iteration 29580 :model1 loss : 0.212919model2 loss : 0.023552pseudo_supervision1 : 0.000000pseudo_supervision2 : 0.060054
iteration 29600 :model1 loss : 0.141736model2 loss : 0.067248pseudo_supervision1 : 0.000000pseudo_supervision2 : 0.051516
began evaluation!
iteration 29600: validation sampled 4/12 cases
Total test images: 4
Validation begin
Validation end
avg metric shape: (13, 3)
iteration 29600 : model_dice_score : 0.576009 model_hd95 : 0.000000
began evaluation!
Total test images: 4
Validation begin
===>test image:/projects/weilab/liupeng/dataset/ssl_seg/BTCV/Training_resampled_1.5_1.5_2.0_npy_zscore/img/img0038.npy
condition batch eval, img shape:(250, 333, 333), sx:4, sy:4, sz:4, num_conditions:2
condition:1, metric:[0.6605007 0.        0.       ]
condition:2, metric:[0.81669688 0.         0.        ]
condition batch eval, img shape:(250, 333, 333), sx:4, sy:4, sz:4, num_conditions:2
condition:3, metric:[0.92001773 0.         0.        ]
condition:4, metric:[0.30599186 0.         0.        ]
condition batch eval, img shape:(250, 333, 333), sx:4, sy:4, sz:4, num_conditions:2
condition:5, metric:[0.47904192 0.         0.        ]
condition:6, metric:[0.82009797 0.         0.        ]
condition batch eval, img shape:(250, 333, 333), sx:4, sy:4, sz:4, num_conditions:2
condition:7, metric:[0.46949516 0.         0.        ]
condition:8, metric:[0.81685182 0.         0.        ]
condition batch eval, img shape:(250, 333, 333), sx:4, sy:4, sz:4, num_conditions:2
condition:9, metric:[0.69322821 0.         0.        ]
condition:10, metric:[0.68112773 0.         0.        ]
condition batch eval, img shape:(250, 333, 333), sx:4, sy:4, sz:4, num_conditions:2
condition:11, metric:[0.74795191 0.         0.        ]
condition:12, metric:[0.27018791 0.         0.        ]
condition batch eval, img shape:(250, 333, 333), sx:4, sy:4, sz:4, num_conditions:1
condition:13, metric:[0.40963855 0.         0.        ]
===>test image:/projects/weilab/liupeng/dataset/ssl_seg/BTCV/Training_resampled_1.5_1.5_2.0_npy_zscore/img/img0008.npy
condition batch eval, img shape:(222, 249, 249), sx:3, sy:3, sz:3, num_conditions:2
condition:1, metric:[0.62601139 0.         0.        ]
condition:2, metric:[0.01231204 0.         0.        ]
condition batch eval, img shape:(222, 249, 249), sx:3, sy:3, sz:3, num_conditions:2
condition:3, metric:[0.00522203 0.         0.        ]
condition:4, metric:[0.67555402 0.         0.        ]
condition batch eval, img shape:(222, 249, 249), sx:3, sy:3, sz:3, num_conditions:2
condition:5, metric:[0.57757371 0.         0.        ]
condition:6, metric:[0.77110203 0.         0.        ]
condition batch eval, img shape:(222, 249, 249), sx:3, sy:3, sz:3, num_conditions:2
condition:7, metric:[0.30474832 0.         0.        ]
condition:8, metric:[0.29916482 0.         0.        ]
condition batch eval, img shape:(222, 249, 249), sx:3, sy:3, sz:3, num_conditions:2
condition:9, metric:[0.76014545 0.         0.        ]
condition:10, metric:[0.6839726 0.        0.       ]
condition batch eval, img shape:(222, 249, 249), sx:3, sy:3, sz:3, num_conditions:2
condition:11, metric:[0.47292783 0.         0.        ]
condition:12, metric:[0.52207294 0.         0.        ]
condition batch eval, img shape:(222, 249, 249), sx:3, sy:3, sz:3, num_conditions:1
condition:13, metric:[0.63549784 0.         0.        ]
===>test image:/projects/weilab/liupeng/dataset/ssl_seg/BTCV/Training_resampled_1.5_1.5_2.0_npy_zscore/img/img0029.npy
condition batch eval, img shape:(150, 299, 299), sx:2, sy:4, sz:4, num_conditions:2
condition:1, metric:[0.76617911 0.         0.        ]
condition:2, metric:[0.86799363 0.         0.        ]
condition batch eval, img shape:(150, 299, 299), sx:2, sy:4, sz:4, num_conditions:2
condition:3, metric:[0.75073021 0.         0.        ]
condition:4, metric:[0.71090387 0.         0.        ]
condition batch eval, img shape:(150, 299, 299), sx:2, sy:4, sz:4, num_conditions:2
condition:5, metric:[0.78169871 0.         0.        ]
condition:6, metric:[0.90636184 0.         0.        ]
condition batch eval, img shape:(150, 299, 299), sx:2, sy:4, sz:4, num_conditions:2
condition:7, metric:[0.46199676 0.         0.        ]
condition:8, metric:[0.78780138 0.         0.        ]
condition batch eval, img shape:(150, 299, 299), sx:2, sy:4, sz:4, num_conditions:2
condition:9, metric:[0.8461419 0.        0.       ]
condition:10, metric:[0.5302237 0.        0.       ]
condition batch eval, img shape:(150, 299, 299), sx:2, sy:4, sz:4, num_conditions:2
condition:11, metric:[0.49998814 0.         0.        ]
condition:12, metric:[0.38395904 0.         0.        ]
condition batch eval, img shape:(150, 299, 299), sx:2, sy:4, sz:4, num_conditions:1
condition:13, metric:[0.52391464 0.         0.        ]
===>test image:/projects/weilab/liupeng/dataset/ssl_seg/BTCV/Training_resampled_1.5_1.5_2.0_npy_zscore/img/img0032.npy
condition batch eval, img shape:(216, 253, 253), sx:3, sy:3, sz:3, num_conditions:2
condition:1, metric:[0.47827701 0.         0.        ]
condition:2, metric:[0.60623482 0.         0.        ]
condition batch eval, img shape:(216, 253, 253), sx:3, sy:3, sz:3, num_conditions:2
condition:3, metric:[0.56840852 0.         0.        ]
condition:4, metric:[0.81247615 0.         0.        ]
condition batch eval, img shape:(216, 253, 253), sx:3, sy:3, sz:3, num_conditions:2
condition:5, metric:[0.69748215 0.         0.        ]
condition:6, metric:[0.74284602 0.         0.        ]
condition batch eval, img shape:(216, 253, 253), sx:3, sy:3, sz:3, num_conditions:2
condition:7, metric:[0.52237584 0.         0.        ]
condition:8, metric:[0.38085659 0.         0.        ]
condition batch eval, img shape:(216, 253, 253), sx:3, sy:3, sz:3, num_conditions:2
condition:9, metric:[0.64032542 0.         0.        ]
condition:10, metric:[0.58655319 0.         0.        ]
condition batch eval, img shape:(216, 253, 253), sx:3, sy:3, sz:3, num_conditions:2
condition:11, metric:[0.37303945 0.         0.        ]
condition:12, metric:[0.53980583 0.         0.        ]
condition batch eval, img shape:(216, 253, 253), sx:3, sy:3, sz:3, num_conditions:1
condition:13, metric:[0.35520685 0.         0.        ]
Validation end
avg metric shape: (13, 3)
iteration 29600 : model2_dice_score : 0.587671 model2_hd95 : 0.000000
save model to ../model/BTCV_5_C3PS_cond_mode_film_began_semi2000_con4000_SGD_SGD/unet_3D_old/model_iter_29600.pth
save model2 to ../model/BTCV_5_C3PS_cond_mode_film_began_semi2000_con4000_SGD_SGD/unet_3D_old/model2_iter_29600.pth
iteration 29620 :model1 loss : 0.145970model2 loss : 0.025433pseudo_supervision1 : 0.139241pseudo_supervision2 : 0.029296
iteration 29640 :model1 loss : 0.307202model2 loss : 0.077045pseudo_supervision1 : 0.000000pseudo_supervision2 : 0.500441
iteration 29660 :model1 loss : 0.143543model2 loss : 0.043287pseudo_supervision1 : 0.108284pseudo_supervision2 : 0.026360
iteration 29680 :model1 loss : 0.141437model2 loss : 0.071600pseudo_supervision1 : 0.000000pseudo_supervision2 : 0.500096
iteration 29700 :model1 loss : 0.258096model2 loss : 0.024918pseudo_supervision1 : 0.425737pseudo_supervision2 : 0.062298
iteration 29720 :model1 loss : 0.127223model2 loss : 0.075880pseudo_supervision1 : 0.000000pseudo_supervision2 : 0.500971
iteration 29740 :model1 loss : 0.361698model2 loss : 0.040671pseudo_supervision1 : 0.237564pseudo_supervision2 : 0.103446
iteration 29760 :model1 loss : 0.383993model2 loss : 0.243136pseudo_supervision1 : 0.000000pseudo_supervision2 : 0.500358
iteration 29780 :model1 loss : 0.136576model2 loss : 0.026752pseudo_supervision1 : 0.000000pseudo_supervision2 : 0.092655
iteration 29800 :model1 loss : 0.159145model2 loss : 0.028986pseudo_supervision1 : 0.268213pseudo_supervision2 : 0.068540
save model to ../model/BTCV_5_C3PS_cond_mode_film_began_semi2000_con4000_SGD_SGD/unet_3D_old/model_iter_29800.pth
save model2 to ../model/BTCV_5_C3PS_cond_mode_film_began_semi2000_con4000_SGD_SGD/unet_3D_old/model2_iter_29800.pth
iteration 29820 :model1 loss : 0.299023model2 loss : 0.030998pseudo_supervision1 : 1.229066pseudo_supervision2 : 0.023057
iteration 29840 :model1 loss : 0.175216model2 loss : 0.035178pseudo_supervision1 : 0.480874pseudo_supervision2 : 0.128982
iteration 29860 :model1 loss : 0.166704model2 loss : 0.020135pseudo_supervision1 : 0.339669pseudo_supervision2 : 0.017203
iteration 29880 :model1 loss : 0.143338model2 loss : 0.091435pseudo_supervision1 : 0.000000pseudo_supervision2 : 0.500208
iteration 29900 :model1 loss : 0.164106model2 loss : 0.061400pseudo_supervision1 : 0.422453pseudo_supervision2 : 0.030384
iteration 29920 :model1 loss : 0.278860model2 loss : 0.063343pseudo_supervision1 : 0.177734pseudo_supervision2 : 0.018159
iteration 29940 :model1 loss : 0.305808model2 loss : 0.093953pseudo_supervision1 : 0.000000pseudo_supervision2 : 0.500297
iteration 29960 :model1 loss : 0.150143model2 loss : 0.121052pseudo_supervision1 : 0.000000pseudo_supervision2 : 0.500622
iteration 29980 :model1 loss : 0.179197model2 loss : 0.076538pseudo_supervision1 : 0.000000pseudo_supervision2 : 0.500435
iteration 30000 :model1 loss : 0.389273model2 loss : 0.106189pseudo_supervision1 : 0.000000pseudo_supervision2 : 0.500329
began evaluation!
iteration 30000: validation sampled 4/12 cases
Total test images: 4
Validation begin
Validation end
avg metric shape: (13, 3)
iteration 30000 : model_dice_score : 0.514615 model_hd95 : 0.000000
began evaluation!
Total test images: 4
Validation begin
===>test image:/projects/weilab/liupeng/dataset/ssl_seg/BTCV/Training_resampled_1.5_1.5_2.0_npy_zscore/img/img0003.npy
condition batch eval, img shape:(297, 307, 307), sx:5, sy:4, sz:4, num_conditions:2
condition:1, metric:[0.38457709 0.         0.        ]
condition:2, metric:[0.80348411 0.         0.        ]
condition batch eval, img shape:(297, 307, 307), sx:5, sy:4, sz:4, num_conditions:2
condition:3, metric:[0.91539303 0.         0.        ]
condition:4, metric:[0.50994955 0.         0.        ]
condition batch eval, img shape:(297, 307, 307), sx:5, sy:4, sz:4, num_conditions:2
condition:5, metric:[0.10896391 0.         0.        ]
condition:6, metric:[0.67918871 0.         0.        ]
condition batch eval, img shape:(297, 307, 307), sx:5, sy:4, sz:4, num_conditions:2
condition:7, metric:[0.13960706 0.         0.        ]
condition:8, metric:[0.84820059 0.         0.        ]
condition batch eval, img shape:(297, 307, 307), sx:5, sy:4, sz:4, num_conditions:2
condition:9, metric:[0.78150273 0.         0.        ]
condition:10, metric:[0.34140196 0.         0.        ]
condition batch eval, img shape:(297, 307, 307), sx:5, sy:4, sz:4, num_conditions:2
condition:11, metric:[0.14731834 0.         0.        ]
condition:12, metric:[0.32876712 0.         0.        ]
condition batch eval, img shape:(297, 307, 307), sx:5, sy:4, sz:4, num_conditions:1
condition:13, metric:[  0. 150. 150.]
===>test image:/projects/weilab/liupeng/dataset/ssl_seg/BTCV/Training_resampled_1.5_1.5_2.0_npy_zscore/img/img0002.npy
condition batch eval, img shape:(208, 246, 246), sx:3, sy:3, sz:3, num_conditions:2
condition:1, metric:[0.45512334 0.         0.        ]
condition:2, metric:[0.44515007 0.         0.        ]
condition batch eval, img shape:(208, 246, 246), sx:3, sy:3, sz:3, num_conditions:2
condition:3, metric:[0.43622739 0.         0.        ]
condition:4, metric:[0.41234478 0.         0.        ]
condition batch eval, img shape:(208, 246, 246), sx:3, sy:3, sz:3, num_conditions:2
condition:5, metric:[0.51347672 0.         0.        ]
condition:6, metric:[0.68921886 0.         0.        ]
condition batch eval, img shape:(208, 246, 246), sx:3, sy:3, sz:3, num_conditions:2
condition:7, metric:[0.44791382 0.         0.        ]
condition:8, metric:[0.36322693 0.         0.        ]
condition batch eval, img shape:(208, 246, 246), sx:3, sy:3, sz:3, num_conditions:2
condition:9, metric:[0.78991161 0.         0.        ]
condition:10, metric:[0.54375951 0.         0.        ]
condition batch eval, img shape:(208, 246, 246), sx:3, sy:3, sz:3, num_conditions:2
condition:11, metric:[0.38316109 0.         0.        ]
condition:12, metric:[0.62428626 0.         0.        ]
condition batch eval, img shape:(208, 246, 246), sx:3, sy:3, sz:3, num_conditions:1
condition:13, metric:[0.44281525 0.         0.        ]
===>test image:/projects/weilab/liupeng/dataset/ssl_seg/BTCV/Training_resampled_1.5_1.5_2.0_npy_zscore/img/img0008.npy
condition batch eval, img shape:(222, 249, 249), sx:3, sy:3, sz:3, num_conditions:2
condition:1, metric:[0.60552684 0.         0.        ]
condition:2, metric:[0.01073255 0.         0.        ]
condition batch eval, img shape:(222, 249, 249), sx:3, sy:3, sz:3, num_conditions:2
condition:3, metric:[0.00203222 0.         0.        ]
condition:4, metric:[0.41197183 0.         0.        ]
condition batch eval, img shape:(222, 249, 249), sx:3, sy:3, sz:3, num_conditions:2
condition:5, metric:[0.44789227 0.         0.        ]
condition:6, metric:[0.64653304 0.         0.        ]
condition batch eval, img shape:(222, 249, 249), sx:3, sy:3, sz:3, num_conditions:2
condition:7, metric:[0.32233346 0.         0.        ]
condition:8, metric:[0.32598472 0.         0.        ]
condition batch eval, img shape:(222, 249, 249), sx:3, sy:3, sz:3, num_conditions:2
condition:9, metric:[0.80417475 0.         0.        ]
condition:10, metric:[0.62589418 0.         0.        ]
condition batch eval, img shape:(222, 249, 249), sx:3, sy:3, sz:3, num_conditions:2
condition:11, metric:[0.48790986 0.         0.        ]
condition:12, metric:[0.64263125 0.         0.        ]
condition batch eval, img shape:(222, 249, 249), sx:3, sy:3, sz:3, num_conditions:1
condition:13, metric:[0.56918239 0.         0.        ]
===>test image:/projects/weilab/liupeng/dataset/ssl_seg/BTCV/Training_resampled_1.5_1.5_2.0_npy_zscore/img/img0025.npy
condition batch eval, img shape:(212, 284, 284), sx:3, sy:3, sz:3, num_conditions:2
condition:1, metric:[0.65005658 0.         0.        ]
condition:2, metric:[0.52275691 0.         0.        ]
condition batch eval, img shape:(212, 284, 284), sx:3, sy:3, sz:3, num_conditions:2
condition:3, metric:[0.72917825 0.         0.        ]
condition:4, metric:[0.65969092 0.         0.        ]
condition batch eval, img shape:(212, 284, 284), sx:3, sy:3, sz:3, num_conditions:2
condition:5, metric:[0.667581 0.       0.      ]
condition:6, metric:[0.81769403 0.         0.        ]
condition batch eval, img shape:(212, 284, 284), sx:3, sy:3, sz:3, num_conditions:2
condition:7, metric:[0.48727394 0.         0.        ]
condition:8, metric:[0.6959638 0.        0.       ]
condition batch eval, img shape:(212, 284, 284), sx:3, sy:3, sz:3, num_conditions:2
condition:9, metric:[0.67241485 0.         0.        ]
condition:10, metric:[0.07973734 0.         0.        ]
condition batch eval, img shape:(212, 284, 284), sx:3, sy:3, sz:3, num_conditions:2
condition:11, metric:[0.56299134 0.         0.        ]
condition:12, metric:[0.41302521 0.         0.        ]
condition batch eval, img shape:(212, 284, 284), sx:3, sy:3, sz:3, num_conditions:1
condition:13, metric:[0.69252468 0.         0.        ]
Validation end
avg metric shape: (13, 3)
iteration 30000 : model2_dice_score : 0.501705 model2_hd95 : 2.884615
save model to ../model/BTCV_5_C3PS_cond_mode_film_began_semi2000_con4000_SGD_SGD/unet_3D_old/model_iter_30000.pth
save model2 to ../model/BTCV_5_C3PS_cond_mode_film_began_semi2000_con4000_SGD_SGD/unet_3D_old/model2_iter_30000.pth
iteration 30020 :model1 loss : 0.258064model2 loss : 0.033631pseudo_supervision1 : 0.895577pseudo_supervision2 : 0.026542
iteration 30040 :model1 loss : 0.142393model2 loss : 0.044030pseudo_supervision1 : 0.235406pseudo_supervision2 : 0.204248
iteration 30060 :model1 loss : 0.136086model2 loss : 0.027066pseudo_supervision1 : 0.091538pseudo_supervision2 : 0.085866
iteration 30080 :model1 loss : 0.145845model2 loss : 0.123709pseudo_supervision1 : 0.199356pseudo_supervision2 : 0.086743
iteration 30100 :model1 loss : 0.122849model2 loss : 0.017823pseudo_supervision1 : 0.000000pseudo_supervision2 : 0.010381
iteration 30120 :model1 loss : 0.233196model2 loss : 0.100079pseudo_supervision1 : 0.540223pseudo_supervision2 : 0.037051
iteration 30140 :model1 loss : 0.184290model2 loss : 0.064339pseudo_supervision1 : 0.099487pseudo_supervision2 : 0.020316
iteration 30160 :model1 loss : 0.190879model2 loss : 0.173303pseudo_supervision1 : 0.000000pseudo_supervision2 : 0.500079
iteration 30180 :model1 loss : 0.303366model2 loss : 0.037297pseudo_supervision1 : 1.806246pseudo_supervision2 : 0.179509
iteration 30200 :model1 loss : 0.191580model2 loss : 0.017371pseudo_supervision1 : 0.141734pseudo_supervision2 : 0.037060
save model to ../model/BTCV_5_C3PS_cond_mode_film_began_semi2000_con4000_SGD_SGD/unet_3D_old/model_iter_30200.pth
save model2 to ../model/BTCV_5_C3PS_cond_mode_film_began_semi2000_con4000_SGD_SGD/unet_3D_old/model2_iter_30200.pth
iteration 30220 :model1 loss : 0.182453model2 loss : 0.025843pseudo_supervision1 : 0.319829pseudo_supervision2 : 0.038591
iteration 30240 :model1 loss : 0.224155model2 loss : 0.100525pseudo_supervision1 : 0.000000pseudo_supervision2 : 0.500475
iteration 30260 :model1 loss : 0.134323model2 loss : 0.050540pseudo_supervision1 : 0.157351pseudo_supervision2 : 0.102883
iteration 30280 :model1 loss : 0.131828model2 loss : 0.028256pseudo_supervision1 : 0.204612pseudo_supervision2 : 0.086933
iteration 30300 :model1 loss : 0.130959model2 loss : 0.069781pseudo_supervision1 : 0.000000pseudo_supervision2 : 0.500221
iteration 30320 :model1 loss : 0.226177model2 loss : 0.018519pseudo_supervision1 : 0.771172pseudo_supervision2 : 0.013203
iteration 30340 :model1 loss : 0.173630model2 loss : 0.023996pseudo_supervision1 : 0.144440pseudo_supervision2 : 0.078976
iteration 30360 :model1 loss : 0.177703model2 loss : 0.071715pseudo_supervision1 : 0.000000pseudo_supervision2 : 0.500082
iteration 30380 :model1 loss : 0.116334model2 loss : 0.064316pseudo_supervision1 : 0.000000pseudo_supervision2 : 0.500434
iteration 30400 :model1 loss : 0.128280model2 loss : 0.041900pseudo_supervision1 : 0.000000pseudo_supervision2 : 0.159359
began evaluation!
iteration 30400: validation sampled 4/12 cases
Total test images: 4
Validation begin
Validation end
avg metric shape: (13, 3)
iteration 30400 : model_dice_score : 0.473687 model_hd95 : 5.769231
began evaluation!
Total test images: 4
Validation begin
===>test image:/projects/weilab/liupeng/dataset/ssl_seg/BTCV/Training_resampled_1.5_1.5_2.0_npy_zscore/img/img0008.npy
condition batch eval, img shape:(222, 249, 249), sx:3, sy:3, sz:3, num_conditions:2
condition:1, metric:[0.54615514 0.         0.        ]
condition:2, metric:[0.01726922 0.         0.        ]
condition batch eval, img shape:(222, 249, 249), sx:3, sy:3, sz:3, num_conditions:2
condition:3, metric:[0.0002311 0.        0.       ]
condition:4, metric:[0.58832495 0.         0.        ]
condition batch eval, img shape:(222, 249, 249), sx:3, sy:3, sz:3, num_conditions:2
condition:5, metric:[0.6091954 0.        0.       ]
condition:6, metric:[0.66916635 0.         0.        ]
condition batch eval, img shape:(222, 249, 249), sx:3, sy:3, sz:3, num_conditions:2
condition:7, metric:[0.29431077 0.         0.        ]
condition:8, metric:[0.36711071 0.         0.        ]
condition batch eval, img shape:(222, 249, 249), sx:3, sy:3, sz:3, num_conditions:2
condition:9, metric:[0.67084989 0.         0.        ]
condition:10, metric:[0.61026824 0.         0.        ]
condition batch eval, img shape:(222, 249, 249), sx:3, sy:3, sz:3, num_conditions:2
condition:11, metric:[0.44025583 0.         0.        ]
condition:12, metric:[0.57894737 0.         0.        ]
condition batch eval, img shape:(222, 249, 249), sx:3, sy:3, sz:3, num_conditions:1
condition:13, metric:[0.50254669 0.         0.        ]
===>test image:/projects/weilab/liupeng/dataset/ssl_seg/BTCV/Training_resampled_1.5_1.5_2.0_npy_zscore/img/img0004.npy
condition batch eval, img shape:(210, 203, 203), sx:3, sy:2, sz:2, num_conditions:2
condition:1, metric:[0.33862048 0.         0.        ]
condition:2, metric:[0.64343981 0.         0.        ]
condition batch eval, img shape:(210, 203, 203), sx:3, sy:2, sz:2, num_conditions:2
condition:3, metric:[0.46006903 0.         0.        ]
condition:4, metric:[0. 0. 0.]
condition batch eval, img shape:(210, 203, 203), sx:3, sy:2, sz:2, num_conditions:2
condition:5, metric:[0.36614937 0.         0.        ]
condition:6, metric:[0.57359749 0.         0.        ]
condition batch eval, img shape:(210, 203, 203), sx:3, sy:2, sz:2, num_conditions:2
condition:7, metric:[0.18165132 0.         0.        ]
condition:8, metric:[0.23560143 0.         0.        ]
condition batch eval, img shape:(210, 203, 203), sx:3, sy:2, sz:2, num_conditions:2
condition:9, metric:[0.6066143 0.        0.       ]
condition:10, metric:[0.59012817 0.         0.        ]
condition batch eval, img shape:(210, 203, 203), sx:3, sy:2, sz:2, num_conditions:2
condition:11, metric:[0.17763753 0.         0.        ]
condition:12, metric:[0.48899371 0.         0.        ]
condition batch eval, img shape:(210, 203, 203), sx:3, sy:2, sz:2, num_conditions:1
condition:13, metric:[0.15468114 0.         0.        ]
===>test image:/projects/weilab/liupeng/dataset/ssl_seg/BTCV/Training_resampled_1.5_1.5_2.0_npy_zscore/img/img0035.npy
condition batch eval, img shape:(235, 314, 314), sx:4, sy:4, sz:4, num_conditions:2
condition:1, metric:[0.71804444 0.         0.        ]
condition:2, metric:[0.79407471 0.         0.        ]
condition batch eval, img shape:(235, 314, 314), sx:4, sy:4, sz:4, num_conditions:2
condition:3, metric:[0.62398721 0.         0.        ]
condition:4, metric:[  0. 150. 150.]
condition batch eval, img shape:(235, 314, 314), sx:4, sy:4, sz:4, num_conditions:2
condition:5, metric:[0.7750547 0.        0.       ]
condition:6, metric:[0.73299876 0.         0.        ]
condition batch eval, img shape:(235, 314, 314), sx:4, sy:4, sz:4, num_conditions:2
condition:7, metric:[0.54187792 0.         0.        ]
condition:8, metric:[0.5488378 0.        0.       ]
condition batch eval, img shape:(235, 314, 314), sx:4, sy:4, sz:4, num_conditions:2
condition:9, metric:[0.75415796 0.         0.        ]
condition:10, metric:[0.65341347 0.         0.        ]
condition batch eval, img shape:(235, 314, 314), sx:4, sy:4, sz:4, num_conditions:2
condition:11, metric:[0.29835411 0.         0.        ]
condition:12, metric:[0.69291339 0.         0.        ]
condition batch eval, img shape:(235, 314, 314), sx:4, sy:4, sz:4, num_conditions:1
condition:13, metric:[0.52851496 0.         0.        ]
===>test image:/projects/weilab/liupeng/dataset/ssl_seg/BTCV/Training_resampled_1.5_1.5_2.0_npy_zscore/img/img0022.npy
condition batch eval, img shape:(222, 262, 262), sx:3, sy:3, sz:3, num_conditions:2
condition:1, metric:[0.64628197 0.         0.        ]
condition:2, metric:[0.92785109 0.         0.        ]
condition batch eval, img shape:(222, 262, 262), sx:3, sy:3, sz:3, num_conditions:2
condition:3, metric:[0.87327006 0.         0.        ]
condition:4, metric:[0.53583855 0.         0.        ]
condition batch eval, img shape:(222, 262, 262), sx:3, sy:3, sz:3, num_conditions:2
condition:5, metric:[0.51910828 0.         0.        ]
condition:6, metric:[0.71644707 0.         0.        ]
condition batch eval, img shape:(222, 262, 262), sx:3, sy:3, sz:3, num_conditions:2
condition:7, metric:[0.8000238 0.        0.       ]
condition:8, metric:[0.88042709 0.         0.        ]
condition batch eval, img shape:(222, 262, 262), sx:3, sy:3, sz:3, num_conditions:2
condition:9, metric:[0.7638575 0.        0.       ]
condition:10, metric:[0.69827167 0.         0.        ]
condition batch eval, img shape:(222, 262, 262), sx:3, sy:3, sz:3, num_conditions:2
condition:11, metric:[0.62507574 0.         0.        ]
condition:12, metric:[0.47774055 0.         0.        ]
condition batch eval, img shape:(222, 262, 262), sx:3, sy:3, sz:3, num_conditions:1
condition:13, metric:[0.58666667 0.         0.        ]
Validation end
avg metric shape: (13, 3)
iteration 30400 : model2_dice_score : 0.527402 model2_hd95 : 2.884615
save model to ../model/BTCV_5_C3PS_cond_mode_film_began_semi2000_con4000_SGD_SGD/unet_3D_old/model_iter_30400.pth
save model2 to ../model/BTCV_5_C3PS_cond_mode_film_began_semi2000_con4000_SGD_SGD/unet_3D_old/model2_iter_30400.pth
iteration 30420 :model1 loss : 0.442965model2 loss : 0.019462pseudo_supervision1 : 0.938400pseudo_supervision2 : 0.017437
iteration 30440 :model1 loss : 0.178499model2 loss : 0.031935pseudo_supervision1 : 0.284958pseudo_supervision2 : 0.010535
iteration 30460 :model1 loss : 0.137240model2 loss : 0.081590pseudo_supervision1 : 0.000000pseudo_supervision2 : 0.501638
iteration 30480 :model1 loss : 0.313000model2 loss : 0.030135pseudo_supervision1 : 0.417760pseudo_supervision2 : 0.113246
iteration 30500 :model1 loss : 0.175683model2 loss : 0.019048pseudo_supervision1 : 0.256446pseudo_supervision2 : 0.016791
iteration 30520 :model1 loss : 0.140812model2 loss : 0.027000pseudo_supervision1 : 0.094215pseudo_supervision2 : 0.052435
iteration 30540 :model1 loss : 0.237434model2 loss : 0.025565pseudo_supervision1 : 1.091483pseudo_supervision2 : 0.028695
iteration 30560 :model1 loss : 0.388119model2 loss : 0.023326pseudo_supervision1 : 0.779255pseudo_supervision2 : 0.018537
iteration 30580 :model1 loss : 0.134632model2 loss : 0.079691pseudo_supervision1 : 0.000000pseudo_supervision2 : 0.454882
iteration 30600 :model1 loss : 0.398115model2 loss : 0.038283pseudo_supervision1 : 0.166976pseudo_supervision2 : 0.062055
save model to ../model/BTCV_5_C3PS_cond_mode_film_began_semi2000_con4000_SGD_SGD/unet_3D_old/model_iter_30600.pth
save model2 to ../model/BTCV_5_C3PS_cond_mode_film_began_semi2000_con4000_SGD_SGD/unet_3D_old/model2_iter_30600.pth
iteration 30620 :model1 loss : 0.119313model2 loss : 0.081117pseudo_supervision1 : 0.000000pseudo_supervision2 : 0.500126
iteration 30640 :model1 loss : 0.114654model2 loss : 0.019279pseudo_supervision1 : 0.000000pseudo_supervision2 : 0.023974
iteration 30660 :model1 loss : 0.165238model2 loss : 0.033903pseudo_supervision1 : 0.381509pseudo_supervision2 : 0.121657
iteration 30680 :model1 loss : 0.168705model2 loss : 0.091973pseudo_supervision1 : 0.239232pseudo_supervision2 : 0.012697
iteration 30700 :model1 loss : 0.264767model2 loss : 0.027443pseudo_supervision1 : 0.127099pseudo_supervision2 : 0.012702
iteration 30720 :model1 loss : 0.350257model2 loss : 0.060466pseudo_supervision1 : 0.185148pseudo_supervision2 : 0.019645
iteration 30740 :model1 loss : 0.272671model2 loss : 0.034295pseudo_supervision1 : 0.104706pseudo_supervision2 : 0.010951
iteration 30760 :model1 loss : 0.214291model2 loss : 0.069864pseudo_supervision1 : 0.000000pseudo_supervision2 : 0.500235
iteration 30780 :model1 loss : 0.245000model2 loss : 0.070020pseudo_supervision1 : 0.829343pseudo_supervision2 : 0.066541
iteration 30800 :model1 loss : 0.144601model2 loss : 0.033894pseudo_supervision1 : 0.199283pseudo_supervision2 : 0.040070
began evaluation!
iteration 30800: validation sampled 4/12 cases
Total test images: 4
Validation begin
Validation end
avg metric shape: (13, 3)
iteration 30800 : model_dice_score : 0.499687 model_hd95 : 2.884615
began evaluation!
Total test images: 4
Validation begin
===>test image:/projects/weilab/liupeng/dataset/ssl_seg/BTCV/Training_resampled_1.5_1.5_2.0_npy_zscore/img/img0008.npy
condition batch eval, img shape:(222, 249, 249), sx:3, sy:3, sz:3, num_conditions:2
condition:1, metric:[0.49599203 0.         0.        ]
condition:2, metric:[0.01018916 0.         0.        ]
condition batch eval, img shape:(222, 249, 249), sx:3, sy:3, sz:3, num_conditions:2
condition:3, metric:[0.00030912 0.         0.        ]
condition:4, metric:[0.54079341 0.         0.        ]
condition batch eval, img shape:(222, 249, 249), sx:3, sy:3, sz:3, num_conditions:2
condition:5, metric:[0.55254341 0.         0.        ]
condition:6, metric:[0.75270198 0.         0.        ]
condition batch eval, img shape:(222, 249, 249), sx:3, sy:3, sz:3, num_conditions:2
condition:7, metric:[0.31016334 0.         0.        ]
condition:8, metric:[0.35975118 0.         0.        ]
condition batch eval, img shape:(222, 249, 249), sx:3, sy:3, sz:3, num_conditions:2
condition:9, metric:[0.6860682 0.        0.       ]
condition:10, metric:[0.69587237 0.         0.        ]
condition batch eval, img shape:(222, 249, 249), sx:3, sy:3, sz:3, num_conditions:2
condition:11, metric:[0.51126629 0.         0.        ]
condition:12, metric:[0.58159839 0.         0.        ]
condition batch eval, img shape:(222, 249, 249), sx:3, sy:3, sz:3, num_conditions:1
condition:13, metric:[0.53402367 0.         0.        ]
===>test image:/projects/weilab/liupeng/dataset/ssl_seg/BTCV/Training_resampled_1.5_1.5_2.0_npy_zscore/img/img0002.npy
condition batch eval, img shape:(208, 246, 246), sx:3, sy:3, sz:3, num_conditions:2
condition:1, metric:[0.39589841 0.         0.        ]
condition:2, metric:[0.55782557 0.         0.        ]
condition batch eval, img shape:(208, 246, 246), sx:3, sy:3, sz:3, num_conditions:2
condition:3, metric:[0.42315166 0.         0.        ]
condition:4, metric:[0.44437606 0.         0.        ]
condition batch eval, img shape:(208, 246, 246), sx:3, sy:3, sz:3, num_conditions:2
condition:5, metric:[0.3736907 0.        0.       ]
condition:6, metric:[0.77798045 0.         0.        ]
condition batch eval, img shape:(208, 246, 246), sx:3, sy:3, sz:3, num_conditions:2
condition:7, metric:[0.45039491 0.         0.        ]
condition:8, metric:[0.37032846 0.         0.        ]
condition batch eval, img shape:(208, 246, 246), sx:3, sy:3, sz:3, num_conditions:2
condition:9, metric:[0.71798758 0.         0.        ]
condition:10, metric:[0.45114906 0.         0.        ]
condition batch eval, img shape:(208, 246, 246), sx:3, sy:3, sz:3, num_conditions:2
condition:11, metric:[0.23669952 0.         0.        ]
condition:12, metric:[0.62252725 0.         0.        ]
condition batch eval, img shape:(208, 246, 246), sx:3, sy:3, sz:3, num_conditions:1
condition:13, metric:[0.36413541 0.         0.        ]
===>test image:/projects/weilab/liupeng/dataset/ssl_seg/BTCV/Training_resampled_1.5_1.5_2.0_npy_zscore/img/img0029.npy
condition batch eval, img shape:(150, 299, 299), sx:2, sy:4, sz:4, num_conditions:2
condition:1, metric:[0.65531322 0.         0.        ]
condition:2, metric:[0.82084187 0.         0.        ]
condition batch eval, img shape:(150, 299, 299), sx:2, sy:4, sz:4, num_conditions:2
condition:3, metric:[0.59599529 0.         0.        ]
condition:4, metric:[0.51647446 0.         0.        ]
condition batch eval, img shape:(150, 299, 299), sx:2, sy:4, sz:4, num_conditions:2
condition:5, metric:[0.55874597 0.         0.        ]
condition:6, metric:[0.91078072 0.         0.        ]
condition batch eval, img shape:(150, 299, 299), sx:2, sy:4, sz:4, num_conditions:2
condition:7, metric:[0.47951015 0.         0.        ]
condition:8, metric:[0.77984331 0.         0.        ]
condition batch eval, img shape:(150, 299, 299), sx:2, sy:4, sz:4, num_conditions:2
condition:9, metric:[0.83294699 0.         0.        ]
condition:10, metric:[0.44192238 0.         0.        ]
condition batch eval, img shape:(150, 299, 299), sx:2, sy:4, sz:4, num_conditions:2
condition:11, metric:[0.51737103 0.         0.        ]
condition:12, metric:[0.51570415 0.         0.        ]
condition batch eval, img shape:(150, 299, 299), sx:2, sy:4, sz:4, num_conditions:1
condition:13, metric:[0.52903226 0.         0.        ]
===>test image:/projects/weilab/liupeng/dataset/ssl_seg/BTCV/Training_resampled_1.5_1.5_2.0_npy_zscore/img/img0004.npy
condition batch eval, img shape:(210, 203, 203), sx:3, sy:2, sz:2, num_conditions:2
condition:1, metric:[0.30245346 0.         0.        ]
condition:2, metric:[0.61484131 0.         0.        ]
condition batch eval, img shape:(210, 203, 203), sx:3, sy:2, sz:2, num_conditions:2
condition:3, metric:[0.49244351 0.         0.        ]
condition:4, metric:[0. 0. 0.]
condition batch eval, img shape:(210, 203, 203), sx:3, sy:2, sz:2, num_conditions:2
condition:5, metric:[0.27577413 0.         0.        ]
condition:6, metric:[0.64186542 0.         0.        ]
condition batch eval, img shape:(210, 203, 203), sx:3, sy:2, sz:2, num_conditions:2
condition:7, metric:[0.20567174 0.         0.        ]
condition:8, metric:[0.25436613 0.         0.        ]
condition batch eval, img shape:(210, 203, 203), sx:3, sy:2, sz:2, num_conditions:2
condition:9, metric:[0.63847109 0.         0.        ]
condition:10, metric:[0.60051581 0.         0.        ]
condition batch eval, img shape:(210, 203, 203), sx:3, sy:2, sz:2, num_conditions:2
condition:11, metric:[0.18705292 0.         0.        ]
condition:12, metric:[0.344294 0.       0.      ]
condition batch eval, img shape:(210, 203, 203), sx:3, sy:2, sz:2, num_conditions:1
condition:13, metric:[0. 0. 0.]
Validation end
avg metric shape: (13, 3)
iteration 30800 : model2_dice_score : 0.479416 model2_hd95 : 0.000000
save model to ../model/BTCV_5_C3PS_cond_mode_film_began_semi2000_con4000_SGD_SGD/unet_3D_old/model_iter_30800.pth
save model2 to ../model/BTCV_5_C3PS_cond_mode_film_began_semi2000_con4000_SGD_SGD/unet_3D_old/model2_iter_30800.pth
iteration 30820 :model1 loss : 0.192688model2 loss : 0.044149pseudo_supervision1 : 0.708611pseudo_supervision2 : 0.161652
iteration 30840 :model1 loss : 0.184640model2 loss : 0.025224pseudo_supervision1 : 0.360097pseudo_supervision2 : 0.031962
iteration 30860 :model1 loss : 0.183856model2 loss : 0.081322pseudo_supervision1 : 0.000000pseudo_supervision2 : 0.500238
iteration 30880 :model1 loss : 0.353067model2 loss : 0.021878pseudo_supervision1 : 0.239156pseudo_supervision2 : 0.020622
iteration 30900 :model1 loss : 0.124182model2 loss : 0.077950pseudo_supervision1 : 0.000000pseudo_supervision2 : 0.500202
iteration 30920 :model1 loss : 0.412534model2 loss : 0.029598pseudo_supervision1 : 0.647974pseudo_supervision2 : 0.065226
iteration 30940 :model1 loss : 0.406921model2 loss : 0.023259pseudo_supervision1 : 0.269006pseudo_supervision2 : 0.016503
iteration 30960 :model1 loss : 0.115945model2 loss : 0.026295pseudo_supervision1 : 0.000000pseudo_supervision2 : 0.091962
iteration 30980 :model1 loss : 0.304971model2 loss : 0.078776pseudo_supervision1 : 0.000000pseudo_supervision2 : 0.500184
iteration 31000 :model1 loss : 0.186716model2 loss : 0.020301pseudo_supervision1 : 0.385539pseudo_supervision2 : 0.019037
save model to ../model/BTCV_5_C3PS_cond_mode_film_began_semi2000_con4000_SGD_SGD/unet_3D_old/model_iter_31000.pth
save model2 to ../model/BTCV_5_C3PS_cond_mode_film_began_semi2000_con4000_SGD_SGD/unet_3D_old/model2_iter_31000.pth
iteration 31020 :model1 loss : 0.126229model2 loss : 0.021023pseudo_supervision1 : 0.178356pseudo_supervision2 : 0.053415
iteration 31040 :model1 loss : 0.199982model2 loss : 0.112031pseudo_supervision1 : 0.762913pseudo_supervision2 : 0.021874
iteration 31060 :model1 loss : 0.112613model2 loss : 0.023316pseudo_supervision1 : 0.000000pseudo_supervision2 : 0.052410
iteration 31080 :model1 loss : 0.186771model2 loss : 0.100072pseudo_supervision1 : 0.000000pseudo_supervision2 : 0.500560
iteration 31100 :model1 loss : 0.161058model2 loss : 0.136178pseudo_supervision1 : 0.000000pseudo_supervision2 : 0.500126
iteration 31120 :model1 loss : 0.199546model2 loss : 0.082523pseudo_supervision1 : 0.000000pseudo_supervision2 : 0.500167
iteration 31140 :model1 loss : 0.167454model2 loss : 0.113125pseudo_supervision1 : 0.000000pseudo_supervision2 : 0.500101
iteration 31160 :model1 loss : 0.148702model2 loss : 0.096807pseudo_supervision1 : 0.000000pseudo_supervision2 : 0.500146
iteration 31180 :model1 loss : 0.233349model2 loss : 0.070296pseudo_supervision1 : 0.000000pseudo_supervision2 : 0.500168
iteration 31200 :model1 loss : 0.136966model2 loss : 0.020025pseudo_supervision1 : 0.271594pseudo_supervision2 : 0.033786
began evaluation!
iteration 31200: validation sampled 4/12 cases
Total test images: 4
Validation begin
Validation end
avg metric shape: (13, 3)
iteration 31200 : model_dice_score : 0.559506 model_hd95 : 0.000000
began evaluation!
Total test images: 4
Validation begin
===>test image:/projects/weilab/liupeng/dataset/ssl_seg/BTCV/Training_resampled_1.5_1.5_2.0_npy_zscore/img/img0029.npy
condition batch eval, img shape:(150, 299, 299), sx:2, sy:4, sz:4, num_conditions:2
condition:1, metric:[0.71418253 0.         0.        ]
condition:2, metric:[0.71769086 0.         0.        ]
condition batch eval, img shape:(150, 299, 299), sx:2, sy:4, sz:4, num_conditions:2
condition:3, metric:[0.58781635 0.         0.        ]
condition:4, metric:[0.69530942 0.         0.        ]
condition batch eval, img shape:(150, 299, 299), sx:2, sy:4, sz:4, num_conditions:2
condition:5, metric:[0.67888928 0.         0.        ]
condition:6, metric:[0.87234501 0.         0.        ]
condition batch eval, img shape:(150, 299, 299), sx:2, sy:4, sz:4, num_conditions:2
condition:7, metric:[0.44917551 0.         0.        ]
condition:8, metric:[0.78473157 0.         0.        ]
condition batch eval, img shape:(150, 299, 299), sx:2, sy:4, sz:4, num_conditions:2
condition:9, metric:[0.83635104 0.         0.        ]
condition:10, metric:[0.55123031 0.         0.        ]
condition batch eval, img shape:(150, 299, 299), sx:2, sy:4, sz:4, num_conditions:2
condition:11, metric:[0.56469266 0.         0.        ]
condition:12, metric:[0.57253012 0.         0.        ]
condition batch eval, img shape:(150, 299, 299), sx:2, sy:4, sz:4, num_conditions:1
condition:13, metric:[0.69247499 0.         0.        ]
===>test image:/projects/weilab/liupeng/dataset/ssl_seg/BTCV/Training_resampled_1.5_1.5_2.0_npy_zscore/img/img0003.npy
condition batch eval, img shape:(297, 307, 307), sx:5, sy:4, sz:4, num_conditions:2
condition:1, metric:[0.38768704 0.         0.        ]
condition:2, metric:[0.76591277 0.         0.        ]
condition batch eval, img shape:(297, 307, 307), sx:5, sy:4, sz:4, num_conditions:2
condition:3, metric:[0.91227189 0.         0.        ]
condition:4, metric:[0.57788791 0.         0.        ]
condition batch eval, img shape:(297, 307, 307), sx:5, sy:4, sz:4, num_conditions:2
condition:5, metric:[0.35271458 0.         0.        ]
condition:6, metric:[0.73938615 0.         0.        ]
condition batch eval, img shape:(297, 307, 307), sx:5, sy:4, sz:4, num_conditions:2
condition:7, metric:[0.19405415 0.         0.        ]
condition:8, metric:[0.82283108 0.         0.        ]
condition batch eval, img shape:(297, 307, 307), sx:5, sy:4, sz:4, num_conditions:2
condition:9, metric:[0.75999402 0.         0.        ]
condition:10, metric:[0.11747394 0.         0.        ]
condition batch eval, img shape:(297, 307, 307), sx:5, sy:4, sz:4, num_conditions:2
condition:11, metric:[0.37202059 0.         0.        ]
condition:12, metric:[0.25942156 0.         0.        ]
condition batch eval, img shape:(297, 307, 307), sx:5, sy:4, sz:4, num_conditions:1
condition:13, metric:[  0. 150. 150.]
===>test image:/projects/weilab/liupeng/dataset/ssl_seg/BTCV/Training_resampled_1.5_1.5_2.0_npy_zscore/img/img0038.npy
condition batch eval, img shape:(250, 333, 333), sx:4, sy:4, sz:4, num_conditions:2
condition:1, metric:[0.5551082 0.        0.       ]
condition:2, metric:[0.78534623 0.         0.        ]
condition batch eval, img shape:(250, 333, 333), sx:4, sy:4, sz:4, num_conditions:2
condition:3, metric:[0.84026184 0.         0.        ]
condition:4, metric:[0.56353591 0.         0.        ]
condition batch eval, img shape:(250, 333, 333), sx:4, sy:4, sz:4, num_conditions:2
condition:5, metric:[0.60270477 0.         0.        ]
condition:6, metric:[0.70900984 0.         0.        ]
condition batch eval, img shape:(250, 333, 333), sx:4, sy:4, sz:4, num_conditions:2
condition:7, metric:[0.48861591 0.         0.        ]
condition:8, metric:[0.7930044 0.        0.       ]
condition batch eval, img shape:(250, 333, 333), sx:4, sy:4, sz:4, num_conditions:2
condition:9, metric:[0.77653027 0.         0.        ]
condition:10, metric:[0.59779381 0.         0.        ]
condition batch eval, img shape:(250, 333, 333), sx:4, sy:4, sz:4, num_conditions:2
condition:11, metric:[0.76832623 0.         0.        ]
condition:12, metric:[0.51276102 0.         0.        ]
condition batch eval, img shape:(250, 333, 333), sx:4, sy:4, sz:4, num_conditions:1
condition:13, metric:[0.50039505 0.         0.        ]
===>test image:/projects/weilab/liupeng/dataset/ssl_seg/BTCV/Training_resampled_1.5_1.5_2.0_npy_zscore/img/img0008.npy
condition batch eval, img shape:(222, 249, 249), sx:3, sy:3, sz:3, num_conditions:2
condition:1, metric:[0.50851714 0.         0.        ]
condition:2, metric:[0.02131061 0.         0.        ]
condition batch eval, img shape:(222, 249, 249), sx:3, sy:3, sz:3, num_conditions:2
condition:3, metric:[0.00343871 0.         0.        ]
condition:4, metric:[0.66713756 0.         0.        ]
condition batch eval, img shape:(222, 249, 249), sx:3, sy:3, sz:3, num_conditions:2
condition:5, metric:[0.67126681 0.         0.        ]
condition:6, metric:[0.65750074 0.         0.        ]
condition batch eval, img shape:(222, 249, 249), sx:3, sy:3, sz:3, num_conditions:2
condition:7, metric:[0.28145122 0.         0.        ]
condition:8, metric:[0.32477922 0.         0.        ]
condition batch eval, img shape:(222, 249, 249), sx:3, sy:3, sz:3, num_conditions:2
condition:9, metric:[0.68651012 0.         0.        ]
condition:10, metric:[0.70622492 0.         0.        ]
condition batch eval, img shape:(222, 249, 249), sx:3, sy:3, sz:3, num_conditions:2
condition:11, metric:[0.447989 0.       0.      ]
condition:12, metric:[0.5677517 0.        0.       ]
condition batch eval, img shape:(222, 249, 249), sx:3, sy:3, sz:3, num_conditions:1
condition:13, metric:[0.48748749 0.         0.        ]
Validation end
avg metric shape: (13, 3)
iteration 31200 : model2_dice_score : 0.567381 model2_hd95 : 2.884615
save model to ../model/BTCV_5_C3PS_cond_mode_film_began_semi2000_con4000_SGD_SGD/unet_3D_old/model_iter_31200.pth
save model2 to ../model/BTCV_5_C3PS_cond_mode_film_began_semi2000_con4000_SGD_SGD/unet_3D_old/model2_iter_31200.pth
iteration 31220 :model1 loss : 0.146210model2 loss : 0.083346pseudo_supervision1 : 0.000000pseudo_supervision2 : 0.500318
iteration 31240 :model1 loss : 0.169848model2 loss : 0.079528pseudo_supervision1 : 0.000000pseudo_supervision2 : 0.500500
iteration 31260 :model1 loss : 0.226734model2 loss : 0.041392pseudo_supervision1 : 0.935887pseudo_supervision2 : 0.047995
iteration 31280 :model1 loss : 0.122138model2 loss : 0.017456pseudo_supervision1 : 0.110190pseudo_supervision2 : 0.013708
iteration 31300 :model1 loss : 0.163830model2 loss : 0.068589pseudo_supervision1 : 0.000000pseudo_supervision2 : 0.500228
iteration 31320 :model1 loss : 0.145693model2 loss : 0.089071pseudo_supervision1 : 0.000000pseudo_supervision2 : 0.500136
iteration 31340 :model1 loss : 0.155736model2 loss : 0.030665pseudo_supervision1 : 0.266241pseudo_supervision2 : 0.032452
iteration 31360 :model1 loss : 0.180833model2 loss : 0.052166pseudo_supervision1 : 0.179346pseudo_supervision2 : 0.019339
iteration 31380 :model1 loss : 0.152396model2 loss : 0.029206pseudo_supervision1 : 0.214148pseudo_supervision2 : 0.013416
iteration 31400 :model1 loss : 0.155274model2 loss : 0.033123pseudo_supervision1 : 0.351162pseudo_supervision2 : 0.042858
save model to ../model/BTCV_5_C3PS_cond_mode_film_began_semi2000_con4000_SGD_SGD/unet_3D_old/model_iter_31400.pth
save model2 to ../model/BTCV_5_C3PS_cond_mode_film_began_semi2000_con4000_SGD_SGD/unet_3D_old/model2_iter_31400.pth
iteration 31420 :model1 loss : 0.151263model2 loss : 0.017589pseudo_supervision1 : 0.202149pseudo_supervision2 : 0.016100
iteration 31440 :model1 loss : 0.254333model2 loss : 0.111501pseudo_supervision1 : 0.000000pseudo_supervision2 : 0.500181
iteration 31460 :model1 loss : 0.193546model2 loss : 0.028583pseudo_supervision1 : 0.093631pseudo_supervision2 : 0.035645
iteration 31480 :model1 loss : 0.151867model2 loss : 0.035009pseudo_supervision1 : 0.184810pseudo_supervision2 : 0.023237
iteration 31500 :model1 loss : 0.228995model2 loss : 0.025463pseudo_supervision1 : 0.193655pseudo_supervision2 : 0.022478
iteration 31520 :model1 loss : 0.129111model2 loss : 0.038920pseudo_supervision1 : 0.000000pseudo_supervision2 : 0.032815
iteration 31540 :model1 loss : 0.140568model2 loss : 0.037398pseudo_supervision1 : 0.220803pseudo_supervision2 : 0.021308
iteration 31560 :model1 loss : 0.133467model2 loss : 0.047145pseudo_supervision1 : 0.171941pseudo_supervision2 : 0.061292
iteration 31580 :model1 loss : 0.246740model2 loss : 0.038499pseudo_supervision1 : 0.264412pseudo_supervision2 : 0.150597
iteration 31600 :model1 loss : 0.371097model2 loss : 0.070060pseudo_supervision1 : 0.960722pseudo_supervision2 : 0.049166
began evaluation!
iteration 31600: validation sampled 4/12 cases
Total test images: 4
Validation begin
Validation end
avg metric shape: (13, 3)
iteration 31600 : model_dice_score : 0.542255 model_hd95 : 0.000000
began evaluation!
Total test images: 4
Validation begin
===>test image:/projects/weilab/liupeng/dataset/ssl_seg/BTCV/Training_resampled_1.5_1.5_2.0_npy_zscore/img/img0003.npy
condition batch eval, img shape:(297, 307, 307), sx:5, sy:4, sz:4, num_conditions:2
condition:1, metric:[0.44958859 0.         0.        ]
condition:2, metric:[0.90465107 0.         0.        ]
condition batch eval, img shape:(297, 307, 307), sx:5, sy:4, sz:4, num_conditions:2
condition:3, metric:[0.89962046 0.         0.        ]
condition:4, metric:[0.27507029 0.         0.        ]
condition batch eval, img shape:(297, 307, 307), sx:5, sy:4, sz:4, num_conditions:2
condition:5, metric:[0.22200431 0.         0.        ]
condition:6, metric:[0.91332241 0.         0.        ]
condition batch eval, img shape:(297, 307, 307), sx:5, sy:4, sz:4, num_conditions:2
condition:7, metric:[0.26514777 0.         0.        ]
condition:8, metric:[0.78869433 0.         0.        ]
condition batch eval, img shape:(297, 307, 307), sx:5, sy:4, sz:4, num_conditions:2
condition:9, metric:[0.77676226 0.         0.        ]
condition:10, metric:[0.29488753 0.         0.        ]
condition batch eval, img shape:(297, 307, 307), sx:5, sy:4, sz:4, num_conditions:2
condition:11, metric:[0.28799075 0.         0.        ]
condition:12, metric:[0.33224756 0.         0.        ]
condition batch eval, img shape:(297, 307, 307), sx:5, sy:4, sz:4, num_conditions:1
condition:13, metric:[0.00458453 0.         0.        ]
===>test image:/projects/weilab/liupeng/dataset/ssl_seg/BTCV/Training_resampled_1.5_1.5_2.0_npy_zscore/img/img0025.npy
condition batch eval, img shape:(212, 284, 284), sx:3, sy:3, sz:3, num_conditions:2
condition:1, metric:[0.81597514 0.         0.        ]
condition:2, metric:[0.37029821 0.         0.        ]
condition batch eval, img shape:(212, 284, 284), sx:3, sy:3, sz:3, num_conditions:2
condition:3, metric:[0.74336332 0.         0.        ]
condition:4, metric:[0.34839848 0.         0.        ]
condition batch eval, img shape:(212, 284, 284), sx:3, sy:3, sz:3, num_conditions:2
condition:5, metric:[0.64952381 0.         0.        ]
condition:6, metric:[0.93094153 0.         0.        ]
condition batch eval, img shape:(212, 284, 284), sx:3, sy:3, sz:3, num_conditions:2
condition:7, metric:[0.58227534 0.         0.        ]
condition:8, metric:[0.80956907 0.         0.        ]
condition batch eval, img shape:(212, 284, 284), sx:3, sy:3, sz:3, num_conditions:2
condition:9, metric:[0.67653892 0.         0.        ]
condition:10, metric:[0.1681066 0.        0.       ]
condition batch eval, img shape:(212, 284, 284), sx:3, sy:3, sz:3, num_conditions:2
condition:11, metric:[0.56156024 0.         0.        ]
condition:12, metric:[0.46324892 0.         0.        ]
condition batch eval, img shape:(212, 284, 284), sx:3, sy:3, sz:3, num_conditions:1
condition:13, metric:[0.71836447 0.         0.        ]
===>test image:/projects/weilab/liupeng/dataset/ssl_seg/BTCV/Training_resampled_1.5_1.5_2.0_npy_zscore/img/img0038.npy
condition batch eval, img shape:(250, 333, 333), sx:4, sy:4, sz:4, num_conditions:2
condition:1, metric:[0.68595591 0.         0.        ]
condition:2, metric:[0.84897318 0.         0.        ]
condition batch eval, img shape:(250, 333, 333), sx:4, sy:4, sz:4, num_conditions:2
condition:3, metric:[0.92116855 0.         0.        ]
condition:4, metric:[0.00988003 0.         0.        ]
condition batch eval, img shape:(250, 333, 333), sx:4, sy:4, sz:4, num_conditions:2
condition:5, metric:[0.48521851 0.         0.        ]
condition:6, metric:[0.85215862 0.         0.        ]
condition batch eval, img shape:(250, 333, 333), sx:4, sy:4, sz:4, num_conditions:2
condition:7, metric:[0.48687909 0.         0.        ]
condition:8, metric:[0.81019731 0.         0.        ]
condition batch eval, img shape:(250, 333, 333), sx:4, sy:4, sz:4, num_conditions:2
condition:9, metric:[0.71450277 0.         0.        ]
condition:10, metric:[0.6596321 0.        0.       ]
condition batch eval, img shape:(250, 333, 333), sx:4, sy:4, sz:4, num_conditions:2
condition:11, metric:[0.65750577 0.         0.        ]
condition:12, metric:[0.44329452 0.         0.        ]
condition batch eval, img shape:(250, 333, 333), sx:4, sy:4, sz:4, num_conditions:1
condition:13, metric:[0.52941176 0.         0.        ]
===>test image:/projects/weilab/liupeng/dataset/ssl_seg/BTCV/Training_resampled_1.5_1.5_2.0_npy_zscore/img/img0036.npy
condition batch eval, img shape:(276, 255, 255), sx:4, sy:3, sz:3, num_conditions:2
condition:1, metric:[0.73938375 0.         0.        ]
condition:2, metric:[0.6880982 0.        0.       ]
condition batch eval, img shape:(276, 255, 255), sx:4, sy:3, sz:3, num_conditions:2
condition:3, metric:[0.64260255 0.         0.        ]
condition:4, metric:[0.03817603 0.         0.        ]
condition batch eval, img shape:(276, 255, 255), sx:4, sy:3, sz:3, num_conditions:2
condition:5, metric:[0.68325991 0.         0.        ]
condition:6, metric:[0.8516102 0.        0.       ]
condition batch eval, img shape:(276, 255, 255), sx:4, sy:3, sz:3, num_conditions:2
condition:7, metric:[0.58945207 0.         0.        ]
condition:8, metric:[0.61077083 0.         0.        ]
condition batch eval, img shape:(276, 255, 255), sx:4, sy:3, sz:3, num_conditions:2
condition:9, metric:[0.7290767 0.        0.       ]
condition:10, metric:[0.62045467 0.         0.        ]
condition batch eval, img shape:(276, 255, 255), sx:4, sy:3, sz:3, num_conditions:2
condition:11, metric:[0.34100962 0.         0.        ]
condition:12, metric:[0.55070318 0.         0.        ]
condition batch eval, img shape:(276, 255, 255), sx:4, sy:3, sz:3, num_conditions:1
condition:13, metric:[0.6493987 0.        0.       ]
Validation end
avg metric shape: (13, 3)
iteration 31600 : model2_dice_score : 0.578683 model2_hd95 : 0.000000
save model to ../model/BTCV_5_C3PS_cond_mode_film_began_semi2000_con4000_SGD_SGD/unet_3D_old/model_iter_31600.pth
save model2 to ../model/BTCV_5_C3PS_cond_mode_film_began_semi2000_con4000_SGD_SGD/unet_3D_old/model2_iter_31600.pth
iteration 31620 :model1 loss : 0.319692model2 loss : 0.031826pseudo_supervision1 : 0.195135pseudo_supervision2 : 0.006833
iteration 31640 :model1 loss : 0.175072model2 loss : 0.056943pseudo_supervision1 : 0.548890pseudo_supervision2 : 0.030373
iteration 31660 :model1 loss : 0.500430model2 loss : 0.248778pseudo_supervision1 : 0.346753pseudo_supervision2 : 0.028227
iteration 31680 :model1 loss : 0.439777model2 loss : 0.036434pseudo_supervision1 : 0.282107pseudo_supervision2 : 0.009263
iteration 31700 :model1 loss : 0.473420model2 loss : 0.300142pseudo_supervision1 : 0.000000pseudo_supervision2 : 0.500282
iteration 31720 :model1 loss : 0.329645model2 loss : 0.075095pseudo_supervision1 : 0.000000pseudo_supervision2 : 0.500114
iteration 31740 :model1 loss : 0.156727model2 loss : 0.029079pseudo_supervision1 : 0.165834pseudo_supervision2 : 0.005667
iteration 31760 :model1 loss : 0.208682model2 loss : 0.054358pseudo_supervision1 : 0.762144pseudo_supervision2 : 0.012631
iteration 31780 :model1 loss : 0.188689model2 loss : 0.035681pseudo_supervision1 : 0.691531pseudo_supervision2 : 0.048460
iteration 31800 :model1 loss : 0.144619model2 loss : 0.069256pseudo_supervision1 : 0.000000pseudo_supervision2 : 0.500270
save model to ../model/BTCV_5_C3PS_cond_mode_film_began_semi2000_con4000_SGD_SGD/unet_3D_old/model_iter_31800.pth
save model2 to ../model/BTCV_5_C3PS_cond_mode_film_began_semi2000_con4000_SGD_SGD/unet_3D_old/model2_iter_31800.pth
iteration 31820 :model1 loss : 0.120046model2 loss : 0.103519pseudo_supervision1 : 0.000000pseudo_supervision2 : 0.500101
iteration 31840 :model1 loss : 0.112566model2 loss : 0.075475pseudo_supervision1 : 0.000000pseudo_supervision2 : 0.500154
iteration 31860 :model1 loss : 0.149841model2 loss : 0.027400pseudo_supervision1 : 0.392191pseudo_supervision2 : 0.017115
iteration 31880 :model1 loss : 0.834937model2 loss : 0.078735pseudo_supervision1 : 6.522792pseudo_supervision2 : 0.499451
iteration 31900 :model1 loss : 0.122785model2 loss : 0.061308pseudo_supervision1 : 0.000000pseudo_supervision2 : 0.500263
iteration 31920 :model1 loss : 0.273929model2 loss : 0.027279pseudo_supervision1 : 0.716343pseudo_supervision2 : 0.018078
iteration 31940 :model1 loss : 0.319135model2 loss : 0.041682pseudo_supervision1 : 0.000000pseudo_supervision2 : 0.052263
iteration 31960 :model1 loss : 0.105954model2 loss : 0.048446pseudo_supervision1 : 0.000000pseudo_supervision2 : 0.191766
iteration 31980 :model1 loss : 0.125307model2 loss : 0.023747pseudo_supervision1 : 0.072880pseudo_supervision2 : 0.042649
iteration 32000 :model1 loss : 0.163986model2 loss : 0.064444pseudo_supervision1 : 0.373182pseudo_supervision2 : 0.049928
began evaluation!
iteration 32000: validation sampled 4/12 cases
Total test images: 4
Validation begin
Validation end
avg metric shape: (13, 3)
iteration 32000 : model_dice_score : 0.572356 model_hd95 : 2.884615
began evaluation!
Total test images: 4
Validation begin
===>test image:/projects/weilab/liupeng/dataset/ssl_seg/BTCV/Training_resampled_1.5_1.5_2.0_npy_zscore/img/img0022.npy
condition batch eval, img shape:(222, 262, 262), sx:3, sy:3, sz:3, num_conditions:2
condition:1, metric:[0.83306244 0.         0.        ]
condition:2, metric:[0.93724878 0.         0.        ]
condition batch eval, img shape:(222, 262, 262), sx:3, sy:3, sz:3, num_conditions:2
condition:3, metric:[0.84272598 0.         0.        ]
condition:4, metric:[0.29131069 0.         0.        ]
condition batch eval, img shape:(222, 262, 262), sx:3, sy:3, sz:3, num_conditions:2
condition:5, metric:[0.45948326 0.         0.        ]
condition:6, metric:[0.70746988 0.         0.        ]
condition batch eval, img shape:(222, 262, 262), sx:3, sy:3, sz:3, num_conditions:2
condition:7, metric:[0.76286877 0.         0.        ]
condition:8, metric:[0.71675939 0.         0.        ]
condition batch eval, img shape:(222, 262, 262), sx:3, sy:3, sz:3, num_conditions:2
condition:9, metric:[0.79479718 0.         0.        ]
condition:10, metric:[0.6802307 0.        0.       ]
condition batch eval, img shape:(222, 262, 262), sx:3, sy:3, sz:3, num_conditions:2
condition:11, metric:[0.61688032 0.         0.        ]
condition:12, metric:[0.25621415 0.         0.        ]
condition batch eval, img shape:(222, 262, 262), sx:3, sy:3, sz:3, num_conditions:1
condition:13, metric:[0.52873563 0.         0.        ]
===>test image:/projects/weilab/liupeng/dataset/ssl_seg/BTCV/Training_resampled_1.5_1.5_2.0_npy_zscore/img/img0029.npy
condition batch eval, img shape:(150, 299, 299), sx:2, sy:4, sz:4, num_conditions:2
condition:1, metric:[0.74782778 0.         0.        ]
condition:2, metric:[0.71929965 0.         0.        ]
condition batch eval, img shape:(150, 299, 299), sx:2, sy:4, sz:4, num_conditions:2
condition:3, metric:[0.59705731 0.         0.        ]
condition:4, metric:[0.60006953 0.         0.        ]
condition batch eval, img shape:(150, 299, 299), sx:2, sy:4, sz:4, num_conditions:2
condition:5, metric:[0.67889908 0.         0.        ]
condition:6, metric:[0.87148594 0.         0.        ]
condition batch eval, img shape:(150, 299, 299), sx:2, sy:4, sz:4, num_conditions:2
condition:7, metric:[0.38021717 0.         0.        ]
condition:8, metric:[0.81949606 0.         0.        ]
condition batch eval, img shape:(150, 299, 299), sx:2, sy:4, sz:4, num_conditions:2
condition:9, metric:[0.85645198 0.         0.        ]
condition:10, metric:[0.63847981 0.         0.        ]
condition batch eval, img shape:(150, 299, 299), sx:2, sy:4, sz:4, num_conditions:2
condition:11, metric:[0.52666142 0.         0.        ]
condition:12, metric:[0.47675277 0.         0.        ]
condition batch eval, img shape:(150, 299, 299), sx:2, sy:4, sz:4, num_conditions:1
condition:13, metric:[0.55266955 0.         0.        ]
===>test image:/projects/weilab/liupeng/dataset/ssl_seg/BTCV/Training_resampled_1.5_1.5_2.0_npy_zscore/img/img0036.npy
condition batch eval, img shape:(276, 255, 255), sx:4, sy:3, sz:3, num_conditions:2
condition:1, metric:[0.78491727 0.         0.        ]
condition:2, metric:[0.63878081 0.         0.        ]
condition batch eval, img shape:(276, 255, 255), sx:4, sy:3, sz:3, num_conditions:2
condition:3, metric:[0.56786368 0.         0.        ]
condition:4, metric:[0.31435212 0.         0.        ]
condition batch eval, img shape:(276, 255, 255), sx:4, sy:3, sz:3, num_conditions:2
condition:5, metric:[0.6483752 0.        0.       ]
condition:6, metric:[0.67640815 0.         0.        ]
condition batch eval, img shape:(276, 255, 255), sx:4, sy:3, sz:3, num_conditions:2
condition:7, metric:[0.54024391 0.         0.        ]
condition:8, metric:[0.61105409 0.         0.        ]
condition batch eval, img shape:(276, 255, 255), sx:4, sy:3, sz:3, num_conditions:2
condition:9, metric:[0.70787014 0.         0.        ]
condition:10, metric:[0.59693546 0.         0.        ]
condition batch eval, img shape:(276, 255, 255), sx:4, sy:3, sz:3, num_conditions:2
condition:11, metric:[0.356389 0.       0.      ]
condition:12, metric:[0.43583118 0.         0.        ]
condition batch eval, img shape:(276, 255, 255), sx:4, sy:3, sz:3, num_conditions:1
condition:13, metric:[0.59893048 0.         0.        ]
===>test image:/projects/weilab/liupeng/dataset/ssl_seg/BTCV/Training_resampled_1.5_1.5_2.0_npy_zscore/img/img0035.npy
condition batch eval, img shape:(235, 314, 314), sx:4, sy:4, sz:4, num_conditions:2
condition:1, metric:[0.87680815 0.         0.        ]
condition:2, metric:[0.82031785 0.         0.        ]
condition batch eval, img shape:(235, 314, 314), sx:4, sy:4, sz:4, num_conditions:2
condition:3, metric:[0.69210048 0.         0.        ]
condition:4, metric:[  0. 150. 150.]
condition batch eval, img shape:(235, 314, 314), sx:4, sy:4, sz:4, num_conditions:2
condition:5, metric:[0.71033284 0.         0.        ]
condition:6, metric:[0.73615454 0.         0.        ]
condition batch eval, img shape:(235, 314, 314), sx:4, sy:4, sz:4, num_conditions:2
condition:7, metric:[0.51192907 0.         0.        ]
condition:8, metric:[0.6029692 0.        0.       ]
condition batch eval, img shape:(235, 314, 314), sx:4, sy:4, sz:4, num_conditions:2
condition:9, metric:[0.74904908 0.         0.        ]
condition:10, metric:[0.67217905 0.         0.        ]
condition batch eval, img shape:(235, 314, 314), sx:4, sy:4, sz:4, num_conditions:2
condition:11, metric:[0.39190963 0.         0.        ]
condition:12, metric:[0.26320501 0.         0.        ]
condition batch eval, img shape:(235, 314, 314), sx:4, sy:4, sz:4, num_conditions:1
condition:13, metric:[0.47696477 0.         0.        ]
Validation end
avg metric shape: (13, 3)
save model to ../model/BTCV_5_C3PS_cond_mode_film_began_semi2000_con4000_SGD_SGD/unet_3D_old/iter_32000_dice_0.613
iteration 32000 : model2_dice_score : 0.612981 model2_hd95 : 2.884615
save model to ../model/BTCV_5_C3PS_cond_mode_film_began_semi2000_con4000_SGD_SGD/unet_3D_old/model_iter_32000.pth
save model2 to ../model/BTCV_5_C3PS_cond_mode_film_began_semi2000_con4000_SGD_SGD/unet_3D_old/model2_iter_32000.pth
iteration 32020 :model1 loss : 0.163856model2 loss : 0.036612pseudo_supervision1 : 0.172204pseudo_supervision2 : 0.032796
iteration 32040 :model1 loss : 0.288031model2 loss : 0.017688pseudo_supervision1 : 0.300889pseudo_supervision2 : 0.008044
iteration 32060 :model1 loss : 0.245896model2 loss : 0.068771pseudo_supervision1 : 0.000000pseudo_supervision2 : 0.500583
iteration 32080 :model1 loss : 0.213360model2 loss : 0.072881pseudo_supervision1 : 0.000000pseudo_supervision2 : 0.500130
iteration 32100 :model1 loss : 0.306515model2 loss : 0.102083pseudo_supervision1 : 0.000000pseudo_supervision2 : 0.500321
iteration 32120 :model1 loss : 0.233629model2 loss : 0.017093pseudo_supervision1 : 1.041518pseudo_supervision2 : 0.022012
iteration 32140 :model1 loss : 0.166937model2 loss : 0.032666pseudo_supervision1 : 0.490014pseudo_supervision2 : 0.023062
iteration 32160 :model1 loss : 0.486078model2 loss : 0.047853pseudo_supervision1 : 0.389877pseudo_supervision2 : 0.013211
iteration 32180 :model1 loss : 0.203697model2 loss : 0.077802pseudo_supervision1 : 0.000000pseudo_supervision2 : 0.500939
iteration 32200 :model1 loss : 0.133215model2 loss : 0.024276pseudo_supervision1 : 0.232627pseudo_supervision2 : 0.071498
save model to ../model/BTCV_5_C3PS_cond_mode_film_began_semi2000_con4000_SGD_SGD/unet_3D_old/model_iter_32200.pth
save model2 to ../model/BTCV_5_C3PS_cond_mode_film_began_semi2000_con4000_SGD_SGD/unet_3D_old/model2_iter_32200.pth
iteration 32220 :model1 loss : 0.165684model2 loss : 0.029944pseudo_supervision1 : 0.374068pseudo_supervision2 : 0.012316
iteration 32240 :model1 loss : 0.195991model2 loss : 0.032320pseudo_supervision1 : 0.752173pseudo_supervision2 : 0.025531
iteration 32260 :model1 loss : 0.185414model2 loss : 0.019215pseudo_supervision1 : 0.695643pseudo_supervision2 : 0.012602
iteration 32280 :model1 loss : 0.129362model2 loss : 0.093629pseudo_supervision1 : 0.000000pseudo_supervision2 : 0.500173
iteration 32300 :model1 loss : 0.186759model2 loss : 0.089311pseudo_supervision1 : 0.000000pseudo_supervision2 : 0.497914
iteration 32320 :model1 loss : 0.379939model2 loss : 0.141892pseudo_supervision1 : 0.000000pseudo_supervision2 : 0.501231
iteration 32340 :model1 loss : 0.117541model2 loss : 0.066993pseudo_supervision1 : 0.000000pseudo_supervision2 : 0.500097
iteration 32360 :model1 loss : 0.418181model2 loss : 0.064876pseudo_supervision1 : 0.195011pseudo_supervision2 : 0.006224
iteration 32380 :model1 loss : 0.158904model2 loss : 0.075272pseudo_supervision1 : 0.000000pseudo_supervision2 : 0.500590
iteration 32400 :model1 loss : 0.120993model2 loss : 0.079809pseudo_supervision1 : 0.000000pseudo_supervision2 : 0.500093
began evaluation!
iteration 32400: validation sampled 4/12 cases
Total test images: 4
Validation begin
Validation end
avg metric shape: (13, 3)
iteration 32400 : model_dice_score : 0.509416 model_hd95 : 5.769231
began evaluation!
Total test images: 4
Validation begin
===>test image:/projects/weilab/liupeng/dataset/ssl_seg/BTCV/Training_resampled_1.5_1.5_2.0_npy_zscore/img/img0001.npy
condition batch eval, img shape:(220, 228, 228), sx:3, sy:3, sz:3, num_conditions:2
condition:1, metric:[0.57049387 0.         0.        ]
condition:2, metric:[0.48886073 0.         0.        ]
condition batch eval, img shape:(220, 228, 228), sx:3, sy:3, sz:3, num_conditions:2
condition:3, metric:[0.44357919 0.         0.        ]
condition:4, metric:[0. 0. 0.]
condition batch eval, img shape:(220, 228, 228), sx:3, sy:3, sz:3, num_conditions:2
condition:5, metric:[0.75953566 0.         0.        ]
condition:6, metric:[0.79224006 0.         0.        ]
condition batch eval, img shape:(220, 228, 228), sx:3, sy:3, sz:3, num_conditions:2
condition:7, metric:[0.42141182 0.         0.        ]
condition:8, metric:[0.44773498 0.         0.        ]
condition batch eval, img shape:(220, 228, 228), sx:3, sy:3, sz:3, num_conditions:2
condition:9, metric:[0.68010252 0.         0.        ]
condition:10, metric:[0.71355187 0.         0.        ]
condition batch eval, img shape:(220, 228, 228), sx:3, sy:3, sz:3, num_conditions:2
condition:11, metric:[0.35167302 0.         0.        ]
condition:12, metric:[0.42147436 0.         0.        ]
condition batch eval, img shape:(220, 228, 228), sx:3, sy:3, sz:3, num_conditions:1
condition:13, metric:[0.6286428 0.        0.       ]
===>test image:/projects/weilab/liupeng/dataset/ssl_seg/BTCV/Training_resampled_1.5_1.5_2.0_npy_zscore/img/img0025.npy
condition batch eval, img shape:(212, 284, 284), sx:3, sy:3, sz:3, num_conditions:2
condition:1, metric:[0.53752266 0.         0.        ]
condition:2, metric:[0.28007647 0.         0.        ]
condition batch eval, img shape:(212, 284, 284), sx:3, sy:3, sz:3, num_conditions:2
condition:3, metric:[0.6939 0.     0.    ]
condition:4, metric:[0.53025835 0.         0.        ]
condition batch eval, img shape:(212, 284, 284), sx:3, sy:3, sz:3, num_conditions:2
condition:5, metric:[0.68776978 0.         0.        ]
condition:6, metric:[0.8983697 0.        0.       ]
condition batch eval, img shape:(212, 284, 284), sx:3, sy:3, sz:3, num_conditions:2
condition:7, metric:[0.48905094 0.         0.        ]
condition:8, metric:[0.67598396 0.         0.        ]
condition batch eval, img shape:(212, 284, 284), sx:3, sy:3, sz:3, num_conditions:2
condition:9, metric:[0.68127269 0.         0.        ]
condition:10, metric:[0.11252747 0.         0.        ]
condition batch eval, img shape:(212, 284, 284), sx:3, sy:3, sz:3, num_conditions:2
condition:11, metric:[0.56682405 0.         0.        ]
condition:12, metric:[0.45571167 0.         0.        ]
condition batch eval, img shape:(212, 284, 284), sx:3, sy:3, sz:3, num_conditions:1
condition:13, metric:[0.76942047 0.         0.        ]
===>test image:/projects/weilab/liupeng/dataset/ssl_seg/BTCV/Training_resampled_1.5_1.5_2.0_npy_zscore/img/img0035.npy
condition batch eval, img shape:(235, 314, 314), sx:4, sy:4, sz:4, num_conditions:2
condition:1, metric:[0.6797786 0.        0.       ]
condition:2, metric:[0.76080913 0.         0.        ]
condition batch eval, img shape:(235, 314, 314), sx:4, sy:4, sz:4, num_conditions:2
condition:3, metric:[0.63433761 0.         0.        ]
condition:4, metric:[  0. 150. 150.]
condition batch eval, img shape:(235, 314, 314), sx:4, sy:4, sz:4, num_conditions:2
condition:5, metric:[0.47774781 0.         0.        ]
condition:6, metric:[0.84082614 0.         0.        ]
condition batch eval, img shape:(235, 314, 314), sx:4, sy:4, sz:4, num_conditions:2
condition:7, metric:[0.45788839 0.         0.        ]
condition:8, metric:[0.52582926 0.         0.        ]
condition batch eval, img shape:(235, 314, 314), sx:4, sy:4, sz:4, num_conditions:2
condition:9, metric:[0.74387852 0.         0.        ]
condition:10, metric:[0.6651107 0.        0.       ]
condition batch eval, img shape:(235, 314, 314), sx:4, sy:4, sz:4, num_conditions:2
condition:11, metric:[0.34040131 0.         0.        ]
condition:12, metric:[0.53918045 0.         0.        ]
condition batch eval, img shape:(235, 314, 314), sx:4, sy:4, sz:4, num_conditions:1
condition:13, metric:[0.55592105 0.         0.        ]
===>test image:/projects/weilab/liupeng/dataset/ssl_seg/BTCV/Training_resampled_1.5_1.5_2.0_npy_zscore/img/img0038.npy
condition batch eval, img shape:(250, 333, 333), sx:4, sy:4, sz:4, num_conditions:2
condition:1, metric:[0.58992373 0.         0.        ]
condition:2, metric:[0.86783771 0.         0.        ]
condition batch eval, img shape:(250, 333, 333), sx:4, sy:4, sz:4, num_conditions:2
condition:3, metric:[0.81502933 0.         0.        ]
condition:4, metric:[0.06802078 0.         0.        ]
condition batch eval, img shape:(250, 333, 333), sx:4, sy:4, sz:4, num_conditions:2
condition:5, metric:[0.47376612 0.         0.        ]
condition:6, metric:[0.7794124 0.        0.       ]
condition batch eval, img shape:(250, 333, 333), sx:4, sy:4, sz:4, num_conditions:2
condition:7, metric:[0.46911874 0.         0.        ]
condition:8, metric:[0.83678723 0.         0.        ]
condition batch eval, img shape:(250, 333, 333), sx:4, sy:4, sz:4, num_conditions:2
condition:9, metric:[0.74229627 0.         0.        ]
condition:10, metric:[0.68706348 0.         0.        ]
condition batch eval, img shape:(250, 333, 333), sx:4, sy:4, sz:4, num_conditions:2
condition:11, metric:[0.69098559 0.         0.        ]
condition:12, metric:[0.39856373 0.         0.        ]
condition batch eval, img shape:(250, 333, 333), sx:4, sy:4, sz:4, num_conditions:1
condition:13, metric:[0.53660012 0.         0.        ]
Validation end
avg metric shape: (13, 3)
iteration 32400 : model2_dice_score : 0.562983 model2_hd95 : 2.884615
save model to ../model/BTCV_5_C3PS_cond_mode_film_began_semi2000_con4000_SGD_SGD/unet_3D_old/model_iter_32400.pth
save model2 to ../model/BTCV_5_C3PS_cond_mode_film_began_semi2000_con4000_SGD_SGD/unet_3D_old/model2_iter_32400.pth
iteration 32420 :model1 loss : 0.183707model2 loss : 0.045763pseudo_supervision1 : 0.235093pseudo_supervision2 : 0.031617
iteration 32440 :model1 loss : 0.147172model2 loss : 0.065934pseudo_supervision1 : 0.000000pseudo_supervision2 : 0.500345
iteration 32460 :model1 loss : 0.297961model2 loss : 0.068571pseudo_supervision1 : 0.000000pseudo_supervision2 : 0.500107
iteration 32480 :model1 loss : 0.158244model2 loss : 0.017558pseudo_supervision1 : 0.446345pseudo_supervision2 : 0.032629
iteration 32500 :model1 loss : 0.168797model2 loss : 0.027221pseudo_supervision1 : 0.342438pseudo_supervision2 : 0.016001
iteration 32520 :model1 loss : 0.248413model2 loss : 0.036808pseudo_supervision1 : 0.938745pseudo_supervision2 : 0.113402
iteration 32540 :model1 loss : 0.117443model2 loss : 0.093993pseudo_supervision1 : 0.000000pseudo_supervision2 : 0.500414
iteration 32560 :model1 loss : 0.193300model2 loss : 0.025556pseudo_supervision1 : 0.419546pseudo_supervision2 : 0.023165
iteration 32580 :model1 loss : 0.164763model2 loss : 0.023610pseudo_supervision1 : 0.395232pseudo_supervision2 : 0.029140
iteration 32600 :model1 loss : 0.196675model2 loss : 0.063270pseudo_supervision1 : 0.381441pseudo_supervision2 : 0.072308
save model to ../model/BTCV_5_C3PS_cond_mode_film_began_semi2000_con4000_SGD_SGD/unet_3D_old/model_iter_32600.pth
save model2 to ../model/BTCV_5_C3PS_cond_mode_film_began_semi2000_con4000_SGD_SGD/unet_3D_old/model2_iter_32600.pth
iteration 32620 :model1 loss : 0.171765model2 loss : 0.088422pseudo_supervision1 : 0.000000pseudo_supervision2 : 0.500295
iteration 32640 :model1 loss : 0.128119model2 loss : 0.061419pseudo_supervision1 : 0.000000pseudo_supervision2 : 0.500164
iteration 32660 :model1 loss : 0.212247model2 loss : 0.027648pseudo_supervision1 : 0.000000pseudo_supervision2 : 0.103873
iteration 32680 :model1 loss : 0.171261model2 loss : 0.047845pseudo_supervision1 : 0.153194pseudo_supervision2 : 0.024067
iteration 32700 :model1 loss : 0.200662model2 loss : 0.023532pseudo_supervision1 : 0.715016pseudo_supervision2 : 0.007896
iteration 32720 :model1 loss : 0.315398model2 loss : 0.035567pseudo_supervision1 : 0.394484pseudo_supervision2 : 0.046607
iteration 32740 :model1 loss : 0.112831model2 loss : 0.085460pseudo_supervision1 : 0.000000pseudo_supervision2 : 0.500112
iteration 32760 :model1 loss : 0.145634model2 loss : 0.091122pseudo_supervision1 : 0.000000pseudo_supervision2 : 0.500781
iteration 32780 :model1 loss : 0.162914model2 loss : 0.028619pseudo_supervision1 : 0.401640pseudo_supervision2 : 0.030696
iteration 32800 :model1 loss : 0.186587model2 loss : 0.048089pseudo_supervision1 : 0.000000pseudo_supervision2 : 0.147819
began evaluation!
iteration 32800: validation sampled 4/12 cases
Total test images: 4
Validation begin
Validation end
avg metric shape: (13, 3)
iteration 32800 : model_dice_score : 0.528969 model_hd95 : 2.884615
began evaluation!
Total test images: 4
Validation begin
===>test image:/projects/weilab/liupeng/dataset/ssl_seg/BTCV/Training_resampled_1.5_1.5_2.0_npy_zscore/img/img0029.npy
condition batch eval, img shape:(150, 299, 299), sx:2, sy:4, sz:4, num_conditions:2
condition:1, metric:[0.74355268 0.         0.        ]
condition:2, metric:[0.7208514 0.        0.       ]
condition batch eval, img shape:(150, 299, 299), sx:2, sy:4, sz:4, num_conditions:2
condition:3, metric:[0.4983799 0.        0.       ]
condition:4, metric:[0.37194127 0.         0.        ]
condition batch eval, img shape:(150, 299, 299), sx:2, sy:4, sz:4, num_conditions:2
condition:5, metric:[0.72373167 0.         0.        ]
condition:6, metric:[0.89933523 0.         0.        ]
condition batch eval, img shape:(150, 299, 299), sx:2, sy:4, sz:4, num_conditions:2
condition:7, metric:[0.36376208 0.         0.        ]
condition:8, metric:[0.78725025 0.         0.        ]
condition batch eval, img shape:(150, 299, 299), sx:2, sy:4, sz:4, num_conditions:2
condition:9, metric:[0.79760058 0.         0.        ]
condition:10, metric:[0.63577118 0.         0.        ]
condition batch eval, img shape:(150, 299, 299), sx:2, sy:4, sz:4, num_conditions:2
condition:11, metric:[0.46242239 0.         0.        ]
condition:12, metric:[0.50290698 0.         0.        ]
condition batch eval, img shape:(150, 299, 299), sx:2, sy:4, sz:4, num_conditions:1
condition:13, metric:[0.50693374 0.         0.        ]
===>test image:/projects/weilab/liupeng/dataset/ssl_seg/BTCV/Training_resampled_1.5_1.5_2.0_npy_zscore/img/img0036.npy
condition batch eval, img shape:(276, 255, 255), sx:4, sy:3, sz:3, num_conditions:2
condition:1, metric:[0.63163554 0.         0.        ]
condition:2, metric:[0.66061205 0.         0.        ]
condition batch eval, img shape:(276, 255, 255), sx:4, sy:3, sz:3, num_conditions:2
condition:3, metric:[0.5514545 0.        0.       ]
condition:4, metric:[0.11050847 0.         0.        ]
condition batch eval, img shape:(276, 255, 255), sx:4, sy:3, sz:3, num_conditions:2
condition:5, metric:[0.72632653 0.         0.        ]
condition:6, metric:[0.74641682 0.         0.        ]
condition batch eval, img shape:(276, 255, 255), sx:4, sy:3, sz:3, num_conditions:2
condition:7, metric:[0.50071231 0.         0.        ]
condition:8, metric:[0.62841224 0.         0.        ]
condition batch eval, img shape:(276, 255, 255), sx:4, sy:3, sz:3, num_conditions:2
condition:9, metric:[0.71487246 0.         0.        ]
condition:10, metric:[0.59527225 0.         0.        ]
condition batch eval, img shape:(276, 255, 255), sx:4, sy:3, sz:3, num_conditions:2
condition:11, metric:[0.3048809 0.        0.       ]
condition:12, metric:[0.3890411 0.        0.       ]
condition batch eval, img shape:(276, 255, 255), sx:4, sy:3, sz:3, num_conditions:1
condition:13, metric:[0.42328042 0.         0.        ]
===>test image:/projects/weilab/liupeng/dataset/ssl_seg/BTCV/Training_resampled_1.5_1.5_2.0_npy_zscore/img/img0004.npy
condition batch eval, img shape:(210, 203, 203), sx:3, sy:2, sz:2, num_conditions:2
condition:1, metric:[0.37700725 0.         0.        ]
condition:2, metric:[0.62724664 0.         0.        ]
condition batch eval, img shape:(210, 203, 203), sx:3, sy:2, sz:2, num_conditions:2
condition:3, metric:[0.47459658 0.         0.        ]
condition:4, metric:[0. 0. 0.]
condition batch eval, img shape:(210, 203, 203), sx:3, sy:2, sz:2, num_conditions:2
condition:5, metric:[0.56860321 0.         0.        ]
condition:6, metric:[0.61726062 0.         0.        ]
condition batch eval, img shape:(210, 203, 203), sx:3, sy:2, sz:2, num_conditions:2
condition:7, metric:[0.14256963 0.         0.        ]
condition:8, metric:[0.27141438 0.         0.        ]
condition batch eval, img shape:(210, 203, 203), sx:3, sy:2, sz:2, num_conditions:2
condition:9, metric:[0.6207604 0.        0.       ]
condition:10, metric:[0.49948248 0.         0.        ]
condition batch eval, img shape:(210, 203, 203), sx:3, sy:2, sz:2, num_conditions:2
condition:11, metric:[0.19645534 0.         0.        ]
condition:12, metric:[0.07621951 0.         0.        ]
condition batch eval, img shape:(210, 203, 203), sx:3, sy:2, sz:2, num_conditions:1
condition:13, metric:[  0. 150. 150.]
===>test image:/projects/weilab/liupeng/dataset/ssl_seg/BTCV/Training_resampled_1.5_1.5_2.0_npy_zscore/img/img0022.npy
condition batch eval, img shape:(222, 262, 262), sx:3, sy:3, sz:3, num_conditions:2
condition:1, metric:[0.65964987 0.         0.        ]
condition:2, metric:[0.92360958 0.         0.        ]
condition batch eval, img shape:(222, 262, 262), sx:3, sy:3, sz:3, num_conditions:2
condition:3, metric:[0.80748437 0.         0.        ]
condition:4, metric:[0.09706722 0.         0.        ]
condition batch eval, img shape:(222, 262, 262), sx:3, sy:3, sz:3, num_conditions:2
condition:5, metric:[0.56949546 0.         0.        ]
condition:6, metric:[0.76021898 0.         0.        ]
condition batch eval, img shape:(222, 262, 262), sx:3, sy:3, sz:3, num_conditions:2
condition:7, metric:[0.70787327 0.         0.        ]
condition:8, metric:[0.62296309 0.         0.        ]
condition batch eval, img shape:(222, 262, 262), sx:3, sy:3, sz:3, num_conditions:2
condition:9, metric:[0.72554839 0.         0.        ]
condition:10, metric:[0.62421694 0.         0.        ]
condition batch eval, img shape:(222, 262, 262), sx:3, sy:3, sz:3, num_conditions:2
condition:11, metric:[0.48072877 0.         0.        ]
condition:12, metric:[0.24169742 0.         0.        ]
condition batch eval, img shape:(222, 262, 262), sx:3, sy:3, sz:3, num_conditions:1
condition:13, metric:[0.44048735 0.         0.        ]
Validation end
avg metric shape: (13, 3)
iteration 32800 : model2_dice_score : 0.521741 model2_hd95 : 2.884615
save model to ../model/BTCV_5_C3PS_cond_mode_film_began_semi2000_con4000_SGD_SGD/unet_3D_old/model_iter_32800.pth
save model2 to ../model/BTCV_5_C3PS_cond_mode_film_began_semi2000_con4000_SGD_SGD/unet_3D_old/model2_iter_32800.pth
iteration 32820 :model1 loss : 0.174101model2 loss : 0.024852pseudo_supervision1 : 0.425863pseudo_supervision2 : 0.048675
iteration 32840 :model1 loss : 0.235295model2 loss : 0.037599pseudo_supervision1 : 0.211835pseudo_supervision2 : 0.042939
iteration 32860 :model1 loss : 0.231756model2 loss : 0.052596pseudo_supervision1 : 0.412518pseudo_supervision2 : 0.043720
iteration 32880 :model1 loss : 0.169320model2 loss : 0.040488pseudo_supervision1 : 0.247150pseudo_supervision2 : 0.022157
iteration 32900 :model1 loss : 0.148773model2 loss : 0.043056pseudo_supervision1 : 0.000000pseudo_supervision2 : 0.132317
iteration 32920 :model1 loss : 0.178326model2 loss : 0.050062pseudo_supervision1 : 0.448273pseudo_supervision2 : 0.056340
iteration 32940 :model1 loss : 0.394820model2 loss : 0.070886pseudo_supervision1 : 0.000000pseudo_supervision2 : 0.500204
iteration 32960 :model1 loss : 0.188384model2 loss : 0.047466pseudo_supervision1 : 0.189427pseudo_supervision2 : 0.037386
iteration 32980 :model1 loss : 0.344856model2 loss : 0.058687pseudo_supervision1 : 0.842846pseudo_supervision2 : 0.071643
iteration 33000 :model1 loss : 0.193123model2 loss : 0.023629pseudo_supervision1 : 0.842394pseudo_supervision2 : 0.051905
save model to ../model/BTCV_5_C3PS_cond_mode_film_began_semi2000_con4000_SGD_SGD/unet_3D_old/model_iter_33000.pth
save model2 to ../model/BTCV_5_C3PS_cond_mode_film_began_semi2000_con4000_SGD_SGD/unet_3D_old/model2_iter_33000.pth
iteration 33020 :model1 loss : 0.207930model2 loss : 0.021118pseudo_supervision1 : 0.376273pseudo_supervision2 : 0.013494
iteration 33040 :model1 loss : 0.144901model2 loss : 0.030639pseudo_supervision1 : 0.101461pseudo_supervision2 : 0.096070
iteration 33060 :model1 loss : 0.204987model2 loss : 0.034768pseudo_supervision1 : 0.000000pseudo_supervision2 : 0.214495
iteration 33080 :model1 loss : 0.130418model2 loss : 0.074924pseudo_supervision1 : 0.000000pseudo_supervision2 : 0.500469
iteration 33100 :model1 loss : 0.188276model2 loss : 0.025957pseudo_supervision1 : 0.359160pseudo_supervision2 : 0.018211
iteration 33120 :model1 loss : 0.159030model2 loss : 0.032964pseudo_supervision1 : 0.154082pseudo_supervision2 : 0.111258
iteration 33140 :model1 loss : 0.140309model2 loss : 0.033822pseudo_supervision1 : 0.000000pseudo_supervision2 : 0.038064
iteration 33160 :model1 loss : 0.175698model2 loss : 0.038488pseudo_supervision1 : 0.117493pseudo_supervision2 : 0.015125
iteration 33180 :model1 loss : 0.145912model2 loss : 0.017009pseudo_supervision1 : 0.291599pseudo_supervision2 : 0.053254
iteration 33200 :model1 loss : 0.158832model2 loss : 0.071108pseudo_supervision1 : 0.000000pseudo_supervision2 : 0.445648
began evaluation!
iteration 33200: validation sampled 4/12 cases
Total test images: 4
Validation begin
Validation end
avg metric shape: (13, 3)
iteration 33200 : model_dice_score : 0.561128 model_hd95 : 2.884615
began evaluation!
Total test images: 4
Validation begin
===>test image:/projects/weilab/liupeng/dataset/ssl_seg/BTCV/Training_resampled_1.5_1.5_2.0_npy_zscore/img/img0036.npy
condition batch eval, img shape:(276, 255, 255), sx:4, sy:3, sz:3, num_conditions:2
condition:1, metric:[0.5146587 0.        0.       ]
condition:2, metric:[0.65344134 0.         0.        ]
condition batch eval, img shape:(276, 255, 255), sx:4, sy:3, sz:3, num_conditions:2
condition:3, metric:[0.51742405 0.         0.        ]
condition:4, metric:[0.07731782 0.         0.        ]
condition batch eval, img shape:(276, 255, 255), sx:4, sy:3, sz:3, num_conditions:2
condition:5, metric:[0.68403835 0.         0.        ]
condition:6, metric:[0.74059238 0.         0.        ]
condition batch eval, img shape:(276, 255, 255), sx:4, sy:3, sz:3, num_conditions:2
condition:7, metric:[0.46965859 0.         0.        ]
condition:8, metric:[0.62725883 0.         0.        ]
condition batch eval, img shape:(276, 255, 255), sx:4, sy:3, sz:3, num_conditions:2
condition:9, metric:[0.72486114 0.         0.        ]
condition:10, metric:[0.65103825 0.         0.        ]
condition batch eval, img shape:(276, 255, 255), sx:4, sy:3, sz:3, num_conditions:2
condition:11, metric:[0.28433793 0.         0.        ]
condition:12, metric:[0.53151101 0.         0.        ]
condition batch eval, img shape:(276, 255, 255), sx:4, sy:3, sz:3, num_conditions:1
condition:13, metric:[0.5839599 0.        0.       ]
===>test image:/projects/weilab/liupeng/dataset/ssl_seg/BTCV/Training_resampled_1.5_1.5_2.0_npy_zscore/img/img0001.npy
condition batch eval, img shape:(220, 228, 228), sx:3, sy:3, sz:3, num_conditions:2
condition:1, metric:[0.55684545 0.         0.        ]
condition:2, metric:[0.49397354 0.         0.        ]
condition batch eval, img shape:(220, 228, 228), sx:3, sy:3, sz:3, num_conditions:2
condition:3, metric:[0.39675494 0.         0.        ]
condition:4, metric:[0. 0. 0.]
condition batch eval, img shape:(220, 228, 228), sx:3, sy:3, sz:3, num_conditions:2
condition:5, metric:[0.79335685 0.         0.        ]
condition:6, metric:[0.79887909 0.         0.        ]
condition batch eval, img shape:(220, 228, 228), sx:3, sy:3, sz:3, num_conditions:2
condition:7, metric:[0.4214756 0.        0.       ]
condition:8, metric:[0.44420052 0.         0.        ]
condition batch eval, img shape:(220, 228, 228), sx:3, sy:3, sz:3, num_conditions:2
condition:9, metric:[0.70744669 0.         0.        ]
condition:10, metric:[0.76182942 0.         0.        ]
condition batch eval, img shape:(220, 228, 228), sx:3, sy:3, sz:3, num_conditions:2
condition:11, metric:[0.35684022 0.         0.        ]
condition:12, metric:[0.4212963 0.        0.       ]
condition batch eval, img shape:(220, 228, 228), sx:3, sy:3, sz:3, num_conditions:1
condition:13, metric:[0.50965825 0.         0.        ]
===>test image:/projects/weilab/liupeng/dataset/ssl_seg/BTCV/Training_resampled_1.5_1.5_2.0_npy_zscore/img/img0038.npy
condition batch eval, img shape:(250, 333, 333), sx:4, sy:4, sz:4, num_conditions:2
condition:1, metric:[0.60135648 0.         0.        ]
condition:2, metric:[0.88326252 0.         0.        ]
condition batch eval, img shape:(250, 333, 333), sx:4, sy:4, sz:4, num_conditions:2
condition:3, metric:[0.71036725 0.         0.        ]
condition:4, metric:[0.09846154 0.         0.        ]
condition batch eval, img shape:(250, 333, 333), sx:4, sy:4, sz:4, num_conditions:2
condition:5, metric:[0.49027068 0.         0.        ]
condition:6, metric:[0.7993478 0.        0.       ]
condition batch eval, img shape:(250, 333, 333), sx:4, sy:4, sz:4, num_conditions:2
condition:7, metric:[0.46351497 0.         0.        ]
condition:8, metric:[0.81479282 0.         0.        ]
condition batch eval, img shape:(250, 333, 333), sx:4, sy:4, sz:4, num_conditions:2
condition:9, metric:[0.67494325 0.         0.        ]
condition:10, metric:[0.68685294 0.         0.        ]
condition batch eval, img shape:(250, 333, 333), sx:4, sy:4, sz:4, num_conditions:2
condition:11, metric:[0.71394673 0.         0.        ]
condition:12, metric:[0.45590682 0.         0.        ]
condition batch eval, img shape:(250, 333, 333), sx:4, sy:4, sz:4, num_conditions:1
condition:13, metric:[0.50500135 0.         0.        ]
===>test image:/projects/weilab/liupeng/dataset/ssl_seg/BTCV/Training_resampled_1.5_1.5_2.0_npy_zscore/img/img0029.npy
condition batch eval, img shape:(150, 299, 299), sx:2, sy:4, sz:4, num_conditions:2
condition:1, metric:[0.65345071 0.         0.        ]
condition:2, metric:[0.68877149 0.         0.        ]
condition batch eval, img shape:(150, 299, 299), sx:2, sy:4, sz:4, num_conditions:2
condition:3, metric:[0.51063659 0.         0.        ]
condition:4, metric:[0.38404661 0.         0.        ]
condition batch eval, img shape:(150, 299, 299), sx:2, sy:4, sz:4, num_conditions:2
condition:5, metric:[0.81390821 0.         0.        ]
condition:6, metric:[0.92405627 0.         0.        ]
condition batch eval, img shape:(150, 299, 299), sx:2, sy:4, sz:4, num_conditions:2
condition:7, metric:[0.38784932 0.         0.        ]
condition:8, metric:[0.79280567 0.         0.        ]
condition batch eval, img shape:(150, 299, 299), sx:2, sy:4, sz:4, num_conditions:2
condition:9, metric:[0.84692494 0.         0.        ]
condition:10, metric:[0.7 0.  0. ]
condition batch eval, img shape:(150, 299, 299), sx:2, sy:4, sz:4, num_conditions:2
condition:11, metric:[0.4960981 0.        0.       ]
condition:12, metric:[0.59761905 0.         0.        ]
condition batch eval, img shape:(150, 299, 299), sx:2, sy:4, sz:4, num_conditions:1
condition:13, metric:[0.67158672 0.         0.        ]
Validation end
avg metric shape: (13, 3)
iteration 33200 : model2_dice_score : 0.578624 model2_hd95 : 0.000000
save model to ../model/BTCV_5_C3PS_cond_mode_film_began_semi2000_con4000_SGD_SGD/unet_3D_old/model_iter_33200.pth
save model2 to ../model/BTCV_5_C3PS_cond_mode_film_began_semi2000_con4000_SGD_SGD/unet_3D_old/model2_iter_33200.pth
iteration 33220 :model1 loss : 0.232330model2 loss : 0.063952pseudo_supervision1 : 0.407239pseudo_supervision2 : 0.007935
iteration 33240 :model1 loss : 0.181700model2 loss : 0.016502pseudo_supervision1 : 0.163688pseudo_supervision2 : 0.013984
iteration 33260 :model1 loss : 0.155103model2 loss : 0.023175pseudo_supervision1 : 0.354478pseudo_supervision2 : 0.009976
iteration 33280 :model1 loss : 0.235734model2 loss : 0.020739pseudo_supervision1 : 0.318987pseudo_supervision2 : 0.037606
iteration 33300 :model1 loss : 0.173346model2 loss : 0.036909pseudo_supervision1 : 0.142338pseudo_supervision2 : 0.014633
iteration 33320 :model1 loss : 0.211462model2 loss : 0.028184pseudo_supervision1 : 0.707812pseudo_supervision2 : 0.011299
iteration 33340 :model1 loss : 0.190555model2 loss : 0.023425pseudo_supervision1 : 0.735540pseudo_supervision2 : 0.011832
iteration 33360 :model1 loss : 0.435854model2 loss : 0.028626pseudo_supervision1 : 0.247655pseudo_supervision2 : 0.025868
iteration 33380 :model1 loss : 0.226409model2 loss : 0.023119pseudo_supervision1 : 0.245074pseudo_supervision2 : 0.024827
iteration 33400 :model1 loss : 0.231796model2 loss : 0.013525pseudo_supervision1 : 0.290693pseudo_supervision2 : 0.029319
save model to ../model/BTCV_5_C3PS_cond_mode_film_began_semi2000_con4000_SGD_SGD/unet_3D_old/model_iter_33400.pth
save model2 to ../model/BTCV_5_C3PS_cond_mode_film_began_semi2000_con4000_SGD_SGD/unet_3D_old/model2_iter_33400.pth
iteration 33420 :model1 loss : 0.205801model2 loss : 0.056101pseudo_supervision1 : 0.133535pseudo_supervision2 : 0.021178
iteration 33440 :model1 loss : 0.120506model2 loss : 0.080832pseudo_supervision1 : 0.000000pseudo_supervision2 : 0.500306
iteration 33460 :model1 loss : 0.198775model2 loss : 0.024416pseudo_supervision1 : 0.166650pseudo_supervision2 : 0.066111
iteration 33480 :model1 loss : 0.113906model2 loss : 0.074988pseudo_supervision1 : 0.000000pseudo_supervision2 : 0.500376
iteration 33500 :model1 loss : 0.138028model2 loss : 0.031123pseudo_supervision1 : 0.178181pseudo_supervision2 : 0.020178
iteration 33520 :model1 loss : 0.183626model2 loss : 0.015224pseudo_supervision1 : 0.698956pseudo_supervision2 : 0.030192
iteration 33540 :model1 loss : 0.178351model2 loss : 0.021403pseudo_supervision1 : 0.121347pseudo_supervision2 : 0.020467
iteration 33560 :model1 loss : 0.162818model2 loss : 0.116594pseudo_supervision1 : 0.000000pseudo_supervision2 : 0.500096
iteration 33580 :model1 loss : 0.132144model2 loss : 0.036492pseudo_supervision1 : 0.108138pseudo_supervision2 : 0.176129
iteration 33600 :model1 loss : 0.313619model2 loss : 0.026232pseudo_supervision1 : 0.306181pseudo_supervision2 : 0.041219
began evaluation!
iteration 33600: validation sampled 4/12 cases
Total test images: 4
Validation begin
Validation end
avg metric shape: (13, 3)
iteration 33600 : model_dice_score : 0.466627 model_hd95 : 8.653846
began evaluation!
Total test images: 4
Validation begin
===>test image:/projects/weilab/liupeng/dataset/ssl_seg/BTCV/Training_resampled_1.5_1.5_2.0_npy_zscore/img/img0008.npy
condition batch eval, img shape:(222, 249, 249), sx:3, sy:3, sz:3, num_conditions:2
condition:1, metric:[0.51858795 0.         0.        ]
condition:2, metric:[0.0078124 0.        0.       ]
condition batch eval, img shape:(222, 249, 249), sx:3, sy:3, sz:3, num_conditions:2
condition:3, metric:[2.38112246e-05 0.00000000e+00 0.00000000e+00]
condition:4, metric:[0.52244414 0.         0.        ]
condition batch eval, img shape:(222, 249, 249), sx:3, sy:3, sz:3, num_conditions:2
condition:5, metric:[0.66975717 0.         0.        ]
condition:6, metric:[0.74522159 0.         0.        ]
condition batch eval, img shape:(222, 249, 249), sx:3, sy:3, sz:3, num_conditions:2
condition:7, metric:[0.27432519 0.         0.        ]
condition:8, metric:[0.34323239 0.         0.        ]
condition batch eval, img shape:(222, 249, 249), sx:3, sy:3, sz:3, num_conditions:2
condition:9, metric:[0.63240586 0.         0.        ]
condition:10, metric:[0.66093289 0.         0.        ]
condition batch eval, img shape:(222, 249, 249), sx:3, sy:3, sz:3, num_conditions:2
condition:11, metric:[0.36234305 0.         0.        ]
condition:12, metric:[0.61788618 0.         0.        ]
condition batch eval, img shape:(222, 249, 249), sx:3, sy:3, sz:3, num_conditions:1
condition:13, metric:[0.578125 0.       0.      ]
===>test image:/projects/weilab/liupeng/dataset/ssl_seg/BTCV/Training_resampled_1.5_1.5_2.0_npy_zscore/img/img0029.npy
condition batch eval, img shape:(150, 299, 299), sx:2, sy:4, sz:4, num_conditions:2
condition:1, metric:[0.63405487 0.         0.        ]
condition:2, metric:[0.70649296 0.         0.        ]
condition batch eval, img shape:(150, 299, 299), sx:2, sy:4, sz:4, num_conditions:2
condition:3, metric:[0.51032628 0.         0.        ]
condition:4, metric:[0.64002578 0.         0.        ]
condition batch eval, img shape:(150, 299, 299), sx:2, sy:4, sz:4, num_conditions:2
condition:5, metric:[0.79262058 0.         0.        ]
condition:6, metric:[0.90849333 0.         0.        ]
condition batch eval, img shape:(150, 299, 299), sx:2, sy:4, sz:4, num_conditions:2
condition:7, metric:[0.37536933 0.         0.        ]
condition:8, metric:[0.75505112 0.         0.        ]
condition batch eval, img shape:(150, 299, 299), sx:2, sy:4, sz:4, num_conditions:2
condition:9, metric:[0.78321903 0.         0.        ]
condition:10, metric:[0.70902111 0.         0.        ]
condition batch eval, img shape:(150, 299, 299), sx:2, sy:4, sz:4, num_conditions:2
condition:11, metric:[0.48023932 0.         0.        ]
condition:12, metric:[0.63039014 0.         0.        ]
condition batch eval, img shape:(150, 299, 299), sx:2, sy:4, sz:4, num_conditions:1
condition:13, metric:[0.70234844 0.         0.        ]
===>test image:/projects/weilab/liupeng/dataset/ssl_seg/BTCV/Training_resampled_1.5_1.5_2.0_npy_zscore/img/img0001.npy
condition batch eval, img shape:(220, 228, 228), sx:3, sy:3, sz:3, num_conditions:2
condition:1, metric:[0.59307573 0.         0.        ]
condition:2, metric:[0.45384644 0.         0.        ]
condition batch eval, img shape:(220, 228, 228), sx:3, sy:3, sz:3, num_conditions:2
condition:3, metric:[0.41759615 0.         0.        ]
condition:4, metric:[0. 0. 0.]
condition batch eval, img shape:(220, 228, 228), sx:3, sy:3, sz:3, num_conditions:2
condition:5, metric:[0.73279649 0.         0.        ]
condition:6, metric:[0.79781435 0.         0.        ]
condition batch eval, img shape:(220, 228, 228), sx:3, sy:3, sz:3, num_conditions:2
condition:7, metric:[0.41072489 0.         0.        ]
condition:8, metric:[0.44233573 0.         0.        ]
condition batch eval, img shape:(220, 228, 228), sx:3, sy:3, sz:3, num_conditions:2
condition:9, metric:[0.62503683 0.         0.        ]
condition:10, metric:[0.73013458 0.         0.        ]
condition batch eval, img shape:(220, 228, 228), sx:3, sy:3, sz:3, num_conditions:2
condition:11, metric:[0.31631549 0.         0.        ]
condition:12, metric:[0.47477745 0.         0.        ]
condition batch eval, img shape:(220, 228, 228), sx:3, sy:3, sz:3, num_conditions:1
condition:13, metric:[0.5845903 0.        0.       ]
===>test image:/projects/weilab/liupeng/dataset/ssl_seg/BTCV/Training_resampled_1.5_1.5_2.0_npy_zscore/img/img0004.npy
condition batch eval, img shape:(210, 203, 203), sx:3, sy:2, sz:2, num_conditions:2
condition:1, metric:[0.2727502 0.        0.       ]
condition:2, metric:[0.65358088 0.         0.        ]
condition batch eval, img shape:(210, 203, 203), sx:3, sy:2, sz:2, num_conditions:2
condition:3, metric:[0.4574189 0.        0.       ]
condition:4, metric:[0. 0. 0.]
condition batch eval, img shape:(210, 203, 203), sx:3, sy:2, sz:2, num_conditions:2
condition:5, metric:[0.6585695 0.        0.       ]
condition:6, metric:[0.66430459 0.         0.        ]
condition batch eval, img shape:(210, 203, 203), sx:3, sy:2, sz:2, num_conditions:2
condition:7, metric:[0.13419377 0.         0.        ]
condition:8, metric:[0.23754354 0.         0.        ]
condition batch eval, img shape:(210, 203, 203), sx:3, sy:2, sz:2, num_conditions:2
condition:9, metric:[0.60562566 0.         0.        ]
condition:10, metric:[0.55970915 0.         0.        ]
condition batch eval, img shape:(210, 203, 203), sx:3, sy:2, sz:2, num_conditions:2
condition:11, metric:[0.17672575 0.         0.        ]
condition:12, metric:[0.08450704 0.         0.        ]
condition batch eval, img shape:(210, 203, 203), sx:3, sy:2, sz:2, num_conditions:1
condition:13, metric:[0.12293853 0.         0.        ]
Validation end
avg metric shape: (13, 3)
iteration 33600 : model2_dice_score : 0.495532 model2_hd95 : 0.000000
save model to ../model/BTCV_5_C3PS_cond_mode_film_began_semi2000_con4000_SGD_SGD/unet_3D_old/model_iter_33600.pth
save model2 to ../model/BTCV_5_C3PS_cond_mode_film_began_semi2000_con4000_SGD_SGD/unet_3D_old/model2_iter_33600.pth
iteration 33620 :model1 loss : 0.118735model2 loss : 0.071856pseudo_supervision1 : 0.000000pseudo_supervision2 : 0.500129
iteration 33640 :model1 loss : 0.139523model2 loss : 0.028543pseudo_supervision1 : 0.113788pseudo_supervision2 : 0.022358
iteration 33660 :model1 loss : 0.112415model2 loss : 0.021077pseudo_supervision1 : 0.000000pseudo_supervision2 : 0.035334
iteration 33680 :model1 loss : 0.460749model2 loss : 0.027797pseudo_supervision1 : 0.760128pseudo_supervision2 : 0.009697
iteration 33700 :model1 loss : 0.169101model2 loss : 0.037074pseudo_supervision1 : 0.131571pseudo_supervision2 : 0.018736
iteration 33720 :model1 loss : 0.138575model2 loss : 0.065934pseudo_supervision1 : 0.186793pseudo_supervision2 : 0.033506
iteration 33740 :model1 loss : 0.112530model2 loss : 0.112956pseudo_supervision1 : 0.000000pseudo_supervision2 : 0.500484
iteration 33760 :model1 loss : 0.186181model2 loss : 0.056403pseudo_supervision1 : 0.180173pseudo_supervision2 : 0.037708
iteration 33780 :model1 loss : 0.135666model2 loss : 0.031035pseudo_supervision1 : 0.000000pseudo_supervision2 : 0.077423
iteration 33800 :model1 loss : 0.244018model2 loss : 0.030386pseudo_supervision1 : 0.216120pseudo_supervision2 : 0.027730
save model to ../model/BTCV_5_C3PS_cond_mode_film_began_semi2000_con4000_SGD_SGD/unet_3D_old/model_iter_33800.pth
save model2 to ../model/BTCV_5_C3PS_cond_mode_film_began_semi2000_con4000_SGD_SGD/unet_3D_old/model2_iter_33800.pth
iteration 33820 :model1 loss : 0.230273model2 loss : 0.040027pseudo_supervision1 : 1.078995pseudo_supervision2 : 0.051945
iteration 33840 :model1 loss : 0.185665model2 loss : 0.044448pseudo_supervision1 : 0.000000pseudo_supervision2 : 0.145594
iteration 33860 :model1 loss : 0.162747model2 loss : 0.095135pseudo_supervision1 : 0.000000pseudo_supervision2 : 0.500712
iteration 33880 :model1 loss : 0.133526model2 loss : 0.030379pseudo_supervision1 : 0.203585pseudo_supervision2 : 0.082038
iteration 33900 :model1 loss : 0.242004model2 loss : 0.025592pseudo_supervision1 : 0.471709pseudo_supervision2 : 0.015245
iteration 33920 :model1 loss : 0.118299model2 loss : 0.086344pseudo_supervision1 : 0.000000pseudo_supervision2 : 0.501734
iteration 33940 :model1 loss : 0.194484model2 loss : 0.061031pseudo_supervision1 : 0.232625pseudo_supervision2 : 0.125400
iteration 33960 :model1 loss : 0.208242model2 loss : 0.073932pseudo_supervision1 : 0.000000pseudo_supervision2 : 0.500213
iteration 33980 :model1 loss : 0.150648model2 loss : 0.092879pseudo_supervision1 : 0.000000pseudo_supervision2 : 0.500161
iteration 34000 :model1 loss : 0.146253model2 loss : 0.015717pseudo_supervision1 : 0.355386pseudo_supervision2 : 0.025751
began evaluation!
iteration 34000: validation sampled 4/12 cases
Total test images: 4
Validation begin
Validation end
avg metric shape: (13, 3)
iteration 34000 : model_dice_score : 0.526360 model_hd95 : 2.884615
began evaluation!
Total test images: 4
Validation begin
===>test image:/projects/weilab/liupeng/dataset/ssl_seg/BTCV/Training_resampled_1.5_1.5_2.0_npy_zscore/img/img0032.npy
condition batch eval, img shape:(216, 253, 253), sx:3, sy:3, sz:3, num_conditions:2
condition:1, metric:[0.36576724 0.         0.        ]
condition:2, metric:[0.54703119 0.         0.        ]
condition batch eval, img shape:(216, 253, 253), sx:3, sy:3, sz:3, num_conditions:2
condition:3, metric:[0.4391583 0.        0.       ]
condition:4, metric:[0.6632287 0.        0.       ]
condition batch eval, img shape:(216, 253, 253), sx:3, sy:3, sz:3, num_conditions:2
condition:5, metric:[0.72021522 0.         0.        ]
condition:6, metric:[0.65401783 0.         0.        ]
condition batch eval, img shape:(216, 253, 253), sx:3, sy:3, sz:3, num_conditions:2
condition:7, metric:[0.43936127 0.         0.        ]
condition:8, metric:[0.40380968 0.         0.        ]
condition batch eval, img shape:(216, 253, 253), sx:3, sy:3, sz:3, num_conditions:2
condition:9, metric:[0.62603426 0.         0.        ]
condition:10, metric:[0.57132855 0.         0.        ]
condition batch eval, img shape:(216, 253, 253), sx:3, sy:3, sz:3, num_conditions:2
condition:11, metric:[0.27944215 0.         0.        ]
condition:12, metric:[0.45333333 0.         0.        ]
condition batch eval, img shape:(216, 253, 253), sx:3, sy:3, sz:3, num_conditions:1
condition:13, metric:[0.25 0.   0.  ]
===>test image:/projects/weilab/liupeng/dataset/ssl_seg/BTCV/Training_resampled_1.5_1.5_2.0_npy_zscore/img/img0022.npy
condition batch eval, img shape:(222, 262, 262), sx:3, sy:3, sz:3, num_conditions:2
condition:1, metric:[0.70296228 0.         0.        ]
condition:2, metric:[0.93995797 0.         0.        ]
condition batch eval, img shape:(222, 262, 262), sx:3, sy:3, sz:3, num_conditions:2
condition:3, metric:[0.8293788 0.        0.       ]
condition:4, metric:[0.47938604 0.         0.        ]
condition batch eval, img shape:(222, 262, 262), sx:3, sy:3, sz:3, num_conditions:2
condition:5, metric:[0.52124646 0.         0.        ]
condition:6, metric:[0.73819058 0.         0.        ]
condition batch eval, img shape:(222, 262, 262), sx:3, sy:3, sz:3, num_conditions:2
condition:7, metric:[0.72862358 0.         0.        ]
condition:8, metric:[0.86660539 0.         0.        ]
condition batch eval, img shape:(222, 262, 262), sx:3, sy:3, sz:3, num_conditions:2
condition:9, metric:[0.79688546 0.         0.        ]
condition:10, metric:[0.70162892 0.         0.        ]
condition batch eval, img shape:(222, 262, 262), sx:3, sy:3, sz:3, num_conditions:2
condition:11, metric:[0.6500145 0.        0.       ]
condition:12, metric:[0.39359268 0.         0.        ]
condition batch eval, img shape:(222, 262, 262), sx:3, sy:3, sz:3, num_conditions:1
condition:13, metric:[0.55950541 0.         0.        ]
===>test image:/projects/weilab/liupeng/dataset/ssl_seg/BTCV/Training_resampled_1.5_1.5_2.0_npy_zscore/img/img0002.npy
condition batch eval, img shape:(208, 246, 246), sx:3, sy:3, sz:3, num_conditions:2
condition:1, metric:[0.3796323 0.        0.       ]
condition:2, metric:[0.60122088 0.         0.        ]
condition batch eval, img shape:(208, 246, 246), sx:3, sy:3, sz:3, num_conditions:2
condition:3, metric:[0.35029304 0.         0.        ]
condition:4, metric:[0.47373448 0.         0.        ]
condition batch eval, img shape:(208, 246, 246), sx:3, sy:3, sz:3, num_conditions:2
condition:5, metric:[0.52158165 0.         0.        ]
condition:6, metric:[0.72107185 0.         0.        ]
condition batch eval, img shape:(208, 246, 246), sx:3, sy:3, sz:3, num_conditions:2
condition:7, metric:[0.38864029 0.         0.        ]
condition:8, metric:[0.33243107 0.         0.        ]
condition batch eval, img shape:(208, 246, 246), sx:3, sy:3, sz:3, num_conditions:2
condition:9, metric:[0.7122404 0.        0.       ]
condition:10, metric:[0.57538995 0.         0.        ]
condition batch eval, img shape:(208, 246, 246), sx:3, sy:3, sz:3, num_conditions:2
condition:11, metric:[0.30050956 0.         0.        ]
condition:12, metric:[0.61831657 0.         0.        ]
condition batch eval, img shape:(208, 246, 246), sx:3, sy:3, sz:3, num_conditions:1
condition:13, metric:[0.51976574 0.         0.        ]
===>test image:/projects/weilab/liupeng/dataset/ssl_seg/BTCV/Training_resampled_1.5_1.5_2.0_npy_zscore/img/img0035.npy
condition batch eval, img shape:(235, 314, 314), sx:4, sy:4, sz:4, num_conditions:2
condition:1, metric:[0.69949333 0.         0.        ]
condition:2, metric:[0.85076712 0.         0.        ]
condition batch eval, img shape:(235, 314, 314), sx:4, sy:4, sz:4, num_conditions:2
condition:3, metric:[0.64135426 0.         0.        ]
condition:4, metric:[  0. 150. 150.]
condition batch eval, img shape:(235, 314, 314), sx:4, sy:4, sz:4, num_conditions:2
condition:5, metric:[0.67039587 0.         0.        ]
condition:6, metric:[0.76021303 0.         0.        ]
condition batch eval, img shape:(235, 314, 314), sx:4, sy:4, sz:4, num_conditions:2
condition:7, metric:[0.47086597 0.         0.        ]
condition:8, metric:[0.58775727 0.         0.        ]
condition batch eval, img shape:(235, 314, 314), sx:4, sy:4, sz:4, num_conditions:2
condition:9, metric:[0.7480749 0.        0.       ]
condition:10, metric:[0.6853417 0.        0.       ]
condition batch eval, img shape:(235, 314, 314), sx:4, sy:4, sz:4, num_conditions:2
condition:11, metric:[0.37775909 0.         0.        ]
condition:12, metric:[0.55547703 0.         0.        ]
condition batch eval, img shape:(235, 314, 314), sx:4, sy:4, sz:4, num_conditions:1
condition:13, metric:[0.39363817 0.         0.        ]
Validation end
avg metric shape: (13, 3)
iteration 34000 : model2_dice_score : 0.562628 model2_hd95 : 2.884615
save model to ../model/BTCV_5_C3PS_cond_mode_film_began_semi2000_con4000_SGD_SGD/unet_3D_old/model_iter_34000.pth
save model2 to ../model/BTCV_5_C3PS_cond_mode_film_began_semi2000_con4000_SGD_SGD/unet_3D_old/model2_iter_34000.pth
iteration 34020 :model1 loss : 0.183889model2 loss : 0.069408pseudo_supervision1 : 0.000000pseudo_supervision2 : 0.500929
iteration 34040 :model1 loss : 0.154630model2 loss : 0.023813pseudo_supervision1 : 0.251471pseudo_supervision2 : 0.045920
iteration 34060 :model1 loss : 0.350612model2 loss : 0.080542pseudo_supervision1 : 0.000000pseudo_supervision2 : 0.500151
iteration 34080 :model1 loss : 0.332377model2 loss : 0.072205pseudo_supervision1 : 0.000000pseudo_supervision2 : 0.500181
iteration 34100 :model1 loss : 0.119480model2 loss : 0.064649pseudo_supervision1 : 0.000000pseudo_supervision2 : 0.500087
iteration 34120 :model1 loss : 0.146197model2 loss : 0.028754pseudo_supervision1 : 0.070065pseudo_supervision2 : 0.037929
iteration 34140 :model1 loss : 0.308952model2 loss : 0.029860pseudo_supervision1 : 0.918345pseudo_supervision2 : 0.044401
iteration 34160 :model1 loss : 0.287259model2 loss : 0.023887pseudo_supervision1 : 0.374486pseudo_supervision2 : 0.048224
iteration 34180 :model1 loss : 0.373016model2 loss : 0.101014pseudo_supervision1 : 0.000000pseudo_supervision2 : 0.500174
iteration 34200 :model1 loss : 0.107448model2 loss : 0.076336pseudo_supervision1 : 0.000000pseudo_supervision2 : 0.500208
save model to ../model/BTCV_5_C3PS_cond_mode_film_began_semi2000_con4000_SGD_SGD/unet_3D_old/model_iter_34200.pth
save model2 to ../model/BTCV_5_C3PS_cond_mode_film_began_semi2000_con4000_SGD_SGD/unet_3D_old/model2_iter_34200.pth
iteration 34220 :model1 loss : 0.131954model2 loss : 0.119902pseudo_supervision1 : 0.000000pseudo_supervision2 : 0.500469
iteration 34240 :model1 loss : 0.131925model2 loss : 0.068362pseudo_supervision1 : 0.000000pseudo_supervision2 : 0.500172
iteration 34260 :model1 loss : 0.283532model2 loss : 0.189416pseudo_supervision1 : 0.000000pseudo_supervision2 : 0.058731
iteration 34280 :model1 loss : 0.115522model2 loss : 0.069868pseudo_supervision1 : 0.000000pseudo_supervision2 : 0.500315
iteration 34300 :model1 loss : 0.207661model2 loss : 0.013110pseudo_supervision1 : 0.690188pseudo_supervision2 : 0.013944
iteration 34320 :model1 loss : 0.238530model2 loss : 0.022739pseudo_supervision1 : 0.755041pseudo_supervision2 : 0.059563
iteration 34340 :model1 loss : 0.257900model2 loss : 0.041979pseudo_supervision1 : 0.724661pseudo_supervision2 : 0.012280
iteration 34360 :model1 loss : 0.244527model2 loss : 0.154120pseudo_supervision1 : 0.238421pseudo_supervision2 : 0.042972
iteration 34380 :model1 loss : 0.149185model2 loss : 0.020450pseudo_supervision1 : 0.218381pseudo_supervision2 : 0.025116
iteration 34400 :model1 loss : 0.222464model2 loss : 0.035342pseudo_supervision1 : 0.417957pseudo_supervision2 : 0.066884
began evaluation!
iteration 34400: validation sampled 4/12 cases
Total test images: 4
Validation begin
Validation end
avg metric shape: (13, 3)
iteration 34400 : model_dice_score : 0.433558 model_hd95 : 2.884615
began evaluation!
Total test images: 4
Validation begin
===>test image:/projects/weilab/liupeng/dataset/ssl_seg/BTCV/Training_resampled_1.5_1.5_2.0_npy_zscore/img/img0008.npy
condition batch eval, img shape:(222, 249, 249), sx:3, sy:3, sz:3, num_conditions:2
condition:1, metric:[0.53254205 0.         0.        ]
condition:2, metric:[0.01049212 0.         0.        ]
condition batch eval, img shape:(222, 249, 249), sx:3, sy:3, sz:3, num_conditions:2
condition:3, metric:[0.00086641 0.         0.        ]
condition:4, metric:[0.31024931 0.         0.        ]
condition batch eval, img shape:(222, 249, 249), sx:3, sy:3, sz:3, num_conditions:2
condition:5, metric:[0.52356585 0.         0.        ]
condition:6, metric:[0.65537325 0.         0.        ]
condition batch eval, img shape:(222, 249, 249), sx:3, sy:3, sz:3, num_conditions:2
condition:7, metric:[0.24965679 0.         0.        ]
condition:8, metric:[0.2896667 0.        0.       ]
condition batch eval, img shape:(222, 249, 249), sx:3, sy:3, sz:3, num_conditions:2
condition:9, metric:[0.68539353 0.         0.        ]
condition:10, metric:[0.7095181 0.        0.       ]
condition batch eval, img shape:(222, 249, 249), sx:3, sy:3, sz:3, num_conditions:2
condition:11, metric:[0.39791597 0.         0.        ]
condition:12, metric:[0.59654889 0.         0.        ]
condition batch eval, img shape:(222, 249, 249), sx:3, sy:3, sz:3, num_conditions:1
condition:13, metric:[0.50232558 0.         0.        ]
===>test image:/projects/weilab/liupeng/dataset/ssl_seg/BTCV/Training_resampled_1.5_1.5_2.0_npy_zscore/img/img0003.npy
condition batch eval, img shape:(297, 307, 307), sx:5, sy:4, sz:4, num_conditions:2
condition:1, metric:[0.3822067 0.        0.       ]
condition:2, metric:[0.86056572 0.         0.        ]
condition batch eval, img shape:(297, 307, 307), sx:5, sy:4, sz:4, num_conditions:2
condition:3, metric:[0.79921043 0.         0.        ]
condition:4, metric:[0.5453471 0.        0.       ]
condition batch eval, img shape:(297, 307, 307), sx:5, sy:4, sz:4, num_conditions:2
condition:5, metric:[0.23816408 0.         0.        ]
condition:6, metric:[0.79313112 0.         0.        ]
condition batch eval, img shape:(297, 307, 307), sx:5, sy:4, sz:4, num_conditions:2
condition:7, metric:[0.22214457 0.         0.        ]
condition:8, metric:[0.80765074 0.         0.        ]
condition batch eval, img shape:(297, 307, 307), sx:5, sy:4, sz:4, num_conditions:2
condition:9, metric:[0.77622642 0.         0.        ]
condition:10, metric:[0.31125962 0.         0.        ]
condition batch eval, img shape:(297, 307, 307), sx:5, sy:4, sz:4, num_conditions:2
condition:11, metric:[0.20859024 0.         0.        ]
condition:12, metric:[0.27758621 0.         0.        ]
condition batch eval, img shape:(297, 307, 307), sx:5, sy:4, sz:4, num_conditions:1
condition:13, metric:[0.00890869 0.         0.        ]
===>test image:/projects/weilab/liupeng/dataset/ssl_seg/BTCV/Training_resampled_1.5_1.5_2.0_npy_zscore/img/img0002.npy
condition batch eval, img shape:(208, 246, 246), sx:3, sy:3, sz:3, num_conditions:2
condition:1, metric:[0.39572372 0.         0.        ]
condition:2, metric:[0.51066782 0.         0.        ]
condition batch eval, img shape:(208, 246, 246), sx:3, sy:3, sz:3, num_conditions:2
condition:3, metric:[0.38265521 0.         0.        ]
condition:4, metric:[0.39010082 0.         0.        ]
condition batch eval, img shape:(208, 246, 246), sx:3, sy:3, sz:3, num_conditions:2
condition:5, metric:[0.54371122 0.         0.        ]
condition:6, metric:[0.6933267 0.        0.       ]
condition batch eval, img shape:(208, 246, 246), sx:3, sy:3, sz:3, num_conditions:2
condition:7, metric:[0.38070906 0.         0.        ]
condition:8, metric:[0.31989776 0.         0.        ]
condition batch eval, img shape:(208, 246, 246), sx:3, sy:3, sz:3, num_conditions:2
condition:9, metric:[0.72994868 0.         0.        ]
condition:10, metric:[0.58397933 0.         0.        ]
condition batch eval, img shape:(208, 246, 246), sx:3, sy:3, sz:3, num_conditions:2
condition:11, metric:[0.33279555 0.         0.        ]
condition:12, metric:[0.60905778 0.         0.        ]
condition batch eval, img shape:(208, 246, 246), sx:3, sy:3, sz:3, num_conditions:1
condition:13, metric:[0.46191052 0.         0.        ]
===>test image:/projects/weilab/liupeng/dataset/ssl_seg/BTCV/Training_resampled_1.5_1.5_2.0_npy_zscore/img/img0004.npy
condition batch eval, img shape:(210, 203, 203), sx:3, sy:2, sz:2, num_conditions:2
condition:1, metric:[0.36169031 0.         0.        ]
condition:2, metric:[0.62655659 0.         0.        ]
condition batch eval, img shape:(210, 203, 203), sx:3, sy:2, sz:2, num_conditions:2
condition:3, metric:[0.44946648 0.         0.        ]
condition:4, metric:[0. 0. 0.]
condition batch eval, img shape:(210, 203, 203), sx:3, sy:2, sz:2, num_conditions:2
condition:5, metric:[0.65550756 0.         0.        ]
condition:6, metric:[0.57481165 0.         0.        ]
condition batch eval, img shape:(210, 203, 203), sx:3, sy:2, sz:2, num_conditions:2
condition:7, metric:[0.12660825 0.         0.        ]
condition:8, metric:[0.24106333 0.         0.        ]
condition batch eval, img shape:(210, 203, 203), sx:3, sy:2, sz:2, num_conditions:2
condition:9, metric:[0.66910932 0.         0.        ]
condition:10, metric:[0.61676264 0.         0.        ]
condition batch eval, img shape:(210, 203, 203), sx:3, sy:2, sz:2, num_conditions:2
condition:11, metric:[0.21728275 0.         0.        ]
condition:12, metric:[0.04154303 0.         0.        ]
condition batch eval, img shape:(210, 203, 203), sx:3, sy:2, sz:2, num_conditions:1
condition:13, metric:[0.43536025 0.         0.        ]
Validation end
avg metric shape: (13, 3)
iteration 34400 : model2_dice_score : 0.443180 model2_hd95 : 0.000000
save model to ../model/BTCV_5_C3PS_cond_mode_film_began_semi2000_con4000_SGD_SGD/unet_3D_old/model_iter_34400.pth
save model2 to ../model/BTCV_5_C3PS_cond_mode_film_began_semi2000_con4000_SGD_SGD/unet_3D_old/model2_iter_34400.pth
iteration 34420 :model1 loss : 0.176759model2 loss : 0.060457pseudo_supervision1 : 0.561281pseudo_supervision2 : 0.084472
iteration 34440 :model1 loss : 0.210145model2 loss : 0.124948pseudo_supervision1 : 0.438248pseudo_supervision2 : 0.034876
iteration 34460 :model1 loss : 0.877062model2 loss : 0.080594pseudo_supervision1 : 7.610457pseudo_supervision2 : 0.501755
iteration 34480 :model1 loss : 0.199747model2 loss : 0.074688pseudo_supervision1 : 0.000000pseudo_supervision2 : 0.500082
iteration 34500 :model1 loss : 0.226879model2 loss : 0.024178pseudo_supervision1 : 0.378791pseudo_supervision2 : 0.023862
iteration 34520 :model1 loss : 0.170195model2 loss : 0.027227pseudo_supervision1 : 0.190075pseudo_supervision2 : 0.017265
iteration 34540 :model1 loss : 0.117885model2 loss : 0.078844pseudo_supervision1 : 0.000000pseudo_supervision2 : 0.500077
iteration 34560 :model1 loss : 0.148364model2 loss : 0.085635pseudo_supervision1 : 0.000000pseudo_supervision2 : 0.500148
iteration 34580 :model1 loss : 0.358849model2 loss : 0.073668pseudo_supervision1 : 0.000000pseudo_supervision2 : 0.023481
iteration 34600 :model1 loss : 0.190729model2 loss : 0.028961pseudo_supervision1 : 0.745386pseudo_supervision2 : 0.006626
save model to ../model/BTCV_5_C3PS_cond_mode_film_began_semi2000_con4000_SGD_SGD/unet_3D_old/model_iter_34600.pth
save model2 to ../model/BTCV_5_C3PS_cond_mode_film_began_semi2000_con4000_SGD_SGD/unet_3D_old/model2_iter_34600.pth
iteration 34620 :model1 loss : 0.153695model2 loss : 0.025464pseudo_supervision1 : 0.113595pseudo_supervision2 : 0.018742
iteration 34640 :model1 loss : 0.159030model2 loss : 0.043242pseudo_supervision1 : 0.193446pseudo_supervision2 : 0.165057
iteration 34660 :model1 loss : 0.136800model2 loss : 0.045160pseudo_supervision1 : 0.175357pseudo_supervision2 : 0.022549
iteration 34680 :model1 loss : 0.132292model2 loss : 0.036938pseudo_supervision1 : 0.243345pseudo_supervision2 : 0.150738
iteration 34700 :model1 loss : 0.151626model2 loss : 0.114125pseudo_supervision1 : 0.000000pseudo_supervision2 : 0.133199
iteration 34720 :model1 loss : 0.175343model2 loss : 0.029641pseudo_supervision1 : 0.453015pseudo_supervision2 : 0.027266
iteration 34740 :model1 loss : 0.106416model2 loss : 0.028371pseudo_supervision1 : 0.000000pseudo_supervision2 : 0.071253
iteration 34760 :model1 loss : 0.255268model2 loss : 0.017646pseudo_supervision1 : 0.601413pseudo_supervision2 : 0.029921
iteration 34780 :model1 loss : 0.189938model2 loss : 0.112987pseudo_supervision1 : 0.000000pseudo_supervision2 : 0.500361
iteration 34800 :model1 loss : 0.110243model2 loss : 0.072658pseudo_supervision1 : 0.000000pseudo_supervision2 : 0.500848
began evaluation!
iteration 34800: validation sampled 4/12 cases
Total test images: 4
Validation begin
Validation end
avg metric shape: (13, 3)
iteration 34800 : model_dice_score : 0.423448 model_hd95 : 5.769231
began evaluation!
Total test images: 4
Validation begin
===>test image:/projects/weilab/liupeng/dataset/ssl_seg/BTCV/Training_resampled_1.5_1.5_2.0_npy_zscore/img/img0008.npy
condition batch eval, img shape:(222, 249, 249), sx:3, sy:3, sz:3, num_conditions:2
condition:1, metric:[0.43049183 0.         0.        ]
condition:2, metric:[0.01208293 0.         0.        ]
condition batch eval, img shape:(222, 249, 249), sx:3, sy:3, sz:3, num_conditions:2
condition:3, metric:[0. 0. 0.]
condition:4, metric:[0.20272615 0.         0.        ]
condition batch eval, img shape:(222, 249, 249), sx:3, sy:3, sz:3, num_conditions:2
condition:5, metric:[0.51775148 0.         0.        ]
condition:6, metric:[0.69519404 0.         0.        ]
condition batch eval, img shape:(222, 249, 249), sx:3, sy:3, sz:3, num_conditions:2
condition:7, metric:[0.27189221 0.         0.        ]
condition:8, metric:[0.31687466 0.         0.        ]
condition batch eval, img shape:(222, 249, 249), sx:3, sy:3, sz:3, num_conditions:2
condition:9, metric:[0.64242154 0.         0.        ]
condition:10, metric:[0.66286233 0.         0.        ]
condition batch eval, img shape:(222, 249, 249), sx:3, sy:3, sz:3, num_conditions:2
condition:11, metric:[0.41354207 0.         0.        ]
condition:12, metric:[0.625459 0.       0.      ]
condition batch eval, img shape:(222, 249, 249), sx:3, sy:3, sz:3, num_conditions:1
condition:13, metric:[0.48179551 0.         0.        ]
===>test image:/projects/weilab/liupeng/dataset/ssl_seg/BTCV/Training_resampled_1.5_1.5_2.0_npy_zscore/img/img0002.npy
condition batch eval, img shape:(208, 246, 246), sx:3, sy:3, sz:3, num_conditions:2
condition:1, metric:[0.29358172 0.         0.        ]
condition:2, metric:[0.52552559 0.         0.        ]
condition batch eval, img shape:(208, 246, 246), sx:3, sy:3, sz:3, num_conditions:2
condition:3, metric:[0.34940303 0.         0.        ]
condition:4, metric:[0.39552934 0.         0.        ]
condition batch eval, img shape:(208, 246, 246), sx:3, sy:3, sz:3, num_conditions:2
condition:5, metric:[0.46187012 0.         0.        ]
condition:6, metric:[0.68687116 0.         0.        ]
condition batch eval, img shape:(208, 246, 246), sx:3, sy:3, sz:3, num_conditions:2
condition:7, metric:[0.38794894 0.         0.        ]
condition:8, metric:[0.34733693 0.         0.        ]
condition batch eval, img shape:(208, 246, 246), sx:3, sy:3, sz:3, num_conditions:2
condition:9, metric:[0.68785244 0.         0.        ]
condition:10, metric:[0.56132526 0.         0.        ]
condition batch eval, img shape:(208, 246, 246), sx:3, sy:3, sz:3, num_conditions:2
condition:11, metric:[0.32534224 0.         0.        ]
condition:12, metric:[0.64285714 0.         0.        ]
condition batch eval, img shape:(208, 246, 246), sx:3, sy:3, sz:3, num_conditions:1
condition:13, metric:[0.47233607 0.         0.        ]
===>test image:/projects/weilab/liupeng/dataset/ssl_seg/BTCV/Training_resampled_1.5_1.5_2.0_npy_zscore/img/img0004.npy
condition batch eval, img shape:(210, 203, 203), sx:3, sy:2, sz:2, num_conditions:2
condition:1, metric:[0.22392993 0.         0.        ]
condition:2, metric:[0.63157895 0.         0.        ]
condition batch eval, img shape:(210, 203, 203), sx:3, sy:2, sz:2, num_conditions:2
condition:3, metric:[0.43766182 0.         0.        ]
condition:4, metric:[0. 0. 0.]
condition batch eval, img shape:(210, 203, 203), sx:3, sy:2, sz:2, num_conditions:2
condition:5, metric:[0.62177122 0.         0.        ]
condition:6, metric:[0.56235013 0.         0.        ]
condition batch eval, img shape:(210, 203, 203), sx:3, sy:2, sz:2, num_conditions:2
condition:7, metric:[0.15501949 0.         0.        ]
condition:8, metric:[0.23615606 0.         0.        ]
condition batch eval, img shape:(210, 203, 203), sx:3, sy:2, sz:2, num_conditions:2
condition:9, metric:[0.61827536 0.         0.        ]
condition:10, metric:[0.53413387 0.         0.        ]
condition batch eval, img shape:(210, 203, 203), sx:3, sy:2, sz:2, num_conditions:2
condition:11, metric:[0.17996948 0.         0.        ]
condition:12, metric:[0.56990881 0.         0.        ]
condition batch eval, img shape:(210, 203, 203), sx:3, sy:2, sz:2, num_conditions:1
condition:13, metric:[0.01393728 0.         0.        ]
===>test image:/projects/weilab/liupeng/dataset/ssl_seg/BTCV/Training_resampled_1.5_1.5_2.0_npy_zscore/img/img0025.npy
condition batch eval, img shape:(212, 284, 284), sx:3, sy:3, sz:3, num_conditions:2
condition:1, metric:[0.46998666 0.         0.        ]
condition:2, metric:[0.39940637 0.         0.        ]
condition batch eval, img shape:(212, 284, 284), sx:3, sy:3, sz:3, num_conditions:2
condition:3, metric:[0.52280727 0.         0.        ]
condition:4, metric:[0.76311436 0.         0.        ]
condition batch eval, img shape:(212, 284, 284), sx:3, sy:3, sz:3, num_conditions:2
condition:5, metric:[0.6480592 0.        0.       ]
condition:6, metric:[0.84167844 0.         0.        ]
condition batch eval, img shape:(212, 284, 284), sx:3, sy:3, sz:3, num_conditions:2
condition:7, metric:[0.49408198 0.         0.        ]
condition:8, metric:[0.68472007 0.         0.        ]
condition batch eval, img shape:(212, 284, 284), sx:3, sy:3, sz:3, num_conditions:2
condition:9, metric:[0.67990845 0.         0.        ]
condition:10, metric:[0.25980261 0.         0.        ]
condition batch eval, img shape:(212, 284, 284), sx:3, sy:3, sz:3, num_conditions:2
condition:11, metric:[0.58649913 0.         0.        ]
condition:12, metric:[0.45785826 0.         0.        ]
condition batch eval, img shape:(212, 284, 284), sx:3, sy:3, sz:3, num_conditions:1
condition:13, metric:[0.73073542 0.         0.        ]
Validation end
avg metric shape: (13, 3)
iteration 34800 : model2_dice_score : 0.456427 model2_hd95 : 0.000000
save model to ../model/BTCV_5_C3PS_cond_mode_film_began_semi2000_con4000_SGD_SGD/unet_3D_old/model_iter_34800.pth
save model2 to ../model/BTCV_5_C3PS_cond_mode_film_began_semi2000_con4000_SGD_SGD/unet_3D_old/model2_iter_34800.pth
iteration 34820 :model1 loss : 0.150149model2 loss : 0.027314pseudo_supervision1 : 0.060499pseudo_supervision2 : 0.010411
iteration 34840 :model1 loss : 0.224589model2 loss : 0.014777pseudo_supervision1 : 0.251364pseudo_supervision2 : 0.018509
iteration 34860 :model1 loss : 0.196652model2 loss : 0.089831pseudo_supervision1 : 0.000000pseudo_supervision2 : 0.500133
iteration 34880 :model1 loss : 0.289677model2 loss : 0.155418pseudo_supervision1 : 0.206009pseudo_supervision2 : 0.011428
iteration 34900 :model1 loss : 0.164355model2 loss : 0.187045pseudo_supervision1 : 0.000000pseudo_supervision2 : 0.500079
iteration 34920 :model1 loss : 0.139942model2 loss : 0.024771pseudo_supervision1 : 0.277702pseudo_supervision2 : 0.022234
iteration 34940 :model1 loss : 0.129517model2 loss : 0.073245pseudo_supervision1 : 0.000000pseudo_supervision2 : 0.500139
iteration 34960 :model1 loss : 0.150723model2 loss : 0.069883pseudo_supervision1 : 0.000000pseudo_supervision2 : 0.500163
iteration 34980 :model1 loss : 0.253039model2 loss : 0.020563pseudo_supervision1 : 0.400063pseudo_supervision2 : 0.023422
iteration 35000 :model1 loss : 0.145350model2 loss : 0.063494pseudo_supervision1 : 0.284777pseudo_supervision2 : 0.035768
save model to ../model/BTCV_5_C3PS_cond_mode_film_began_semi2000_con4000_SGD_SGD/unet_3D_old/model_iter_35000.pth
save model2 to ../model/BTCV_5_C3PS_cond_mode_film_began_semi2000_con4000_SGD_SGD/unet_3D_old/model2_iter_35000.pth
iteration 35020 :model1 loss : 0.115780model2 loss : 0.066682pseudo_supervision1 : 0.000000pseudo_supervision2 : 0.500284
iteration 35040 :model1 loss : 0.145535model2 loss : 0.076735pseudo_supervision1 : 0.000000pseudo_supervision2 : 0.500112
iteration 35060 :model1 loss : 0.122122model2 loss : 0.071102pseudo_supervision1 : 0.000000pseudo_supervision2 : 0.500737
iteration 35080 :model1 loss : 0.142053model2 loss : 0.018134pseudo_supervision1 : 0.230277pseudo_supervision2 : 0.008172
iteration 35100 :model1 loss : 0.172438model2 loss : 0.030429pseudo_supervision1 : 0.363277pseudo_supervision2 : 0.020682
iteration 35120 :model1 loss : 0.216585model2 loss : 0.034649pseudo_supervision1 : 0.274369pseudo_supervision2 : 0.028586
iteration 35140 :model1 loss : 0.236358model2 loss : 0.100041pseudo_supervision1 : 0.000000pseudo_supervision2 : 0.500148
iteration 35160 :model1 loss : 0.185215model2 loss : 0.028048pseudo_supervision1 : 0.113311pseudo_supervision2 : 0.057504
iteration 35180 :model1 loss : 0.144867model2 loss : 0.025302pseudo_supervision1 : 0.157742pseudo_supervision2 : 0.027086
iteration 35200 :model1 loss : 0.114495model2 loss : 0.066054pseudo_supervision1 : 0.000000pseudo_supervision2 : 0.500125
began evaluation!
iteration 35200: validation sampled 4/12 cases
Total test images: 4
Validation begin
Validation end
avg metric shape: (13, 3)
iteration 35200 : model_dice_score : 0.517075 model_hd95 : 5.769231
began evaluation!
Total test images: 4
Validation begin
===>test image:/projects/weilab/liupeng/dataset/ssl_seg/BTCV/Training_resampled_1.5_1.5_2.0_npy_zscore/img/img0035.npy
condition batch eval, img shape:(235, 314, 314), sx:4, sy:4, sz:4, num_conditions:2
condition:1, metric:[0.52156077 0.         0.        ]
condition:2, metric:[0.79112079 0.         0.        ]
condition batch eval, img shape:(235, 314, 314), sx:4, sy:4, sz:4, num_conditions:2
condition:3, metric:[0.62515858 0.         0.        ]
condition:4, metric:[  0. 150. 150.]
condition batch eval, img shape:(235, 314, 314), sx:4, sy:4, sz:4, num_conditions:2
condition:5, metric:[0.72869243 0.         0.        ]
condition:6, metric:[0.74711646 0.         0.        ]
condition batch eval, img shape:(235, 314, 314), sx:4, sy:4, sz:4, num_conditions:2
condition:7, metric:[0.38555414 0.         0.        ]
condition:8, metric:[0.50564569 0.         0.        ]
condition batch eval, img shape:(235, 314, 314), sx:4, sy:4, sz:4, num_conditions:2
condition:9, metric:[0.72131282 0.         0.        ]
condition:10, metric:[0.6730267 0.        0.       ]
condition batch eval, img shape:(235, 314, 314), sx:4, sy:4, sz:4, num_conditions:2
condition:11, metric:[0.32290099 0.         0.        ]
condition:12, metric:[0.69369369 0.         0.        ]
condition batch eval, img shape:(235, 314, 314), sx:4, sy:4, sz:4, num_conditions:1
condition:13, metric:[0.64150943 0.         0.        ]
===>test image:/projects/weilab/liupeng/dataset/ssl_seg/BTCV/Training_resampled_1.5_1.5_2.0_npy_zscore/img/img0036.npy
condition batch eval, img shape:(276, 255, 255), sx:4, sy:3, sz:3, num_conditions:2
condition:1, metric:[0.48106223 0.         0.        ]
condition:2, metric:[0.61497402 0.         0.        ]
condition batch eval, img shape:(276, 255, 255), sx:4, sy:3, sz:3, num_conditions:2
condition:3, metric:[0.5352765 0.        0.       ]
condition:4, metric:[0.28148596 0.         0.        ]
condition batch eval, img shape:(276, 255, 255), sx:4, sy:3, sz:3, num_conditions:2
condition:5, metric:[0.7236778 0.        0.       ]
condition:6, metric:[0.68167224 0.         0.        ]
condition batch eval, img shape:(276, 255, 255), sx:4, sy:3, sz:3, num_conditions:2
condition:7, metric:[0.40531114 0.         0.        ]
condition:8, metric:[0.56011401 0.         0.        ]
condition batch eval, img shape:(276, 255, 255), sx:4, sy:3, sz:3, num_conditions:2
condition:9, metric:[0.7269549 0.        0.       ]
condition:10, metric:[0.65015413 0.         0.        ]
condition batch eval, img shape:(276, 255, 255), sx:4, sy:3, sz:3, num_conditions:2
condition:11, metric:[0.26575202 0.         0.        ]
condition:12, metric:[0.5353466 0.        0.       ]
condition batch eval, img shape:(276, 255, 255), sx:4, sy:3, sz:3, num_conditions:1
condition:13, metric:[0.65708812 0.         0.        ]
===>test image:/projects/weilab/liupeng/dataset/ssl_seg/BTCV/Training_resampled_1.5_1.5_2.0_npy_zscore/img/img0022.npy
condition batch eval, img shape:(222, 262, 262), sx:3, sy:3, sz:3, num_conditions:2
condition:1, metric:[0.48047444 0.         0.        ]
condition:2, metric:[0.92772846 0.         0.        ]
condition batch eval, img shape:(222, 262, 262), sx:3, sy:3, sz:3, num_conditions:2
condition:3, metric:[0.79171074 0.         0.        ]
condition:4, metric:[0.49062322 0.         0.        ]
condition batch eval, img shape:(222, 262, 262), sx:3, sy:3, sz:3, num_conditions:2
condition:5, metric:[0.48421053 0.         0.        ]
condition:6, metric:[0.66821035 0.         0.        ]
condition batch eval, img shape:(222, 262, 262), sx:3, sy:3, sz:3, num_conditions:2
condition:7, metric:[0.5834337 0.        0.       ]
condition:8, metric:[0.58795671 0.         0.        ]
condition batch eval, img shape:(222, 262, 262), sx:3, sy:3, sz:3, num_conditions:2
condition:9, metric:[0.74087933 0.         0.        ]
condition:10, metric:[0.70862309 0.         0.        ]
condition batch eval, img shape:(222, 262, 262), sx:3, sy:3, sz:3, num_conditions:2
condition:11, metric:[0.46116231 0.         0.        ]
condition:12, metric:[0.39805234 0.         0.        ]
condition batch eval, img shape:(222, 262, 262), sx:3, sy:3, sz:3, num_conditions:1
condition:13, metric:[0.56396867 0.         0.        ]
===>test image:/projects/weilab/liupeng/dataset/ssl_seg/BTCV/Training_resampled_1.5_1.5_2.0_npy_zscore/img/img0001.npy
condition batch eval, img shape:(220, 228, 228), sx:3, sy:3, sz:3, num_conditions:2
condition:1, metric:[0.50118049 0.         0.        ]
condition:2, metric:[0.44292138 0.         0.        ]
condition batch eval, img shape:(220, 228, 228), sx:3, sy:3, sz:3, num_conditions:2
condition:3, metric:[0.40380242 0.         0.        ]
condition:4, metric:[0. 0. 0.]
condition batch eval, img shape:(220, 228, 228), sx:3, sy:3, sz:3, num_conditions:2
condition:5, metric:[0.71922096 0.         0.        ]
condition:6, metric:[0.73894828 0.         0.        ]
condition batch eval, img shape:(220, 228, 228), sx:3, sy:3, sz:3, num_conditions:2
condition:7, metric:[0.40610749 0.         0.        ]
condition:8, metric:[0.43475303 0.         0.        ]
condition batch eval, img shape:(220, 228, 228), sx:3, sy:3, sz:3, num_conditions:2
condition:9, metric:[0.70961467 0.         0.        ]
condition:10, metric:[0.73194544 0.         0.        ]
condition batch eval, img shape:(220, 228, 228), sx:3, sy:3, sz:3, num_conditions:2
condition:11, metric:[0.34375559 0.         0.        ]
condition:12, metric:[0.32219366 0.         0.        ]
condition batch eval, img shape:(220, 228, 228), sx:3, sy:3, sz:3, num_conditions:1
condition:13, metric:[0.60022736 0.         0.        ]
Validation end
avg metric shape: (13, 3)
iteration 35200 : model2_dice_score : 0.552267 model2_hd95 : 2.884615
save model to ../model/BTCV_5_C3PS_cond_mode_film_began_semi2000_con4000_SGD_SGD/unet_3D_old/model_iter_35200.pth
save model2 to ../model/BTCV_5_C3PS_cond_mode_film_began_semi2000_con4000_SGD_SGD/unet_3D_old/model2_iter_35200.pth
iteration 35220 :model1 loss : 0.150892model2 loss : 0.024681pseudo_supervision1 : 0.368227pseudo_supervision2 : 0.029335
iteration 35240 :model1 loss : 0.228726model2 loss : 0.046421pseudo_supervision1 : 0.000000pseudo_supervision2 : 0.180144
iteration 35260 :model1 loss : 0.169571model2 loss : 0.064999pseudo_supervision1 : 0.000000pseudo_supervision2 : 0.052730
iteration 35280 :model1 loss : 0.141111model2 loss : 0.037908pseudo_supervision1 : 0.277106pseudo_supervision2 : 0.078723
iteration 35300 :model1 loss : 0.129938model2 loss : 0.071610pseudo_supervision1 : 0.000000pseudo_supervision2 : 0.500117
iteration 35320 :model1 loss : 0.138902model2 loss : 0.084222pseudo_supervision1 : 0.000000pseudo_supervision2 : 0.500498
iteration 35340 :model1 loss : 0.185913model2 loss : 0.023434pseudo_supervision1 : 0.643035pseudo_supervision2 : 0.067130
iteration 35360 :model1 loss : 0.177078model2 loss : 0.036367pseudo_supervision1 : 0.326466pseudo_supervision2 : 0.025999
iteration 35380 :model1 loss : 0.120377model2 loss : 0.043025pseudo_supervision1 : 0.000000pseudo_supervision2 : 0.035428
iteration 35400 :model1 loss : 0.112474model2 loss : 0.118775pseudo_supervision1 : 0.000000pseudo_supervision2 : 0.500120
save model to ../model/BTCV_5_C3PS_cond_mode_film_began_semi2000_con4000_SGD_SGD/unet_3D_old/model_iter_35400.pth
save model2 to ../model/BTCV_5_C3PS_cond_mode_film_began_semi2000_con4000_SGD_SGD/unet_3D_old/model2_iter_35400.pth
iteration 35420 :model1 loss : 0.171547model2 loss : 0.048468pseudo_supervision1 : 0.223031pseudo_supervision2 : 0.018426
iteration 35440 :model1 loss : 0.189137model2 loss : 0.015969pseudo_supervision1 : 0.253140pseudo_supervision2 : 0.023906
iteration 35460 :model1 loss : 0.179400model2 loss : 0.024799pseudo_supervision1 : 0.156053pseudo_supervision2 : 0.041717
iteration 35480 :model1 loss : 0.216187model2 loss : 0.063218pseudo_supervision1 : 0.077229pseudo_supervision2 : 0.060696
iteration 35500 :model1 loss : 0.336307model2 loss : 0.033264pseudo_supervision1 : 0.167841pseudo_supervision2 : 0.122581
iteration 35520 :model1 loss : 0.265083model2 loss : 0.027515pseudo_supervision1 : 0.121498pseudo_supervision2 : 0.019824
iteration 35540 :model1 loss : 0.142453model2 loss : 0.039158pseudo_supervision1 : 0.000000pseudo_supervision2 : 0.052920
iteration 35560 :model1 loss : 0.205578model2 loss : 0.032104pseudo_supervision1 : 0.815965pseudo_supervision2 : 0.032805
iteration 35580 :model1 loss : 0.122856model2 loss : 0.073346pseudo_supervision1 : 0.000000pseudo_supervision2 : 0.500155
iteration 35600 :model1 loss : 0.129512model2 loss : 0.089732pseudo_supervision1 : 0.000000pseudo_supervision2 : 0.500123
began evaluation!
iteration 35600: validation sampled 4/12 cases
Total test images: 4
Validation begin
Validation end
avg metric shape: (13, 3)
iteration 35600 : model_dice_score : 0.484367 model_hd95 : 5.769231
began evaluation!
Total test images: 4
Validation begin
===>test image:/projects/weilab/liupeng/dataset/ssl_seg/BTCV/Training_resampled_1.5_1.5_2.0_npy_zscore/img/img0008.npy
condition batch eval, img shape:(222, 249, 249), sx:3, sy:3, sz:3, num_conditions:2
condition:1, metric:[0.44976271 0.         0.        ]
condition:2, metric:[0.00702934 0.         0.        ]
condition batch eval, img shape:(222, 249, 249), sx:3, sy:3, sz:3, num_conditions:2
condition:3, metric:[0. 0. 0.]
condition:4, metric:[0.44439646 0.         0.        ]
condition batch eval, img shape:(222, 249, 249), sx:3, sy:3, sz:3, num_conditions:2
condition:5, metric:[0.5656051 0.        0.       ]
condition:6, metric:[0.66061734 0.         0.        ]
condition batch eval, img shape:(222, 249, 249), sx:3, sy:3, sz:3, num_conditions:2
condition:7, metric:[0.27481546 0.         0.        ]
condition:8, metric:[0.31100788 0.         0.        ]
condition batch eval, img shape:(222, 249, 249), sx:3, sy:3, sz:3, num_conditions:2
condition:9, metric:[0.69513348 0.         0.        ]
condition:10, metric:[0.69334235 0.         0.        ]
condition batch eval, img shape:(222, 249, 249), sx:3, sy:3, sz:3, num_conditions:2
condition:11, metric:[0.34456919 0.         0.        ]
condition:12, metric:[0.60686016 0.         0.        ]
condition batch eval, img shape:(222, 249, 249), sx:3, sy:3, sz:3, num_conditions:1
condition:13, metric:[0.56420492 0.         0.        ]
===>test image:/projects/weilab/liupeng/dataset/ssl_seg/BTCV/Training_resampled_1.5_1.5_2.0_npy_zscore/img/img0035.npy
condition batch eval, img shape:(235, 314, 314), sx:4, sy:4, sz:4, num_conditions:2
condition:1, metric:[0.65968961 0.         0.        ]
condition:2, metric:[0.74307219 0.         0.        ]
condition batch eval, img shape:(235, 314, 314), sx:4, sy:4, sz:4, num_conditions:2
condition:3, metric:[0.72807571 0.         0.        ]
condition:4, metric:[  0. 150. 150.]
condition batch eval, img shape:(235, 314, 314), sx:4, sy:4, sz:4, num_conditions:2
condition:5, metric:[0.52902396 0.         0.        ]
condition:6, metric:[0.73363606 0.         0.        ]
condition batch eval, img shape:(235, 314, 314), sx:4, sy:4, sz:4, num_conditions:2
condition:7, metric:[0.514894 0.       0.      ]
condition:8, metric:[0.49849585 0.         0.        ]
condition batch eval, img shape:(235, 314, 314), sx:4, sy:4, sz:4, num_conditions:2
condition:9, metric:[0.71416814 0.         0.        ]
condition:10, metric:[0.70048507 0.         0.        ]
condition batch eval, img shape:(235, 314, 314), sx:4, sy:4, sz:4, num_conditions:2
condition:11, metric:[0.3088852 0.        0.       ]
condition:12, metric:[0.6495836 0.        0.       ]
condition batch eval, img shape:(235, 314, 314), sx:4, sy:4, sz:4, num_conditions:1
condition:13, metric:[0.46531614 0.         0.        ]
===>test image:/projects/weilab/liupeng/dataset/ssl_seg/BTCV/Training_resampled_1.5_1.5_2.0_npy_zscore/img/img0029.npy
condition batch eval, img shape:(150, 299, 299), sx:2, sy:4, sz:4, num_conditions:2
condition:1, metric:[0.6179387 0.        0.       ]
condition:2, metric:[0.63865147 0.         0.        ]
condition batch eval, img shape:(150, 299, 299), sx:2, sy:4, sz:4, num_conditions:2
condition:3, metric:[0.54207939 0.         0.        ]
condition:4, metric:[0.60398315 0.         0.        ]
condition batch eval, img shape:(150, 299, 299), sx:2, sy:4, sz:4, num_conditions:2
condition:5, metric:[0.80124385 0.         0.        ]
condition:6, metric:[0.87694984 0.         0.        ]
condition batch eval, img shape:(150, 299, 299), sx:2, sy:4, sz:4, num_conditions:2
condition:7, metric:[0.39598629 0.         0.        ]
condition:8, metric:[0.73175345 0.         0.        ]
condition batch eval, img shape:(150, 299, 299), sx:2, sy:4, sz:4, num_conditions:2
condition:9, metric:[0.81144343 0.         0.        ]
condition:10, metric:[0.68230003 0.         0.        ]
condition batch eval, img shape:(150, 299, 299), sx:2, sy:4, sz:4, num_conditions:2
condition:11, metric:[0.43498435 0.         0.        ]
condition:12, metric:[0.58912224 0.         0.        ]
condition batch eval, img shape:(150, 299, 299), sx:2, sy:4, sz:4, num_conditions:1
condition:13, metric:[0.67365824 0.         0.        ]
===>test image:/projects/weilab/liupeng/dataset/ssl_seg/BTCV/Training_resampled_1.5_1.5_2.0_npy_zscore/img/img0001.npy
condition batch eval, img shape:(220, 228, 228), sx:3, sy:3, sz:3, num_conditions:2
condition:1, metric:[0.55577136 0.         0.        ]
condition:2, metric:[0.41292303 0.         0.        ]
condition batch eval, img shape:(220, 228, 228), sx:3, sy:3, sz:3, num_conditions:2
condition:3, metric:[0.42183672 0.         0.        ]
condition:4, metric:[0. 0. 0.]
condition batch eval, img shape:(220, 228, 228), sx:3, sy:3, sz:3, num_conditions:2
condition:5, metric:[0.75874269 0.         0.        ]
condition:6, metric:[0.69837267 0.         0.        ]
condition batch eval, img shape:(220, 228, 228), sx:3, sy:3, sz:3, num_conditions:2
condition:7, metric:[0.41197019 0.         0.        ]
condition:8, metric:[0.42420406 0.         0.        ]
condition batch eval, img shape:(220, 228, 228), sx:3, sy:3, sz:3, num_conditions:2
condition:9, metric:[0.71221481 0.         0.        ]
condition:10, metric:[0.74916107 0.         0.        ]
condition batch eval, img shape:(220, 228, 228), sx:3, sy:3, sz:3, num_conditions:2
condition:11, metric:[0.33557646 0.         0.        ]
condition:12, metric:[0.28571429 0.         0.        ]
condition batch eval, img shape:(220, 228, 228), sx:3, sy:3, sz:3, num_conditions:1
condition:13, metric:[0.61997406 0.         0.        ]
Validation end
avg metric shape: (13, 3)
iteration 35600 : model2_dice_score : 0.531716 model2_hd95 : 2.884615
save model to ../model/BTCV_5_C3PS_cond_mode_film_began_semi2000_con4000_SGD_SGD/unet_3D_old/model_iter_35600.pth
save model2 to ../model/BTCV_5_C3PS_cond_mode_film_began_semi2000_con4000_SGD_SGD/unet_3D_old/model2_iter_35600.pth
iteration 35620 :model1 loss : 0.379886model2 loss : 0.236328pseudo_supervision1 : 0.000000pseudo_supervision2 : 0.500100
iteration 35640 :model1 loss : 0.116299model2 loss : 0.041927pseudo_supervision1 : 0.000000pseudo_supervision2 : 0.021192
iteration 35660 :model1 loss : 0.205453model2 loss : 0.044487pseudo_supervision1 : 0.728788pseudo_supervision2 : 0.026258
iteration 35680 :model1 loss : 0.152195model2 loss : 0.024577pseudo_supervision1 : 0.329309pseudo_supervision2 : 0.014170
iteration 35700 :model1 loss : 0.161917model2 loss : 0.068879pseudo_supervision1 : 0.000000pseudo_supervision2 : 0.500143
iteration 35720 :model1 loss : 0.124566model2 loss : 0.042618pseudo_supervision1 : 0.124635pseudo_supervision2 : 0.056709
iteration 35740 :model1 loss : 0.178686model2 loss : 0.069860pseudo_supervision1 : 0.114475pseudo_supervision2 : 0.026987
iteration 35760 :model1 loss : 0.193593model2 loss : 0.034493pseudo_supervision1 : 0.200176pseudo_supervision2 : 0.016199
iteration 35780 :model1 loss : 0.185825model2 loss : 0.026144pseudo_supervision1 : 0.546405pseudo_supervision2 : 0.023395
iteration 35800 :model1 loss : 0.125000model2 loss : 0.070581pseudo_supervision1 : 0.000000pseudo_supervision2 : 0.500313
save model to ../model/BTCV_5_C3PS_cond_mode_film_began_semi2000_con4000_SGD_SGD/unet_3D_old/model_iter_35800.pth
save model2 to ../model/BTCV_5_C3PS_cond_mode_film_began_semi2000_con4000_SGD_SGD/unet_3D_old/model2_iter_35800.pth
iteration 35820 :model1 loss : 0.145780model2 loss : 0.023927pseudo_supervision1 : 0.180899pseudo_supervision2 : 0.013847
iteration 35840 :model1 loss : 0.156254model2 loss : 0.063016pseudo_supervision1 : 0.206749pseudo_supervision2 : 0.032353
iteration 35860 :model1 loss : 0.161642model2 loss : 0.026716pseudo_supervision1 : 0.087004pseudo_supervision2 : 0.042702
iteration 35880 :model1 loss : 0.123376model2 loss : 0.069308pseudo_supervision1 : 0.000000pseudo_supervision2 : 0.500129
iteration 35900 :model1 loss : 0.292080model2 loss : 0.027465pseudo_supervision1 : 0.168490pseudo_supervision2 : 0.011034
iteration 35920 :model1 loss : 0.147303model2 loss : 0.024598pseudo_supervision1 : 0.114840pseudo_supervision2 : 0.031939
iteration 35940 :model1 loss : 0.211459model2 loss : 0.094674pseudo_supervision1 : 0.133667pseudo_supervision2 : 0.011703
iteration 35960 :model1 loss : 0.111146model2 loss : 0.075316pseudo_supervision1 : 0.000000pseudo_supervision2 : 0.500165
iteration 35980 :model1 loss : 0.169964model2 loss : 0.072814pseudo_supervision1 : 0.000000pseudo_supervision2 : 0.500113
iteration 36000 :model1 loss : 0.159881model2 loss : 0.042709pseudo_supervision1 : 0.201774pseudo_supervision2 : 0.118042
began evaluation!
iteration 36000: validation sampled 4/12 cases
Total test images: 4
Validation begin
Validation end
avg metric shape: (13, 3)
iteration 36000 : model_dice_score : 0.434779 model_hd95 : 2.884615
began evaluation!
Total test images: 4
Validation begin
===>test image:/projects/weilab/liupeng/dataset/ssl_seg/BTCV/Training_resampled_1.5_1.5_2.0_npy_zscore/img/img0029.npy
condition batch eval, img shape:(150, 299, 299), sx:2, sy:4, sz:4, num_conditions:2
condition:1, metric:[0.64503173 0.         0.        ]
condition:2, metric:[0.66138185 0.         0.        ]
condition batch eval, img shape:(150, 299, 299), sx:2, sy:4, sz:4, num_conditions:2
condition:3, metric:[0.53524447 0.         0.        ]
condition:4, metric:[0.3654485 0.        0.       ]
condition batch eval, img shape:(150, 299, 299), sx:2, sy:4, sz:4, num_conditions:2
condition:5, metric:[0.79035088 0.         0.        ]
condition:6, metric:[0.88003346 0.         0.        ]
condition batch eval, img shape:(150, 299, 299), sx:2, sy:4, sz:4, num_conditions:2
condition:7, metric:[0.38084161 0.         0.        ]
condition:8, metric:[0.74506536 0.         0.        ]
condition batch eval, img shape:(150, 299, 299), sx:2, sy:4, sz:4, num_conditions:2
condition:9, metric:[0.84158372 0.         0.        ]
condition:10, metric:[0.698959 0.       0.      ]
condition batch eval, img shape:(150, 299, 299), sx:2, sy:4, sz:4, num_conditions:2
condition:11, metric:[0.37539828 0.         0.        ]
condition:12, metric:[0.65364308 0.         0.        ]
condition batch eval, img shape:(150, 299, 299), sx:2, sy:4, sz:4, num_conditions:1
condition:13, metric:[0.62571248 0.         0.        ]
===>test image:/projects/weilab/liupeng/dataset/ssl_seg/BTCV/Training_resampled_1.5_1.5_2.0_npy_zscore/img/img0008.npy
condition batch eval, img shape:(222, 249, 249), sx:3, sy:3, sz:3, num_conditions:2
condition:1, metric:[0.42180266 0.         0.        ]
condition:2, metric:[0.00712891 0.         0.        ]
condition batch eval, img shape:(222, 249, 249), sx:3, sy:3, sz:3, num_conditions:2
condition:3, metric:[0. 0. 0.]
condition:4, metric:[0.26070499 0.         0.        ]
condition batch eval, img shape:(222, 249, 249), sx:3, sy:3, sz:3, num_conditions:2
condition:5, metric:[0.6929732 0.        0.       ]
condition:6, metric:[0.6439567 0.        0.       ]
condition batch eval, img shape:(222, 249, 249), sx:3, sy:3, sz:3, num_conditions:2
condition:7, metric:[0.24225157 0.         0.        ]
condition:8, metric:[0.31282624 0.         0.        ]
condition batch eval, img shape:(222, 249, 249), sx:3, sy:3, sz:3, num_conditions:2
condition:9, metric:[0.71635631 0.         0.        ]
condition:10, metric:[0.66728208 0.         0.        ]
condition batch eval, img shape:(222, 249, 249), sx:3, sy:3, sz:3, num_conditions:2
condition:11, metric:[0.3276703 0.        0.       ]
condition:12, metric:[0.58568075 0.         0.        ]
condition batch eval, img shape:(222, 249, 249), sx:3, sy:3, sz:3, num_conditions:1
condition:13, metric:[0.57927248 0.         0.        ]
===>test image:/projects/weilab/liupeng/dataset/ssl_seg/BTCV/Training_resampled_1.5_1.5_2.0_npy_zscore/img/img0035.npy
condition batch eval, img shape:(235, 314, 314), sx:4, sy:4, sz:4, num_conditions:2
condition:1, metric:[0.63900888 0.         0.        ]
condition:2, metric:[0.68661041 0.         0.        ]
condition batch eval, img shape:(235, 314, 314), sx:4, sy:4, sz:4, num_conditions:2
condition:3, metric:[0.67786628 0.         0.        ]
condition:4, metric:[  0. 150. 150.]
condition batch eval, img shape:(235, 314, 314), sx:4, sy:4, sz:4, num_conditions:2
condition:5, metric:[0.68485103 0.         0.        ]
condition:6, metric:[0.70240717 0.         0.        ]
condition batch eval, img shape:(235, 314, 314), sx:4, sy:4, sz:4, num_conditions:2
condition:7, metric:[0.43828683 0.         0.        ]
condition:8, metric:[0.4768869 0.        0.       ]
condition batch eval, img shape:(235, 314, 314), sx:4, sy:4, sz:4, num_conditions:2
condition:9, metric:[0.7496415 0.        0.       ]
condition:10, metric:[0.67956665 0.         0.        ]
condition batch eval, img shape:(235, 314, 314), sx:4, sy:4, sz:4, num_conditions:2
condition:11, metric:[0.27668091 0.         0.        ]
condition:12, metric:[0.67397576 0.         0.        ]
condition batch eval, img shape:(235, 314, 314), sx:4, sy:4, sz:4, num_conditions:1
condition:13, metric:[0.58319605 0.         0.        ]
===>test image:/projects/weilab/liupeng/dataset/ssl_seg/BTCV/Training_resampled_1.5_1.5_2.0_npy_zscore/img/img0025.npy
condition batch eval, img shape:(212, 284, 284), sx:3, sy:3, sz:3, num_conditions:2
condition:1, metric:[0.45597865 0.         0.        ]
condition:2, metric:[0.40044565 0.         0.        ]
condition batch eval, img shape:(212, 284, 284), sx:3, sy:3, sz:3, num_conditions:2
condition:3, metric:[0.59698302 0.         0.        ]
condition:4, metric:[0.68470676 0.         0.        ]
condition batch eval, img shape:(212, 284, 284), sx:3, sy:3, sz:3, num_conditions:2
condition:5, metric:[0.61036563 0.         0.        ]
condition:6, metric:[0.80816615 0.         0.        ]
condition batch eval, img shape:(212, 284, 284), sx:3, sy:3, sz:3, num_conditions:2
condition:7, metric:[0.49930312 0.         0.        ]
condition:8, metric:[0.71364291 0.         0.        ]
condition batch eval, img shape:(212, 284, 284), sx:3, sy:3, sz:3, num_conditions:2
condition:9, metric:[0.68237916 0.         0.        ]
condition:10, metric:[0.20182688 0.         0.        ]
condition batch eval, img shape:(212, 284, 284), sx:3, sy:3, sz:3, num_conditions:2
condition:11, metric:[0.51447636 0.         0.        ]
condition:12, metric:[0.44801921 0.         0.        ]
condition batch eval, img shape:(212, 284, 284), sx:3, sy:3, sz:3, num_conditions:1
condition:13, metric:[0.71345876 0.         0.        ]
Validation end
avg metric shape: (13, 3)
iteration 36000 : model2_dice_score : 0.543372 model2_hd95 : 2.884615
save model to ../model/BTCV_5_C3PS_cond_mode_film_began_semi2000_con4000_SGD_SGD/unet_3D_old/model_iter_36000.pth
save model2 to ../model/BTCV_5_C3PS_cond_mode_film_began_semi2000_con4000_SGD_SGD/unet_3D_old/model2_iter_36000.pth
iteration 36020 :model1 loss : 0.146783model2 loss : 0.072829pseudo_supervision1 : 0.000000pseudo_supervision2 : 0.500113
iteration 36040 :model1 loss : 0.146531model2 loss : 0.019866pseudo_supervision1 : 0.252676pseudo_supervision2 : 0.015998
iteration 36060 :model1 loss : 0.237117model2 loss : 0.022763pseudo_supervision1 : 0.226757pseudo_supervision2 : 0.016977
iteration 36080 :model1 loss : 0.150000model2 loss : 0.026694pseudo_supervision1 : 0.362015pseudo_supervision2 : 0.041561
iteration 36100 :model1 loss : 0.145157model2 loss : 0.024174pseudo_supervision1 : 0.110834pseudo_supervision2 : 0.018788
iteration 36120 :model1 loss : 0.412366model2 loss : 0.036861pseudo_supervision1 : 0.000000pseudo_supervision2 : 0.071727
iteration 36140 :model1 loss : 0.291803model2 loss : 0.026953pseudo_supervision1 : 1.159711pseudo_supervision2 : 0.063245
iteration 36160 :model1 loss : 0.153614model2 loss : 0.052201pseudo_supervision1 : 0.139253pseudo_supervision2 : 0.034071
iteration 36180 :model1 loss : 0.195650model2 loss : 0.043080pseudo_supervision1 : 0.510297pseudo_supervision2 : 0.050341
iteration 36200 :model1 loss : 0.130114model2 loss : 0.026517pseudo_supervision1 : 0.207975pseudo_supervision2 : 0.033528
save model to ../model/BTCV_5_C3PS_cond_mode_film_began_semi2000_con4000_SGD_SGD/unet_3D_old/model_iter_36200.pth
save model2 to ../model/BTCV_5_C3PS_cond_mode_film_began_semi2000_con4000_SGD_SGD/unet_3D_old/model2_iter_36200.pth
iteration 36220 :model1 loss : 0.118752model2 loss : 0.041229pseudo_supervision1 : 0.109092pseudo_supervision2 : 0.044785
iteration 36240 :model1 loss : 0.197942model2 loss : 0.029458pseudo_supervision1 : 0.816283pseudo_supervision2 : 0.025003
iteration 36260 :model1 loss : 0.229004model2 loss : 0.030368pseudo_supervision1 : 0.365286pseudo_supervision2 : 0.051079
iteration 36280 :model1 loss : 0.213576model2 loss : 0.033468pseudo_supervision1 : 0.172107pseudo_supervision2 : 0.021480
iteration 36300 :model1 loss : 0.171928model2 loss : 0.031543pseudo_supervision1 : 0.489132pseudo_supervision2 : 0.030656
iteration 36320 :model1 loss : 0.153600model2 loss : 0.038751pseudo_supervision1 : 0.000000pseudo_supervision2 : 0.031532
iteration 36340 :model1 loss : 0.196814model2 loss : 0.044414pseudo_supervision1 : 0.200619pseudo_supervision2 : 0.021132
iteration 36360 :model1 loss : 0.122296model2 loss : 0.064422pseudo_supervision1 : 0.000000pseudo_supervision2 : 0.500170
iteration 36380 :model1 loss : 0.484543model2 loss : 0.252360pseudo_supervision1 : 0.112247pseudo_supervision2 : 0.022750
iteration 36400 :model1 loss : 0.230139model2 loss : 0.082723pseudo_supervision1 : 0.000000pseudo_supervision2 : 0.500108
began evaluation!
iteration 36400: validation sampled 4/12 cases
Total test images: 4
Validation begin
Validation end
avg metric shape: (13, 3)
iteration 36400 : model_dice_score : 0.444459 model_hd95 : 2.884615
began evaluation!
Total test images: 4
Validation begin
===>test image:/projects/weilab/liupeng/dataset/ssl_seg/BTCV/Training_resampled_1.5_1.5_2.0_npy_zscore/img/img0025.npy
condition batch eval, img shape:(212, 284, 284), sx:3, sy:3, sz:3, num_conditions:2
condition:1, metric:[0.43959992 0.         0.        ]
condition:2, metric:[0.55924471 0.         0.        ]
condition batch eval, img shape:(212, 284, 284), sx:3, sy:3, sz:3, num_conditions:2
condition:3, metric:[0.52140328 0.         0.        ]
condition:4, metric:[0.65042327 0.         0.        ]
condition batch eval, img shape:(212, 284, 284), sx:3, sy:3, sz:3, num_conditions:2
condition:5, metric:[0.65820594 0.         0.        ]
condition:6, metric:[0.79295556 0.         0.        ]
condition batch eval, img shape:(212, 284, 284), sx:3, sy:3, sz:3, num_conditions:2
condition:7, metric:[0.50652935 0.         0.        ]
condition:8, metric:[0.75792626 0.         0.        ]
condition batch eval, img shape:(212, 284, 284), sx:3, sy:3, sz:3, num_conditions:2
condition:9, metric:[0.65490685 0.         0.        ]
condition:10, metric:[0.2271691 0.        0.       ]
condition batch eval, img shape:(212, 284, 284), sx:3, sy:3, sz:3, num_conditions:2
condition:11, metric:[0.55767447 0.         0.        ]
condition:12, metric:[0.49674205 0.         0.        ]
condition batch eval, img shape:(212, 284, 284), sx:3, sy:3, sz:3, num_conditions:1
condition:13, metric:[0.77785515 0.         0.        ]
===>test image:/projects/weilab/liupeng/dataset/ssl_seg/BTCV/Training_resampled_1.5_1.5_2.0_npy_zscore/img/img0008.npy
condition batch eval, img shape:(222, 249, 249), sx:3, sy:3, sz:3, num_conditions:2
condition:1, metric:[0.41366215 0.         0.        ]
condition:2, metric:[0.008823 0.       0.      ]
condition batch eval, img shape:(222, 249, 249), sx:3, sy:3, sz:3, num_conditions:2
condition:3, metric:[0. 0. 0.]
condition:4, metric:[0.22897084 0.         0.        ]
condition batch eval, img shape:(222, 249, 249), sx:3, sy:3, sz:3, num_conditions:2
condition:5, metric:[0.60840108 0.         0.        ]
condition:6, metric:[0.62147385 0.         0.        ]
condition batch eval, img shape:(222, 249, 249), sx:3, sy:3, sz:3, num_conditions:2
condition:7, metric:[0.2586221 0.        0.       ]
condition:8, metric:[0.32606615 0.         0.        ]
condition batch eval, img shape:(222, 249, 249), sx:3, sy:3, sz:3, num_conditions:2
condition:9, metric:[0.69537396 0.         0.        ]
condition:10, metric:[0.61648577 0.         0.        ]
condition batch eval, img shape:(222, 249, 249), sx:3, sy:3, sz:3, num_conditions:2
condition:11, metric:[0.36121005 0.         0.        ]
condition:12, metric:[0.51886792 0.         0.        ]
condition batch eval, img shape:(222, 249, 249), sx:3, sy:3, sz:3, num_conditions:1
condition:13, metric:[0.47659574 0.         0.        ]
===>test image:/projects/weilab/liupeng/dataset/ssl_seg/BTCV/Training_resampled_1.5_1.5_2.0_npy_zscore/img/img0004.npy
condition batch eval, img shape:(210, 203, 203), sx:3, sy:2, sz:2, num_conditions:2
condition:1, metric:[0.26787795 0.         0.        ]
condition:2, metric:[0.49920165 0.         0.        ]
condition batch eval, img shape:(210, 203, 203), sx:3, sy:2, sz:2, num_conditions:2
condition:3, metric:[0.4209744 0.        0.       ]
condition:4, metric:[0. 0. 0.]
condition batch eval, img shape:(210, 203, 203), sx:3, sy:2, sz:2, num_conditions:2
condition:5, metric:[0.66440349 0.         0.        ]
condition:6, metric:[0.52484619 0.         0.        ]
condition batch eval, img shape:(210, 203, 203), sx:3, sy:2, sz:2, num_conditions:2
condition:7, metric:[0.14160013 0.         0.        ]
condition:8, metric:[0.21879677 0.         0.        ]
condition batch eval, img shape:(210, 203, 203), sx:3, sy:2, sz:2, num_conditions:2
condition:9, metric:[0.66959574 0.         0.        ]
condition:10, metric:[0.61012633 0.         0.        ]
condition batch eval, img shape:(210, 203, 203), sx:3, sy:2, sz:2, num_conditions:2
condition:11, metric:[0.17544367 0.         0.        ]
condition:12, metric:[0.5192108 0.        0.       ]
condition batch eval, img shape:(210, 203, 203), sx:3, sy:2, sz:2, num_conditions:1
condition:13, metric:[0. 0. 0.]
===>test image:/projects/weilab/liupeng/dataset/ssl_seg/BTCV/Training_resampled_1.5_1.5_2.0_npy_zscore/img/img0029.npy
condition batch eval, img shape:(150, 299, 299), sx:2, sy:4, sz:4, num_conditions:2
condition:1, metric:[0.60865092 0.         0.        ]
condition:2, metric:[0.573096 0.       0.      ]
condition batch eval, img shape:(150, 299, 299), sx:2, sy:4, sz:4, num_conditions:2
condition:3, metric:[0.4684073 0.        0.       ]
condition:4, metric:[0.36135402 0.         0.        ]
condition batch eval, img shape:(150, 299, 299), sx:2, sy:4, sz:4, num_conditions:2
condition:5, metric:[0.73061907 0.         0.        ]
condition:6, metric:[0.87007221 0.         0.        ]
condition batch eval, img shape:(150, 299, 299), sx:2, sy:4, sz:4, num_conditions:2
condition:7, metric:[0.36593556 0.         0.        ]
condition:8, metric:[0.7569781 0.        0.       ]
condition batch eval, img shape:(150, 299, 299), sx:2, sy:4, sz:4, num_conditions:2
condition:9, metric:[0.81248301 0.         0.        ]
condition:10, metric:[0.67442713 0.         0.        ]
condition batch eval, img shape:(150, 299, 299), sx:2, sy:4, sz:4, num_conditions:2
condition:11, metric:[0.41778243 0.         0.        ]
condition:12, metric:[0.56392951 0.         0.        ]
condition batch eval, img shape:(150, 299, 299), sx:2, sy:4, sz:4, num_conditions:1
condition:13, metric:[0.6075419 0.        0.       ]
Validation end
avg metric shape: (13, 3)
iteration 36400 : model2_dice_score : 0.485741 model2_hd95 : 0.000000
save model to ../model/BTCV_5_C3PS_cond_mode_film_began_semi2000_con4000_SGD_SGD/unet_3D_old/model_iter_36400.pth
save model2 to ../model/BTCV_5_C3PS_cond_mode_film_began_semi2000_con4000_SGD_SGD/unet_3D_old/model2_iter_36400.pth
iteration 36420 :model1 loss : 0.174177model2 loss : 0.023639pseudo_supervision1 : 0.183557pseudo_supervision2 : 0.018305
iteration 36440 :model1 loss : 0.256519model2 loss : 0.107898pseudo_supervision1 : 0.225982pseudo_supervision2 : 0.022782
iteration 36460 :model1 loss : 0.148928model2 loss : 0.025152pseudo_supervision1 : 0.000000pseudo_supervision2 : 0.037883
iteration 36480 :model1 loss : 0.153229model2 loss : 0.084955pseudo_supervision1 : 0.000000pseudo_supervision2 : 0.500171
iteration 36500 :model1 loss : 0.332339model2 loss : 0.031193pseudo_supervision1 : 0.189185pseudo_supervision2 : 0.036332
iteration 36520 :model1 loss : 0.493040model2 loss : 0.065963pseudo_supervision1 : 0.711298pseudo_supervision2 : 0.007381
iteration 36540 :model1 loss : 0.219801model2 loss : 0.027468pseudo_supervision1 : 0.200100pseudo_supervision2 : 0.043817
iteration 36560 :model1 loss : 0.124129model2 loss : 0.082029pseudo_supervision1 : 0.000000pseudo_supervision2 : 0.500205
iteration 36580 :model1 loss : 0.178672model2 loss : 0.065783pseudo_supervision1 : 0.000000pseudo_supervision2 : 0.500105
iteration 36600 :model1 loss : 0.189214model2 loss : 0.015927pseudo_supervision1 : 0.267821pseudo_supervision2 : 0.019230
save model to ../model/BTCV_5_C3PS_cond_mode_film_began_semi2000_con4000_SGD_SGD/unet_3D_old/model_iter_36600.pth
save model2 to ../model/BTCV_5_C3PS_cond_mode_film_began_semi2000_con4000_SGD_SGD/unet_3D_old/model2_iter_36600.pth
iteration 36620 :model1 loss : 0.242121model2 loss : 0.079124pseudo_supervision1 : 0.000000pseudo_supervision2 : 0.500498
iteration 36640 :model1 loss : 0.159649model2 loss : 0.017234pseudo_supervision1 : 0.184628pseudo_supervision2 : 0.018352
iteration 36660 :model1 loss : 0.143565model2 loss : 0.018267pseudo_supervision1 : 0.314084pseudo_supervision2 : 0.018704
iteration 36680 :model1 loss : 0.189033model2 loss : 0.018987pseudo_supervision1 : 0.448837pseudo_supervision2 : 0.019940
iteration 36700 :model1 loss : 0.200569model2 loss : 0.024981pseudo_supervision1 : 0.189859pseudo_supervision2 : 0.028766
iteration 36720 :model1 loss : 0.172712model2 loss : 0.022921pseudo_supervision1 : 0.212340pseudo_supervision2 : 0.016492
iteration 36740 :model1 loss : 0.148011model2 loss : 0.065082pseudo_supervision1 : 0.109859pseudo_supervision2 : 0.012375
iteration 36760 :model1 loss : 0.297406model2 loss : 0.067102pseudo_supervision1 : 0.000000pseudo_supervision2 : 0.500100
iteration 36780 :model1 loss : 0.154921model2 loss : 0.018605pseudo_supervision1 : 0.306465pseudo_supervision2 : 0.018983
iteration 36800 :model1 loss : 0.151240model2 loss : 0.038276pseudo_supervision1 : 0.182888pseudo_supervision2 : 0.025706
began evaluation!
iteration 36800: validation sampled 4/12 cases
Total test images: 4
Validation begin
Validation end
avg metric shape: (13, 3)
iteration 36800 : model_dice_score : 0.453074 model_hd95 : 2.884615
began evaluation!
Total test images: 4
Validation begin
===>test image:/projects/weilab/liupeng/dataset/ssl_seg/BTCV/Training_resampled_1.5_1.5_2.0_npy_zscore/img/img0035.npy
condition batch eval, img shape:(235, 314, 314), sx:4, sy:4, sz:4, num_conditions:2
condition:1, metric:[0.60530162 0.         0.        ]
condition:2, metric:[0.71708139 0.         0.        ]
condition batch eval, img shape:(235, 314, 314), sx:4, sy:4, sz:4, num_conditions:2
condition:3, metric:[0.59941152 0.         0.        ]
condition:4, metric:[  0. 150. 150.]
condition batch eval, img shape:(235, 314, 314), sx:4, sy:4, sz:4, num_conditions:2
condition:5, metric:[0.5647693 0.        0.       ]
condition:6, metric:[0.77125138 0.         0.        ]
condition batch eval, img shape:(235, 314, 314), sx:4, sy:4, sz:4, num_conditions:2
condition:7, metric:[0.44536593 0.         0.        ]
condition:8, metric:[0.47670991 0.         0.        ]
condition batch eval, img shape:(235, 314, 314), sx:4, sy:4, sz:4, num_conditions:2
condition:9, metric:[0.72698712 0.         0.        ]
condition:10, metric:[0.67463737 0.         0.        ]
condition batch eval, img shape:(235, 314, 314), sx:4, sy:4, sz:4, num_conditions:2
condition:11, metric:[0.2974131 0.        0.       ]
condition:12, metric:[0.66060606 0.         0.        ]
condition batch eval, img shape:(235, 314, 314), sx:4, sy:4, sz:4, num_conditions:1
condition:13, metric:[0.39922229 0.         0.        ]
===>test image:/projects/weilab/liupeng/dataset/ssl_seg/BTCV/Training_resampled_1.5_1.5_2.0_npy_zscore/img/img0003.npy
condition batch eval, img shape:(297, 307, 307), sx:5, sy:4, sz:4, num_conditions:2
condition:1, metric:[0.38765456 0.         0.        ]
condition:2, metric:[0.84300427 0.         0.        ]
condition batch eval, img shape:(297, 307, 307), sx:5, sy:4, sz:4, num_conditions:2
condition:3, metric:[0.82886929 0.         0.        ]
condition:4, metric:[0.56407673 0.         0.        ]
condition batch eval, img shape:(297, 307, 307), sx:5, sy:4, sz:4, num_conditions:2
condition:5, metric:[0.30272677 0.         0.        ]
condition:6, metric:[0.84113746 0.         0.        ]
condition batch eval, img shape:(297, 307, 307), sx:5, sy:4, sz:4, num_conditions:2
condition:7, metric:[0.23175586 0.         0.        ]
condition:8, metric:[0.82681756 0.         0.        ]
condition batch eval, img shape:(297, 307, 307), sx:5, sy:4, sz:4, num_conditions:2
condition:9, metric:[0.77825624 0.         0.        ]
condition:10, metric:[0.36706462 0.         0.        ]
condition batch eval, img shape:(297, 307, 307), sx:5, sy:4, sz:4, num_conditions:2
condition:11, metric:[0.18790349 0.         0.        ]
condition:12, metric:[0.38792453 0.         0.        ]
condition batch eval, img shape:(297, 307, 307), sx:5, sy:4, sz:4, num_conditions:1
condition:13, metric:[0.00344037 0.         0.        ]
===>test image:/projects/weilab/liupeng/dataset/ssl_seg/BTCV/Training_resampled_1.5_1.5_2.0_npy_zscore/img/img0022.npy
condition batch eval, img shape:(222, 262, 262), sx:3, sy:3, sz:3, num_conditions:2
condition:1, metric:[0.55221987 0.         0.        ]
condition:2, metric:[0.92372235 0.         0.        ]
condition batch eval, img shape:(222, 262, 262), sx:3, sy:3, sz:3, num_conditions:2
condition:3, metric:[0.79769176 0.         0.        ]
condition:4, metric:[0.65278006 0.         0.        ]
condition batch eval, img shape:(222, 262, 262), sx:3, sy:3, sz:3, num_conditions:2
condition:5, metric:[0.54000361 0.         0.        ]
condition:6, metric:[0.69645186 0.         0.        ]
condition batch eval, img shape:(222, 262, 262), sx:3, sy:3, sz:3, num_conditions:2
condition:7, metric:[0.66691052 0.         0.        ]
condition:8, metric:[0.63436758 0.         0.        ]
condition batch eval, img shape:(222, 262, 262), sx:3, sy:3, sz:3, num_conditions:2
condition:9, metric:[0.74825292 0.         0.        ]
condition:10, metric:[0.70457147 0.         0.        ]
condition batch eval, img shape:(222, 262, 262), sx:3, sy:3, sz:3, num_conditions:2
condition:11, metric:[0.46064759 0.         0.        ]
condition:12, metric:[0.43808256 0.         0.        ]
condition batch eval, img shape:(222, 262, 262), sx:3, sy:3, sz:3, num_conditions:1
condition:13, metric:[0.60461653 0.         0.        ]
===>test image:/projects/weilab/liupeng/dataset/ssl_seg/BTCV/Training_resampled_1.5_1.5_2.0_npy_zscore/img/img0002.npy
condition batch eval, img shape:(208, 246, 246), sx:3, sy:3, sz:3, num_conditions:2
condition:1, metric:[0.27148858 0.         0.        ]
condition:2, metric:[0.47959184 0.         0.        ]
condition batch eval, img shape:(208, 246, 246), sx:3, sy:3, sz:3, num_conditions:2
condition:3, metric:[0.3113784 0.        0.       ]
condition:4, metric:[0.41310494 0.         0.        ]
condition batch eval, img shape:(208, 246, 246), sx:3, sy:3, sz:3, num_conditions:2
condition:5, metric:[0.52846715 0.         0.        ]
condition:6, metric:[0.72086879 0.         0.        ]
condition batch eval, img shape:(208, 246, 246), sx:3, sy:3, sz:3, num_conditions:2
condition:7, metric:[0.39448654 0.         0.        ]
condition:8, metric:[0.32475847 0.         0.        ]
condition batch eval, img shape:(208, 246, 246), sx:3, sy:3, sz:3, num_conditions:2
condition:9, metric:[0.7174398 0.        0.       ]
condition:10, metric:[0.60545252 0.         0.        ]
condition batch eval, img shape:(208, 246, 246), sx:3, sy:3, sz:3, num_conditions:2
condition:11, metric:[0.30619556 0.         0.        ]
condition:12, metric:[0.67240598 0.         0.        ]
condition batch eval, img shape:(208, 246, 246), sx:3, sy:3, sz:3, num_conditions:1
condition:13, metric:[0.49512277 0.         0.        ]
Validation end
avg metric shape: (13, 3)
iteration 36800 : model2_dice_score : 0.541355 model2_hd95 : 2.884615
save model to ../model/BTCV_5_C3PS_cond_mode_film_began_semi2000_con4000_SGD_SGD/unet_3D_old/model_iter_36800.pth
save model2 to ../model/BTCV_5_C3PS_cond_mode_film_began_semi2000_con4000_SGD_SGD/unet_3D_old/model2_iter_36800.pth
iteration 36820 :model1 loss : 0.109529model2 loss : 0.075454pseudo_supervision1 : 0.000000pseudo_supervision2 : 0.500170
iteration 36840 :model1 loss : 0.191523model2 loss : 0.100067pseudo_supervision1 : 0.344213pseudo_supervision2 : 0.044333
iteration 36860 :model1 loss : 0.124238model2 loss : 0.064853pseudo_supervision1 : 0.000000pseudo_supervision2 : 0.415909
iteration 36880 :model1 loss : 0.123860model2 loss : 0.023485pseudo_supervision1 : 0.185328pseudo_supervision2 : 0.046607
iteration 36900 :model1 loss : 0.135428model2 loss : 0.080571pseudo_supervision1 : 0.000000pseudo_supervision2 : 0.500144
iteration 36920 :model1 loss : 0.364782model2 loss : 0.038451pseudo_supervision1 : 0.163931pseudo_supervision2 : 0.017402
iteration 36940 :model1 loss : 0.425757model2 loss : 0.043076pseudo_supervision1 : 0.587134pseudo_supervision2 : 0.160444
iteration 36960 :model1 loss : 0.175868model2 loss : 0.021841pseudo_supervision1 : 0.622141pseudo_supervision2 : 0.042589
iteration 36980 :model1 loss : 0.176708model2 loss : 0.095919pseudo_supervision1 : 0.000000pseudo_supervision2 : 0.500202
iteration 37000 :model1 loss : 0.265870model2 loss : 0.035689pseudo_supervision1 : 0.810008pseudo_supervision2 : 0.028451
save model to ../model/BTCV_5_C3PS_cond_mode_film_began_semi2000_con4000_SGD_SGD/unet_3D_old/model_iter_37000.pth
save model2 to ../model/BTCV_5_C3PS_cond_mode_film_began_semi2000_con4000_SGD_SGD/unet_3D_old/model2_iter_37000.pth
iteration 37020 :model1 loss : 0.121167model2 loss : 0.066584pseudo_supervision1 : 0.000000pseudo_supervision2 : 0.500199
iteration 37040 :model1 loss : 0.129799model2 loss : 0.018702pseudo_supervision1 : 0.216785pseudo_supervision2 : 0.011998
iteration 37060 :model1 loss : 0.115363model2 loss : 0.073751pseudo_supervision1 : 0.000000pseudo_supervision2 : 0.500162
iteration 37080 :model1 loss : 0.159716model2 loss : 0.028884pseudo_supervision1 : 0.180846pseudo_supervision2 : 0.008892
iteration 37100 :model1 loss : 0.138308model2 loss : 0.070656pseudo_supervision1 : 0.000000pseudo_supervision2 : 0.500090
iteration 37120 :model1 loss : 0.127814model2 loss : 0.024920pseudo_supervision1 : 0.108084pseudo_supervision2 : 0.052136
iteration 37140 :model1 loss : 0.207214model2 loss : 0.020554pseudo_supervision1 : 0.776057pseudo_supervision2 : 0.028127
iteration 37160 :model1 loss : 0.133129model2 loss : 0.116940pseudo_supervision1 : 0.000000pseudo_supervision2 : 0.500283
iteration 37180 :model1 loss : 0.195339model2 loss : 0.089878pseudo_supervision1 : 0.000000pseudo_supervision2 : 0.500177
iteration 37200 :model1 loss : 0.310942model2 loss : 0.021822pseudo_supervision1 : 0.749020pseudo_supervision2 : 0.023086
began evaluation!
iteration 37200: validation sampled 4/12 cases
Total test images: 4
Validation begin
Validation end
avg metric shape: (13, 3)
iteration 37200 : model_dice_score : 0.402122 model_hd95 : 8.653846
began evaluation!
Total test images: 4
Validation begin
===>test image:/projects/weilab/liupeng/dataset/ssl_seg/BTCV/Training_resampled_1.5_1.5_2.0_npy_zscore/img/img0004.npy
condition batch eval, img shape:(210, 203, 203), sx:3, sy:2, sz:2, num_conditions:2
condition:1, metric:[0.27278222 0.         0.        ]
condition:2, metric:[0.52000267 0.         0.        ]
condition batch eval, img shape:(210, 203, 203), sx:3, sy:2, sz:2, num_conditions:2
condition:3, metric:[0.4728869 0.        0.       ]
condition:4, metric:[0. 0. 0.]
condition batch eval, img shape:(210, 203, 203), sx:3, sy:2, sz:2, num_conditions:2
condition:5, metric:[0.6756591 0.        0.       ]
condition:6, metric:[0.54941254 0.         0.        ]
condition batch eval, img shape:(210, 203, 203), sx:3, sy:2, sz:2, num_conditions:2
condition:7, metric:[0.13726124 0.         0.        ]
condition:8, metric:[0.23952822 0.         0.        ]
condition batch eval, img shape:(210, 203, 203), sx:3, sy:2, sz:2, num_conditions:2
condition:9, metric:[0.64119847 0.         0.        ]
condition:10, metric:[0.60665062 0.         0.        ]
condition batch eval, img shape:(210, 203, 203), sx:3, sy:2, sz:2, num_conditions:2
condition:11, metric:[0.17479543 0.         0.        ]
condition:12, metric:[  0. 150. 150.]
condition batch eval, img shape:(210, 203, 203), sx:3, sy:2, sz:2, num_conditions:1
condition:13, metric:[  0. 150. 150.]
===>test image:/projects/weilab/liupeng/dataset/ssl_seg/BTCV/Training_resampled_1.5_1.5_2.0_npy_zscore/img/img0001.npy
condition batch eval, img shape:(220, 228, 228), sx:3, sy:3, sz:3, num_conditions:2
condition:1, metric:[0.49462325 0.         0.        ]
condition:2, metric:[0.38222429 0.         0.        ]
condition batch eval, img shape:(220, 228, 228), sx:3, sy:3, sz:3, num_conditions:2
condition:3, metric:[0.40228423 0.         0.        ]
condition:4, metric:[0. 0. 0.]
condition batch eval, img shape:(220, 228, 228), sx:3, sy:3, sz:3, num_conditions:2
condition:5, metric:[0.78148304 0.         0.        ]
condition:6, metric:[0.69222117 0.         0.        ]
condition batch eval, img shape:(220, 228, 228), sx:3, sy:3, sz:3, num_conditions:2
condition:7, metric:[0.41690903 0.         0.        ]
condition:8, metric:[0.43619792 0.         0.        ]
condition batch eval, img shape:(220, 228, 228), sx:3, sy:3, sz:3, num_conditions:2
condition:9, metric:[0.68156962 0.         0.        ]
condition:10, metric:[0.73043765 0.         0.        ]
condition batch eval, img shape:(220, 228, 228), sx:3, sy:3, sz:3, num_conditions:2
condition:11, metric:[0.29806341 0.         0.        ]
condition:12, metric:[0.20446097 0.         0.        ]
condition batch eval, img shape:(220, 228, 228), sx:3, sy:3, sz:3, num_conditions:1
condition:13, metric:[0.59276879 0.         0.        ]
===>test image:/projects/weilab/liupeng/dataset/ssl_seg/BTCV/Training_resampled_1.5_1.5_2.0_npy_zscore/img/img0035.npy
condition batch eval, img shape:(235, 314, 314), sx:4, sy:4, sz:4, num_conditions:2
condition:1, metric:[0.58359013 0.         0.        ]
condition:2, metric:[0.65228231 0.         0.        ]
condition batch eval, img shape:(235, 314, 314), sx:4, sy:4, sz:4, num_conditions:2
condition:3, metric:[0.64731705 0.         0.        ]
condition:4, metric:[  0. 150. 150.]
condition batch eval, img shape:(235, 314, 314), sx:4, sy:4, sz:4, num_conditions:2
condition:5, metric:[0.42381037 0.         0.        ]
condition:6, metric:[0.71208663 0.         0.        ]
condition batch eval, img shape:(235, 314, 314), sx:4, sy:4, sz:4, num_conditions:2
condition:7, metric:[0.46507722 0.         0.        ]
condition:8, metric:[0.48578089 0.         0.        ]
condition batch eval, img shape:(235, 314, 314), sx:4, sy:4, sz:4, num_conditions:2
condition:9, metric:[0.69914254 0.         0.        ]
condition:10, metric:[0.68120327 0.         0.        ]
condition batch eval, img shape:(235, 314, 314), sx:4, sy:4, sz:4, num_conditions:2
condition:11, metric:[0.25387225 0.         0.        ]
condition:12, metric:[0.60762767 0.         0.        ]
condition batch eval, img shape:(235, 314, 314), sx:4, sy:4, sz:4, num_conditions:1
condition:13, metric:[0.56376639 0.         0.        ]
===>test image:/projects/weilab/liupeng/dataset/ssl_seg/BTCV/Training_resampled_1.5_1.5_2.0_npy_zscore/img/img0003.npy
condition batch eval, img shape:(297, 307, 307), sx:5, sy:4, sz:4, num_conditions:2
condition:1, metric:[0.38926578 0.         0.        ]
condition:2, metric:[0.77763315 0.         0.        ]
condition batch eval, img shape:(297, 307, 307), sx:5, sy:4, sz:4, num_conditions:2
condition:3, metric:[0.81106375 0.         0.        ]
condition:4, metric:[0.33366561 0.         0.        ]
condition batch eval, img shape:(297, 307, 307), sx:5, sy:4, sz:4, num_conditions:2
condition:5, metric:[0.27627744 0.         0.        ]
condition:6, metric:[0.80887283 0.         0.        ]
condition batch eval, img shape:(297, 307, 307), sx:5, sy:4, sz:4, num_conditions:2
condition:7, metric:[0.23510109 0.         0.        ]
condition:8, metric:[0.78918798 0.         0.        ]
condition batch eval, img shape:(297, 307, 307), sx:5, sy:4, sz:4, num_conditions:2
condition:9, metric:[0.77572159 0.         0.        ]
condition:10, metric:[0.33911034 0.         0.        ]
condition batch eval, img shape:(297, 307, 307), sx:5, sy:4, sz:4, num_conditions:2
condition:11, metric:[0.1587671 0.        0.       ]
condition:12, metric:[0.21621622 0.         0.        ]
condition batch eval, img shape:(297, 307, 307), sx:5, sy:4, sz:4, num_conditions:1
condition:13, metric:[0.00114811 0.         0.        ]
Validation end
avg metric shape: (13, 3)
iteration 37200 : model2_dice_score : 0.444058 model2_hd95 : 8.653846
save model to ../model/BTCV_5_C3PS_cond_mode_film_began_semi2000_con4000_SGD_SGD/unet_3D_old/model_iter_37200.pth
save model2 to ../model/BTCV_5_C3PS_cond_mode_film_began_semi2000_con4000_SGD_SGD/unet_3D_old/model2_iter_37200.pth
iteration 37220 :model1 loss : 0.129919model2 loss : 0.029875pseudo_supervision1 : 0.155651pseudo_supervision2 : 0.024169
iteration 37240 :model1 loss : 0.148175model2 loss : 0.090875pseudo_supervision1 : 0.000000pseudo_supervision2 : 0.501873
iteration 37260 :model1 loss : 0.303527model2 loss : 0.022387pseudo_supervision1 : 0.572425pseudo_supervision2 : 0.022017
iteration 37280 :model1 loss : 0.207161model2 loss : 0.044525pseudo_supervision1 : 0.091370pseudo_supervision2 : 0.133951
iteration 37300 :model1 loss : 0.181397model2 loss : 0.030105pseudo_supervision1 : 0.317810pseudo_supervision2 : 0.031961
iteration 37320 :model1 loss : 0.185914model2 loss : 0.036882pseudo_supervision1 : 0.224251pseudo_supervision2 : 0.016044
iteration 37340 :model1 loss : 0.185843model2 loss : 0.112235pseudo_supervision1 : 0.339048pseudo_supervision2 : 0.036701
iteration 37360 :model1 loss : 0.403068model2 loss : 0.024928pseudo_supervision1 : 0.235624pseudo_supervision2 : 0.015407
iteration 37380 :model1 loss : 0.155065model2 loss : 0.035421pseudo_supervision1 : 0.105058pseudo_supervision2 : 0.015628
iteration 37400 :model1 loss : 0.130418model2 loss : 0.040128pseudo_supervision1 : 0.000000pseudo_supervision2 : 0.041709
save model to ../model/BTCV_5_C3PS_cond_mode_film_began_semi2000_con4000_SGD_SGD/unet_3D_old/model_iter_37400.pth
save model2 to ../model/BTCV_5_C3PS_cond_mode_film_began_semi2000_con4000_SGD_SGD/unet_3D_old/model2_iter_37400.pth
iteration 37420 :model1 loss : 0.159342model2 loss : 0.027378pseudo_supervision1 : 0.189658pseudo_supervision2 : 0.012668
iteration 37440 :model1 loss : 0.237102model2 loss : 0.031753pseudo_supervision1 : 0.380993pseudo_supervision2 : 0.017984
iteration 37460 :model1 loss : 0.192673model2 loss : 0.037831pseudo_supervision1 : 0.246028pseudo_supervision2 : 0.035648
iteration 37480 :model1 loss : 0.166963model2 loss : 0.053917pseudo_supervision1 : 0.388905pseudo_supervision2 : 0.026245
iteration 37500 :model1 loss : 0.170831model2 loss : 0.128856pseudo_supervision1 : 0.270351pseudo_supervision2 : 0.019862
iteration 37520 :model1 loss : 0.123572model2 loss : 0.070468pseudo_supervision1 : 0.000000pseudo_supervision2 : 0.500632
iteration 37540 :model1 loss : 0.217618model2 loss : 0.064613pseudo_supervision1 : 0.000000pseudo_supervision2 : 0.500131
iteration 37560 :model1 loss : 0.131361model2 loss : 0.016104pseudo_supervision1 : 0.196120pseudo_supervision2 : 0.031710
iteration 37580 :model1 loss : 0.495466model2 loss : 0.363601pseudo_supervision1 : 0.236542pseudo_supervision2 : 1.135441
iteration 37600 :model1 loss : 0.151756model2 loss : 0.029112pseudo_supervision1 : 0.317067pseudo_supervision2 : 0.026388
began evaluation!
iteration 37600: validation sampled 4/12 cases
Total test images: 4
Validation begin
Validation end
avg metric shape: (13, 3)
iteration 37600 : model_dice_score : 0.463135 model_hd95 : 2.884615
began evaluation!
Total test images: 4
Validation begin
===>test image:/projects/weilab/liupeng/dataset/ssl_seg/BTCV/Training_resampled_1.5_1.5_2.0_npy_zscore/img/img0001.npy
condition batch eval, img shape:(220, 228, 228), sx:3, sy:3, sz:3, num_conditions:2
condition:1, metric:[0.42777785 0.         0.        ]
condition:2, metric:[0.41392033 0.         0.        ]
condition batch eval, img shape:(220, 228, 228), sx:3, sy:3, sz:3, num_conditions:2
condition:3, metric:[0.37422104 0.         0.        ]
condition:4, metric:[0. 0. 0.]
condition batch eval, img shape:(220, 228, 228), sx:3, sy:3, sz:3, num_conditions:2
condition:5, metric:[0.74381904 0.         0.        ]
condition:6, metric:[0.66263131 0.         0.        ]
condition batch eval, img shape:(220, 228, 228), sx:3, sy:3, sz:3, num_conditions:2
condition:7, metric:[0.40617249 0.         0.        ]
condition:8, metric:[0.44645003 0.         0.        ]
condition batch eval, img shape:(220, 228, 228), sx:3, sy:3, sz:3, num_conditions:2
condition:9, metric:[0.67335712 0.         0.        ]
condition:10, metric:[0.59103397 0.         0.        ]
condition batch eval, img shape:(220, 228, 228), sx:3, sy:3, sz:3, num_conditions:2
condition:11, metric:[0.32198652 0.         0.        ]
condition:12, metric:[0.55213904 0.         0.        ]
condition batch eval, img shape:(220, 228, 228), sx:3, sy:3, sz:3, num_conditions:1
condition:13, metric:[0.54001929 0.         0.        ]
===>test image:/projects/weilab/liupeng/dataset/ssl_seg/BTCV/Training_resampled_1.5_1.5_2.0_npy_zscore/img/img0035.npy
condition batch eval, img shape:(235, 314, 314), sx:4, sy:4, sz:4, num_conditions:2
condition:1, metric:[0.53010744 0.         0.        ]
condition:2, metric:[0.60790379 0.         0.        ]
condition batch eval, img shape:(235, 314, 314), sx:4, sy:4, sz:4, num_conditions:2
condition:3, metric:[0.56376616 0.         0.        ]
condition:4, metric:[  0. 150. 150.]
condition batch eval, img shape:(235, 314, 314), sx:4, sy:4, sz:4, num_conditions:2
condition:5, metric:[0.4921901 0.        0.       ]
condition:6, metric:[0.68990762 0.         0.        ]
condition batch eval, img shape:(235, 314, 314), sx:4, sy:4, sz:4, num_conditions:2
condition:7, metric:[0.4570303 0.        0.       ]
condition:8, metric:[0.53234803 0.         0.        ]
condition batch eval, img shape:(235, 314, 314), sx:4, sy:4, sz:4, num_conditions:2
condition:9, metric:[0.67858285 0.         0.        ]
condition:10, metric:[0.56202144 0.         0.        ]
condition batch eval, img shape:(235, 314, 314), sx:4, sy:4, sz:4, num_conditions:2
condition:11, metric:[0.24899409 0.         0.        ]
condition:12, metric:[0.70558376 0.         0.        ]
condition batch eval, img shape:(235, 314, 314), sx:4, sy:4, sz:4, num_conditions:1
condition:13, metric:[0.33189033 0.         0.        ]
===>test image:/projects/weilab/liupeng/dataset/ssl_seg/BTCV/Training_resampled_1.5_1.5_2.0_npy_zscore/img/img0036.npy
condition batch eval, img shape:(276, 255, 255), sx:4, sy:3, sz:3, num_conditions:2
condition:1, metric:[0.42810119 0.         0.        ]
condition:2, metric:[0.54736341 0.         0.        ]
condition batch eval, img shape:(276, 255, 255), sx:4, sy:3, sz:3, num_conditions:2
condition:3, metric:[0.49724504 0.         0.        ]
condition:4, metric:[0.06617903 0.         0.        ]
condition batch eval, img shape:(276, 255, 255), sx:4, sy:3, sz:3, num_conditions:2
condition:5, metric:[0.662739 0.       0.      ]
condition:6, metric:[0.70192685 0.         0.        ]
condition batch eval, img shape:(276, 255, 255), sx:4, sy:3, sz:3, num_conditions:2
condition:7, metric:[0.4689629 0.        0.       ]
condition:8, metric:[0.60600223 0.         0.        ]
condition batch eval, img shape:(276, 255, 255), sx:4, sy:3, sz:3, num_conditions:2
condition:9, metric:[0.68433333 0.         0.        ]
condition:10, metric:[0.49341737 0.         0.        ]
condition batch eval, img shape:(276, 255, 255), sx:4, sy:3, sz:3, num_conditions:2
condition:11, metric:[0.21574105 0.         0.        ]
condition:12, metric:[0.66626723 0.         0.        ]
condition batch eval, img shape:(276, 255, 255), sx:4, sy:3, sz:3, num_conditions:1
condition:13, metric:[0.61228814 0.         0.        ]
===>test image:/projects/weilab/liupeng/dataset/ssl_seg/BTCV/Training_resampled_1.5_1.5_2.0_npy_zscore/img/img0022.npy
condition batch eval, img shape:(222, 262, 262), sx:3, sy:3, sz:3, num_conditions:2
condition:1, metric:[0.42637404 0.         0.        ]
condition:2, metric:[0.8103836 0.        0.       ]
condition batch eval, img shape:(222, 262, 262), sx:3, sy:3, sz:3, num_conditions:2
condition:3, metric:[0.72558149 0.         0.        ]
condition:4, metric:[0.11556384 0.         0.        ]
condition batch eval, img shape:(222, 262, 262), sx:3, sy:3, sz:3, num_conditions:2
condition:5, metric:[0.51307692 0.         0.        ]
condition:6, metric:[0.64524236 0.         0.        ]
condition batch eval, img shape:(222, 262, 262), sx:3, sy:3, sz:3, num_conditions:2
condition:7, metric:[0.67370247 0.         0.        ]
condition:8, metric:[0.63488711 0.         0.        ]
condition batch eval, img shape:(222, 262, 262), sx:3, sy:3, sz:3, num_conditions:2
condition:9, metric:[0.7334492 0.        0.       ]
condition:10, metric:[0.57221432 0.         0.        ]
condition batch eval, img shape:(222, 262, 262), sx:3, sy:3, sz:3, num_conditions:2
condition:11, metric:[0.41679901 0.         0.        ]
condition:12, metric:[0.51121076 0.         0.        ]
condition batch eval, img shape:(222, 262, 262), sx:3, sy:3, sz:3, num_conditions:1
condition:13, metric:[0.57680723 0.         0.        ]
Validation end
avg metric shape: (13, 3)
iteration 37600 : model2_dice_score : 0.510764 model2_hd95 : 2.884615
save model to ../model/BTCV_5_C3PS_cond_mode_film_began_semi2000_con4000_SGD_SGD/unet_3D_old/model_iter_37600.pth
save model2 to ../model/BTCV_5_C3PS_cond_mode_film_began_semi2000_con4000_SGD_SGD/unet_3D_old/model2_iter_37600.pth
iteration 37620 :model1 loss : 0.130458model2 loss : 0.085550pseudo_supervision1 : 0.104016pseudo_supervision2 : 0.066109
iteration 37640 :model1 loss : 0.212986model2 loss : 0.027182pseudo_supervision1 : 0.353634pseudo_supervision2 : 0.015748
iteration 37660 :model1 loss : 0.135974model2 loss : 0.068419pseudo_supervision1 : 0.000000pseudo_supervision2 : 0.500660
iteration 37680 :model1 loss : 0.128137model2 loss : 0.130379pseudo_supervision1 : 0.000000pseudo_supervision2 : 0.500475
iteration 37700 :model1 loss : 0.249841model2 loss : 0.031358pseudo_supervision1 : 0.155144pseudo_supervision2 : 0.094387
iteration 37720 :model1 loss : 0.152840model2 loss : 0.094072pseudo_supervision1 : 0.000000pseudo_supervision2 : 0.469140
iteration 37740 :model1 loss : 0.136639model2 loss : 0.072986pseudo_supervision1 : 0.000000pseudo_supervision2 : 0.500252
iteration 37760 :model1 loss : 0.146668model2 loss : 0.017376pseudo_supervision1 : 0.239011pseudo_supervision2 : 0.019742
iteration 37780 :model1 loss : 0.394329model2 loss : 0.027775pseudo_supervision1 : 0.258020pseudo_supervision2 : 0.038532
iteration 37800 :model1 loss : 0.121843model2 loss : 0.016535pseudo_supervision1 : 0.152119pseudo_supervision2 : 0.020677
save model to ../model/BTCV_5_C3PS_cond_mode_film_began_semi2000_con4000_SGD_SGD/unet_3D_old/model_iter_37800.pth
save model2 to ../model/BTCV_5_C3PS_cond_mode_film_began_semi2000_con4000_SGD_SGD/unet_3D_old/model2_iter_37800.pth
iteration 37820 :model1 loss : 0.154416model2 loss : 0.023452pseudo_supervision1 : 0.298399pseudo_supervision2 : 0.020963
iteration 37840 :model1 loss : 0.125932model2 loss : 0.022543pseudo_supervision1 : 0.087377pseudo_supervision2 : 0.015023
iteration 37860 :model1 loss : 0.164279model2 loss : 0.019830pseudo_supervision1 : 0.287760pseudo_supervision2 : 0.030383
iteration 37880 :model1 loss : 0.139293model2 loss : 0.020558pseudo_supervision1 : 0.200843pseudo_supervision2 : 0.033249
iteration 37900 :model1 loss : 0.163364model2 loss : 0.038114pseudo_supervision1 : 0.181172pseudo_supervision2 : 0.019874
iteration 37920 :model1 loss : 0.147816model2 loss : 0.025954pseudo_supervision1 : 0.262553pseudo_supervision2 : 0.022892
iteration 37940 :model1 loss : 0.290830model2 loss : 0.063779pseudo_supervision1 : 0.000000pseudo_supervision2 : 0.500439
iteration 37960 :model1 loss : 0.110265model2 loss : 0.066591pseudo_supervision1 : 0.000000pseudo_supervision2 : 0.500205
iteration 37980 :model1 loss : 0.497047model2 loss : 0.254381pseudo_supervision1 : 0.250938pseudo_supervision2 : 0.042650
iteration 38000 :model1 loss : 0.125660model2 loss : 0.082239pseudo_supervision1 : 0.000000pseudo_supervision2 : 0.500285
began evaluation!
iteration 38000: validation sampled 4/12 cases
Total test images: 4
Validation begin
Validation end
avg metric shape: (13, 3)
iteration 38000 : model_dice_score : 0.396979 model_hd95 : 2.884615
began evaluation!
Total test images: 4
Validation begin
===>test image:/projects/weilab/liupeng/dataset/ssl_seg/BTCV/Training_resampled_1.5_1.5_2.0_npy_zscore/img/img0003.npy
condition batch eval, img shape:(297, 307, 307), sx:5, sy:4, sz:4, num_conditions:2
condition:1, metric:[0.39142591 0.         0.        ]
condition:2, metric:[0.71324328 0.         0.        ]
condition batch eval, img shape:(297, 307, 307), sx:5, sy:4, sz:4, num_conditions:2
condition:3, metric:[0.76698203 0.         0.        ]
condition:4, metric:[0.56430987 0.         0.        ]
condition batch eval, img shape:(297, 307, 307), sx:5, sy:4, sz:4, num_conditions:2
condition:5, metric:[0.36542362 0.         0.        ]
condition:6, metric:[0.76464094 0.         0.        ]
condition batch eval, img shape:(297, 307, 307), sx:5, sy:4, sz:4, num_conditions:2
condition:7, metric:[0.2274562 0.        0.       ]
condition:8, metric:[0.81368842 0.         0.        ]
condition batch eval, img shape:(297, 307, 307), sx:5, sy:4, sz:4, num_conditions:2
condition:9, metric:[0.78010339 0.         0.        ]
condition:10, metric:[0.27253987 0.         0.        ]
condition batch eval, img shape:(297, 307, 307), sx:5, sy:4, sz:4, num_conditions:2
condition:11, metric:[0.19269222 0.         0.        ]
condition:12, metric:[0.37350359 0.         0.        ]
condition batch eval, img shape:(297, 307, 307), sx:5, sy:4, sz:4, num_conditions:1
condition:13, metric:[  0. 150. 150.]
===>test image:/projects/weilab/liupeng/dataset/ssl_seg/BTCV/Training_resampled_1.5_1.5_2.0_npy_zscore/img/img0004.npy
condition batch eval, img shape:(210, 203, 203), sx:3, sy:2, sz:2, num_conditions:2
condition:1, metric:[0.19509597 0.         0.        ]
condition:2, metric:[0.47626792 0.         0.        ]
condition batch eval, img shape:(210, 203, 203), sx:3, sy:2, sz:2, num_conditions:2
condition:3, metric:[0.41541036 0.         0.        ]
condition:4, metric:[0. 0. 0.]
condition batch eval, img shape:(210, 203, 203), sx:3, sy:2, sz:2, num_conditions:2
condition:5, metric:[0.69016882 0.         0.        ]
condition:6, metric:[0.5246742 0.        0.       ]
condition batch eval, img shape:(210, 203, 203), sx:3, sy:2, sz:2, num_conditions:2
condition:7, metric:[0.11387703 0.         0.        ]
condition:8, metric:[0.22900338 0.         0.        ]
condition batch eval, img shape:(210, 203, 203), sx:3, sy:2, sz:2, num_conditions:2
condition:9, metric:[0.63300628 0.         0.        ]
condition:10, metric:[0.62111801 0.         0.        ]
condition batch eval, img shape:(210, 203, 203), sx:3, sy:2, sz:2, num_conditions:2
condition:11, metric:[0.18958505 0.         0.        ]
condition:12, metric:[0.32816537 0.         0.        ]
condition batch eval, img shape:(210, 203, 203), sx:3, sy:2, sz:2, num_conditions:1
condition:13, metric:[  0. 150. 150.]
===>test image:/projects/weilab/liupeng/dataset/ssl_seg/BTCV/Training_resampled_1.5_1.5_2.0_npy_zscore/img/img0002.npy
condition batch eval, img shape:(208, 246, 246), sx:3, sy:3, sz:3, num_conditions:2
condition:1, metric:[0.23746903 0.         0.        ]
condition:2, metric:[0.38922866 0.         0.        ]
condition batch eval, img shape:(208, 246, 246), sx:3, sy:3, sz:3, num_conditions:2
condition:3, metric:[0.30969956 0.         0.        ]
condition:4, metric:[0.47372273 0.         0.        ]
condition batch eval, img shape:(208, 246, 246), sx:3, sy:3, sz:3, num_conditions:2
condition:5, metric:[0.54139157 0.         0.        ]
condition:6, metric:[0.6302566 0.        0.       ]
condition batch eval, img shape:(208, 246, 246), sx:3, sy:3, sz:3, num_conditions:2
condition:7, metric:[0.3779301 0.        0.       ]
condition:8, metric:[0.33160006 0.         0.        ]
condition batch eval, img shape:(208, 246, 246), sx:3, sy:3, sz:3, num_conditions:2
condition:9, metric:[0.68139275 0.         0.        ]
condition:10, metric:[0.5587072 0.        0.       ]
condition batch eval, img shape:(208, 246, 246), sx:3, sy:3, sz:3, num_conditions:2
condition:11, metric:[0.29851054 0.         0.        ]
condition:12, metric:[0.67599278 0.         0.        ]
condition batch eval, img shape:(208, 246, 246), sx:3, sy:3, sz:3, num_conditions:1
condition:13, metric:[0.56583243 0.         0.        ]
===>test image:/projects/weilab/liupeng/dataset/ssl_seg/BTCV/Training_resampled_1.5_1.5_2.0_npy_zscore/img/img0025.npy
condition batch eval, img shape:(212, 284, 284), sx:3, sy:3, sz:3, num_conditions:2
condition:1, metric:[0.44424867 0.         0.        ]
condition:2, metric:[0.47341519 0.         0.        ]
condition batch eval, img shape:(212, 284, 284), sx:3, sy:3, sz:3, num_conditions:2
condition:3, metric:[0.52833835 0.         0.        ]
condition:4, metric:[0.74772377 0.         0.        ]
condition batch eval, img shape:(212, 284, 284), sx:3, sy:3, sz:3, num_conditions:2
condition:5, metric:[0.69279881 0.         0.        ]
condition:6, metric:[0.78793729 0.         0.        ]
condition batch eval, img shape:(212, 284, 284), sx:3, sy:3, sz:3, num_conditions:2
condition:7, metric:[0.50134417 0.         0.        ]
condition:8, metric:[0.65547045 0.         0.        ]
condition batch eval, img shape:(212, 284, 284), sx:3, sy:3, sz:3, num_conditions:2
condition:9, metric:[0.68636376 0.         0.        ]
condition:10, metric:[0.10046885 0.         0.        ]
condition batch eval, img shape:(212, 284, 284), sx:3, sy:3, sz:3, num_conditions:2
condition:11, metric:[0.52925827 0.         0.        ]
condition:12, metric:[0.60575858 0.         0.        ]
condition batch eval, img shape:(212, 284, 284), sx:3, sy:3, sz:3, num_conditions:1
condition:13, metric:[0.74132139 0.         0.        ]
Validation end
avg metric shape: (13, 3)
iteration 38000 : model2_dice_score : 0.465549 model2_hd95 : 5.769231
save model to ../model/BTCV_5_C3PS_cond_mode_film_began_semi2000_con4000_SGD_SGD/unet_3D_old/model_iter_38000.pth
save model2 to ../model/BTCV_5_C3PS_cond_mode_film_began_semi2000_con4000_SGD_SGD/unet_3D_old/model2_iter_38000.pth
iteration 38020 :model1 loss : 0.226738model2 loss : 0.089365pseudo_supervision1 : 0.770772pseudo_supervision2 : 0.004681
iteration 38040 :model1 loss : 0.136775model2 loss : 0.017926pseudo_supervision1 : 0.073734pseudo_supervision2 : 0.024232
iteration 38060 :model1 loss : 0.158265model2 loss : 0.037034pseudo_supervision1 : 0.335788pseudo_supervision2 : 0.015394
iteration 38080 :model1 loss : 0.130698model2 loss : 0.094163pseudo_supervision1 : 0.000000pseudo_supervision2 : 0.500200
iteration 38100 :model1 loss : 0.173219model2 loss : 0.079072pseudo_supervision1 : 0.000000pseudo_supervision2 : 0.500100
iteration 38120 :model1 loss : 0.247435model2 loss : 0.078828pseudo_supervision1 : 0.000000pseudo_supervision2 : 0.500119
iteration 38140 :model1 loss : 0.182155model2 loss : 0.024812pseudo_supervision1 : 0.253188pseudo_supervision2 : 0.030809
iteration 38160 :model1 loss : 0.126280model2 loss : 0.019722pseudo_supervision1 : 0.139029pseudo_supervision2 : 0.016782
iteration 38180 :model1 loss : 0.295752model2 loss : 0.029755pseudo_supervision1 : 0.612792pseudo_supervision2 : 0.053106
iteration 38200 :model1 loss : 0.166658model2 loss : 0.019764pseudo_supervision1 : 0.539698pseudo_supervision2 : 0.020206
save model to ../model/BTCV_5_C3PS_cond_mode_film_began_semi2000_con4000_SGD_SGD/unet_3D_old/model_iter_38200.pth
save model2 to ../model/BTCV_5_C3PS_cond_mode_film_began_semi2000_con4000_SGD_SGD/unet_3D_old/model2_iter_38200.pth
iteration 38220 :model1 loss : 0.252544model2 loss : 0.059788pseudo_supervision1 : 0.319818pseudo_supervision2 : 0.027779
iteration 38240 :model1 loss : 0.174968model2 loss : 0.030326pseudo_supervision1 : 0.383080pseudo_supervision2 : 0.011126
iteration 38260 :model1 loss : 0.141322model2 loss : 0.038245pseudo_supervision1 : 0.000000pseudo_supervision2 : 0.038973
iteration 38280 :model1 loss : 0.157426model2 loss : 0.067495pseudo_supervision1 : 0.000000pseudo_supervision2 : 0.501426
iteration 38300 :model1 loss : 0.169512model2 loss : 0.097292pseudo_supervision1 : 0.000000pseudo_supervision2 : 0.501045
iteration 38320 :model1 loss : 0.158232model2 loss : 0.056980pseudo_supervision1 : 0.485127pseudo_supervision2 : 0.030782
iteration 38340 :model1 loss : 0.154340model2 loss : 0.023004pseudo_supervision1 : 0.380682pseudo_supervision2 : 0.061045
iteration 38360 :model1 loss : 0.131848model2 loss : 0.027469pseudo_supervision1 : 0.186494pseudo_supervision2 : 0.144274
iteration 38380 :model1 loss : 0.150834model2 loss : 0.055384pseudo_supervision1 : 0.244329pseudo_supervision2 : 0.006936
iteration 38400 :model1 loss : 0.140443model2 loss : 0.029466pseudo_supervision1 : 0.197159pseudo_supervision2 : 0.052896
began evaluation!
iteration 38400: validation sampled 4/12 cases
Total test images: 4
Validation begin
Validation end
avg metric shape: (13, 3)
iteration 38400 : model_dice_score : 0.490143 model_hd95 : 0.000000
began evaluation!
Total test images: 4
Validation begin
===>test image:/projects/weilab/liupeng/dataset/ssl_seg/BTCV/Training_resampled_1.5_1.5_2.0_npy_zscore/img/img0008.npy
condition batch eval, img shape:(222, 249, 249), sx:3, sy:3, sz:3, num_conditions:2
condition:1, metric:[0.39167914 0.         0.        ]
condition:2, metric:[0.00800083 0.         0.        ]
condition batch eval, img shape:(222, 249, 249), sx:3, sy:3, sz:3, num_conditions:2
condition:3, metric:[0. 0. 0.]
condition:4, metric:[0.38065383 0.         0.        ]
condition batch eval, img shape:(222, 249, 249), sx:3, sy:3, sz:3, num_conditions:2
condition:5, metric:[0.52637187 0.         0.        ]
condition:6, metric:[0.66110048 0.         0.        ]
condition batch eval, img shape:(222, 249, 249), sx:3, sy:3, sz:3, num_conditions:2
condition:7, metric:[0.29407621 0.         0.        ]
condition:8, metric:[0.33419954 0.         0.        ]
condition batch eval, img shape:(222, 249, 249), sx:3, sy:3, sz:3, num_conditions:2
condition:9, metric:[0.71375577 0.         0.        ]
condition:10, metric:[0.68773433 0.         0.        ]
condition batch eval, img shape:(222, 249, 249), sx:3, sy:3, sz:3, num_conditions:2
condition:11, metric:[0.34550448 0.         0.        ]
condition:12, metric:[0.67046173 0.         0.        ]
condition batch eval, img shape:(222, 249, 249), sx:3, sy:3, sz:3, num_conditions:1
condition:13, metric:[0.59655172 0.         0.        ]
===>test image:/projects/weilab/liupeng/dataset/ssl_seg/BTCV/Training_resampled_1.5_1.5_2.0_npy_zscore/img/img0038.npy
condition batch eval, img shape:(250, 333, 333), sx:4, sy:4, sz:4, num_conditions:2
condition:1, metric:[0.65013659 0.         0.        ]
condition:2, metric:[0.86742879 0.         0.        ]
condition batch eval, img shape:(250, 333, 333), sx:4, sy:4, sz:4, num_conditions:2
condition:3, metric:[0.91663088 0.         0.        ]
condition:4, metric:[0.362951 0.       0.      ]
condition batch eval, img shape:(250, 333, 333), sx:4, sy:4, sz:4, num_conditions:2
condition:5, metric:[0.58409543 0.         0.        ]
condition:6, metric:[0.77518238 0.         0.        ]
condition batch eval, img shape:(250, 333, 333), sx:4, sy:4, sz:4, num_conditions:2
condition:7, metric:[0.50181156 0.         0.        ]
condition:8, metric:[0.82356468 0.         0.        ]
condition batch eval, img shape:(250, 333, 333), sx:4, sy:4, sz:4, num_conditions:2
condition:9, metric:[0.72047244 0.         0.        ]
condition:10, metric:[0.63871295 0.         0.        ]
condition batch eval, img shape:(250, 333, 333), sx:4, sy:4, sz:4, num_conditions:2
condition:11, metric:[0.72478285 0.         0.        ]
condition:12, metric:[0.54364944 0.         0.        ]
condition batch eval, img shape:(250, 333, 333), sx:4, sy:4, sz:4, num_conditions:1
condition:13, metric:[0.36740633 0.         0.        ]
===>test image:/projects/weilab/liupeng/dataset/ssl_seg/BTCV/Training_resampled_1.5_1.5_2.0_npy_zscore/img/img0025.npy
condition batch eval, img shape:(212, 284, 284), sx:3, sy:3, sz:3, num_conditions:2
condition:1, metric:[0.51449126 0.         0.        ]
condition:2, metric:[0.47617903 0.         0.        ]
condition batch eval, img shape:(212, 284, 284), sx:3, sy:3, sz:3, num_conditions:2
condition:3, metric:[0.57398337 0.         0.        ]
condition:4, metric:[0.60817603 0.         0.        ]
condition batch eval, img shape:(212, 284, 284), sx:3, sy:3, sz:3, num_conditions:2
condition:5, metric:[0.70978069 0.         0.        ]
condition:6, metric:[0.82684578 0.         0.        ]
condition batch eval, img shape:(212, 284, 284), sx:3, sy:3, sz:3, num_conditions:2
condition:7, metric:[0.47012128 0.         0.        ]
condition:8, metric:[0.62187621 0.         0.        ]
condition batch eval, img shape:(212, 284, 284), sx:3, sy:3, sz:3, num_conditions:2
condition:9, metric:[0.66107459 0.         0.        ]
condition:10, metric:[0.06397775 0.         0.        ]
condition batch eval, img shape:(212, 284, 284), sx:3, sy:3, sz:3, num_conditions:2
condition:11, metric:[0.45909944 0.         0.        ]
condition:12, metric:[0.48701643 0.         0.        ]
condition batch eval, img shape:(212, 284, 284), sx:3, sy:3, sz:3, num_conditions:1
condition:13, metric:[0.65616162 0.         0.        ]
===>test image:/projects/weilab/liupeng/dataset/ssl_seg/BTCV/Training_resampled_1.5_1.5_2.0_npy_zscore/img/img0022.npy
condition batch eval, img shape:(222, 262, 262), sx:3, sy:3, sz:3, num_conditions:2
condition:1, metric:[0.63026314 0.         0.        ]
condition:2, metric:[0.93965195 0.         0.        ]
condition batch eval, img shape:(222, 262, 262), sx:3, sy:3, sz:3, num_conditions:2
condition:3, metric:[0.89644262 0.         0.        ]
condition:4, metric:[0.3597746 0.        0.       ]
condition batch eval, img shape:(222, 262, 262), sx:3, sy:3, sz:3, num_conditions:2
condition:5, metric:[0.58462718 0.         0.        ]
condition:6, metric:[0.78295219 0.         0.        ]
condition batch eval, img shape:(222, 262, 262), sx:3, sy:3, sz:3, num_conditions:2
condition:7, metric:[0.89676475 0.         0.        ]
condition:8, metric:[0.87193126 0.         0.        ]
condition batch eval, img shape:(222, 262, 262), sx:3, sy:3, sz:3, num_conditions:2
condition:9, metric:[0.78815418 0.         0.        ]
condition:10, metric:[0.69017674 0.         0.        ]
condition batch eval, img shape:(222, 262, 262), sx:3, sy:3, sz:3, num_conditions:2
condition:11, metric:[0.62435399 0.         0.        ]
condition:12, metric:[0.47922595 0.         0.        ]
condition batch eval, img shape:(222, 262, 262), sx:3, sy:3, sz:3, num_conditions:1
condition:13, metric:[0.5703125 0.        0.       ]
Validation end
avg metric shape: (13, 3)
iteration 38400 : model2_dice_score : 0.583276 model2_hd95 : 0.000000
save model to ../model/BTCV_5_C3PS_cond_mode_film_began_semi2000_con4000_SGD_SGD/unet_3D_old/model_iter_38400.pth
save model2 to ../model/BTCV_5_C3PS_cond_mode_film_began_semi2000_con4000_SGD_SGD/unet_3D_old/model2_iter_38400.pth
iteration 38420 :model1 loss : 0.130749model2 loss : 0.090707pseudo_supervision1 : 0.000000pseudo_supervision2 : 0.500094
iteration 38440 :model1 loss : 0.316235model2 loss : 0.057083pseudo_supervision1 : 1.786025pseudo_supervision2 : 0.382587
iteration 38460 :model1 loss : 0.238514model2 loss : 0.069280pseudo_supervision1 : 0.686641pseudo_supervision2 : 0.008401
iteration 38480 :model1 loss : 0.181405model2 loss : 0.026209pseudo_supervision1 : 0.468684pseudo_supervision2 : 0.038067
iteration 38500 :model1 loss : 0.155849model2 loss : 0.013713pseudo_supervision1 : 0.271401pseudo_supervision2 : 0.013474
iteration 38520 :model1 loss : 0.147773model2 loss : 0.039369pseudo_supervision1 : 0.082742pseudo_supervision2 : 0.044184
iteration 38540 :model1 loss : 0.148185model2 loss : 0.028527pseudo_supervision1 : 0.422912pseudo_supervision2 : 0.026649
iteration 38560 :model1 loss : 0.118271model2 loss : 0.071020pseudo_supervision1 : 0.000000pseudo_supervision2 : 0.500295
iteration 38580 :model1 loss : 0.153129model2 loss : 0.027089pseudo_supervision1 : 0.217383pseudo_supervision2 : 0.015766
iteration 38600 :model1 loss : 0.158971model2 loss : 0.066136pseudo_supervision1 : 0.354777pseudo_supervision2 : 0.516339
save model to ../model/BTCV_5_C3PS_cond_mode_film_began_semi2000_con4000_SGD_SGD/unet_3D_old/model_iter_38600.pth
save model2 to ../model/BTCV_5_C3PS_cond_mode_film_began_semi2000_con4000_SGD_SGD/unet_3D_old/model2_iter_38600.pth
iteration 38620 :model1 loss : 0.131603model2 loss : 0.034324pseudo_supervision1 : 0.219415pseudo_supervision2 : 0.018584
iteration 38640 :model1 loss : 0.223973model2 loss : 0.036724pseudo_supervision1 : 0.313695pseudo_supervision2 : 0.021166
iteration 38660 :model1 loss : 0.167705model2 loss : 0.050482pseudo_supervision1 : 0.277028pseudo_supervision2 : 0.018842
iteration 38680 :model1 loss : 0.127843model2 loss : 0.027217pseudo_supervision1 : 0.115764pseudo_supervision2 : 0.016696
iteration 38700 :model1 loss : 0.200755model2 loss : 0.018284pseudo_supervision1 : 0.236216pseudo_supervision2 : 0.036140
iteration 38720 :model1 loss : 0.301730model2 loss : 0.067705pseudo_supervision1 : 0.000000pseudo_supervision2 : 0.500088
iteration 38740 :model1 loss : 0.288628model2 loss : 0.025916pseudo_supervision1 : 0.304691pseudo_supervision2 : 0.023349
iteration 38760 :model1 loss : 0.148180model2 loss : 0.163322pseudo_supervision1 : 0.000000pseudo_supervision2 : 0.098182
iteration 38780 :model1 loss : 0.147010model2 loss : 0.024676pseudo_supervision1 : 0.345553pseudo_supervision2 : 0.019277
iteration 38800 :model1 loss : 0.194733model2 loss : 0.040021pseudo_supervision1 : 0.246059pseudo_supervision2 : 0.018980
began evaluation!
iteration 38800: validation sampled 4/12 cases
Total test images: 4
Validation begin
Validation end
avg metric shape: (13, 3)
iteration 38800 : model_dice_score : 0.479655 model_hd95 : 2.884615
began evaluation!
Total test images: 4
Validation begin
===>test image:/projects/weilab/liupeng/dataset/ssl_seg/BTCV/Training_resampled_1.5_1.5_2.0_npy_zscore/img/img0036.npy
condition batch eval, img shape:(276, 255, 255), sx:4, sy:3, sz:3, num_conditions:2
condition:1, metric:[0.50249198 0.         0.        ]
condition:2, metric:[0.53472753 0.         0.        ]
condition batch eval, img shape:(276, 255, 255), sx:4, sy:3, sz:3, num_conditions:2
condition:3, metric:[0.51238251 0.         0.        ]
condition:4, metric:[0.0785124 0.        0.       ]
condition batch eval, img shape:(276, 255, 255), sx:4, sy:3, sz:3, num_conditions:2
condition:5, metric:[0.69832819 0.         0.        ]
condition:6, metric:[0.68269569 0.         0.        ]
condition batch eval, img shape:(276, 255, 255), sx:4, sy:3, sz:3, num_conditions:2
condition:7, metric:[0.45687588 0.         0.        ]
condition:8, metric:[0.55240806 0.         0.        ]
condition batch eval, img shape:(276, 255, 255), sx:4, sy:3, sz:3, num_conditions:2
condition:9, metric:[0.70648797 0.         0.        ]
condition:10, metric:[0.63261414 0.         0.        ]
condition batch eval, img shape:(276, 255, 255), sx:4, sy:3, sz:3, num_conditions:2
condition:11, metric:[0.19476127 0.         0.        ]
condition:12, metric:[0.57142857 0.         0.        ]
condition batch eval, img shape:(276, 255, 255), sx:4, sy:3, sz:3, num_conditions:1
condition:13, metric:[0.64905284 0.         0.        ]
===>test image:/projects/weilab/liupeng/dataset/ssl_seg/BTCV/Training_resampled_1.5_1.5_2.0_npy_zscore/img/img0004.npy
condition batch eval, img shape:(210, 203, 203), sx:3, sy:2, sz:2, num_conditions:2
condition:1, metric:[0.16058656 0.         0.        ]
condition:2, metric:[0.46944124 0.         0.        ]
condition batch eval, img shape:(210, 203, 203), sx:3, sy:2, sz:2, num_conditions:2
condition:3, metric:[0.41624317 0.         0.        ]
condition:4, metric:[0. 0. 0.]
condition batch eval, img shape:(210, 203, 203), sx:3, sy:2, sz:2, num_conditions:2
condition:5, metric:[0.58082409 0.         0.        ]
condition:6, metric:[0.53038514 0.         0.        ]
condition batch eval, img shape:(210, 203, 203), sx:3, sy:2, sz:2, num_conditions:2
condition:7, metric:[0.12788145 0.         0.        ]
condition:8, metric:[0.22606009 0.         0.        ]
condition batch eval, img shape:(210, 203, 203), sx:3, sy:2, sz:2, num_conditions:2
condition:9, metric:[0.64008327 0.         0.        ]
condition:10, metric:[0.59187524 0.         0.        ]
condition batch eval, img shape:(210, 203, 203), sx:3, sy:2, sz:2, num_conditions:2
condition:11, metric:[0.15938091 0.         0.        ]
condition:12, metric:[0.0096 0.     0.    ]
condition batch eval, img shape:(210, 203, 203), sx:3, sy:2, sz:2, num_conditions:1
condition:13, metric:[  0. 150. 150.]
===>test image:/projects/weilab/liupeng/dataset/ssl_seg/BTCV/Training_resampled_1.5_1.5_2.0_npy_zscore/img/img0029.npy
condition batch eval, img shape:(150, 299, 299), sx:2, sy:4, sz:4, num_conditions:2
condition:1, metric:[0.47434127 0.         0.        ]
condition:2, metric:[0.58048278 0.         0.        ]
condition batch eval, img shape:(150, 299, 299), sx:2, sy:4, sz:4, num_conditions:2
condition:3, metric:[0.45966847 0.         0.        ]
condition:4, metric:[0.52133255 0.         0.        ]
condition batch eval, img shape:(150, 299, 299), sx:2, sy:4, sz:4, num_conditions:2
condition:5, metric:[0.80978017 0.         0.        ]
condition:6, metric:[0.88633694 0.         0.        ]
condition batch eval, img shape:(150, 299, 299), sx:2, sy:4, sz:4, num_conditions:2
condition:7, metric:[0.35324809 0.         0.        ]
condition:8, metric:[0.72315451 0.         0.        ]
condition batch eval, img shape:(150, 299, 299), sx:2, sy:4, sz:4, num_conditions:2
condition:9, metric:[0.82889385 0.         0.        ]
condition:10, metric:[0.64602804 0.         0.        ]
condition batch eval, img shape:(150, 299, 299), sx:2, sy:4, sz:4, num_conditions:2
condition:11, metric:[0.43390903 0.         0.        ]
condition:12, metric:[0.67166763 0.         0.        ]
condition batch eval, img shape:(150, 299, 299), sx:2, sy:4, sz:4, num_conditions:1
condition:13, metric:[0.60147354 0.         0.        ]
===>test image:/projects/weilab/liupeng/dataset/ssl_seg/BTCV/Training_resampled_1.5_1.5_2.0_npy_zscore/img/img0038.npy
condition batch eval, img shape:(250, 333, 333), sx:4, sy:4, sz:4, num_conditions:2
condition:1, metric:[0.58305114 0.         0.        ]
condition:2, metric:[0.83091117 0.         0.        ]
condition batch eval, img shape:(250, 333, 333), sx:4, sy:4, sz:4, num_conditions:2
condition:3, metric:[0.89018526 0.         0.        ]
condition:4, metric:[0.33927545 0.         0.        ]
condition batch eval, img shape:(250, 333, 333), sx:4, sy:4, sz:4, num_conditions:2
condition:5, metric:[0.62483562 0.         0.        ]
condition:6, metric:[0.73983816 0.         0.        ]
condition batch eval, img shape:(250, 333, 333), sx:4, sy:4, sz:4, num_conditions:2
condition:7, metric:[0.44787337 0.         0.        ]
condition:8, metric:[0.77691395 0.         0.        ]
condition batch eval, img shape:(250, 333, 333), sx:4, sy:4, sz:4, num_conditions:2
condition:9, metric:[0.72440777 0.         0.        ]
condition:10, metric:[0.6579738 0.        0.       ]
condition batch eval, img shape:(250, 333, 333), sx:4, sy:4, sz:4, num_conditions:2
condition:11, metric:[0.70533553 0.         0.        ]
condition:12, metric:[0.45687447 0.         0.        ]
condition batch eval, img shape:(250, 333, 333), sx:4, sy:4, sz:4, num_conditions:1
condition:13, metric:[0.45171958 0.         0.        ]
Validation end
avg metric shape: (13, 3)
iteration 38800 : model2_dice_score : 0.517397 model2_hd95 : 2.884615
save model to ../model/BTCV_5_C3PS_cond_mode_film_began_semi2000_con4000_SGD_SGD/unet_3D_old/model_iter_38800.pth
save model2 to ../model/BTCV_5_C3PS_cond_mode_film_began_semi2000_con4000_SGD_SGD/unet_3D_old/model2_iter_38800.pth
iteration 38820 :model1 loss : 0.177496model2 loss : 0.017605pseudo_supervision1 : 0.656018pseudo_supervision2 : 0.007053
iteration 38840 :model1 loss : 0.579364model2 loss : 0.070820pseudo_supervision1 : 4.060146pseudo_supervision2 : 0.511249
iteration 38860 :model1 loss : 0.146044model2 loss : 0.074964pseudo_supervision1 : 0.287054pseudo_supervision2 : 0.017444
iteration 38880 :model1 loss : 0.166190model2 loss : 0.049093pseudo_supervision1 : 0.282046pseudo_supervision2 : 0.050253
iteration 38900 :model1 loss : 0.166008model2 loss : 0.051832pseudo_supervision1 : 0.353541pseudo_supervision2 : 0.023264
iteration 38920 :model1 loss : 0.144908model2 loss : 0.023887pseudo_supervision1 : 0.352333pseudo_supervision2 : 0.052324
iteration 38940 :model1 loss : 0.152584model2 loss : 0.020141pseudo_supervision1 : 0.406593pseudo_supervision2 : 0.077561
iteration 38960 :model1 loss : 0.253254model2 loss : 0.021366pseudo_supervision1 : 0.169226pseudo_supervision2 : 0.028776
iteration 38980 :model1 loss : 0.239164model2 loss : 0.016744pseudo_supervision1 : 0.359380pseudo_supervision2 : 0.008596
iteration 39000 :model1 loss : 0.214326model2 loss : 0.024318pseudo_supervision1 : 0.712883pseudo_supervision2 : 0.026999
save model to ../model/BTCV_5_C3PS_cond_mode_film_began_semi2000_con4000_SGD_SGD/unet_3D_old/model_iter_39000.pth
save model2 to ../model/BTCV_5_C3PS_cond_mode_film_began_semi2000_con4000_SGD_SGD/unet_3D_old/model2_iter_39000.pth
iteration 39020 :model1 loss : 0.156936model2 loss : 0.025327pseudo_supervision1 : 0.276457pseudo_supervision2 : 0.016021
iteration 39040 :model1 loss : 0.164519model2 loss : 0.062136pseudo_supervision1 : 0.000000pseudo_supervision2 : 0.501035
iteration 39060 :model1 loss : 0.200194model2 loss : 0.014833pseudo_supervision1 : 0.385173pseudo_supervision2 : 0.024173
iteration 39080 :model1 loss : 0.383748model2 loss : 0.065634pseudo_supervision1 : 0.000000pseudo_supervision2 : 0.026213
iteration 39100 :model1 loss : 0.134706model2 loss : 0.074277pseudo_supervision1 : 0.000000pseudo_supervision2 : 0.478942
iteration 39120 :model1 loss : 0.178278model2 loss : 0.026425pseudo_supervision1 : 0.372730pseudo_supervision2 : 0.026292
iteration 39140 :model1 loss : 0.164575model2 loss : 0.071904pseudo_supervision1 : 0.000000pseudo_supervision2 : 0.500420
iteration 39160 :model1 loss : 0.187915model2 loss : 0.039520pseudo_supervision1 : 0.664928pseudo_supervision2 : 0.004731
iteration 39180 :model1 loss : 0.242112model2 loss : 0.033382pseudo_supervision1 : 0.353794pseudo_supervision2 : 0.058817
iteration 39200 :model1 loss : 0.140677model2 loss : 0.074185pseudo_supervision1 : 0.000000pseudo_supervision2 : 0.500283
began evaluation!
iteration 39200: validation sampled 4/12 cases
Total test images: 4
Validation begin
Validation end
avg metric shape: (13, 3)
iteration 39200 : model_dice_score : 0.527288 model_hd95 : 0.000000
began evaluation!
Total test images: 4
Validation begin
===>test image:/projects/weilab/liupeng/dataset/ssl_seg/BTCV/Training_resampled_1.5_1.5_2.0_npy_zscore/img/img0038.npy
condition batch eval, img shape:(250, 333, 333), sx:4, sy:4, sz:4, num_conditions:2
condition:1, metric:[0.60877807 0.         0.        ]
condition:2, metric:[0.84764121 0.         0.        ]
condition batch eval, img shape:(250, 333, 333), sx:4, sy:4, sz:4, num_conditions:2
condition:3, metric:[0.903482 0.       0.      ]
condition:4, metric:[0.31868776 0.         0.        ]
condition batch eval, img shape:(250, 333, 333), sx:4, sy:4, sz:4, num_conditions:2
condition:5, metric:[0.64125141 0.         0.        ]
condition:6, metric:[0.76991982 0.         0.        ]
condition batch eval, img shape:(250, 333, 333), sx:4, sy:4, sz:4, num_conditions:2
condition:7, metric:[0.46493642 0.         0.        ]
condition:8, metric:[0.80292422 0.         0.        ]
condition batch eval, img shape:(250, 333, 333), sx:4, sy:4, sz:4, num_conditions:2
condition:9, metric:[0.72349792 0.         0.        ]
condition:10, metric:[0.66763645 0.         0.        ]
condition batch eval, img shape:(250, 333, 333), sx:4, sy:4, sz:4, num_conditions:2
condition:11, metric:[0.71631374 0.         0.        ]
condition:12, metric:[0.56755793 0.         0.        ]
condition batch eval, img shape:(250, 333, 333), sx:4, sy:4, sz:4, num_conditions:1
condition:13, metric:[0.51165571 0.         0.        ]
===>test image:/projects/weilab/liupeng/dataset/ssl_seg/BTCV/Training_resampled_1.5_1.5_2.0_npy_zscore/img/img0036.npy
condition batch eval, img shape:(276, 255, 255), sx:4, sy:3, sz:3, num_conditions:2
condition:1, metric:[0.51156717 0.         0.        ]
condition:2, metric:[0.54065847 0.         0.        ]
condition batch eval, img shape:(276, 255, 255), sx:4, sy:3, sz:3, num_conditions:2
condition:3, metric:[0.52437059 0.         0.        ]
condition:4, metric:[0.17228955 0.         0.        ]
condition batch eval, img shape:(276, 255, 255), sx:4, sy:3, sz:3, num_conditions:2
condition:5, metric:[0.74509804 0.         0.        ]
condition:6, metric:[0.69034736 0.         0.        ]
condition batch eval, img shape:(276, 255, 255), sx:4, sy:3, sz:3, num_conditions:2
condition:7, metric:[0.47632702 0.         0.        ]
condition:8, metric:[0.59449706 0.         0.        ]
condition batch eval, img shape:(276, 255, 255), sx:4, sy:3, sz:3, num_conditions:2
condition:9, metric:[0.70809271 0.         0.        ]
condition:10, metric:[0.64198794 0.         0.        ]
condition batch eval, img shape:(276, 255, 255), sx:4, sy:3, sz:3, num_conditions:2
condition:11, metric:[0.21919472 0.         0.        ]
condition:12, metric:[0.64354067 0.         0.        ]
condition batch eval, img shape:(276, 255, 255), sx:4, sy:3, sz:3, num_conditions:1
condition:13, metric:[0.64063886 0.         0.        ]
===>test image:/projects/weilab/liupeng/dataset/ssl_seg/BTCV/Training_resampled_1.5_1.5_2.0_npy_zscore/img/img0032.npy
condition batch eval, img shape:(216, 253, 253), sx:3, sy:3, sz:3, num_conditions:2
condition:1, metric:[0.18618402 0.         0.        ]
condition:2, metric:[0.42333897 0.         0.        ]
condition batch eval, img shape:(216, 253, 253), sx:3, sy:3, sz:3, num_conditions:2
condition:3, metric:[0.4218155 0.        0.       ]
condition:4, metric:[0.56011875 0.         0.        ]
condition batch eval, img shape:(216, 253, 253), sx:3, sy:3, sz:3, num_conditions:2
condition:5, metric:[0.70911722 0.         0.        ]
condition:6, metric:[0.62040871 0.         0.        ]
condition batch eval, img shape:(216, 253, 253), sx:3, sy:3, sz:3, num_conditions:2
condition:7, metric:[0.4160835 0.        0.       ]
condition:8, metric:[0.42218302 0.         0.        ]
condition batch eval, img shape:(216, 253, 253), sx:3, sy:3, sz:3, num_conditions:2
condition:9, metric:[0.61710988 0.         0.        ]
condition:10, metric:[0.60416667 0.         0.        ]
condition batch eval, img shape:(216, 253, 253), sx:3, sy:3, sz:3, num_conditions:2
condition:11, metric:[0.22445165 0.         0.        ]
condition:12, metric:[0.60425532 0.         0.        ]
condition batch eval, img shape:(216, 253, 253), sx:3, sy:3, sz:3, num_conditions:1
condition:13, metric:[0.4737516 0.        0.       ]
===>test image:/projects/weilab/liupeng/dataset/ssl_seg/BTCV/Training_resampled_1.5_1.5_2.0_npy_zscore/img/img0029.npy
condition batch eval, img shape:(150, 299, 299), sx:2, sy:4, sz:4, num_conditions:2
condition:1, metric:[0.44388035 0.         0.        ]
condition:2, metric:[0.63040459 0.         0.        ]
condition batch eval, img shape:(150, 299, 299), sx:2, sy:4, sz:4, num_conditions:2
condition:3, metric:[0.49892519 0.         0.        ]
condition:4, metric:[0.38484994 0.         0.        ]
condition batch eval, img shape:(150, 299, 299), sx:2, sy:4, sz:4, num_conditions:2
condition:5, metric:[0.79979955 0.         0.        ]
condition:6, metric:[0.89735053 0.         0.        ]
condition batch eval, img shape:(150, 299, 299), sx:2, sy:4, sz:4, num_conditions:2
condition:7, metric:[0.36016375 0.         0.        ]
condition:8, metric:[0.7943612 0.        0.       ]
condition batch eval, img shape:(150, 299, 299), sx:2, sy:4, sz:4, num_conditions:2
condition:9, metric:[0.82595539 0.         0.        ]
condition:10, metric:[0.69642479 0.         0.        ]
condition batch eval, img shape:(150, 299, 299), sx:2, sy:4, sz:4, num_conditions:2
condition:11, metric:[0.42098467 0.         0.        ]
condition:12, metric:[0.66537154 0.         0.        ]
condition batch eval, img shape:(150, 299, 299), sx:2, sy:4, sz:4, num_conditions:1
condition:13, metric:[0.63536585 0.         0.        ]
Validation end
avg metric shape: (13, 3)
iteration 39200 : model2_dice_score : 0.576725 model2_hd95 : 0.000000
save model to ../model/BTCV_5_C3PS_cond_mode_film_began_semi2000_con4000_SGD_SGD/unet_3D_old/model_iter_39200.pth
save model2 to ../model/BTCV_5_C3PS_cond_mode_film_began_semi2000_con4000_SGD_SGD/unet_3D_old/model2_iter_39200.pth
iteration 39220 :model1 loss : 0.133470model2 loss : 0.075213pseudo_supervision1 : 0.000000pseudo_supervision2 : 0.501000
iteration 39240 :model1 loss : 0.108607model2 loss : 0.066710pseudo_supervision1 : 0.000000pseudo_supervision2 : 0.500339
iteration 39260 :model1 loss : 0.164882model2 loss : 0.039873pseudo_supervision1 : 0.220453pseudo_supervision2 : 0.033022
iteration 39280 :model1 loss : 0.124931model2 loss : 0.017277pseudo_supervision1 : 0.149286pseudo_supervision2 : 0.012332
iteration 39300 :model1 loss : 0.154653model2 loss : 0.041644pseudo_supervision1 : 0.329218pseudo_supervision2 : 0.026389
iteration 39320 :model1 loss : 0.159312model2 loss : 0.031658pseudo_supervision1 : 0.396650pseudo_supervision2 : 0.018783
iteration 39340 :model1 loss : 0.135591model2 loss : 0.064490pseudo_supervision1 : 0.194606pseudo_supervision2 : 0.032991
iteration 39360 :model1 loss : 0.490683model2 loss : 0.098782pseudo_supervision1 : 0.358847pseudo_supervision2 : 0.029571
iteration 39380 :model1 loss : 0.124318model2 loss : 0.027216pseudo_supervision1 : 0.116743pseudo_supervision2 : 0.030697
iteration 39400 :model1 loss : 0.284064model2 loss : 0.057744pseudo_supervision1 : 1.366967pseudo_supervision2 : 0.244297
save model to ../model/BTCV_5_C3PS_cond_mode_film_began_semi2000_con4000_SGD_SGD/unet_3D_old/model_iter_39400.pth
save model2 to ../model/BTCV_5_C3PS_cond_mode_film_began_semi2000_con4000_SGD_SGD/unet_3D_old/model2_iter_39400.pth
iteration 39420 :model1 loss : 0.168035model2 loss : 0.050769pseudo_supervision1 : 0.518584pseudo_supervision2 : 0.032297
iteration 39440 :model1 loss : 0.169326model2 loss : 0.212886pseudo_supervision1 : 0.353246pseudo_supervision2 : 0.006076
iteration 39460 :model1 loss : 0.137554model2 loss : 0.023214pseudo_supervision1 : 0.000000pseudo_supervision2 : 0.028026
iteration 39480 :model1 loss : 0.149829model2 loss : 0.013794pseudo_supervision1 : 0.380480pseudo_supervision2 : 0.031069
iteration 39500 :model1 loss : 0.116590model2 loss : 0.074032pseudo_supervision1 : 0.000000pseudo_supervision2 : 0.500083
iteration 39520 :model1 loss : 0.171114model2 loss : 0.054367pseudo_supervision1 : 0.179043pseudo_supervision2 : 0.021492
iteration 39540 :model1 loss : 0.143423model2 loss : 0.104209pseudo_supervision1 : 0.164153pseudo_supervision2 : 0.279915
iteration 39560 :model1 loss : 0.167910model2 loss : 0.049604pseudo_supervision1 : 0.428760pseudo_supervision2 : 0.130347
iteration 39580 :model1 loss : 0.204722model2 loss : 0.097495pseudo_supervision1 : 0.082831pseudo_supervision2 : 0.026125
iteration 39600 :model1 loss : 0.464748model2 loss : 0.043781pseudo_supervision1 : 0.660181pseudo_supervision2 : 0.008365
began evaluation!
iteration 39600: validation sampled 4/12 cases
Total test images: 4
Validation begin
Validation end
avg metric shape: (13, 3)
iteration 39600 : model_dice_score : 0.467710 model_hd95 : 2.884615
began evaluation!
Total test images: 4
Validation begin
===>test image:/projects/weilab/liupeng/dataset/ssl_seg/BTCV/Training_resampled_1.5_1.5_2.0_npy_zscore/img/img0003.npy
condition batch eval, img shape:(297, 307, 307), sx:5, sy:4, sz:4, num_conditions:2
condition:1, metric:[0.32625145 0.         0.        ]
condition:2, metric:[0.89527004 0.         0.        ]
condition batch eval, img shape:(297, 307, 307), sx:5, sy:4, sz:4, num_conditions:2
condition:3, metric:[0.77451388 0.         0.        ]
condition:4, metric:[0.45724814 0.         0.        ]
condition batch eval, img shape:(297, 307, 307), sx:5, sy:4, sz:4, num_conditions:2
condition:5, metric:[0.28652304 0.         0.        ]
condition:6, metric:[0.88447367 0.         0.        ]
condition batch eval, img shape:(297, 307, 307), sx:5, sy:4, sz:4, num_conditions:2
condition:7, metric:[0.28522238 0.         0.        ]
[1;34mwandb[0m: 
[1;34mwandb[0m: 🚀 View run [33mBTCV_C3PS_labeled5_SGD_SGD_cond_mode_film_began_semi2000_con4000[0m at: [34mhttps://wandb.ai/luckiepeng/semi-supervised-segmentation/runs/itkxmom2[0m
[1;34mwandb[0m: Find logs at: [1;35mwandb/run-20260316_121022-itkxmom2/logs[0m
Discord command not found, skipping notification
