==========================================================
Starting on g007
Time is Tue Mar 24 09:24:46 PM EDT 2026
SLURM_JOB_ID: 2204199
Node type: GPU
Running command: python train_semi-supervised.py --config configs/train_config_3d_cond_baseline_cellmap.yaml
==========================================================
Python path: /projects/weilab/liupeng/conda/envs/ssl_seg/bin/python
Micromamba environment: ssl_seg
JUST_RUNTIME_DIR set to: /home/liupen/.just_runtime
{'exp': 'cond_baseline_cellmap_highres', 'method': 'CondBaseline', 'train_3D': True, 'backbone': 'unet_3D_old', 'backbone2': 'unet_3D_condtion_decoder', 'dataset_name': 'CellMap', 'gpu': '0', 'continue_wandb': False, 'continue_training': False, 'wandb_id': '', 'model_checkpoint': '', 'model2_checkpoint': '', 'current_iter_num': 0, 'began_semi_iter': 4000, 'began_condition_iter': 8000, 'began_eval_iter': 2000, 'val_freq': 400, 'val_sample_num': 4, 'condition_eval_batch_size': 2, 'save_checkpoint_freq': 400, 'max_iterations': 30000, 'iters_per_epoch': 100, 'num_epochs': 300, 'use_CAC': True, 'use_PL': False, 'deterministic': 1, 'initial_lr': 0.01, 'initial2_lr': 0.01, 'optimizer_type': 'SGD', 'optimizer2_type': 'SGD', 'model1_thresh': 0.9, 'model2_thresh': 0.95, 'seed': 1337, 'ema_decay': 0.99, 'consistency_type': 'mse', 'consistency': 0.1, 'consistency_rampup': 200.0, 'weight_decay': 1e-05, 'lr_scheduler_patience': 30, 'lr_scheduler_eps': 0.001, 'show_img_freq': 1000, 'train_log_interval': 20, 'dataloader_num_workers': 8, 'dataloader_prefetch_factor': 2, 'dataloader_persistent_workers': True, 'dataloader_pin_memory': True, 'sam': {'use_sam_refinement': False, 'sam_backend': 'medsam', 'sam_checkpoint': './pretrained/medsam_vit_b.pth', 'sam_model_type': 'vit_b', 'auto_download': True, 'download_url': 'https://drive.google.com/uc?id=1ARiB5RkSsWmAB_8mqWnwkjHVy46vzkhR', 'sam_refine_interval': 20, 'use_multiplanar': True, 'use_propagation': False, 'min_component_area': 100, 'bbox_expand_ratio': 0.05, 'max_expansion_ratio': 1.5, 'feature_layer': '', 'visualize_refine': True, 'visualize_interval': 20, 'visualize_case_index': 0, 'visualize_slice_strategy': 'max_change', 'save_compare_npz': True, 'confidence_alpha': 0.5, 'confidence_temperature': 1.0, 'spatial_smooth_sigma': 2.0, 'use_fn_recovery': False, 'fn_recovery_start_epoch': 50, 'fn_recovery_interval': 100, 'fn_iou_threshold': 0.1, 'fn_similarity_threshold': 0.7, 'fn_consistency_slices': 3, 'prototype_update_interval': 5, 'sam_points_per_side': 32, 'sam_pred_iou_thresh': 0.86}, 'METHOD': {'CondBaseline': {'stride': 2, 'iou_bound_low': 0.1, 'iou_bound_high': 0.9, 'con_list': [1, 2, 3, 4, 5, 6, 7, 8, 9, 10, 11, 12, 13, 14, 15, 16, 17, 18, 19, 20, 21, 22, 23, 24, 25, 26, 27, 28, 29, 30, 31], 'addition_con_list': [], 'condition_group_mode': 'random', 'max_group_size': 3, 'con_groups': [1, 2, 3, 4, 5, 6, 7, 8, 9, 10, 11, 12, 13, 14, 15, 16, 17, 18, 19, 20, 21, 22, 23, 24, 25, 26, 27, 28, 29, 30, 31], 'condition_mode': 'film', 'embed_dim': 8, 'cond_dim': 32}}, 'DATASET': {'shuffle_train_list_like_magicnet': False, 'labeled_num': 202, 'labeled_num_pl': 17, 'labeled_bs': 2, 'batch_size': 2, 'patch_size': [160, 160, 160], 'cutout': False, 'rotate_trans': True, 'scale_trans': True, 'random_rotflip': False, 'edge_prob': 0.1, 'normalization': 'Zscore', 'CellMap': {'num_classes': 32, 'class_name_list': ['ecs', 'pm', 'cyto', 'mito_mem', 'mito_lum', 'mito_ribo', 'golgi_mem', 'golgi_lum', 'ves_mem', 'ves_lum', 'endo_mem', 'endo_lum', 'lyso_mem', 'lyso_lum', 'ld_mem', 'ld_lum', 'er_mem', 'er_lum', 'eres_mem', 'eres_lum', 'ne_mem', 'ne_lum', 'np_out', 'np_in', 'hchrom', 'echrom', 'nucpl', 'mt_out', 'mt_in', 'perox_mem', 'perox_lum'], 'weights': [1, 1, 1, 1, 1, 1, 1, 1, 1, 1, 1, 1, 1, 1, 1, 1, 1, 1, 1, 1, 1, 1, 1, 1, 1, 1, 1, 1, 1, 1, 1], 'train_list': '/projects/weilab/liupeng/projects/frameworks/nnUNet/DATASET/nnUNet_preprocessed/Dataset200_Dataset101_CellMap_model_high_res/nnUNetPlans_3d_lowres_large_patch/train_all.txt', 'train_list_pl': '/projects/weilab/liupeng/projects/frameworks/nnUNet/DATASET/nnUNet_preprocessed/Dataset200_Dataset101_CellMap_model_high_res/nnUNetPlans_3d_lowres_large_patch_test/test.txt', 'test_list': '/projects/weilab/liupeng/projects/frameworks/nnUNet/DATASET/nnUNet_preprocessed/Dataset200_Dataset101_CellMap_model_high_res/nnUNetPlans_3d_lowres_large_patch_test/test.txt', 'training_data_num': 202, 'testing_data_num': 17, 'cut_upper': 275, 'cut_lower': -125}}, 'model': {'name': 'Semi3DUNet', 'in_channels': 1, 'out_channels': 32, 'layer_order': 'gcr', 'f_maps': 16, 'num_levels': 5, 'num_groups': 8, 'final_sigmoid': False, 'is_segmentation': True}}
Using class DATASETSEMI **********
total img:202
lower:-125,upper:275
do affine:True, do cutout:False
condition list:[1, 2, 3, 4, 5, 6, 7, 8, 9, 10, 11, 12, 13, 14, 15, 16, 17, 18, 19, 20, 21, 22, 23, 24, 25, 26, 27, 28, 29, 30, 31]
Using class DATASETSEMI **********
CondBaseline: max epochs:300, max iterations:30000
================> Training CondBaseline (fully-supervised conditional net) <===============
iteration 1 : loss : 0.650350  loss_ce : 0.852145  loss_dice : 0.448555
iteration 20 : loss : 0.563611  loss_ce : 0.762901  loss_dice : 0.364321
began evaluation!
iteration 20: validation sampled 4/17 cases
Total test images: 4
Validation begin
===>test image:/projects/weilab/liupeng/projects/frameworks/nnUNet/DATASET/nnUNet_preprocessed/Dataset200_Dataset101_CellMap_model_high_res/nnUNetPlans_3d_lowres_large_patch_test/jrc_mus-liver-zon-1_crop268.npy
condition batch eval, img shape:(400, 400, 400), sx:5, sy:5, sz:5, num_conditions:2
condition:1, metric:[  0. 150. 150.]
condition:2, metric:[  0. 150. 150.]
condition batch eval, img shape:(400, 400, 400), sx:5, sy:5, sz:5, num_conditions:2
condition:3, metric:[0.22111943 0.         0.        ]
condition:4, metric:[0.03979649 0.         0.        ]
condition batch eval, img shape:(400, 400, 400), sx:5, sy:5, sz:5, num_conditions:2
condition:5, metric:[0.04713681 0.         0.        ]
condition:6, metric:[0.00041541 0.         0.        ]
condition batch eval, img shape:(400, 400, 400), sx:5, sy:5, sz:5, num_conditions:2
condition:7, metric:[  0. 150. 150.]
condition:8, metric:[  0. 150. 150.]
condition batch eval, img shape:(400, 400, 400), sx:5, sy:5, sz:5, num_conditions:2
condition:9, metric:[0.00039673 0.         0.        ]
condition:10, metric:[0.00023675 0.         0.        ]
condition batch eval, img shape:(400, 400, 400), sx:5, sy:5, sz:5, num_conditions:2
condition:11, metric:[0.00048978 0.         0.        ]
condition:12, metric:[0.00025218 0.         0.        ]
condition batch eval, img shape:(400, 400, 400), sx:5, sy:5, sz:5, num_conditions:2
condition:13, metric:[  0. 150. 150.]
condition:14, metric:[  0. 150. 150.]
condition batch eval, img shape:(400, 400, 400), sx:5, sy:5, sz:5, num_conditions:2
condition:15, metric:[  0. 150. 150.]
condition:16, metric:[  0. 150. 150.]
condition batch eval, img shape:(400, 400, 400), sx:5, sy:5, sz:5, num_conditions:2
condition:17, metric:[0.05374376 0.         0.        ]
condition:18, metric:[0.05043751 0.         0.        ]
condition batch eval, img shape:(400, 400, 400), sx:5, sy:5, sz:5, num_conditions:2
condition:19, metric:[  0. 150. 150.]
condition:20, metric:[  0. 150. 150.]
condition batch eval, img shape:(400, 400, 400), sx:5, sy:5, sz:5, num_conditions:2
condition:21, metric:[  0. 150. 150.]
condition:22, metric:[  0. 150. 150.]
condition batch eval, img shape:(400, 400, 400), sx:5, sy:5, sz:5, num_conditions:2
condition:23, metric:[  0. 150. 150.]
condition:24, metric:[  0. 150. 150.]
condition batch eval, img shape:(400, 400, 400), sx:5, sy:5, sz:5, num_conditions:2
condition:25, metric:[  0. 150. 150.]
condition:26, metric:[  0. 150. 150.]
condition batch eval, img shape:(400, 400, 400), sx:5, sy:5, sz:5, num_conditions:2
condition:27, metric:[  0. 150. 150.]
condition:28, metric:[  0. 150. 150.]
condition batch eval, img shape:(400, 400, 400), sx:5, sy:5, sz:5, num_conditions:2
condition:29, metric:[  0. 150. 150.]
condition:30, metric:[0.00215715 0.         0.        ]
condition batch eval, img shape:(400, 400, 400), sx:5, sy:5, sz:5, num_conditions:1
condition:31, metric:[0.00322185 0.         0.        ]
===>test image:/projects/weilab/liupeng/projects/frameworks/nnUNet/DATASET/nnUNet_preprocessed/Dataset200_Dataset101_CellMap_model_high_res/nnUNetPlans_3d_lowres_large_patch_test/jrc_hela-2_crop15.npy
condition batch eval, img shape:(160, 160, 160), sx:1, sy:1, sz:1, num_conditions:2
condition:1, metric:[  0. 150. 150.]
condition:2, metric:[  0. 150. 150.]
condition batch eval, img shape:(160, 160, 160), sx:1, sy:1, sz:1, num_conditions:2
condition:3, metric:[0.45071425 0.         0.        ]
condition:4, metric:[  0. 150. 150.]
condition batch eval, img shape:(160, 160, 160), sx:1, sy:1, sz:1, num_conditions:2
condition:5, metric:[  0. 150. 150.]
condition:6, metric:[  0. 150. 150.]
condition batch eval, img shape:(160, 160, 160), sx:1, sy:1, sz:1, num_conditions:2
condition:7, metric:[  0. 150. 150.]
condition:8, metric:[  0. 150. 150.]
condition batch eval, img shape:(160, 160, 160), sx:1, sy:1, sz:1, num_conditions:2
condition:9, metric:[0.00111816 0.         0.        ]
condition:10, metric:[0.00032174 0.         0.        ]
condition batch eval, img shape:(160, 160, 160), sx:1, sy:1, sz:1, num_conditions:2
condition:11, metric:[0.00011347 0.         0.        ]
condition:12, metric:[0. 0. 0.]
condition batch eval, img shape:(160, 160, 160), sx:1, sy:1, sz:1, num_conditions:2
condition:13, metric:[  0. 150. 150.]
condition:14, metric:[  0. 150. 150.]
condition batch eval, img shape:(160, 160, 160), sx:1, sy:1, sz:1, num_conditions:2
condition:15, metric:[  0. 150. 150.]
condition:16, metric:[  0. 150. 150.]
condition batch eval, img shape:(160, 160, 160), sx:1, sy:1, sz:1, num_conditions:2
condition:17, metric:[0.05314623 0.         0.        ]
condition:18, metric:[0.08796798 0.         0.        ]
condition batch eval, img shape:(160, 160, 160), sx:1, sy:1, sz:1, num_conditions:2
condition:19, metric:[0.02723963 0.         0.        ]
condition:20, metric:[0.02635993 0.         0.        ]
condition batch eval, img shape:(160, 160, 160), sx:1, sy:1, sz:1, num_conditions:2
condition:21, metric:[  0. 150. 150.]
condition:22, metric:[  0. 150. 150.]
condition batch eval, img shape:(160, 160, 160), sx:1, sy:1, sz:1, num_conditions:2
condition:23, metric:[  0. 150. 150.]
condition:24, metric:[  0. 150. 150.]
condition batch eval, img shape:(160, 160, 160), sx:1, sy:1, sz:1, num_conditions:2
condition:25, metric:[  0. 150. 150.]
condition:26, metric:[  0. 150. 150.]
condition batch eval, img shape:(160, 160, 160), sx:1, sy:1, sz:1, num_conditions:2
condition:27, metric:[  0. 150. 150.]
condition:28, metric:[0.02257264 0.         0.        ]
condition batch eval, img shape:(160, 160, 160), sx:1, sy:1, sz:1, num_conditions:2
condition:29, metric:[0.01291061 0.         0.        ]
condition:30, metric:[  0. 150. 150.]
condition batch eval, img shape:(160, 160, 160), sx:1, sy:1, sz:1, num_conditions:1
condition:31, metric:[  0. 150. 150.]
===>test image:/projects/weilab/liupeng/projects/frameworks/nnUNet/DATASET/nnUNet_preprocessed/Dataset200_Dataset101_CellMap_model_high_res/nnUNetPlans_3d_lowres_large_patch_test/jrc_mus-liver-zon-2_crop342.npy
condition batch eval, img shape:(400, 400, 400), sx:5, sy:5, sz:5, num_conditions:2
condition:1, metric:[0.14120018 0.         0.        ]
condition:2, metric:[0.03157206 0.         0.        ]
condition batch eval, img shape:(400, 400, 400), sx:5, sy:5, sz:5, num_conditions:2
condition:3, metric:[0.04606781 0.         0.        ]
condition:4, metric:[0.02124517 0.         0.        ]
condition batch eval, img shape:(400, 400, 400), sx:5, sy:5, sz:5, num_conditions:2
condition:5, metric:[0.00590071 0.         0.        ]
condition:6, metric:[2.02622505e-05 0.00000000e+00 0.00000000e+00]
condition batch eval, img shape:(400, 400, 400), sx:5, sy:5, sz:5, num_conditions:2
condition:7, metric:[  0. 150. 150.]
condition:8, metric:[  0. 150. 150.]
condition batch eval, img shape:(400, 400, 400), sx:5, sy:5, sz:5, num_conditions:2
condition:9, metric:[0.00056653 0.         0.        ]
condition:10, metric:[0.00033418 0.         0.        ]
condition batch eval, img shape:(400, 400, 400), sx:5, sy:5, sz:5, num_conditions:2
condition:11, metric:[0.00713408 0.         0.        ]
condition:12, metric:[0.00486535 0.         0.        ]
condition batch eval, img shape:(400, 400, 400), sx:5, sy:5, sz:5, num_conditions:2
condition:13, metric:[  0. 150. 150.]
condition:14, metric:[  0. 150. 150.]
condition batch eval, img shape:(400, 400, 400), sx:5, sy:5, sz:5, num_conditions:2
condition:15, metric:[  0. 150. 150.]
condition:16, metric:[  0. 150. 150.]
condition batch eval, img shape:(400, 400, 400), sx:5, sy:5, sz:5, num_conditions:2
condition:17, metric:[0.04420354 0.         0.        ]
condition:18, metric:[0.03305517 0.         0.        ]
condition batch eval, img shape:(400, 400, 400), sx:5, sy:5, sz:5, num_conditions:2
condition:19, metric:[  0. 150. 150.]
condition:20, metric:[  0. 150. 150.]
condition batch eval, img shape:(400, 400, 400), sx:5, sy:5, sz:5, num_conditions:2
condition:21, metric:[0.04986306 0.         0.        ]
condition:22, metric:[0.0347843 0.        0.       ]
condition batch eval, img shape:(400, 400, 400), sx:5, sy:5, sz:5, num_conditions:2
condition:23, metric:[0.00278211 0.         0.        ]
condition:24, metric:[0.00099384 0.         0.        ]
condition batch eval, img shape:(400, 400, 400), sx:5, sy:5, sz:5, num_conditions:2
condition:25, metric:[0.00649309 0.         0.        ]
condition:26, metric:[2.87931269e-05 0.00000000e+00 0.00000000e+00]
condition batch eval, img shape:(400, 400, 400), sx:5, sy:5, sz:5, num_conditions:2
condition:27, metric:[0.15173991 0.         0.        ]
condition:28, metric:[  0. 150. 150.]
condition batch eval, img shape:(400, 400, 400), sx:5, sy:5, sz:5, num_conditions:2
condition:29, metric:[  0. 150. 150.]
condition:30, metric:[  0. 150. 150.]
condition batch eval, img shape:(400, 400, 400), sx:5, sy:5, sz:5, num_conditions:1
condition:31, metric:[  0. 150. 150.]
===>test image:/projects/weilab/liupeng/projects/frameworks/nnUNet/DATASET/nnUNet_preprocessed/Dataset200_Dataset101_CellMap_model_high_res/nnUNetPlans_3d_lowres_large_patch_test/jrc_mus-liver_crop125.npy
condition batch eval, img shape:(400, 400, 400), sx:5, sy:5, sz:5, num_conditions:2
condition:1, metric:[0.13944207 0.         0.        ]
condition:2, metric:[0.02619615 0.         0.        ]
condition batch eval, img shape:(400, 400, 400), sx:5, sy:5, sz:5, num_conditions:2
condition:3, metric:[0.04591002 0.         0.        ]
condition:4, metric:[0.00112772 0.         0.        ]
condition batch eval, img shape:(400, 400, 400), sx:5, sy:5, sz:5, num_conditions:2
condition:5, metric:[0.00148001 0.         0.        ]
condition:6, metric:[  0. 150. 150.]
condition batch eval, img shape:(400, 400, 400), sx:5, sy:5, sz:5, num_conditions:2
condition:7, metric:[  0. 150. 150.]
condition:8, metric:[  0. 150. 150.]
condition batch eval, img shape:(400, 400, 400), sx:5, sy:5, sz:5, num_conditions:2
condition:9, metric:[0.00058315 0.         0.        ]
condition:10, metric:[8.47138745e-05 0.00000000e+00 0.00000000e+00]
condition batch eval, img shape:(400, 400, 400), sx:5, sy:5, sz:5, num_conditions:2
condition:11, metric:[0.00290667 0.         0.        ]
condition:12, metric:[0.00229712 0.         0.        ]
condition batch eval, img shape:(400, 400, 400), sx:5, sy:5, sz:5, num_conditions:2
condition:13, metric:[0.00150812 0.         0.        ]
condition:14, metric:[0.03718183 0.         0.        ]
condition batch eval, img shape:(400, 400, 400), sx:5, sy:5, sz:5, num_conditions:2
condition:15, metric:[  0. 150. 150.]
condition:16, metric:[  0. 150. 150.]
condition batch eval, img shape:(400, 400, 400), sx:5, sy:5, sz:5, num_conditions:2
condition:17, metric:[0.04253292 0.         0.        ]
condition:18, metric:[0.0666919 0.        0.       ]
condition batch eval, img shape:(400, 400, 400), sx:5, sy:5, sz:5, num_conditions:2
condition:19, metric:[  0. 150. 150.]
condition:20, metric:[  0. 150. 150.]
condition batch eval, img shape:(400, 400, 400), sx:5, sy:5, sz:5, num_conditions:2
condition:21, metric:[  0. 150. 150.]
condition:22, metric:[  0. 150. 150.]
condition batch eval, img shape:(400, 400, 400), sx:5, sy:5, sz:5, num_conditions:2
condition:23, metric:[  0. 150. 150.]
condition:24, metric:[  0. 150. 150.]
condition batch eval, img shape:(400, 400, 400), sx:5, sy:5, sz:5, num_conditions:2
condition:25, metric:[  0. 150. 150.]
condition:26, metric:[  0. 150. 150.]
condition batch eval, img shape:(400, 400, 400), sx:5, sy:5, sz:5, num_conditions:2
condition:27, metric:[  0. 150. 150.]
condition:28, metric:[  0. 150. 150.]
condition batch eval, img shape:(400, 400, 400), sx:5, sy:5, sz:5, num_conditions:2
condition:29, metric:[  0. 150. 150.]
condition:30, metric:[  0. 150. 150.]
condition batch eval, img shape:(400, 400, 400), sx:5, sy:5, sz:5, num_conditions:1
condition:31, metric:[  0. 150. 150.]
Validation end
avg metric shape: (31, 3)
save model to ../model/CellMap_202_CondBaseline_cond_baseline_cellmap_highres_SGD_SGD/unet_3D_old/iter_20_dice_0.0166
iteration 20 : model2_dice_score : 0.016554 model2_hd95 : 83.467742
iteration 40 : loss : 0.489357  loss_ce : 0.575809  loss_dice : 0.402905
iteration 60 : loss : 0.696890  loss_ce : 0.923574  loss_dice : 0.470205
iteration 80 : loss : 0.537282  loss_ce : 0.669764  loss_dice : 0.404799
iteration 100 : loss : 0.515904  loss_ce : 0.696004  loss_dice : 0.335804
iteration 120 : loss : 0.461395  loss_ce : 0.566446  loss_dice : 0.356345
iteration 140 : loss : 0.457056  loss_ce : 0.528574  loss_dice : 0.385538
iteration 160 : loss : 0.517821  loss_ce : 0.664417  loss_dice : 0.371225
iteration 180 : loss : 0.510786  loss_ce : 0.532930  loss_dice : 0.488642
iteration 200 : loss : 0.359971  loss_ce : 0.490644  loss_dice : 0.229298
iteration 220 : loss : 0.111063  loss_ce : 0.184151  loss_dice : 0.037976
iteration 240 : loss : 0.363631  loss_ce : 0.520772  loss_dice : 0.206490
iteration 260 : loss : 0.363331  loss_ce : 0.305631  loss_dice : 0.421031
iteration 280 : loss : 0.434780  loss_ce : 0.601125  loss_dice : 0.268435
iteration 300 : loss : 0.395431  loss_ce : 0.546021  loss_dice : 0.244842
iteration 320 : loss : 0.329498  loss_ce : 0.206557  loss_dice : 0.452439
iteration 340 : loss : 0.748179  loss_ce : 1.056261  loss_dice : 0.440096
iteration 360 : loss : 0.280902  loss_ce : 0.390354  loss_dice : 0.171451
iteration 380 : loss : 0.188058  loss_ce : 0.262574  loss_dice : 0.113542
iteration 400 : loss : 0.204483  loss_ce : 0.294613  loss_dice : 0.114353
save model to ../model/CellMap_202_CondBaseline_cond_baseline_cellmap_highres_SGD_SGD/unet_3D_old/model2_iter_400.pth
iteration 420 : loss : 0.109438  loss_ce : 0.173407  loss_dice : 0.045469
iteration 440 : loss : 0.461169  loss_ce : 0.471665  loss_dice : 0.450672
iteration 460 : loss : 0.344268  loss_ce : 0.274353  loss_dice : 0.414182
iteration 480 : loss : 0.301935  loss_ce : 0.449089  loss_dice : 0.154782
iteration 500 : loss : 0.411674  loss_ce : 0.550072  loss_dice : 0.273276
iteration 520 : loss : 0.460003  loss_ce : 0.410183  loss_dice : 0.509823
iteration 540 : loss : 0.478992  loss_ce : 0.622059  loss_dice : 0.335925
iteration 560 : loss : 0.446958  loss_ce : 0.530159  loss_dice : 0.363758
iteration 580 : loss : 0.253423  loss_ce : 0.368013  loss_dice : 0.138832
iteration 600 : loss : 0.715940  loss_ce : 0.914910  loss_dice : 0.516971
iteration 620 : loss : 0.338791  loss_ce : 0.170217  loss_dice : 0.507364
iteration 640 : loss : 0.267553  loss_ce : 0.387086  loss_dice : 0.148021
iteration 660 : loss : 0.138768  loss_ce : 0.216290  loss_dice : 0.061246
iteration 680 : loss : 0.069642  loss_ce : 0.118960  loss_dice : 0.020325
iteration 700 : loss : 0.332128  loss_ce : 0.446501  loss_dice : 0.217754
iteration 720 : loss : 0.347372  loss_ce : 0.473853  loss_dice : 0.220891
iteration 740 : loss : 0.381859  loss_ce : 0.461685  loss_dice : 0.302033
iteration 760 : loss : 0.152021  loss_ce : 0.241364  loss_dice : 0.062678
iteration 780 : loss : 0.288624  loss_ce : 0.219976  loss_dice : 0.357272
iteration 800 : loss : 0.267910  loss_ce : 0.329218  loss_dice : 0.206601
save model to ../model/CellMap_202_CondBaseline_cond_baseline_cellmap_highres_SGD_SGD/unet_3D_old/model2_iter_800.pth
iteration 820 : loss : 0.421589  loss_ce : 0.549238  loss_dice : 0.293940
iteration 840 : loss : 0.395964  loss_ce : 0.501415  loss_dice : 0.290512
iteration 860 : loss : 0.432027  loss_ce : 0.586715  loss_dice : 0.277339
iteration 880 : loss : 0.256449  loss_ce : 0.378687  loss_dice : 0.134211
iteration 900 : loss : 0.080976  loss_ce : 0.138223  loss_dice : 0.023728
iteration 920 : loss : 0.143983  loss_ce : 0.228149  loss_dice : 0.059817
iteration 940 : loss : 0.444905  loss_ce : 0.436101  loss_dice : 0.453709
iteration 960 : loss : 0.134557  loss_ce : 0.216855  loss_dice : 0.052259
iteration 980 : loss : 0.304026  loss_ce : 0.314076  loss_dice : 0.293976
iteration 1000 : loss : 0.371344  loss_ce : 0.343937  loss_dice : 0.398751
iteration 1020 : loss : 0.194688  loss_ce : 0.210360  loss_dice : 0.179015
iteration 1040 : loss : 0.377885  loss_ce : 0.498580  loss_dice : 0.257190
iteration 1060 : loss : 0.472310  loss_ce : 0.633358  loss_dice : 0.311263
iteration 1080 : loss : 0.314723  loss_ce : 0.197482  loss_dice : 0.431963
iteration 1100 : loss : 0.323117  loss_ce : 0.390085  loss_dice : 0.256150
iteration 1120 : loss : 0.610695  loss_ce : 0.819183  loss_dice : 0.402207
iteration 1140 : loss : 0.370739  loss_ce : 0.436942  loss_dice : 0.304536
iteration 1160 : loss : 0.375367  loss_ce : 0.507644  loss_dice : 0.243091
iteration 1180 : loss : 0.411055  loss_ce : 0.332646  loss_dice : 0.489465
iteration 1200 : loss : 0.345749  loss_ce : 0.183013  loss_dice : 0.508485
save model to ../model/CellMap_202_CondBaseline_cond_baseline_cellmap_highres_SGD_SGD/unet_3D_old/model2_iter_1200.pth
iteration 1220 : loss : 0.302656  loss_ce : 0.404932  loss_dice : 0.200380
iteration 1240 : loss : 0.376717  loss_ce : 0.303249  loss_dice : 0.450185
iteration 1260 : loss : 0.460774  loss_ce : 0.626658  loss_dice : 0.294890
iteration 1280 : loss : 0.212542  loss_ce : 0.261184  loss_dice : 0.163900
iteration 1300 : loss : 0.249082  loss_ce : 0.358646  loss_dice : 0.139518
iteration 1320 : loss : 0.332157  loss_ce : 0.468281  loss_dice : 0.196034
iteration 1340 : loss : 0.338332  loss_ce : 0.491197  loss_dice : 0.185468
iteration 1360 : loss : 0.160769  loss_ce : 0.227852  loss_dice : 0.093687
iteration 1380 : loss : 0.282440  loss_ce : 0.231322  loss_dice : 0.333558
iteration 1400 : loss : 0.191290  loss_ce : 0.275840  loss_dice : 0.106741
iteration 1420 : loss : 0.389467  loss_ce : 0.413661  loss_dice : 0.365273
iteration 1440 : loss : 0.504232  loss_ce : 0.693163  loss_dice : 0.315302
iteration 1460 : loss : 0.378149  loss_ce : 0.291673  loss_dice : 0.464625
iteration 1480 : loss : 0.345466  loss_ce : 0.431648  loss_dice : 0.259284
iteration 1500 : loss : 0.054125  loss_ce : 0.090047  loss_dice : 0.018203
iteration 1520 : loss : 0.424195  loss_ce : 0.363903  loss_dice : 0.484487
iteration 1540 : loss : 0.416613  loss_ce : 0.369972  loss_dice : 0.463254
iteration 1560 : loss : 0.296456  loss_ce : 0.132070  loss_dice : 0.460842
iteration 1580 : loss : 0.285450  loss_ce : 0.368969  loss_dice : 0.201930
iteration 1600 : loss : 0.143138  loss_ce : 0.225967  loss_dice : 0.060309
save model to ../model/CellMap_202_CondBaseline_cond_baseline_cellmap_highres_SGD_SGD/unet_3D_old/model2_iter_1600.pth
iteration 1620 : loss : 0.461006  loss_ce : 0.500662  loss_dice : 0.421350
iteration 1640 : loss : 0.438246  loss_ce : 0.581698  loss_dice : 0.294795
iteration 1660 : loss : 0.301351  loss_ce : 0.100046  loss_dice : 0.502657
iteration 1680 : loss : 0.224192  loss_ce : 0.264726  loss_dice : 0.183658
iteration 1700 : loss : 0.096827  loss_ce : 0.152989  loss_dice : 0.040666
iteration 1720 : loss : 0.286074  loss_ce : 0.393609  loss_dice : 0.178539
iteration 1740 : loss : 0.156280  loss_ce : 0.239116  loss_dice : 0.073445
iteration 1760 : loss : 0.176207  loss_ce : 0.267310  loss_dice : 0.085103
iteration 1780 : loss : 0.576740  loss_ce : 0.809133  loss_dice : 0.344348
iteration 1800 : loss : 0.099377  loss_ce : 0.164408  loss_dice : 0.034345
iteration 1820 : loss : 0.391335  loss_ce : 0.553180  loss_dice : 0.229489
iteration 1840 : loss : 0.078810  loss_ce : 0.132210  loss_dice : 0.025411
iteration 1860 : loss : 0.688285  loss_ce : 0.870811  loss_dice : 0.505759
iteration 1880 : loss : 0.153997  loss_ce : 0.239819  loss_dice : 0.068175
iteration 1900 : loss : 0.324252  loss_ce : 0.364707  loss_dice : 0.283797
iteration 1920 : loss : 0.368933  loss_ce : 0.502728  loss_dice : 0.235138
iteration 1940 : loss : 0.238578  loss_ce : 0.320755  loss_dice : 0.156401
iteration 1960 : loss : 0.302754  loss_ce : 0.396014  loss_dice : 0.209494
iteration 1980 : loss : 0.221827  loss_ce : 0.347035  loss_dice : 0.096618
iteration 2000 : loss : 0.586558  loss_ce : 0.754638  loss_dice : 0.418478
save model to ../model/CellMap_202_CondBaseline_cond_baseline_cellmap_highres_SGD_SGD/unet_3D_old/model2_iter_2000.pth
iteration 2020 : loss : 0.221530  loss_ce : 0.329497  loss_dice : 0.113563
iteration 2040 : loss : 0.275933  loss_ce : 0.207482  loss_dice : 0.344384
iteration 2060 : loss : 0.385165  loss_ce : 0.303185  loss_dice : 0.467146
iteration 2080 : loss : 0.220455  loss_ce : 0.257569  loss_dice : 0.183340
iteration 2100 : loss : 0.558442  loss_ce : 0.732873  loss_dice : 0.384011
iteration 2120 : loss : 0.311010  loss_ce : 0.147087  loss_dice : 0.474933
iteration 2140 : loss : 0.425019  loss_ce : 0.573859  loss_dice : 0.276180
iteration 2160 : loss : 0.051976  loss_ce : 0.092047  loss_dice : 0.011904
iteration 2180 : loss : 0.306902  loss_ce : 0.391483  loss_dice : 0.222321
iteration 2200 : loss : 0.159417  loss_ce : 0.239584  loss_dice : 0.079249
iteration 2220 : loss : 0.147437  loss_ce : 0.211370  loss_dice : 0.083504
iteration 2240 : loss : 0.141071  loss_ce : 0.217729  loss_dice : 0.064413
iteration 2260 : loss : 0.385207  loss_ce : 0.530518  loss_dice : 0.239895
iteration 2280 : loss : 0.228630  loss_ce : 0.322950  loss_dice : 0.134311
iteration 2300 : loss : 0.334008  loss_ce : 0.244842  loss_dice : 0.423173
iteration 2320 : loss : 0.236485  loss_ce : 0.315202  loss_dice : 0.157767
iteration 2340 : loss : 0.413697  loss_ce : 0.578331  loss_dice : 0.249063
iteration 2360 : loss : 0.421402  loss_ce : 0.584682  loss_dice : 0.258122
iteration 2380 : loss : 0.083639  loss_ce : 0.138561  loss_dice : 0.028717
iteration 2400 : loss : 0.470971  loss_ce : 0.626707  loss_dice : 0.315235
began evaluation!
iteration 2400: validation sampled 4/17 cases
Total test images: 4
Validation begin
===>test image:/projects/weilab/liupeng/projects/frameworks/nnUNet/DATASET/nnUNet_preprocessed/Dataset200_Dataset101_CellMap_model_high_res/nnUNetPlans_3d_lowres_large_patch_test/jrc_mus-liver-zon-1_crop266.npy
condition batch eval, img shape:(400, 400, 400), sx:5, sy:5, sz:5, num_conditions:2
condition:1, metric:[  0. 150. 150.]
condition:2, metric:[  0. 150. 150.]
condition batch eval, img shape:(400, 400, 400), sx:5, sy:5, sz:5, num_conditions:2
condition:3, metric:[0.3247575 0.        0.       ]
condition:4, metric:[  0. 150. 150.]
condition batch eval, img shape:(400, 400, 400), sx:5, sy:5, sz:5, num_conditions:2
condition:5, metric:[  0. 150. 150.]
condition:6, metric:[  0. 150. 150.]
condition batch eval, img shape:(400, 400, 400), sx:5, sy:5, sz:5, num_conditions:2
condition:7, metric:[  0. 150. 150.]
condition:8, metric:[  0. 150. 150.]
condition batch eval, img shape:(400, 400, 400), sx:5, sy:5, sz:5, num_conditions:2
condition:9, metric:[  0. 150. 150.]
condition:10, metric:[  0. 150. 150.]
condition batch eval, img shape:(400, 400, 400), sx:5, sy:5, sz:5, num_conditions:2
condition:11, metric:[  0. 150. 150.]
condition:12, metric:[  0. 150. 150.]
condition batch eval, img shape:(400, 400, 400), sx:5, sy:5, sz:5, num_conditions:2
condition:13, metric:[  0. 150. 150.]
condition:14, metric:[  0. 150. 150.]
condition batch eval, img shape:(400, 400, 400), sx:5, sy:5, sz:5, num_conditions:2
condition:15, metric:[  0. 150. 150.]
condition:16, metric:[  0. 150. 150.]
condition batch eval, img shape:(400, 400, 400), sx:5, sy:5, sz:5, num_conditions:2
condition:17, metric:[  0. 150. 150.]
condition:18, metric:[  0. 150. 150.]
condition batch eval, img shape:(400, 400, 400), sx:5, sy:5, sz:5, num_conditions:2
condition:19, metric:[  0. 150. 150.]
condition:20, metric:[  0. 150. 150.]
condition batch eval, img shape:(400, 400, 400), sx:5, sy:5, sz:5, num_conditions:2
condition:21, metric:[  0. 150. 150.]
condition:22, metric:[  0. 150. 150.]
condition batch eval, img shape:(400, 400, 400), sx:5, sy:5, sz:5, num_conditions:2
condition:23, metric:[  0. 150. 150.]
condition:24, metric:[  0. 150. 150.]
condition batch eval, img shape:(400, 400, 400), sx:5, sy:5, sz:5, num_conditions:2
condition:25, metric:[  0. 150. 150.]
condition:26, metric:[  0. 150. 150.]
condition batch eval, img shape:(400, 400, 400), sx:5, sy:5, sz:5, num_conditions:2
condition:27, metric:[0.4615619 0.        0.       ]
condition:28, metric:[  0. 150. 150.]
condition batch eval, img shape:(400, 400, 400), sx:5, sy:5, sz:5, num_conditions:2
condition:29, metric:[  0. 150. 150.]
condition:30, metric:[  0. 150. 150.]
condition batch eval, img shape:(400, 400, 400), sx:5, sy:5, sz:5, num_conditions:1
condition:31, metric:[  0. 150. 150.]
===>test image:/projects/weilab/liupeng/projects/frameworks/nnUNet/DATASET/nnUNet_preprocessed/Dataset200_Dataset101_CellMap_model_high_res/nnUNetPlans_3d_lowres_large_patch_test/jrc_mus-liver-zon-2_crop342.npy
condition batch eval, img shape:(400, 400, 400), sx:5, sy:5, sz:5, num_conditions:2
condition:1, metric:[0.42685546 0.         0.        ]
condition:2, metric:[  0. 150. 150.]
condition batch eval, img shape:(400, 400, 400), sx:5, sy:5, sz:5, num_conditions:2
condition:3, metric:[0.47010553 0.         0.        ]
condition:4, metric:[  0. 150. 150.]
condition batch eval, img shape:(400, 400, 400), sx:5, sy:5, sz:5, num_conditions:2
condition:5, metric:[  0. 150. 150.]
condition:6, metric:[  0. 150. 150.]
condition batch eval, img shape:(400, 400, 400), sx:5, sy:5, sz:5, num_conditions:2
condition:7, metric:[  0. 150. 150.]
condition:8, metric:[  0. 150. 150.]
condition batch eval, img shape:(400, 400, 400), sx:5, sy:5, sz:5, num_conditions:2
condition:9, metric:[  0. 150. 150.]
condition:10, metric:[  0. 150. 150.]
condition batch eval, img shape:(400, 400, 400), sx:5, sy:5, sz:5, num_conditions:2
condition:11, metric:[  0. 150. 150.]
condition:12, metric:[  0. 150. 150.]
condition batch eval, img shape:(400, 400, 400), sx:5, sy:5, sz:5, num_conditions:2
condition:13, metric:[  0. 150. 150.]
condition:14, metric:[  0. 150. 150.]
condition batch eval, img shape:(400, 400, 400), sx:5, sy:5, sz:5, num_conditions:2
condition:15, metric:[  0. 150. 150.]
condition:16, metric:[  0. 150. 150.]
condition batch eval, img shape:(400, 400, 400), sx:5, sy:5, sz:5, num_conditions:2
condition:17, metric:[  0. 150. 150.]
condition:18, metric:[  0. 150. 150.]
condition batch eval, img shape:(400, 400, 400), sx:5, sy:5, sz:5, num_conditions:2
condition:19, metric:[  0. 150. 150.]
condition:20, metric:[  0. 150. 150.]
condition batch eval, img shape:(400, 400, 400), sx:5, sy:5, sz:5, num_conditions:2
condition:21, metric:[  0. 150. 150.]
condition:22, metric:[  0. 150. 150.]
condition batch eval, img shape:(400, 400, 400), sx:5, sy:5, sz:5, num_conditions:2
condition:23, metric:[  0. 150. 150.]
condition:24, metric:[  0. 150. 150.]
condition batch eval, img shape:(400, 400, 400), sx:5, sy:5, sz:5, num_conditions:2
condition:25, metric:[  0. 150. 150.]
condition:26, metric:[  0. 150. 150.]
condition batch eval, img shape:(400, 400, 400), sx:5, sy:5, sz:5, num_conditions:2
condition:27, metric:[0.29967767 0.         0.        ]
condition:28, metric:[  0. 150. 150.]
condition batch eval, img shape:(400, 400, 400), sx:5, sy:5, sz:5, num_conditions:2
condition:29, metric:[  0. 150. 150.]
condition:30, metric:[  0. 150. 150.]
condition batch eval, img shape:(400, 400, 400), sx:5, sy:5, sz:5, num_conditions:1
condition:31, metric:[  0. 150. 150.]
===>test image:/projects/weilab/liupeng/projects/frameworks/nnUNet/DATASET/nnUNet_preprocessed/Dataset200_Dataset101_CellMap_model_high_res/nnUNetPlans_3d_lowres_large_patch_test/jrc_ut21-1413-003_crop190.npy
condition batch eval, img shape:(400, 400, 400), sx:5, sy:5, sz:5, num_conditions:2
condition:1, metric:[0.50061101 0.         0.        ]
condition:2, metric:[  0. 150. 150.]
condition batch eval, img shape:(400, 400, 400), sx:5, sy:5, sz:5, num_conditions:2
condition:3, metric:[0.59771396 0.         0.        ]
condition:4, metric:[  0. 150. 150.]
condition batch eval, img shape:(400, 400, 400), sx:5, sy:5, sz:5, num_conditions:2
condition:5, metric:[  0. 150. 150.]
condition:6, metric:[  0. 150. 150.]
condition batch eval, img shape:(400, 400, 400), sx:5, sy:5, sz:5, num_conditions:2
condition:7, metric:[  0. 150. 150.]
condition:8, metric:[  0. 150. 150.]
condition batch eval, img shape:(400, 400, 400), sx:5, sy:5, sz:5, num_conditions:2
condition:9, metric:[  0. 150. 150.]
condition:10, metric:[  0. 150. 150.]
condition batch eval, img shape:(400, 400, 400), sx:5, sy:5, sz:5, num_conditions:2
condition:11, metric:[  0. 150. 150.]
condition:12, metric:[  0. 150. 150.]
condition batch eval, img shape:(400, 400, 400), sx:5, sy:5, sz:5, num_conditions:2
condition:13, metric:[  0. 150. 150.]
condition:14, metric:[  0. 150. 150.]
condition batch eval, img shape:(400, 400, 400), sx:5, sy:5, sz:5, num_conditions:2
condition:15, metric:[  0. 150. 150.]
condition:16, metric:[  0. 150. 150.]
condition batch eval, img shape:(400, 400, 400), sx:5, sy:5, sz:5, num_conditions:2
condition:17, metric:[  0. 150. 150.]
condition:18, metric:[  0. 150. 150.]
condition batch eval, img shape:(400, 400, 400), sx:5, sy:5, sz:5, num_conditions:2
condition:19, metric:[  0. 150. 150.]
condition:20, metric:[  0. 150. 150.]
condition batch eval, img shape:(400, 400, 400), sx:5, sy:5, sz:5, num_conditions:2
condition:21, metric:[  0. 150. 150.]
condition:22, metric:[  0. 150. 150.]
condition batch eval, img shape:(400, 400, 400), sx:5, sy:5, sz:5, num_conditions:2
condition:23, metric:[  0. 150. 150.]
condition:24, metric:[  0. 150. 150.]
condition batch eval, img shape:(400, 400, 400), sx:5, sy:5, sz:5, num_conditions:2
condition:25, metric:[  0. 150. 150.]
condition:26, metric:[  0. 150. 150.]
condition batch eval, img shape:(400, 400, 400), sx:5, sy:5, sz:5, num_conditions:2
condition:27, metric:[  0. 150. 150.]
condition:28, metric:[  0. 150. 150.]
condition batch eval, img shape:(400, 400, 400), sx:5, sy:5, sz:5, num_conditions:2
condition:29, metric:[  0. 150. 150.]
condition:30, metric:[  0. 150. 150.]
condition batch eval, img shape:(400, 400, 400), sx:5, sy:5, sz:5, num_conditions:1
condition:31, metric:[  0. 150. 150.]
===>test image:/projects/weilab/liupeng/projects/frameworks/nnUNet/DATASET/nnUNet_preprocessed/Dataset200_Dataset101_CellMap_model_high_res/nnUNetPlans_3d_lowres_large_patch_test/jrc_sum159-4_crop219.npy
condition batch eval, img shape:(400, 400, 400), sx:5, sy:5, sz:5, num_conditions:2
condition:1, metric:[0.12368386 0.         0.        ]
condition:2, metric:[  0. 150. 150.]
condition batch eval, img shape:(400, 400, 400), sx:5, sy:5, sz:5, num_conditions:2
condition:3, metric:[0.72985575 0.         0.        ]
condition:4, metric:[  0. 150. 150.]
condition batch eval, img shape:(400, 400, 400), sx:5, sy:5, sz:5, num_conditions:2
condition:5, metric:[  0. 150. 150.]
condition:6, metric:[  0. 150. 150.]
condition batch eval, img shape:(400, 400, 400), sx:5, sy:5, sz:5, num_conditions:2
condition:7, metric:[  0. 150. 150.]
condition:8, metric:[  0. 150. 150.]
condition batch eval, img shape:(400, 400, 400), sx:5, sy:5, sz:5, num_conditions:2
condition:9, metric:[  0. 150. 150.]
condition:10, metric:[  0. 150. 150.]
condition batch eval, img shape:(400, 400, 400), sx:5, sy:5, sz:5, num_conditions:2
condition:11, metric:[  0. 150. 150.]
condition:12, metric:[  0. 150. 150.]
condition batch eval, img shape:(400, 400, 400), sx:5, sy:5, sz:5, num_conditions:2
condition:13, metric:[  0. 150. 150.]
condition:14, metric:[  0. 150. 150.]
condition batch eval, img shape:(400, 400, 400), sx:5, sy:5, sz:5, num_conditions:2
condition:15, metric:[  0. 150. 150.]
condition:16, metric:[  0. 150. 150.]
condition batch eval, img shape:(400, 400, 400), sx:5, sy:5, sz:5, num_conditions:2
condition:17, metric:[  0. 150. 150.]
condition:18, metric:[  0. 150. 150.]
condition batch eval, img shape:(400, 400, 400), sx:5, sy:5, sz:5, num_conditions:2
condition:19, metric:[  0. 150. 150.]
condition:20, metric:[  0. 150. 150.]
condition batch eval, img shape:(400, 400, 400), sx:5, sy:5, sz:5, num_conditions:2
condition:21, metric:[  0. 150. 150.]
condition:22, metric:[  0. 150. 150.]
condition batch eval, img shape:(400, 400, 400), sx:5, sy:5, sz:5, num_conditions:2
condition:23, metric:[  0. 150. 150.]
condition:24, metric:[  0. 150. 150.]
condition batch eval, img shape:(400, 400, 400), sx:5, sy:5, sz:5, num_conditions:2
condition:25, metric:[  0. 150. 150.]
condition:26, metric:[  0. 150. 150.]
condition batch eval, img shape:(400, 400, 400), sx:5, sy:5, sz:5, num_conditions:2
condition:27, metric:[0.02459707 0.         0.        ]
condition:28, metric:[  0. 150. 150.]
condition batch eval, img shape:(400, 400, 400), sx:5, sy:5, sz:5, num_conditions:2
condition:29, metric:[  0. 150. 150.]
condition:30, metric:[  0. 150. 150.]
condition batch eval, img shape:(400, 400, 400), sx:5, sy:5, sz:5, num_conditions:1
condition:31, metric:[  0. 150. 150.]
Validation end
avg metric shape: (31, 3)
save model to ../model/CellMap_202_CondBaseline_cond_baseline_cellmap_highres_SGD_SGD/unet_3D_old/iter_2400_dice_0.0319
iteration 2400 : model2_dice_score : 0.031931 model2_hd95 : 137.903226
save model to ../model/CellMap_202_CondBaseline_cond_baseline_cellmap_highres_SGD_SGD/unet_3D_old/model2_iter_2400.pth
iteration 2420 : loss : 0.295462  loss_ce : 0.398338  loss_dice : 0.192586
iteration 2440 : loss : 0.157195  loss_ce : 0.218811  loss_dice : 0.095580
iteration 2460 : loss : 0.468778  loss_ce : 0.526673  loss_dice : 0.410883
iteration 2480 : loss : 0.223141  loss_ce : 0.329427  loss_dice : 0.116856
iteration 2500 : loss : 0.463153  loss_ce : 0.670659  loss_dice : 0.255647
iteration 2520 : loss : 0.322334  loss_ce : 0.272357  loss_dice : 0.372311
iteration 2540 : loss : 0.270754  loss_ce : 0.104652  loss_dice : 0.436856
iteration 2560 : loss : 0.342390  loss_ce : 0.487822  loss_dice : 0.196958
iteration 2580 : loss : 0.311597  loss_ce : 0.240585  loss_dice : 0.382610
iteration 2600 : loss : 0.356503  loss_ce : 0.334875  loss_dice : 0.378131
iteration 2620 : loss : 0.393566  loss_ce : 0.476207  loss_dice : 0.310924
iteration 2640 : loss : 0.037366  loss_ce : 0.067087  loss_dice : 0.007645
iteration 2660 : loss : 0.135395  loss_ce : 0.205516  loss_dice : 0.065274
iteration 2680 : loss : 0.162823  loss_ce : 0.240087  loss_dice : 0.085558
iteration 2700 : loss : 0.267370  loss_ce : 0.099685  loss_dice : 0.435054
iteration 2720 : loss : 0.233128  loss_ce : 0.323557  loss_dice : 0.142700
iteration 2740 : loss : 0.403679  loss_ce : 0.594054  loss_dice : 0.213303
iteration 2760 : loss : 0.240327  loss_ce : 0.331347  loss_dice : 0.149307
iteration 2780 : loss : 0.359613  loss_ce : 0.456842  loss_dice : 0.262384
iteration 2800 : loss : 0.129847  loss_ce : 0.209284  loss_dice : 0.050410
began evaluation!
iteration 2800: validation sampled 4/17 cases
Total test images: 4
Validation begin
===>test image:/projects/weilab/liupeng/projects/frameworks/nnUNet/DATASET/nnUNet_preprocessed/Dataset200_Dataset101_CellMap_model_high_res/nnUNetPlans_3d_lowres_large_patch_test/jrc_mus-liver-zon-1_crop268.npy
condition batch eval, img shape:(400, 400, 400), sx:5, sy:5, sz:5, num_conditions:2
condition:1, metric:[  0. 150. 150.]
condition:2, metric:[  0. 150. 150.]
condition batch eval, img shape:(400, 400, 400), sx:5, sy:5, sz:5, num_conditions:2
condition:3, metric:[0.67952691 0.         0.        ]
condition:4, metric:[0. 0. 0.]
condition batch eval, img shape:(400, 400, 400), sx:5, sy:5, sz:5, num_conditions:2
condition:5, metric:[0. 0. 0.]
condition:6, metric:[  0. 150. 150.]
condition batch eval, img shape:(400, 400, 400), sx:5, sy:5, sz:5, num_conditions:2
condition:7, metric:[  0. 150. 150.]
condition:8, metric:[  0. 150. 150.]
condition batch eval, img shape:(400, 400, 400), sx:5, sy:5, sz:5, num_conditions:2
condition:9, metric:[  0. 150. 150.]
condition:10, metric:[  0. 150. 150.]
condition batch eval, img shape:(400, 400, 400), sx:5, sy:5, sz:5, num_conditions:2
condition:11, metric:[  0. 150. 150.]
condition:12, metric:[  0. 150. 150.]
condition batch eval, img shape:(400, 400, 400), sx:5, sy:5, sz:5, num_conditions:2
condition:13, metric:[  0. 150. 150.]
condition:14, metric:[  0. 150. 150.]
condition batch eval, img shape:(400, 400, 400), sx:5, sy:5, sz:5, num_conditions:2
condition:15, metric:[  0. 150. 150.]
condition:16, metric:[  0. 150. 150.]
condition batch eval, img shape:(400, 400, 400), sx:5, sy:5, sz:5, num_conditions:2
condition:17, metric:[  0. 150. 150.]
condition:18, metric:[  0. 150. 150.]
condition batch eval, img shape:(400, 400, 400), sx:5, sy:5, sz:5, num_conditions:2
condition:19, metric:[  0. 150. 150.]
condition:20, metric:[  0. 150. 150.]
condition batch eval, img shape:(400, 400, 400), sx:5, sy:5, sz:5, num_conditions:2
condition:21, metric:[  0. 150. 150.]
condition:22, metric:[  0. 150. 150.]
condition batch eval, img shape:(400, 400, 400), sx:5, sy:5, sz:5, num_conditions:2
condition:23, metric:[  0. 150. 150.]
condition:24, metric:[  0. 150. 150.]
condition batch eval, img shape:(400, 400, 400), sx:5, sy:5, sz:5, num_conditions:2
condition:25, metric:[  0. 150. 150.]
condition:26, metric:[  0. 150. 150.]
condition batch eval, img shape:(400, 400, 400), sx:5, sy:5, sz:5, num_conditions:2
condition:27, metric:[  0. 150. 150.]
condition:28, metric:[  0. 150. 150.]
condition batch eval, img shape:(400, 400, 400), sx:5, sy:5, sz:5, num_conditions:2
condition:29, metric:[  0. 150. 150.]
condition:30, metric:[  0. 150. 150.]
condition batch eval, img shape:(400, 400, 400), sx:5, sy:5, sz:5, num_conditions:1
condition:31, metric:[  0. 150. 150.]
===>test image:/projects/weilab/liupeng/projects/frameworks/nnUNet/DATASET/nnUNet_preprocessed/Dataset200_Dataset101_CellMap_model_high_res/nnUNetPlans_3d_lowres_large_patch_test/jrc_mus-kidney_crop164.npy
condition batch eval, img shape:(200, 200, 200), sx:2, sy:2, sz:2, num_conditions:2
condition:1, metric:[0.03549975 0.         0.        ]
condition:2, metric:[  0. 150. 150.]
condition batch eval, img shape:(200, 200, 200), sx:2, sy:2, sz:2, num_conditions:2
condition:3, metric:[0.62380163 0.         0.        ]
condition:4, metric:[  0. 150. 150.]
condition batch eval, img shape:(200, 200, 200), sx:2, sy:2, sz:2, num_conditions:2
condition:5, metric:[  0. 150. 150.]
condition:6, metric:[  0. 150. 150.]
condition batch eval, img shape:(200, 200, 200), sx:2, sy:2, sz:2, num_conditions:2
condition:7, metric:[  0. 150. 150.]
condition:8, metric:[  0. 150. 150.]
condition batch eval, img shape:(200, 200, 200), sx:2, sy:2, sz:2, num_conditions:2
condition:9, metric:[  0. 150. 150.]
condition:10, metric:[  0. 150. 150.]
condition batch eval, img shape:(200, 200, 200), sx:2, sy:2, sz:2, num_conditions:2
condition:11, metric:[  0. 150. 150.]
condition:12, metric:[  0. 150. 150.]
condition batch eval, img shape:(200, 200, 200), sx:2, sy:2, sz:2, num_conditions:2
condition:13, metric:[  0. 150. 150.]
condition:14, metric:[  0. 150. 150.]
condition batch eval, img shape:(200, 200, 200), sx:2, sy:2, sz:2, num_conditions:2
condition:15, metric:[  0. 150. 150.]
condition:16, metric:[  0. 150. 150.]
condition batch eval, img shape:(200, 200, 200), sx:2, sy:2, sz:2, num_conditions:2
condition:17, metric:[  0. 150. 150.]
condition:18, metric:[  0. 150. 150.]
condition batch eval, img shape:(200, 200, 200), sx:2, sy:2, sz:2, num_conditions:2
condition:19, metric:[  0. 150. 150.]
condition:20, metric:[  0. 150. 150.]
condition batch eval, img shape:(200, 200, 200), sx:2, sy:2, sz:2, num_conditions:2
condition:21, metric:[  0. 150. 150.]
condition:22, metric:[  0. 150. 150.]
condition batch eval, img shape:(200, 200, 200), sx:2, sy:2, sz:2, num_conditions:2
condition:23, metric:[  0. 150. 150.]
condition:24, metric:[  0. 150. 150.]
condition batch eval, img shape:(200, 200, 200), sx:2, sy:2, sz:2, num_conditions:2
condition:25, metric:[  0. 150. 150.]
condition:26, metric:[  0. 150. 150.]
condition batch eval, img shape:(200, 200, 200), sx:2, sy:2, sz:2, num_conditions:2
condition:27, metric:[  0. 150. 150.]
condition:28, metric:[  0. 150. 150.]
condition batch eval, img shape:(200, 200, 200), sx:2, sy:2, sz:2, num_conditions:2
condition:29, metric:[  0. 150. 150.]
condition:30, metric:[  0. 150. 150.]
condition batch eval, img shape:(200, 200, 200), sx:2, sy:2, sz:2, num_conditions:1
condition:31, metric:[  0. 150. 150.]
===>test image:/projects/weilab/liupeng/projects/frameworks/nnUNet/DATASET/nnUNet_preprocessed/Dataset200_Dataset101_CellMap_model_high_res/nnUNetPlans_3d_lowres_large_patch_test/jrc_hela-3_crop50.npy
condition batch eval, img shape:(256, 256, 256), sx:3, sy:3, sz:3, num_conditions:2
condition:1, metric:[0.29986647 0.         0.        ]
condition:2, metric:[  0. 150. 150.]
condition batch eval, img shape:(256, 256, 256), sx:3, sy:3, sz:3, num_conditions:2
condition:3, metric:[0.85618968 0.         0.        ]
condition:4, metric:[  0. 150. 150.]
condition batch eval, img shape:(256, 256, 256), sx:3, sy:3, sz:3, num_conditions:2
condition:5, metric:[  0. 150. 150.]
condition:6, metric:[  0. 150. 150.]
condition batch eval, img shape:(256, 256, 256), sx:3, sy:3, sz:3, num_conditions:2
condition:7, metric:[  0. 150. 150.]
condition:8, metric:[  0. 150. 150.]
condition batch eval, img shape:(256, 256, 256), sx:3, sy:3, sz:3, num_conditions:2
condition:9, metric:[  0. 150. 150.]
condition:10, metric:[  0. 150. 150.]
condition batch eval, img shape:(256, 256, 256), sx:3, sy:3, sz:3, num_conditions:2
condition:11, metric:[  0. 150. 150.]
condition:12, metric:[  0. 150. 150.]
condition batch eval, img shape:(256, 256, 256), sx:3, sy:3, sz:3, num_conditions:2
condition:13, metric:[  0. 150. 150.]
condition:14, metric:[  0. 150. 150.]
condition batch eval, img shape:(256, 256, 256), sx:3, sy:3, sz:3, num_conditions:2
condition:15, metric:[  0. 150. 150.]
condition:16, metric:[  0. 150. 150.]
condition batch eval, img shape:(256, 256, 256), sx:3, sy:3, sz:3, num_conditions:2
condition:17, metric:[  0. 150. 150.]
condition:18, metric:[  0. 150. 150.]
condition batch eval, img shape:(256, 256, 256), sx:3, sy:3, sz:3, num_conditions:2
condition:19, metric:[  0. 150. 150.]
condition:20, metric:[  0. 150. 150.]
condition batch eval, img shape:(256, 256, 256), sx:3, sy:3, sz:3, num_conditions:2
condition:21, metric:[  0. 150. 150.]
condition:22, metric:[  0. 150. 150.]
condition batch eval, img shape:(256, 256, 256), sx:3, sy:3, sz:3, num_conditions:2
condition:23, metric:[  0. 150. 150.]
condition:24, metric:[  0. 150. 150.]
condition batch eval, img shape:(256, 256, 256), sx:3, sy:3, sz:3, num_conditions:2
condition:25, metric:[  0. 150. 150.]
condition:26, metric:[  0. 150. 150.]
condition batch eval, img shape:(256, 256, 256), sx:3, sy:3, sz:3, num_conditions:2
condition:27, metric:[  0. 150. 150.]
condition:28, metric:[  0. 150. 150.]
condition batch eval, img shape:(256, 256, 256), sx:3, sy:3, sz:3, num_conditions:2
condition:29, metric:[  0. 150. 150.]
condition:30, metric:[  0. 150. 150.]
condition batch eval, img shape:(256, 256, 256), sx:3, sy:3, sz:3, num_conditions:1
condition:31, metric:[  0. 150. 150.]
===>test image:/projects/weilab/liupeng/projects/frameworks/nnUNet/DATASET/nnUNet_preprocessed/Dataset200_Dataset101_CellMap_model_high_res/nnUNetPlans_3d_lowres_large_patch_test/jrc_ut21-1413-003_crop190.npy
condition batch eval, img shape:(400, 400, 400), sx:5, sy:5, sz:5, num_conditions:2
condition:1, metric:[0.50061101 0.         0.        ]
condition:2, metric:[  0. 150. 150.]
condition batch eval, img shape:(400, 400, 400), sx:5, sy:5, sz:5, num_conditions:2
condition:3, metric:[0.54041881 0.         0.        ]
condition:4, metric:[  0. 150. 150.]
condition batch eval, img shape:(400, 400, 400), sx:5, sy:5, sz:5, num_conditions:2
condition:5, metric:[  0. 150. 150.]
condition:6, metric:[  0. 150. 150.]
condition batch eval, img shape:(400, 400, 400), sx:5, sy:5, sz:5, num_conditions:2
condition:7, metric:[  0. 150. 150.]
condition:8, metric:[  0. 150. 150.]
condition batch eval, img shape:(400, 400, 400), sx:5, sy:5, sz:5, num_conditions:2
condition:9, metric:[  0. 150. 150.]
condition:10, metric:[  0. 150. 150.]
condition batch eval, img shape:(400, 400, 400), sx:5, sy:5, sz:5, num_conditions:2
condition:11, metric:[  0. 150. 150.]
condition:12, metric:[  0. 150. 150.]
condition batch eval, img shape:(400, 400, 400), sx:5, sy:5, sz:5, num_conditions:2
condition:13, metric:[  0. 150. 150.]
condition:14, metric:[  0. 150. 150.]
condition batch eval, img shape:(400, 400, 400), sx:5, sy:5, sz:5, num_conditions:2
condition:15, metric:[  0. 150. 150.]
condition:16, metric:[0. 0. 0.]
condition batch eval, img shape:(400, 400, 400), sx:5, sy:5, sz:5, num_conditions:2
condition:17, metric:[  0. 150. 150.]
condition:18, metric:[  0. 150. 150.]
condition batch eval, img shape:(400, 400, 400), sx:5, sy:5, sz:5, num_conditions:2
condition:19, metric:[  0. 150. 150.]
condition:20, metric:[  0. 150. 150.]
condition batch eval, img shape:(400, 400, 400), sx:5, sy:5, sz:5, num_conditions:2
condition:21, metric:[  0. 150. 150.]
condition:22, metric:[  0. 150. 150.]
condition batch eval, img shape:(400, 400, 400), sx:5, sy:5, sz:5, num_conditions:2
condition:23, metric:[  0. 150. 150.]
condition:24, metric:[  0. 150. 150.]
condition batch eval, img shape:(400, 400, 400), sx:5, sy:5, sz:5, num_conditions:2
condition:25, metric:[  0. 150. 150.]
condition:26, metric:[  0. 150. 150.]
condition batch eval, img shape:(400, 400, 400), sx:5, sy:5, sz:5, num_conditions:2
condition:27, metric:[  0. 150. 150.]
condition:28, metric:[  0. 150. 150.]
condition batch eval, img shape:(400, 400, 400), sx:5, sy:5, sz:5, num_conditions:2
condition:29, metric:[  0. 150. 150.]
condition:30, metric:[  0. 150. 150.]
condition batch eval, img shape:(400, 400, 400), sx:5, sy:5, sz:5, num_conditions:1
condition:31, metric:[  0. 150. 150.]
Validation end
avg metric shape: (31, 3)
iteration 2800 : model2_dice_score : 0.028515 model2_hd95 : 137.903226
save model to ../model/CellMap_202_CondBaseline_cond_baseline_cellmap_highres_SGD_SGD/unet_3D_old/model2_iter_2800.pth
iteration 2820 : loss : 0.269606  loss_ce : 0.367068  loss_dice : 0.172144
iteration 2840 : loss : 0.371088  loss_ce : 0.449430  loss_dice : 0.292745
iteration 2860 : loss : 0.157832  loss_ce : 0.236891  loss_dice : 0.078773
iteration 2880 : loss : 0.298591  loss_ce : 0.182106  loss_dice : 0.415075
iteration 2900 : loss : 0.285055  loss_ce : 0.373060  loss_dice : 0.197049
iteration 2920 : loss : 0.375204  loss_ce : 0.532350  loss_dice : 0.218057
iteration 2940 : loss : 0.313354  loss_ce : 0.425925  loss_dice : 0.200784
iteration 2960 : loss : 0.389369  loss_ce : 0.430693  loss_dice : 0.348044
iteration 2980 : loss : 0.670779  loss_ce : 0.843231  loss_dice : 0.498327
iteration 3000 : loss : 0.315517  loss_ce : 0.460523  loss_dice : 0.170512
iteration 3020 : loss : 0.052640  loss_ce : 0.092679  loss_dice : 0.012602
iteration 3040 : loss : 0.510268  loss_ce : 0.697425  loss_dice : 0.323112
iteration 3060 : loss : 0.413729  loss_ce : 0.582182  loss_dice : 0.245277
iteration 3080 : loss : 0.028757  loss_ce : 0.052507  loss_dice : 0.005008
iteration 3100 : loss : 0.282499  loss_ce : 0.358450  loss_dice : 0.206548
iteration 3120 : loss : 0.292253  loss_ce : 0.340462  loss_dice : 0.244044
iteration 3140 : loss : 0.225036  loss_ce : 0.276436  loss_dice : 0.173636
iteration 3160 : loss : 0.402622  loss_ce : 0.560649  loss_dice : 0.244595
iteration 3180 : loss : 0.153710  loss_ce : 0.219286  loss_dice : 0.088134
iteration 3200 : loss : 0.337311  loss_ce : 0.432372  loss_dice : 0.242250
began evaluation!
iteration 3200: validation sampled 4/17 cases
Total test images: 4
Validation begin
===>test image:/projects/weilab/liupeng/projects/frameworks/nnUNet/DATASET/nnUNet_preprocessed/Dataset200_Dataset101_CellMap_model_high_res/nnUNetPlans_3d_lowres_large_patch_test/jrc_hela-3_crop50.npy
condition batch eval, img shape:(256, 256, 256), sx:3, sy:3, sz:3, num_conditions:2
condition:1, metric:[0.29986647 0.         0.        ]
condition:2, metric:[  0. 150. 150.]
condition batch eval, img shape:(256, 256, 256), sx:3, sy:3, sz:3, num_conditions:2
condition:3, metric:[0.81192145 0.         0.        ]
condition:4, metric:[  0. 150. 150.]
condition batch eval, img shape:(256, 256, 256), sx:3, sy:3, sz:3, num_conditions:2
condition:5, metric:[  0. 150. 150.]
condition:6, metric:[  0. 150. 150.]
condition batch eval, img shape:(256, 256, 256), sx:3, sy:3, sz:3, num_conditions:2
condition:7, metric:[  0. 150. 150.]
condition:8, metric:[  0. 150. 150.]
condition batch eval, img shape:(256, 256, 256), sx:3, sy:3, sz:3, num_conditions:2
condition:9, metric:[  0. 150. 150.]
condition:10, metric:[  0. 150. 150.]
condition batch eval, img shape:(256, 256, 256), sx:3, sy:3, sz:3, num_conditions:2
condition:11, metric:[  0. 150. 150.]
condition:12, metric:[  0. 150. 150.]
condition batch eval, img shape:(256, 256, 256), sx:3, sy:3, sz:3, num_conditions:2
condition:13, metric:[  0. 150. 150.]
condition:14, metric:[  0. 150. 150.]
condition batch eval, img shape:(256, 256, 256), sx:3, sy:3, sz:3, num_conditions:2
condition:15, metric:[  0. 150. 150.]
condition:16, metric:[  0. 150. 150.]
condition batch eval, img shape:(256, 256, 256), sx:3, sy:3, sz:3, num_conditions:2
condition:17, metric:[  0. 150. 150.]
condition:18, metric:[  0. 150. 150.]
condition batch eval, img shape:(256, 256, 256), sx:3, sy:3, sz:3, num_conditions:2
condition:19, metric:[  0. 150. 150.]
condition:20, metric:[  0. 150. 150.]
condition batch eval, img shape:(256, 256, 256), sx:3, sy:3, sz:3, num_conditions:2
condition:21, metric:[  0. 150. 150.]
condition:22, metric:[  0. 150. 150.]
condition batch eval, img shape:(256, 256, 256), sx:3, sy:3, sz:3, num_conditions:2
condition:23, metric:[  0. 150. 150.]
condition:24, metric:[  0. 150. 150.]
condition batch eval, img shape:(256, 256, 256), sx:3, sy:3, sz:3, num_conditions:2
condition:25, metric:[  0. 150. 150.]
condition:26, metric:[  0. 150. 150.]
condition batch eval, img shape:(256, 256, 256), sx:3, sy:3, sz:3, num_conditions:2
condition:27, metric:[  0. 150. 150.]
condition:28, metric:[  0. 150. 150.]
condition batch eval, img shape:(256, 256, 256), sx:3, sy:3, sz:3, num_conditions:2
condition:29, metric:[  0. 150. 150.]
condition:30, metric:[  0. 150. 150.]
condition batch eval, img shape:(256, 256, 256), sx:3, sy:3, sz:3, num_conditions:1
condition:31, metric:[  0. 150. 150.]
===>test image:/projects/weilab/liupeng/projects/frameworks/nnUNet/DATASET/nnUNet_preprocessed/Dataset200_Dataset101_CellMap_model_high_res/nnUNetPlans_3d_lowres_large_patch_test/jrc_mus-liver-zon-1_crop268.npy
condition batch eval, img shape:(400, 400, 400), sx:5, sy:5, sz:5, num_conditions:2
condition:1, metric:[  0. 150. 150.]
condition:2, metric:[  0. 150. 150.]
condition batch eval, img shape:(400, 400, 400), sx:5, sy:5, sz:5, num_conditions:2
condition:3, metric:[0.6830805 0.        0.       ]
condition:4, metric:[  0. 150. 150.]
condition batch eval, img shape:(400, 400, 400), sx:5, sy:5, sz:5, num_conditions:2
condition:5, metric:[0.00037661 0.         0.        ]
condition:6, metric:[  0. 150. 150.]
condition batch eval, img shape:(400, 400, 400), sx:5, sy:5, sz:5, num_conditions:2
condition:7, metric:[  0. 150. 150.]
condition:8, metric:[  0. 150. 150.]
condition batch eval, img shape:(400, 400, 400), sx:5, sy:5, sz:5, num_conditions:2
condition:9, metric:[  0. 150. 150.]
condition:10, metric:[  0. 150. 150.]
condition batch eval, img shape:(400, 400, 400), sx:5, sy:5, sz:5, num_conditions:2
condition:11, metric:[  0. 150. 150.]
condition:12, metric:[  0. 150. 150.]
condition batch eval, img shape:(400, 400, 400), sx:5, sy:5, sz:5, num_conditions:2
condition:13, metric:[  0. 150. 150.]
condition:14, metric:[  0. 150. 150.]
condition batch eval, img shape:(400, 400, 400), sx:5, sy:5, sz:5, num_conditions:2
condition:15, metric:[  0. 150. 150.]
condition:16, metric:[  0. 150. 150.]
condition batch eval, img shape:(400, 400, 400), sx:5, sy:5, sz:5, num_conditions:2
condition:17, metric:[  0. 150. 150.]
condition:18, metric:[  0. 150. 150.]
condition batch eval, img shape:(400, 400, 400), sx:5, sy:5, sz:5, num_conditions:2
condition:19, metric:[  0. 150. 150.]
condition:20, metric:[  0. 150. 150.]
condition batch eval, img shape:(400, 400, 400), sx:5, sy:5, sz:5, num_conditions:2
condition:21, metric:[  0. 150. 150.]
condition:22, metric:[  0. 150. 150.]
condition batch eval, img shape:(400, 400, 400), sx:5, sy:5, sz:5, num_conditions:2
condition:23, metric:[  0. 150. 150.]
condition:24, metric:[  0. 150. 150.]
condition batch eval, img shape:(400, 400, 400), sx:5, sy:5, sz:5, num_conditions:2
condition:25, metric:[  0. 150. 150.]
condition:26, metric:[  0. 150. 150.]
condition batch eval, img shape:(400, 400, 400), sx:5, sy:5, sz:5, num_conditions:2
condition:27, metric:[  0. 150. 150.]
condition:28, metric:[  0. 150. 150.]
condition batch eval, img shape:(400, 400, 400), sx:5, sy:5, sz:5, num_conditions:2
condition:29, metric:[  0. 150. 150.]
condition:30, metric:[  0. 150. 150.]
condition batch eval, img shape:(400, 400, 400), sx:5, sy:5, sz:5, num_conditions:1
condition:31, metric:[  0. 150. 150.]
===>test image:/projects/weilab/liupeng/projects/frameworks/nnUNet/DATASET/nnUNet_preprocessed/Dataset200_Dataset101_CellMap_model_high_res/nnUNetPlans_3d_lowres_large_patch_test/jrc_cos7-1b_crop235.npy
condition batch eval, img shape:(200, 200, 200), sx:2, sy:2, sz:2, num_conditions:2
condition:1, metric:[0.01548492 0.         0.        ]
condition:2, metric:[  0. 150. 150.]
condition batch eval, img shape:(200, 200, 200), sx:2, sy:2, sz:2, num_conditions:2
condition:3, metric:[0.80734642 0.         0.        ]
condition:4, metric:[  0. 150. 150.]
condition batch eval, img shape:(200, 200, 200), sx:2, sy:2, sz:2, num_conditions:2
condition:5, metric:[  0. 150. 150.]
condition:6, metric:[  0. 150. 150.]
condition batch eval, img shape:(200, 200, 200), sx:2, sy:2, sz:2, num_conditions:2
condition:7, metric:[  0. 150. 150.]
condition:8, metric:[  0. 150. 150.]
condition batch eval, img shape:(200, 200, 200), sx:2, sy:2, sz:2, num_conditions:2
condition:9, metric:[  0. 150. 150.]
condition:10, metric:[  0. 150. 150.]
condition batch eval, img shape:(200, 200, 200), sx:2, sy:2, sz:2, num_conditions:2
condition:11, metric:[  0. 150. 150.]
condition:12, metric:[  0. 150. 150.]
condition batch eval, img shape:(200, 200, 200), sx:2, sy:2, sz:2, num_conditions:2
condition:13, metric:[  0. 150. 150.]
condition:14, metric:[  0. 150. 150.]
condition batch eval, img shape:(200, 200, 200), sx:2, sy:2, sz:2, num_conditions:2
condition:15, metric:[  0. 150. 150.]
condition:16, metric:[  0. 150. 150.]
condition batch eval, img shape:(200, 200, 200), sx:2, sy:2, sz:2, num_conditions:2
condition:17, metric:[  0. 150. 150.]
condition:18, metric:[  0. 150. 150.]
condition batch eval, img shape:(200, 200, 200), sx:2, sy:2, sz:2, num_conditions:2
condition:19, metric:[  0. 150. 150.]
condition:20, metric:[  0. 150. 150.]
condition batch eval, img shape:(200, 200, 200), sx:2, sy:2, sz:2, num_conditions:2
condition:21, metric:[  0. 150. 150.]
condition:22, metric:[  0. 150. 150.]
condition batch eval, img shape:(200, 200, 200), sx:2, sy:2, sz:2, num_conditions:2
condition:23, metric:[  0. 150. 150.]
condition:24, metric:[  0. 150. 150.]
condition batch eval, img shape:(200, 200, 200), sx:2, sy:2, sz:2, num_conditions:2
condition:25, metric:[  0. 150. 150.]
condition:26, metric:[  0. 150. 150.]
condition batch eval, img shape:(200, 200, 200), sx:2, sy:2, sz:2, num_conditions:2
condition:27, metric:[  0. 150. 150.]
condition:28, metric:[  0. 150. 150.]
condition batch eval, img shape:(200, 200, 200), sx:2, sy:2, sz:2, num_conditions:2
condition:29, metric:[  0. 150. 150.]
condition:30, metric:[  0. 150. 150.]
condition batch eval, img shape:(200, 200, 200), sx:2, sy:2, sz:2, num_conditions:1
condition:31, metric:[  0. 150. 150.]
===>test image:/projects/weilab/liupeng/projects/frameworks/nnUNet/DATASET/nnUNet_preprocessed/Dataset200_Dataset101_CellMap_model_high_res/nnUNetPlans_3d_lowres_large_patch_test/jrc_ut21-1413-003_crop190.npy
condition batch eval, img shape:(400, 400, 400), sx:5, sy:5, sz:5, num_conditions:2
condition:1, metric:[0.50061101 0.         0.        ]
condition:2, metric:[  0. 150. 150.]
condition batch eval, img shape:(400, 400, 400), sx:5, sy:5, sz:5, num_conditions:2
condition:3, metric:[0.6053292 0.        0.       ]
condition:4, metric:[  0. 150. 150.]
condition batch eval, img shape:(400, 400, 400), sx:5, sy:5, sz:5, num_conditions:2
condition:5, metric:[0. 0. 0.]
condition:6, metric:[  0. 150. 150.]
condition batch eval, img shape:(400, 400, 400), sx:5, sy:5, sz:5, num_conditions:2
condition:7, metric:[  0. 150. 150.]
condition:8, metric:[  0. 150. 150.]
condition batch eval, img shape:(400, 400, 400), sx:5, sy:5, sz:5, num_conditions:2
condition:9, metric:[  0. 150. 150.]
condition:10, metric:[  0. 150. 150.]
condition batch eval, img shape:(400, 400, 400), sx:5, sy:5, sz:5, num_conditions:2
condition:11, metric:[  0. 150. 150.]
condition:12, metric:[  0. 150. 150.]
condition batch eval, img shape:(400, 400, 400), sx:5, sy:5, sz:5, num_conditions:2
condition:13, metric:[  0. 150. 150.]
condition:14, metric:[  0. 150. 150.]
condition batch eval, img shape:(400, 400, 400), sx:5, sy:5, sz:5, num_conditions:2
condition:15, metric:[  0. 150. 150.]
condition:16, metric:[0.00038969 0.         0.        ]
condition batch eval, img shape:(400, 400, 400), sx:5, sy:5, sz:5, num_conditions:2
condition:17, metric:[  0. 150. 150.]
condition:18, metric:[  0. 150. 150.]
condition batch eval, img shape:(400, 400, 400), sx:5, sy:5, sz:5, num_conditions:2
condition:19, metric:[  0. 150. 150.]
condition:20, metric:[  0. 150. 150.]
condition batch eval, img shape:(400, 400, 400), sx:5, sy:5, sz:5, num_conditions:2
condition:21, metric:[  0. 150. 150.]
condition:22, metric:[  0. 150. 150.]
condition batch eval, img shape:(400, 400, 400), sx:5, sy:5, sz:5, num_conditions:2
condition:23, metric:[  0. 150. 150.]
condition:24, metric:[  0. 150. 150.]
condition batch eval, img shape:(400, 400, 400), sx:5, sy:5, sz:5, num_conditions:2
condition:25, metric:[  0. 150. 150.]
condition:26, metric:[  0. 150. 150.]
condition batch eval, img shape:(400, 400, 400), sx:5, sy:5, sz:5, num_conditions:2
condition:27, metric:[  0. 150. 150.]
condition:28, metric:[  0. 150. 150.]
condition batch eval, img shape:(400, 400, 400), sx:5, sy:5, sz:5, num_conditions:2
condition:29, metric:[  0. 150. 150.]
condition:30, metric:[  0. 150. 150.]
condition batch eval, img shape:(400, 400, 400), sx:5, sy:5, sz:5, num_conditions:1
condition:31, metric:[  0. 150. 150.]
Validation end
avg metric shape: (31, 3)
iteration 3200 : model2_dice_score : 0.030036 model2_hd95 : 137.903226
save model to ../model/CellMap_202_CondBaseline_cond_baseline_cellmap_highres_SGD_SGD/unet_3D_old/model2_iter_3200.pth
iteration 3220 : loss : 0.388618  loss_ce : 0.383922  loss_dice : 0.393314
iteration 3240 : loss : 0.202644  loss_ce : 0.225326  loss_dice : 0.179962
iteration 3260 : loss : 0.348306  loss_ce : 0.317400  loss_dice : 0.379213
iteration 3280 : loss : 0.278031  loss_ce : 0.333399  loss_dice : 0.222664
iteration 3300 : loss : 0.146266  loss_ce : 0.204216  loss_dice : 0.088316
iteration 3320 : loss : 0.162667  loss_ce : 0.244755  loss_dice : 0.080579
iteration 3340 : loss : 0.318218  loss_ce : 0.142201  loss_dice : 0.494236
iteration 3360 : loss : 0.439739  loss_ce : 0.581851  loss_dice : 0.297628
iteration 3380 : loss : 0.380353  loss_ce : 0.385230  loss_dice : 0.375476
iteration 3400 : loss : 0.391136  loss_ce : 0.456710  loss_dice : 0.325561
iteration 3420 : loss : 0.317828  loss_ce : 0.237134  loss_dice : 0.398522
iteration 3440 : loss : 0.250911  loss_ce : 0.119180  loss_dice : 0.382642
iteration 3460 : loss : 0.035305  loss_ce : 0.061730  loss_dice : 0.008880
iteration 3480 : loss : 0.267511  loss_ce : 0.397265  loss_dice : 0.137756
iteration 3500 : loss : 0.333334  loss_ce : 0.393841  loss_dice : 0.272828
iteration 3520 : loss : 0.359856  loss_ce : 0.346780  loss_dice : 0.372933
iteration 3540 : loss : 0.161829  loss_ce : 0.231895  loss_dice : 0.091763
iteration 3560 : loss : 0.237861  loss_ce : 0.316609  loss_dice : 0.159114
iteration 3580 : loss : 0.298219  loss_ce : 0.374870  loss_dice : 0.221568
iteration 3600 : loss : 0.309245  loss_ce : 0.323872  loss_dice : 0.294619
began evaluation!
iteration 3600: validation sampled 4/17 cases
Total test images: 4
Validation begin
===>test image:/projects/weilab/liupeng/projects/frameworks/nnUNet/DATASET/nnUNet_preprocessed/Dataset200_Dataset101_CellMap_model_high_res/nnUNetPlans_3d_lowres_large_patch_test/jrc_mus-liver-zon-2_crop342.npy
condition batch eval, img shape:(400, 400, 400), sx:5, sy:5, sz:5, num_conditions:2
condition:1, metric:[0.42685546 0.         0.        ]
condition:2, metric:[  0. 150. 150.]
condition batch eval, img shape:(400, 400, 400), sx:5, sy:5, sz:5, num_conditions:2
condition:3, metric:[0.47955925 0.         0.        ]
condition:4, metric:[  0. 150. 150.]
condition batch eval, img shape:(400, 400, 400), sx:5, sy:5, sz:5, num_conditions:2
condition:5, metric:[0. 0. 0.]
condition:6, metric:[  0. 150. 150.]
condition batch eval, img shape:(400, 400, 400), sx:5, sy:5, sz:5, num_conditions:2
condition:7, metric:[  0. 150. 150.]
condition:8, metric:[  0. 150. 150.]
condition batch eval, img shape:(400, 400, 400), sx:5, sy:5, sz:5, num_conditions:2
condition:9, metric:[  0. 150. 150.]
condition:10, metric:[  0. 150. 150.]
condition batch eval, img shape:(400, 400, 400), sx:5, sy:5, sz:5, num_conditions:2
condition:11, metric:[  0. 150. 150.]
condition:12, metric:[  0. 150. 150.]
condition batch eval, img shape:(400, 400, 400), sx:5, sy:5, sz:5, num_conditions:2
condition:13, metric:[  0. 150. 150.]
condition:14, metric:[  0. 150. 150.]
condition batch eval, img shape:(400, 400, 400), sx:5, sy:5, sz:5, num_conditions:2
condition:15, metric:[  0. 150. 150.]
condition:16, metric:[  0. 150. 150.]
condition batch eval, img shape:(400, 400, 400), sx:5, sy:5, sz:5, num_conditions:2
condition:17, metric:[  0. 150. 150.]
condition:18, metric:[  0. 150. 150.]
condition batch eval, img shape:(400, 400, 400), sx:5, sy:5, sz:5, num_conditions:2
condition:19, metric:[  0. 150. 150.]
condition:20, metric:[  0. 150. 150.]
condition batch eval, img shape:(400, 400, 400), sx:5, sy:5, sz:5, num_conditions:2
condition:21, metric:[  0. 150. 150.]
condition:22, metric:[  0. 150. 150.]
condition batch eval, img shape:(400, 400, 400), sx:5, sy:5, sz:5, num_conditions:2
condition:23, metric:[  0. 150. 150.]
condition:24, metric:[  0. 150. 150.]
condition batch eval, img shape:(400, 400, 400), sx:5, sy:5, sz:5, num_conditions:2
condition:25, metric:[0. 0. 0.]
condition:26, metric:[  0. 150. 150.]
condition batch eval, img shape:(400, 400, 400), sx:5, sy:5, sz:5, num_conditions:2
condition:27, metric:[0. 0. 0.]
condition:28, metric:[  0. 150. 150.]
condition batch eval, img shape:(400, 400, 400), sx:5, sy:5, sz:5, num_conditions:2
condition:29, metric:[  0. 150. 150.]
condition:30, metric:[  0. 150. 150.]
condition batch eval, img shape:(400, 400, 400), sx:5, sy:5, sz:5, num_conditions:1
condition:31, metric:[  0. 150. 150.]
===>test image:/projects/weilab/liupeng/projects/frameworks/nnUNet/DATASET/nnUNet_preprocessed/Dataset200_Dataset101_CellMap_model_high_res/nnUNetPlans_3d_lowres_large_patch_test/jrc_ctl-id8-1_crop118.npy
condition batch eval, img shape:(200, 200, 200), sx:2, sy:2, sz:2, num_conditions:2
condition:1, metric:[0.37435513 0.         0.        ]
condition:2, metric:[  0. 150. 150.]
condition batch eval, img shape:(200, 200, 200), sx:2, sy:2, sz:2, num_conditions:2
condition:3, metric:[0.80677856 0.         0.        ]
condition:4, metric:[  0. 150. 150.]
condition batch eval, img shape:(200, 200, 200), sx:2, sy:2, sz:2, num_conditions:2
condition:5, metric:[0. 0. 0.]
condition:6, metric:[  0. 150. 150.]
condition batch eval, img shape:(200, 200, 200), sx:2, sy:2, sz:2, num_conditions:2
condition:7, metric:[  0. 150. 150.]
condition:8, metric:[  0. 150. 150.]
condition batch eval, img shape:(200, 200, 200), sx:2, sy:2, sz:2, num_conditions:2
condition:9, metric:[  0. 150. 150.]
condition:10, metric:[  0. 150. 150.]
condition batch eval, img shape:(200, 200, 200), sx:2, sy:2, sz:2, num_conditions:2
condition:11, metric:[  0. 150. 150.]
condition:12, metric:[  0. 150. 150.]
condition batch eval, img shape:(200, 200, 200), sx:2, sy:2, sz:2, num_conditions:2
condition:13, metric:[  0. 150. 150.]
condition:14, metric:[  0. 150. 150.]
condition batch eval, img shape:(200, 200, 200), sx:2, sy:2, sz:2, num_conditions:2
condition:15, metric:[  0. 150. 150.]
condition:16, metric:[  0. 150. 150.]
condition batch eval, img shape:(200, 200, 200), sx:2, sy:2, sz:2, num_conditions:2
condition:17, metric:[  0. 150. 150.]
condition:18, metric:[  0. 150. 150.]
condition batch eval, img shape:(200, 200, 200), sx:2, sy:2, sz:2, num_conditions:2
condition:19, metric:[  0. 150. 150.]
condition:20, metric:[  0. 150. 150.]
condition batch eval, img shape:(200, 200, 200), sx:2, sy:2, sz:2, num_conditions:2
condition:21, metric:[  0. 150. 150.]
condition:22, metric:[  0. 150. 150.]
condition batch eval, img shape:(200, 200, 200), sx:2, sy:2, sz:2, num_conditions:2
condition:23, metric:[  0. 150. 150.]
condition:24, metric:[  0. 150. 150.]
condition batch eval, img shape:(200, 200, 200), sx:2, sy:2, sz:2, num_conditions:2
condition:25, metric:[  0. 150. 150.]
condition:26, metric:[  0. 150. 150.]
condition batch eval, img shape:(200, 200, 200), sx:2, sy:2, sz:2, num_conditions:2
condition:27, metric:[  0. 150. 150.]
condition:28, metric:[  0. 150. 150.]
condition batch eval, img shape:(200, 200, 200), sx:2, sy:2, sz:2, num_conditions:2
condition:29, metric:[  0. 150. 150.]
condition:30, metric:[  0. 150. 150.]
condition batch eval, img shape:(200, 200, 200), sx:2, sy:2, sz:2, num_conditions:1
condition:31, metric:[  0. 150. 150.]
===>test image:/projects/weilab/liupeng/projects/frameworks/nnUNet/DATASET/nnUNet_preprocessed/Dataset200_Dataset101_CellMap_model_high_res/nnUNetPlans_3d_lowres_large_patch_test/jrc_macrophage-2_crop31.npy
condition batch eval, img shape:(160, 160, 160), sx:1, sy:1, sz:1, num_conditions:2
condition:1, metric:[0.10008793 0.         0.        ]
condition:2, metric:[  0. 150. 150.]
condition batch eval, img shape:(160, 160, 160), sx:1, sy:1, sz:1, num_conditions:2
condition:3, metric:[0.71787981 0.         0.        ]
condition:4, metric:[  0. 150. 150.]
condition batch eval, img shape:(160, 160, 160), sx:1, sy:1, sz:1, num_conditions:2
condition:5, metric:[  0. 150. 150.]
condition:6, metric:[  0. 150. 150.]
condition batch eval, img shape:(160, 160, 160), sx:1, sy:1, sz:1, num_conditions:2
condition:7, metric:[  0. 150. 150.]
condition:8, metric:[  0. 150. 150.]
condition batch eval, img shape:(160, 160, 160), sx:1, sy:1, sz:1, num_conditions:2
condition:9, metric:[  0. 150. 150.]
condition:10, metric:[  0. 150. 150.]
condition batch eval, img shape:(160, 160, 160), sx:1, sy:1, sz:1, num_conditions:2
condition:11, metric:[  0. 150. 150.]
condition:12, metric:[  0. 150. 150.]
condition batch eval, img shape:(160, 160, 160), sx:1, sy:1, sz:1, num_conditions:2
condition:13, metric:[  0. 150. 150.]
condition:14, metric:[  0. 150. 150.]
condition batch eval, img shape:(160, 160, 160), sx:1, sy:1, sz:1, num_conditions:2
condition:15, metric:[  0. 150. 150.]
condition:16, metric:[  0. 150. 150.]
condition batch eval, img shape:(160, 160, 160), sx:1, sy:1, sz:1, num_conditions:2
condition:17, metric:[  0. 150. 150.]
condition:18, metric:[  0. 150. 150.]
condition batch eval, img shape:(160, 160, 160), sx:1, sy:1, sz:1, num_conditions:2
condition:19, metric:[  0. 150. 150.]
condition:20, metric:[  0. 150. 150.]
condition batch eval, img shape:(160, 160, 160), sx:1, sy:1, sz:1, num_conditions:2
condition:21, metric:[  0. 150. 150.]
condition:22, metric:[  0. 150. 150.]
condition batch eval, img shape:(160, 160, 160), sx:1, sy:1, sz:1, num_conditions:2
condition:23, metric:[  0. 150. 150.]
condition:24, metric:[  0. 150. 150.]
condition batch eval, img shape:(160, 160, 160), sx:1, sy:1, sz:1, num_conditions:2
condition:25, metric:[  0. 150. 150.]
condition:26, metric:[  0. 150. 150.]
condition batch eval, img shape:(160, 160, 160), sx:1, sy:1, sz:1, num_conditions:2
condition:27, metric:[  0. 150. 150.]
condition:28, metric:[  0. 150. 150.]
condition batch eval, img shape:(160, 160, 160), sx:1, sy:1, sz:1, num_conditions:2
condition:29, metric:[  0. 150. 150.]
condition:30, metric:[  0. 150. 150.]
condition batch eval, img shape:(160, 160, 160), sx:1, sy:1, sz:1, num_conditions:1
condition:31, metric:[  0. 150. 150.]
===>test image:/projects/weilab/liupeng/projects/frameworks/nnUNet/DATASET/nnUNet_preprocessed/Dataset200_Dataset101_CellMap_model_high_res/nnUNetPlans_3d_lowres_large_patch_test/jrc_mus-liver-zon-1_crop268.npy
condition batch eval, img shape:(400, 400, 400), sx:5, sy:5, sz:5, num_conditions:2
condition:1, metric:[  0. 150. 150.]
condition:2, metric:[  0. 150. 150.]
condition batch eval, img shape:(400, 400, 400), sx:5, sy:5, sz:5, num_conditions:2
condition:3, metric:[0.6266505 0.        0.       ]
condition:4, metric:[0. 0. 0.]
condition batch eval, img shape:(400, 400, 400), sx:5, sy:5, sz:5, num_conditions:2
condition:5, metric:[0. 0. 0.]
condition:6, metric:[  0. 150. 150.]
condition batch eval, img shape:(400, 400, 400), sx:5, sy:5, sz:5, num_conditions:2
condition:7, metric:[  0. 150. 150.]
condition:8, metric:[  0. 150. 150.]
condition batch eval, img shape:(400, 400, 400), sx:5, sy:5, sz:5, num_conditions:2
condition:9, metric:[  0. 150. 150.]
condition:10, metric:[  0. 150. 150.]
condition batch eval, img shape:(400, 400, 400), sx:5, sy:5, sz:5, num_conditions:2
condition:11, metric:[  0. 150. 150.]
condition:12, metric:[  0. 150. 150.]
condition batch eval, img shape:(400, 400, 400), sx:5, sy:5, sz:5, num_conditions:2
condition:13, metric:[  0. 150. 150.]
condition:14, metric:[  0. 150. 150.]
condition batch eval, img shape:(400, 400, 400), sx:5, sy:5, sz:5, num_conditions:2
condition:15, metric:[  0. 150. 150.]
condition:16, metric:[  0. 150. 150.]
condition batch eval, img shape:(400, 400, 400), sx:5, sy:5, sz:5, num_conditions:2
condition:17, metric:[  0. 150. 150.]
condition:18, metric:[0. 0. 0.]
condition batch eval, img shape:(400, 400, 400), sx:5, sy:5, sz:5, num_conditions:2
condition:19, metric:[  0. 150. 150.]
condition:20, metric:[  0. 150. 150.]
condition batch eval, img shape:(400, 400, 400), sx:5, sy:5, sz:5, num_conditions:2
condition:21, metric:[  0. 150. 150.]
condition:22, metric:[  0. 150. 150.]
condition batch eval, img shape:(400, 400, 400), sx:5, sy:5, sz:5, num_conditions:2
condition:23, metric:[  0. 150. 150.]
condition:24, metric:[  0. 150. 150.]
condition batch eval, img shape:(400, 400, 400), sx:5, sy:5, sz:5, num_conditions:2
condition:25, metric:[  0. 150. 150.]
condition:26, metric:[  0. 150. 150.]
condition batch eval, img shape:(400, 400, 400), sx:5, sy:5, sz:5, num_conditions:2
condition:27, metric:[  0. 150. 150.]
condition:28, metric:[  0. 150. 150.]
condition batch eval, img shape:(400, 400, 400), sx:5, sy:5, sz:5, num_conditions:2
condition:29, metric:[  0. 150. 150.]
condition:30, metric:[  0. 150. 150.]
condition batch eval, img shape:(400, 400, 400), sx:5, sy:5, sz:5, num_conditions:1
condition:31, metric:[0. 0. 0.]
Validation end
avg metric shape: (31, 3)
iteration 3600 : model2_dice_score : 0.028485 model2_hd95 : 131.854839
save model to ../model/CellMap_202_CondBaseline_cond_baseline_cellmap_highres_SGD_SGD/unet_3D_old/model2_iter_3600.pth
iteration 3620 : loss : 0.195186  loss_ce : 0.294250  loss_dice : 0.096123
iteration 3640 : loss : 0.405391  loss_ce : 0.358167  loss_dice : 0.452615
iteration 3660 : loss : 0.245536  loss_ce : 0.280764  loss_dice : 0.210308
iteration 3680 : loss : 0.303859  loss_ce : 0.426243  loss_dice : 0.181474
iteration 3700 : loss : 0.301106  loss_ce : 0.179474  loss_dice : 0.422738
iteration 3720 : loss : 0.286115  loss_ce : 0.271513  loss_dice : 0.300717
iteration 3740 : loss : 0.746095  loss_ce : 1.011440  loss_dice : 0.480750
iteration 3760 : loss : 0.369058  loss_ce : 0.350078  loss_dice : 0.388038
iteration 3780 : loss : 0.346356  loss_ce : 0.281970  loss_dice : 0.410742
iteration 3800 : loss : 0.250093  loss_ce : 0.365904  loss_dice : 0.134282
iteration 3820 : loss : 0.318495  loss_ce : 0.442517  loss_dice : 0.194474
iteration 3840 : loss : 0.215395  loss_ce : 0.290124  loss_dice : 0.140666
iteration 3860 : loss : 0.097588  loss_ce : 0.159420  loss_dice : 0.035756
iteration 3880 : loss : 0.289400  loss_ce : 0.391716  loss_dice : 0.187084
iteration 3900 : loss : 0.348577  loss_ce : 0.488581  loss_dice : 0.208572
iteration 3920 : loss : 0.144666  loss_ce : 0.175637  loss_dice : 0.113696
iteration 3940 : loss : 0.303444  loss_ce : 0.406139  loss_dice : 0.200749
iteration 3960 : loss : 0.058973  loss_ce : 0.099344  loss_dice : 0.018602
iteration 3980 : loss : 0.162224  loss_ce : 0.229089  loss_dice : 0.095360
iteration 4000 : loss : 0.065303  loss_ce : 0.113812  loss_dice : 0.016795
began evaluation!
iteration 4000: validation sampled 4/17 cases
Total test images: 4
Validation begin
===>test image:/projects/weilab/liupeng/projects/frameworks/nnUNet/DATASET/nnUNet_preprocessed/Dataset200_Dataset101_CellMap_model_high_res/nnUNetPlans_3d_lowres_large_patch_test/jrc_mus-liver-zon-1_crop268.npy
condition batch eval, img shape:(400, 400, 400), sx:5, sy:5, sz:5, num_conditions:2
condition:1, metric:[  0. 150. 150.]
condition:2, metric:[  0. 150. 150.]
condition batch eval, img shape:(400, 400, 400), sx:5, sy:5, sz:5, num_conditions:2
condition:3, metric:[0.61526593 0.         0.        ]
condition:4, metric:[0. 0. 0.]
condition batch eval, img shape:(400, 400, 400), sx:5, sy:5, sz:5, num_conditions:2
condition:5, metric:[0. 0. 0.]
condition:6, metric:[0. 0. 0.]
condition batch eval, img shape:(400, 400, 400), sx:5, sy:5, sz:5, num_conditions:2
condition:7, metric:[  0. 150. 150.]
condition:8, metric:[  0. 150. 150.]
condition batch eval, img shape:(400, 400, 400), sx:5, sy:5, sz:5, num_conditions:2
condition:9, metric:[  0. 150. 150.]
condition:10, metric:[  0. 150. 150.]
condition batch eval, img shape:(400, 400, 400), sx:5, sy:5, sz:5, num_conditions:2
condition:11, metric:[  0. 150. 150.]
condition:12, metric:[  0. 150. 150.]
condition batch eval, img shape:(400, 400, 400), sx:5, sy:5, sz:5, num_conditions:2
condition:13, metric:[  0. 150. 150.]
condition:14, metric:[  0. 150. 150.]
condition batch eval, img shape:(400, 400, 400), sx:5, sy:5, sz:5, num_conditions:2
condition:15, metric:[  0. 150. 150.]
condition:16, metric:[  0. 150. 150.]
condition batch eval, img shape:(400, 400, 400), sx:5, sy:5, sz:5, num_conditions:2
condition:17, metric:[0. 0. 0.]
condition:18, metric:[0. 0. 0.]
condition batch eval, img shape:(400, 400, 400), sx:5, sy:5, sz:5, num_conditions:2
condition:19, metric:[  0. 150. 150.]
condition:20, metric:[  0. 150. 150.]
condition batch eval, img shape:(400, 400, 400), sx:5, sy:5, sz:5, num_conditions:2
condition:21, metric:[  0. 150. 150.]
condition:22, metric:[  0. 150. 150.]
condition batch eval, img shape:(400, 400, 400), sx:5, sy:5, sz:5, num_conditions:2
condition:23, metric:[  0. 150. 150.]
condition:24, metric:[  0. 150. 150.]
condition batch eval, img shape:(400, 400, 400), sx:5, sy:5, sz:5, num_conditions:2
condition:25, metric:[  0. 150. 150.]
condition:26, metric:[  0. 150. 150.]
condition batch eval, img shape:(400, 400, 400), sx:5, sy:5, sz:5, num_conditions:2
condition:27, metric:[  0. 150. 150.]
condition:28, metric:[  0. 150. 150.]
condition batch eval, img shape:(400, 400, 400), sx:5, sy:5, sz:5, num_conditions:2
condition:29, metric:[  0. 150. 150.]
condition:30, metric:[  0. 150. 150.]
condition batch eval, img shape:(400, 400, 400), sx:5, sy:5, sz:5, num_conditions:1
condition:31, metric:[0. 0. 0.]
===>test image:/projects/weilab/liupeng/projects/frameworks/nnUNet/DATASET/nnUNet_preprocessed/Dataset200_Dataset101_CellMap_model_high_res/nnUNetPlans_3d_lowres_large_patch_test/jrc_mus-liver-zon-2_crop342.npy
condition batch eval, img shape:(400, 400, 400), sx:5, sy:5, sz:5, num_conditions:2
condition:1, metric:[0.42685546 0.         0.        ]
condition:2, metric:[  0. 150. 150.]
condition batch eval, img shape:(400, 400, 400), sx:5, sy:5, sz:5, num_conditions:2
condition:3, metric:[0.47012693 0.         0.        ]
condition:4, metric:[  0. 150. 150.]
condition batch eval, img shape:(400, 400, 400), sx:5, sy:5, sz:5, num_conditions:2
condition:5, metric:[0. 0. 0.]
condition:6, metric:[  0. 150. 150.]
condition batch eval, img shape:(400, 400, 400), sx:5, sy:5, sz:5, num_conditions:2
condition:7, metric:[  0. 150. 150.]
condition:8, metric:[  0. 150. 150.]
condition batch eval, img shape:(400, 400, 400), sx:5, sy:5, sz:5, num_conditions:2
condition:9, metric:[  0. 150. 150.]
condition:10, metric:[  0. 150. 150.]
condition batch eval, img shape:(400, 400, 400), sx:5, sy:5, sz:5, num_conditions:2
condition:11, metric:[  0. 150. 150.]
condition:12, metric:[  0. 150. 150.]
condition batch eval, img shape:(400, 400, 400), sx:5, sy:5, sz:5, num_conditions:2
condition:13, metric:[  0. 150. 150.]
condition:14, metric:[  0. 150. 150.]
condition batch eval, img shape:(400, 400, 400), sx:5, sy:5, sz:5, num_conditions:2
condition:15, metric:[  0. 150. 150.]
condition:16, metric:[  0. 150. 150.]
condition batch eval, img shape:(400, 400, 400), sx:5, sy:5, sz:5, num_conditions:2
condition:17, metric:[  0. 150. 150.]
condition:18, metric:[  0. 150. 150.]
condition batch eval, img shape:(400, 400, 400), sx:5, sy:5, sz:5, num_conditions:2
condition:19, metric:[  0. 150. 150.]
condition:20, metric:[  0. 150. 150.]
condition batch eval, img shape:(400, 400, 400), sx:5, sy:5, sz:5, num_conditions:2
condition:21, metric:[  0. 150. 150.]
condition:22, metric:[  0. 150. 150.]
condition batch eval, img shape:(400, 400, 400), sx:5, sy:5, sz:5, num_conditions:2
condition:23, metric:[  0. 150. 150.]
condition:24, metric:[  0. 150. 150.]
condition batch eval, img shape:(400, 400, 400), sx:5, sy:5, sz:5, num_conditions:2
condition:25, metric:[0. 0. 0.]
condition:26, metric:[  0. 150. 150.]
condition batch eval, img shape:(400, 400, 400), sx:5, sy:5, sz:5, num_conditions:2
condition:27, metric:[0.00054875 0.         0.        ]
condition:28, metric:[  0. 150. 150.]
condition batch eval, img shape:(400, 400, 400), sx:5, sy:5, sz:5, num_conditions:2
condition:29, metric:[  0. 150. 150.]
condition:30, metric:[  0. 150. 150.]
condition batch eval, img shape:(400, 400, 400), sx:5, sy:5, sz:5, num_conditions:1
condition:31, metric:[  0. 150. 150.]
===>test image:/projects/weilab/liupeng/projects/frameworks/nnUNet/DATASET/nnUNet_preprocessed/Dataset200_Dataset101_CellMap_model_high_res/nnUNetPlans_3d_lowres_large_patch_test/jrc_hela-3_crop50.npy
condition batch eval, img shape:(256, 256, 256), sx:3, sy:3, sz:3, num_conditions:2
condition:1, metric:[0.29986647 0.         0.        ]
condition:2, metric:[  0. 150. 150.]
condition batch eval, img shape:(256, 256, 256), sx:3, sy:3, sz:3, num_conditions:2
condition:3, metric:[0.86449475 0.         0.        ]
condition:4, metric:[  0. 150. 150.]
condition batch eval, img shape:(256, 256, 256), sx:3, sy:3, sz:3, num_conditions:2
condition:5, metric:[  0. 150. 150.]
condition:6, metric:[  0. 150. 150.]
condition batch eval, img shape:(256, 256, 256), sx:3, sy:3, sz:3, num_conditions:2
condition:7, metric:[  0. 150. 150.]
condition:8, metric:[  0. 150. 150.]
condition batch eval, img shape:(256, 256, 256), sx:3, sy:3, sz:3, num_conditions:2
condition:9, metric:[  0. 150. 150.]
condition:10, metric:[  0. 150. 150.]
condition batch eval, img shape:(256, 256, 256), sx:3, sy:3, sz:3, num_conditions:2
condition:11, metric:[  0. 150. 150.]
condition:12, metric:[  0. 150. 150.]
condition batch eval, img shape:(256, 256, 256), sx:3, sy:3, sz:3, num_conditions:2
condition:13, metric:[  0. 150. 150.]
condition:14, metric:[  0. 150. 150.]
condition batch eval, img shape:(256, 256, 256), sx:3, sy:3, sz:3, num_conditions:2
condition:15, metric:[  0. 150. 150.]
condition:16, metric:[  0. 150. 150.]
condition batch eval, img shape:(256, 256, 256), sx:3, sy:3, sz:3, num_conditions:2
condition:17, metric:[  0. 150. 150.]
condition:18, metric:[  0. 150. 150.]
condition batch eval, img shape:(256, 256, 256), sx:3, sy:3, sz:3, num_conditions:2
condition:19, metric:[  0. 150. 150.]
condition:20, metric:[  0. 150. 150.]
condition batch eval, img shape:(256, 256, 256), sx:3, sy:3, sz:3, num_conditions:2
condition:21, metric:[  0. 150. 150.]
condition:22, metric:[  0. 150. 150.]
condition batch eval, img shape:(256, 256, 256), sx:3, sy:3, sz:3, num_conditions:2
condition:23, metric:[  0. 150. 150.]
condition:24, metric:[  0. 150. 150.]
condition batch eval, img shape:(256, 256, 256), sx:3, sy:3, sz:3, num_conditions:2
condition:25, metric:[  0. 150. 150.]
condition:26, metric:[  0. 150. 150.]
condition batch eval, img shape:(256, 256, 256), sx:3, sy:3, sz:3, num_conditions:2
condition:27, metric:[  0. 150. 150.]
condition:28, metric:[  0. 150. 150.]
condition batch eval, img shape:(256, 256, 256), sx:3, sy:3, sz:3, num_conditions:2
condition:29, metric:[  0. 150. 150.]
condition:30, metric:[  0. 150. 150.]
condition batch eval, img shape:(256, 256, 256), sx:3, sy:3, sz:3, num_conditions:1
condition:31, metric:[  0. 150. 150.]
===>test image:/projects/weilab/liupeng/projects/frameworks/nnUNet/DATASET/nnUNet_preprocessed/Dataset200_Dataset101_CellMap_model_high_res/nnUNetPlans_3d_lowres_large_patch_test/jrc_sum159-4_crop219.npy
condition batch eval, img shape:(400, 400, 400), sx:5, sy:5, sz:5, num_conditions:2
condition:1, metric:[0.12368386 0.         0.        ]
condition:2, metric:[  0. 150. 150.]
condition batch eval, img shape:(400, 400, 400), sx:5, sy:5, sz:5, num_conditions:2
condition:3, metric:[0.72985359 0.         0.        ]
condition:4, metric:[  0. 150. 150.]
condition batch eval, img shape:(400, 400, 400), sx:5, sy:5, sz:5, num_conditions:2
condition:5, metric:[7.75634441e-05 0.00000000e+00 0.00000000e+00]
condition:6, metric:[  0. 150. 150.]
condition batch eval, img shape:(400, 400, 400), sx:5, sy:5, sz:5, num_conditions:2
condition:7, metric:[  0. 150. 150.]
condition:8, metric:[0.00060661 0.         0.        ]
condition batch eval, img shape:(400, 400, 400), sx:5, sy:5, sz:5, num_conditions:2
condition:9, metric:[  0. 150. 150.]
condition:10, metric:[  0. 150. 150.]
condition batch eval, img shape:(400, 400, 400), sx:5, sy:5, sz:5, num_conditions:2
condition:11, metric:[  0. 150. 150.]
condition:12, metric:[  0. 150. 150.]
condition batch eval, img shape:(400, 400, 400), sx:5, sy:5, sz:5, num_conditions:2
condition:13, metric:[  0. 150. 150.]
condition:14, metric:[  0. 150. 150.]
condition batch eval, img shape:(400, 400, 400), sx:5, sy:5, sz:5, num_conditions:2
condition:15, metric:[  0. 150. 150.]
condition:16, metric:[0. 0. 0.]
condition batch eval, img shape:(400, 400, 400), sx:5, sy:5, sz:5, num_conditions:2
condition:17, metric:[  0. 150. 150.]
condition:18, metric:[  0. 150. 150.]
condition batch eval, img shape:(400, 400, 400), sx:5, sy:5, sz:5, num_conditions:2
condition:19, metric:[  0. 150. 150.]
condition:20, metric:[  0. 150. 150.]
condition batch eval, img shape:(400, 400, 400), sx:5, sy:5, sz:5, num_conditions:2
condition:21, metric:[  0. 150. 150.]
condition:22, metric:[  0. 150. 150.]
condition batch eval, img shape:(400, 400, 400), sx:5, sy:5, sz:5, num_conditions:2
condition:23, metric:[  0. 150. 150.]
condition:24, metric:[  0. 150. 150.]
condition batch eval, img shape:(400, 400, 400), sx:5, sy:5, sz:5, num_conditions:2
condition:25, metric:[7.73603115e-05 0.00000000e+00 0.00000000e+00]
condition:26, metric:[  0. 150. 150.]
condition batch eval, img shape:(400, 400, 400), sx:5, sy:5, sz:5, num_conditions:2
condition:27, metric:[0.00645019 0.         0.        ]
condition:28, metric:[  0. 150. 150.]
condition batch eval, img shape:(400, 400, 400), sx:5, sy:5, sz:5, num_conditions:2
condition:29, metric:[  0. 150. 150.]
condition:30, metric:[  0. 150. 150.]
condition batch eval, img shape:(400, 400, 400), sx:5, sy:5, sz:5, num_conditions:1
condition:31, metric:[  0. 150. 150.]
Validation end
avg metric shape: (31, 3)
iteration 4000 : model2_dice_score : 0.028532 model2_hd95 : 124.596774
save model to ../model/CellMap_202_CondBaseline_cond_baseline_cellmap_highres_SGD_SGD/unet_3D_old/model2_iter_4000.pth
iteration 4020 : loss : 0.052699  loss_ce : 0.089957  loss_dice : 0.015440
iteration 4040 : loss : 0.090797  loss_ce : 0.140532  loss_dice : 0.041063
iteration 4060 : loss : 0.592521  loss_ce : 0.824333  loss_dice : 0.360709
iteration 4080 : loss : 0.089551  loss_ce : 0.148446  loss_dice : 0.030656
iteration 4100 : loss : 0.120477  loss_ce : 0.188266  loss_dice : 0.052689
iteration 4120 : loss : 0.175663  loss_ce : 0.250965  loss_dice : 0.100360
iteration 4140 : loss : 0.212426  loss_ce : 0.309048  loss_dice : 0.115804
iteration 4160 : loss : 0.391714  loss_ce : 0.312435  loss_dice : 0.470993
iteration 4180 : loss : 0.559944  loss_ce : 0.697678  loss_dice : 0.422210
iteration 4200 : loss : 0.250804  loss_ce : 0.292499  loss_dice : 0.209109
iteration 4220 : loss : 0.347496  loss_ce : 0.455418  loss_dice : 0.239575
iteration 4240 : loss : 0.453516  loss_ce : 0.638496  loss_dice : 0.268535
iteration 4260 : loss : 0.321075  loss_ce : 0.243752  loss_dice : 0.398399
iteration 4280 : loss : 0.257603  loss_ce : 0.324151  loss_dice : 0.191056
iteration 4300 : loss : 0.319316  loss_ce : 0.287840  loss_dice : 0.350792
iteration 4320 : loss : 0.322255  loss_ce : 0.428987  loss_dice : 0.215522
iteration 4340 : loss : 0.324968  loss_ce : 0.381261  loss_dice : 0.268674
iteration 4360 : loss : 0.293106  loss_ce : 0.436903  loss_dice : 0.149310
iteration 4380 : loss : 0.095601  loss_ce : 0.146472  loss_dice : 0.044730
iteration 4400 : loss : 0.282859  loss_ce : 0.405539  loss_dice : 0.160180
began evaluation!
iteration 4400: validation sampled 4/17 cases
Total test images: 4
Validation begin
===>test image:/projects/weilab/liupeng/projects/frameworks/nnUNet/DATASET/nnUNet_preprocessed/Dataset200_Dataset101_CellMap_model_high_res/nnUNetPlans_3d_lowres_large_patch_test/jrc_mus-kidney_crop164.npy
condition batch eval, img shape:(200, 200, 200), sx:2, sy:2, sz:2, num_conditions:2
condition:1, metric:[0.03549975 0.         0.        ]
condition:2, metric:[  0. 150. 150.]
condition batch eval, img shape:(200, 200, 200), sx:2, sy:2, sz:2, num_conditions:2
condition:3, metric:[0.75334456 0.         0.        ]
condition:4, metric:[  0. 150. 150.]
condition batch eval, img shape:(200, 200, 200), sx:2, sy:2, sz:2, num_conditions:2
condition:5, metric:[  0. 150. 150.]
condition:6, metric:[  0. 150. 150.]
condition batch eval, img shape:(200, 200, 200), sx:2, sy:2, sz:2, num_conditions:2
condition:7, metric:[  0. 150. 150.]
condition:8, metric:[  0. 150. 150.]
condition batch eval, img shape:(200, 200, 200), sx:2, sy:2, sz:2, num_conditions:2
condition:9, metric:[  0. 150. 150.]
condition:10, metric:[  0. 150. 150.]
condition batch eval, img shape:(200, 200, 200), sx:2, sy:2, sz:2, num_conditions:2
condition:11, metric:[  0. 150. 150.]
condition:12, metric:[  0. 150. 150.]
condition batch eval, img shape:(200, 200, 200), sx:2, sy:2, sz:2, num_conditions:2
condition:13, metric:[  0. 150. 150.]
condition:14, metric:[  0. 150. 150.]
condition batch eval, img shape:(200, 200, 200), sx:2, sy:2, sz:2, num_conditions:2
condition:15, metric:[  0. 150. 150.]
condition:16, metric:[  0. 150. 150.]
condition batch eval, img shape:(200, 200, 200), sx:2, sy:2, sz:2, num_conditions:2
condition:17, metric:[  0. 150. 150.]
condition:18, metric:[  0. 150. 150.]
condition batch eval, img shape:(200, 200, 200), sx:2, sy:2, sz:2, num_conditions:2
condition:19, metric:[  0. 150. 150.]
condition:20, metric:[  0. 150. 150.]
condition batch eval, img shape:(200, 200, 200), sx:2, sy:2, sz:2, num_conditions:2
condition:21, metric:[  0. 150. 150.]
condition:22, metric:[  0. 150. 150.]
condition batch eval, img shape:(200, 200, 200), sx:2, sy:2, sz:2, num_conditions:2
condition:23, metric:[  0. 150. 150.]
condition:24, metric:[  0. 150. 150.]
condition batch eval, img shape:(200, 200, 200), sx:2, sy:2, sz:2, num_conditions:2
condition:25, metric:[  0. 150. 150.]
condition:26, metric:[  0. 150. 150.]
condition batch eval, img shape:(200, 200, 200), sx:2, sy:2, sz:2, num_conditions:2
condition:27, metric:[  0. 150. 150.]
condition:28, metric:[  0. 150. 150.]
condition batch eval, img shape:(200, 200, 200), sx:2, sy:2, sz:2, num_conditions:2
condition:29, metric:[  0. 150. 150.]
condition:30, metric:[  0. 150. 150.]
condition batch eval, img shape:(200, 200, 200), sx:2, sy:2, sz:2, num_conditions:1
condition:31, metric:[  0. 150. 150.]
===>test image:/projects/weilab/liupeng/projects/frameworks/nnUNet/DATASET/nnUNet_preprocessed/Dataset200_Dataset101_CellMap_model_high_res/nnUNetPlans_3d_lowres_large_patch_test/jrc_cos7-1a_crop236.npy
condition batch eval, img shape:(200, 200, 200), sx:2, sy:2, sz:2, num_conditions:2
condition:1, metric:[  0. 150. 150.]
condition:2, metric:[  0. 150. 150.]
condition batch eval, img shape:(200, 200, 200), sx:2, sy:2, sz:2, num_conditions:2
condition:3, metric:[0.78859644 0.         0.        ]
condition:4, metric:[  0. 150. 150.]
condition batch eval, img shape:(200, 200, 200), sx:2, sy:2, sz:2, num_conditions:2
condition:5, metric:[  0. 150. 150.]
condition:6, metric:[  0. 150. 150.]
condition batch eval, img shape:(200, 200, 200), sx:2, sy:2, sz:2, num_conditions:2
condition:7, metric:[  0. 150. 150.]
condition:8, metric:[  0. 150. 150.]
condition batch eval, img shape:(200, 200, 200), sx:2, sy:2, sz:2, num_conditions:2
condition:9, metric:[  0. 150. 150.]
condition:10, metric:[  0. 150. 150.]
condition batch eval, img shape:(200, 200, 200), sx:2, sy:2, sz:2, num_conditions:2
condition:11, metric:[  0. 150. 150.]
condition:12, metric:[  0. 150. 150.]
condition batch eval, img shape:(200, 200, 200), sx:2, sy:2, sz:2, num_conditions:2
condition:13, metric:[  0. 150. 150.]
condition:14, metric:[  0. 150. 150.]
condition batch eval, img shape:(200, 200, 200), sx:2, sy:2, sz:2, num_conditions:2
condition:15, metric:[  0. 150. 150.]
condition:16, metric:[  0. 150. 150.]
condition batch eval, img shape:(200, 200, 200), sx:2, sy:2, sz:2, num_conditions:2
condition:17, metric:[  0. 150. 150.]
condition:18, metric:[  0. 150. 150.]
condition batch eval, img shape:(200, 200, 200), sx:2, sy:2, sz:2, num_conditions:2
condition:19, metric:[  0. 150. 150.]
condition:20, metric:[  0. 150. 150.]
condition batch eval, img shape:(200, 200, 200), sx:2, sy:2, sz:2, num_conditions:2
condition:21, metric:[  0. 150. 150.]
condition:22, metric:[  0. 150. 150.]
condition batch eval, img shape:(200, 200, 200), sx:2, sy:2, sz:2, num_conditions:2
condition:23, metric:[  0. 150. 150.]
condition:24, metric:[  0. 150. 150.]
condition batch eval, img shape:(200, 200, 200), sx:2, sy:2, sz:2, num_conditions:2
condition:25, metric:[  0. 150. 150.]
condition:26, metric:[  0. 150. 150.]
condition batch eval, img shape:(200, 200, 200), sx:2, sy:2, sz:2, num_conditions:2
condition:27, metric:[  0. 150. 150.]
condition:28, metric:[  0. 150. 150.]
condition batch eval, img shape:(200, 200, 200), sx:2, sy:2, sz:2, num_conditions:2
condition:29, metric:[  0. 150. 150.]
condition:30, metric:[  0. 150. 150.]
condition batch eval, img shape:(200, 200, 200), sx:2, sy:2, sz:2, num_conditions:1
condition:31, metric:[  0. 150. 150.]
===>test image:/projects/weilab/liupeng/projects/frameworks/nnUNet/DATASET/nnUNet_preprocessed/Dataset200_Dataset101_CellMap_model_high_res/nnUNetPlans_3d_lowres_large_patch_test/jrc_mus-liver_crop125.npy
condition batch eval, img shape:(400, 400, 400), sx:5, sy:5, sz:5, num_conditions:2
condition:1, metric:[0.72473548 0.         0.        ]
condition:2, metric:[  0. 150. 150.]
condition batch eval, img shape:(400, 400, 400), sx:5, sy:5, sz:5, num_conditions:2
condition:3, metric:[0.13962458 0.         0.        ]
condition:4, metric:[  0. 150. 150.]
condition batch eval, img shape:(400, 400, 400), sx:5, sy:5, sz:5, num_conditions:2
condition:5, metric:[  0. 150. 150.]
condition:6, metric:[  0. 150. 150.]
condition batch eval, img shape:(400, 400, 400), sx:5, sy:5, sz:5, num_conditions:2
condition:7, metric:[  0. 150. 150.]
condition:8, metric:[  0. 150. 150.]
condition batch eval, img shape:(400, 400, 400), sx:5, sy:5, sz:5, num_conditions:2
condition:9, metric:[  0. 150. 150.]
condition:10, metric:[  0. 150. 150.]
condition batch eval, img shape:(400, 400, 400), sx:5, sy:5, sz:5, num_conditions:2
condition:11, metric:[  0. 150. 150.]
condition:12, metric:[  0. 150. 150.]
condition batch eval, img shape:(400, 400, 400), sx:5, sy:5, sz:5, num_conditions:2
condition:13, metric:[  0. 150. 150.]
condition:14, metric:[  0. 150. 150.]
condition batch eval, img shape:(400, 400, 400), sx:5, sy:5, sz:5, num_conditions:2
condition:15, metric:[  0. 150. 150.]
condition:16, metric:[  0. 150. 150.]
condition batch eval, img shape:(400, 400, 400), sx:5, sy:5, sz:5, num_conditions:2
condition:17, metric:[  0. 150. 150.]
condition:18, metric:[  0. 150. 150.]
condition batch eval, img shape:(400, 400, 400), sx:5, sy:5, sz:5, num_conditions:2
condition:19, metric:[  0. 150. 150.]
condition:20, metric:[  0. 150. 150.]
condition batch eval, img shape:(400, 400, 400), sx:5, sy:5, sz:5, num_conditions:2
condition:21, metric:[  0. 150. 150.]
condition:22, metric:[  0. 150. 150.]
condition batch eval, img shape:(400, 400, 400), sx:5, sy:5, sz:5, num_conditions:2
condition:23, metric:[  0. 150. 150.]
condition:24, metric:[  0. 150. 150.]
condition batch eval, img shape:(400, 400, 400), sx:5, sy:5, sz:5, num_conditions:2
condition:25, metric:[  0. 150. 150.]
condition:26, metric:[  0. 150. 150.]
condition batch eval, img shape:(400, 400, 400), sx:5, sy:5, sz:5, num_conditions:2
condition:27, metric:[  0. 150. 150.]
condition:28, metric:[  0. 150. 150.]
condition batch eval, img shape:(400, 400, 400), sx:5, sy:5, sz:5, num_conditions:2
condition:29, metric:[  0. 150. 150.]
condition:30, metric:[  0. 150. 150.]
condition batch eval, img shape:(400, 400, 400), sx:5, sy:5, sz:5, num_conditions:1
condition:31, metric:[  0. 150. 150.]
===>test image:/projects/weilab/liupeng/projects/frameworks/nnUNet/DATASET/nnUNet_preprocessed/Dataset200_Dataset101_CellMap_model_high_res/nnUNetPlans_3d_lowres_large_patch_test/jrc_hela-2_crop15.npy
condition batch eval, img shape:(160, 160, 160), sx:1, sy:1, sz:1, num_conditions:2
condition:1, metric:[  0. 150. 150.]
condition:2, metric:[  0. 150. 150.]
condition batch eval, img shape:(160, 160, 160), sx:1, sy:1, sz:1, num_conditions:2
condition:3, metric:[0.88540113 0.         0.        ]
condition:4, metric:[  0. 150. 150.]
condition batch eval, img shape:(160, 160, 160), sx:1, sy:1, sz:1, num_conditions:2
condition:5, metric:[  0. 150. 150.]
condition:6, metric:[  0. 150. 150.]
condition batch eval, img shape:(160, 160, 160), sx:1, sy:1, sz:1, num_conditions:2
condition:7, metric:[  0. 150. 150.]
condition:8, metric:[  0. 150. 150.]
condition batch eval, img shape:(160, 160, 160), sx:1, sy:1, sz:1, num_conditions:2
condition:9, metric:[  0. 150. 150.]
condition:10, metric:[  0. 150. 150.]
condition batch eval, img shape:(160, 160, 160), sx:1, sy:1, sz:1, num_conditions:2
condition:11, metric:[  0. 150. 150.]
condition:12, metric:[  0. 150. 150.]
condition batch eval, img shape:(160, 160, 160), sx:1, sy:1, sz:1, num_conditions:2
condition:13, metric:[  0. 150. 150.]
condition:14, metric:[  0. 150. 150.]
condition batch eval, img shape:(160, 160, 160), sx:1, sy:1, sz:1, num_conditions:2
condition:15, metric:[  0. 150. 150.]
condition:16, metric:[  0. 150. 150.]
condition batch eval, img shape:(160, 160, 160), sx:1, sy:1, sz:1, num_conditions:2
condition:17, metric:[  0. 150. 150.]
condition:18, metric:[  0. 150. 150.]
condition batch eval, img shape:(160, 160, 160), sx:1, sy:1, sz:1, num_conditions:2
condition:19, metric:[  0. 150. 150.]
condition:20, metric:[  0. 150. 150.]
condition batch eval, img shape:(160, 160, 160), sx:1, sy:1, sz:1, num_conditions:2
condition:21, metric:[  0. 150. 150.]
condition:22, metric:[  0. 150. 150.]
condition batch eval, img shape:(160, 160, 160), sx:1, sy:1, sz:1, num_conditions:2
condition:23, metric:[  0. 150. 150.]
condition:24, metric:[  0. 150. 150.]
condition batch eval, img shape:(160, 160, 160), sx:1, sy:1, sz:1, num_conditions:2
condition:25, metric:[  0. 150. 150.]
condition:26, metric:[  0. 150. 150.]
condition batch eval, img shape:(160, 160, 160), sx:1, sy:1, sz:1, num_conditions:2
condition:27, metric:[  0. 150. 150.]
condition:28, metric:[  0. 150. 150.]
condition batch eval, img shape:(160, 160, 160), sx:1, sy:1, sz:1, num_conditions:2
condition:29, metric:[  0. 150. 150.]
condition:30, metric:[  0. 150. 150.]
condition batch eval, img shape:(160, 160, 160), sx:1, sy:1, sz:1, num_conditions:1
condition:31, metric:[  0. 150. 150.]
Validation end
avg metric shape: (31, 3)
iteration 4400 : model2_dice_score : 0.026832 model2_hd95 : 142.741935
save model to ../model/CellMap_202_CondBaseline_cond_baseline_cellmap_highres_SGD_SGD/unet_3D_old/model2_iter_4400.pth
iteration 4420 : loss : 0.052807  loss_ce : 0.091233  loss_dice : 0.014380
iteration 4440 : loss : 0.353288  loss_ce : 0.509870  loss_dice : 0.196706
iteration 4460 : loss : 0.298509  loss_ce : 0.355324  loss_dice : 0.241695
iteration 4480 : loss : 0.350622  loss_ce : 0.492509  loss_dice : 0.208735
iteration 4500 : loss : 0.127494  loss_ce : 0.198294  loss_dice : 0.056695
iteration 4520 : loss : 0.399344  loss_ce : 0.560738  loss_dice : 0.237950
iteration 4540 : loss : 0.340946  loss_ce : 0.370762  loss_dice : 0.311129
iteration 4560 : loss : 0.270503  loss_ce : 0.040324  loss_dice : 0.500682
iteration 4580 : loss : 0.107254  loss_ce : 0.169052  loss_dice : 0.045456
iteration 4600 : loss : 0.221354  loss_ce : 0.297525  loss_dice : 0.145184
iteration 4620 : loss : 0.348480  loss_ce : 0.308865  loss_dice : 0.388096
iteration 4640 : loss : 0.292764  loss_ce : 0.344872  loss_dice : 0.240655
iteration 4660 : loss : 0.226260  loss_ce : 0.320427  loss_dice : 0.132093
iteration 4680 : loss : 0.038671  loss_ce : 0.068599  loss_dice : 0.008743
iteration 4700 : loss : 0.195293  loss_ce : 0.287272  loss_dice : 0.103314
iteration 4720 : loss : 0.284179  loss_ce : 0.333940  loss_dice : 0.234418
iteration 4740 : loss : 0.349442  loss_ce : 0.499834  loss_dice : 0.199050
iteration 4760 : loss : 0.126692  loss_ce : 0.192457  loss_dice : 0.060926
iteration 4780 : loss : 0.440889  loss_ce : 0.525035  loss_dice : 0.356743
iteration 4800 : loss : 0.292747  loss_ce : 0.187902  loss_dice : 0.397592
began evaluation!
iteration 4800: validation sampled 4/17 cases
Total test images: 4
Validation begin
===>test image:/projects/weilab/liupeng/projects/frameworks/nnUNet/DATASET/nnUNet_preprocessed/Dataset200_Dataset101_CellMap_model_high_res/nnUNetPlans_3d_lowres_large_patch_test/jrc_fly-mb-1a_crop121.npy
condition batch eval, img shape:(200, 200, 200), sx:2, sy:2, sz:2, num_conditions:2
condition:1, metric:[0.08357138 0.         0.        ]
condition:2, metric:[  0. 150. 150.]
condition batch eval, img shape:(200, 200, 200), sx:2, sy:2, sz:2, num_conditions:2
condition:3, metric:[0.03933712 0.         0.        ]
condition:4, metric:[  0. 150. 150.]
condition batch eval, img shape:(200, 200, 200), sx:2, sy:2, sz:2, num_conditions:2
condition:5, metric:[  0. 150. 150.]
condition:6, metric:[  0. 150. 150.]
condition batch eval, img shape:(200, 200, 200), sx:2, sy:2, sz:2, num_conditions:2
condition:7, metric:[  0. 150. 150.]
condition:8, metric:[  0. 150. 150.]
condition batch eval, img shape:(200, 200, 200), sx:2, sy:2, sz:2, num_conditions:2
condition:9, metric:[  0. 150. 150.]
condition:10, metric:[  0. 150. 150.]
condition batch eval, img shape:(200, 200, 200), sx:2, sy:2, sz:2, num_conditions:2
condition:11, metric:[  0. 150. 150.]
condition:12, metric:[  0. 150. 150.]
condition batch eval, img shape:(200, 200, 200), sx:2, sy:2, sz:2, num_conditions:2
condition:13, metric:[  0. 150. 150.]
condition:14, metric:[  0. 150. 150.]
condition batch eval, img shape:(200, 200, 200), sx:2, sy:2, sz:2, num_conditions:2
condition:15, metric:[  0. 150. 150.]
condition:16, metric:[  0. 150. 150.]
condition batch eval, img shape:(200, 200, 200), sx:2, sy:2, sz:2, num_conditions:2
condition:17, metric:[  0. 150. 150.]
condition:18, metric:[  0. 150. 150.]
condition batch eval, img shape:(200, 200, 200), sx:2, sy:2, sz:2, num_conditions:2
condition:19, metric:[  0. 150. 150.]
condition:20, metric:[  0. 150. 150.]
condition batch eval, img shape:(200, 200, 200), sx:2, sy:2, sz:2, num_conditions:2
condition:21, metric:[  0. 150. 150.]
condition:22, metric:[  0. 150. 150.]
condition batch eval, img shape:(200, 200, 200), sx:2, sy:2, sz:2, num_conditions:2
condition:23, metric:[  0. 150. 150.]
condition:24, metric:[  0. 150. 150.]
condition batch eval, img shape:(200, 200, 200), sx:2, sy:2, sz:2, num_conditions:2
condition:25, metric:[  0. 150. 150.]
condition:26, metric:[  0. 150. 150.]
condition batch eval, img shape:(200, 200, 200), sx:2, sy:2, sz:2, num_conditions:2
condition:27, metric:[  0. 150. 150.]
condition:28, metric:[  0. 150. 150.]
condition batch eval, img shape:(200, 200, 200), sx:2, sy:2, sz:2, num_conditions:2
condition:29, metric:[  0. 150. 150.]
condition:30, metric:[  0. 150. 150.]
condition batch eval, img shape:(200, 200, 200), sx:2, sy:2, sz:2, num_conditions:1
condition:31, metric:[  0. 150. 150.]
===>test image:/projects/weilab/liupeng/projects/frameworks/nnUNet/DATASET/nnUNet_preprocessed/Dataset200_Dataset101_CellMap_model_high_res/nnUNetPlans_3d_lowres_large_patch_test/jrc_sum159-1_crop20.npy
condition batch eval, img shape:(200, 200, 160), sx:2, sy:2, sz:1, num_conditions:2
condition:1, metric:[  0. 150. 150.]
condition:2, metric:[  0. 150. 150.]
condition batch eval, img shape:(200, 200, 160), sx:2, sy:2, sz:1, num_conditions:2
condition:3, metric:[0.63918385 0.         0.        ]
condition:4, metric:[  0. 150. 150.]
condition batch eval, img shape:(200, 200, 160), sx:2, sy:2, sz:1, num_conditions:2
condition:5, metric:[  0. 150. 150.]
condition:6, metric:[  0. 150. 150.]
condition batch eval, img shape:(200, 200, 160), sx:2, sy:2, sz:1, num_conditions:2
condition:7, metric:[  0. 150. 150.]
condition:8, metric:[  0. 150. 150.]
condition batch eval, img shape:(200, 200, 160), sx:2, sy:2, sz:1, num_conditions:2
condition:9, metric:[  0. 150. 150.]
condition:10, metric:[  0. 150. 150.]
condition batch eval, img shape:(200, 200, 160), sx:2, sy:2, sz:1, num_conditions:2
condition:11, metric:[  0. 150. 150.]
condition:12, metric:[  0. 150. 150.]
condition batch eval, img shape:(200, 200, 160), sx:2, sy:2, sz:1, num_conditions:2
condition:13, metric:[  0. 150. 150.]
condition:14, metric:[  0. 150. 150.]
condition batch eval, img shape:(200, 200, 160), sx:2, sy:2, sz:1, num_conditions:2
condition:15, metric:[  0. 150. 150.]
condition:16, metric:[0. 0. 0.]
condition batch eval, img shape:(200, 200, 160), sx:2, sy:2, sz:1, num_conditions:2
condition:17, metric:[  0. 150. 150.]
condition:18, metric:[  0. 150. 150.]
condition batch eval, img shape:(200, 200, 160), sx:2, sy:2, sz:1, num_conditions:2
condition:19, metric:[  0. 150. 150.]
condition:20, metric:[  0. 150. 150.]
condition batch eval, img shape:(200, 200, 160), sx:2, sy:2, sz:1, num_conditions:2
condition:21, metric:[  0. 150. 150.]
condition:22, metric:[  0. 150. 150.]
condition batch eval, img shape:(200, 200, 160), sx:2, sy:2, sz:1, num_conditions:2
condition:23, metric:[  0. 150. 150.]
condition:24, metric:[  0. 150. 150.]
condition batch eval, img shape:(200, 200, 160), sx:2, sy:2, sz:1, num_conditions:2
condition:25, metric:[  0. 150. 150.]
condition:26, metric:[  0. 150. 150.]
condition batch eval, img shape:(200, 200, 160), sx:2, sy:2, sz:1, num_conditions:2
condition:27, metric:[  0. 150. 150.]
condition:28, metric:[  0. 150. 150.]
condition batch eval, img shape:(200, 200, 160), sx:2, sy:2, sz:1, num_conditions:2
condition:29, metric:[  0. 150. 150.]
condition:30, metric:[  0. 150. 150.]
condition batch eval, img shape:(200, 200, 160), sx:2, sy:2, sz:1, num_conditions:1
condition:31, metric:[  0. 150. 150.]
===>test image:/projects/weilab/liupeng/projects/frameworks/nnUNet/DATASET/nnUNet_preprocessed/Dataset200_Dataset101_CellMap_model_high_res/nnUNetPlans_3d_lowres_large_patch_test/jrc_ut21-1413-003_crop190.npy
condition batch eval, img shape:(400, 400, 400), sx:5, sy:5, sz:5, num_conditions:2
condition:1, metric:[0.50061101 0.         0.        ]
condition:2, metric:[  0. 150. 150.]
condition batch eval, img shape:(400, 400, 400), sx:5, sy:5, sz:5, num_conditions:2
condition:3, metric:[0.11882587 0.         0.        ]
condition:4, metric:[  0. 150. 150.]
condition batch eval, img shape:(400, 400, 400), sx:5, sy:5, sz:5, num_conditions:2
condition:5, metric:[  0. 150. 150.]
condition:6, metric:[  0. 150. 150.]
condition batch eval, img shape:(400, 400, 400), sx:5, sy:5, sz:5, num_conditions:2
condition:7, metric:[  0. 150. 150.]
condition:8, metric:[  0. 150. 150.]
condition batch eval, img shape:(400, 400, 400), sx:5, sy:5, sz:5, num_conditions:2
condition:9, metric:[  0. 150. 150.]
condition:10, metric:[  0. 150. 150.]
condition batch eval, img shape:(400, 400, 400), sx:5, sy:5, sz:5, num_conditions:2
condition:11, metric:[  0. 150. 150.]
condition:12, metric:[  0. 150. 150.]
condition batch eval, img shape:(400, 400, 400), sx:5, sy:5, sz:5, num_conditions:2
condition:13, metric:[  0. 150. 150.]
condition:14, metric:[  0. 150. 150.]
condition batch eval, img shape:(400, 400, 400), sx:5, sy:5, sz:5, num_conditions:2
condition:15, metric:[  0. 150. 150.]
condition:16, metric:[5.72635675e-05 0.00000000e+00 0.00000000e+00]
condition batch eval, img shape:(400, 400, 400), sx:5, sy:5, sz:5, num_conditions:2
condition:17, metric:[  0. 150. 150.]
condition:18, metric:[  0. 150. 150.]
condition batch eval, img shape:(400, 400, 400), sx:5, sy:5, sz:5, num_conditions:2
condition:19, metric:[  0. 150. 150.]
condition:20, metric:[  0. 150. 150.]
condition batch eval, img shape:(400, 400, 400), sx:5, sy:5, sz:5, num_conditions:2
condition:21, metric:[  0. 150. 150.]
condition:22, metric:[  0. 150. 150.]
condition batch eval, img shape:(400, 400, 400), sx:5, sy:5, sz:5, num_conditions:2
condition:23, metric:[  0. 150. 150.]
condition:24, metric:[  0. 150. 150.]
condition batch eval, img shape:(400, 400, 400), sx:5, sy:5, sz:5, num_conditions:2
condition:25, metric:[  0. 150. 150.]
condition:26, metric:[  0. 150. 150.]
condition batch eval, img shape:(400, 400, 400), sx:5, sy:5, sz:5, num_conditions:2
condition:27, metric:[  0. 150. 150.]
condition:28, metric:[  0. 150. 150.]
condition batch eval, img shape:(400, 400, 400), sx:5, sy:5, sz:5, num_conditions:2
condition:29, metric:[  0. 150. 150.]
condition:30, metric:[  0. 150. 150.]
condition batch eval, img shape:(400, 400, 400), sx:5, sy:5, sz:5, num_conditions:1
condition:31, metric:[  0. 150. 150.]
===>test image:/projects/weilab/liupeng/projects/frameworks/nnUNet/DATASET/nnUNet_preprocessed/Dataset200_Dataset101_CellMap_model_high_res/nnUNetPlans_3d_lowres_large_patch_test/jrc_ctl-id8-1_crop118.npy
condition batch eval, img shape:(200, 200, 200), sx:2, sy:2, sz:2, num_conditions:2
condition:1, metric:[0.37435513 0.         0.        ]
condition:2, metric:[  0. 150. 150.]
condition batch eval, img shape:(200, 200, 200), sx:2, sy:2, sz:2, num_conditions:2
condition:3, metric:[0.57266406 0.         0.        ]
condition:4, metric:[  0. 150. 150.]
condition batch eval, img shape:(200, 200, 200), sx:2, sy:2, sz:2, num_conditions:2
condition:5, metric:[  0. 150. 150.]
condition:6, metric:[  0. 150. 150.]
condition batch eval, img shape:(200, 200, 200), sx:2, sy:2, sz:2, num_conditions:2
condition:7, metric:[  0. 150. 150.]
condition:8, metric:[  0. 150. 150.]
condition batch eval, img shape:(200, 200, 200), sx:2, sy:2, sz:2, num_conditions:2
condition:9, metric:[  0. 150. 150.]
condition:10, metric:[  0. 150. 150.]
condition batch eval, img shape:(200, 200, 200), sx:2, sy:2, sz:2, num_conditions:2
condition:11, metric:[  0. 150. 150.]
condition:12, metric:[  0. 150. 150.]
condition batch eval, img shape:(200, 200, 200), sx:2, sy:2, sz:2, num_conditions:2
condition:13, metric:[  0. 150. 150.]
condition:14, metric:[  0. 150. 150.]
condition batch eval, img shape:(200, 200, 200), sx:2, sy:2, sz:2, num_conditions:2
condition:15, metric:[  0. 150. 150.]
condition:16, metric:[  0. 150. 150.]
condition batch eval, img shape:(200, 200, 200), sx:2, sy:2, sz:2, num_conditions:2
condition:17, metric:[  0. 150. 150.]
condition:18, metric:[  0. 150. 150.]
condition batch eval, img shape:(200, 200, 200), sx:2, sy:2, sz:2, num_conditions:2
condition:19, metric:[  0. 150. 150.]
condition:20, metric:[  0. 150. 150.]
condition batch eval, img shape:(200, 200, 200), sx:2, sy:2, sz:2, num_conditions:2
condition:21, metric:[  0. 150. 150.]
condition:22, metric:[  0. 150. 150.]
condition batch eval, img shape:(200, 200, 200), sx:2, sy:2, sz:2, num_conditions:2
condition:23, metric:[  0. 150. 150.]
condition:24, metric:[  0. 150. 150.]
condition batch eval, img shape:(200, 200, 200), sx:2, sy:2, sz:2, num_conditions:2
condition:25, metric:[  0. 150. 150.]
condition:26, metric:[  0. 150. 150.]
condition batch eval, img shape:(200, 200, 200), sx:2, sy:2, sz:2, num_conditions:2
condition:27, metric:[  0. 150. 150.]
condition:28, metric:[  0. 150. 150.]
condition batch eval, img shape:(200, 200, 200), sx:2, sy:2, sz:2, num_conditions:2
condition:29, metric:[  0. 150. 150.]
condition:30, metric:[  0. 150. 150.]
condition batch eval, img shape:(200, 200, 200), sx:2, sy:2, sz:2, num_conditions:1
condition:31, metric:[  0. 150. 150.]
Validation end
avg metric shape: (31, 3)
iteration 4800 : model2_dice_score : 0.018779 model2_hd95 : 139.112903
save model to ../model/CellMap_202_CondBaseline_cond_baseline_cellmap_highres_SGD_SGD/unet_3D_old/model2_iter_4800.pth
iteration 4820 : loss : 0.368381  loss_ce : 0.388181  loss_dice : 0.348582
iteration 4840 : loss : 0.370581  loss_ce : 0.487548  loss_dice : 0.253614
iteration 4860 : loss : 0.328069  loss_ce : 0.447728  loss_dice : 0.208411
iteration 4880 : loss : 0.479107  loss_ce : 0.586916  loss_dice : 0.371299
iteration 4900 : loss : 0.129038  loss_ce : 0.192661  loss_dice : 0.065415
iteration 4920 : loss : 0.287277  loss_ce : 0.238723  loss_dice : 0.335831
iteration 4940 : loss : 0.397055  loss_ce : 0.554452  loss_dice : 0.239658
iteration 4960 : loss : 0.238659  loss_ce : 0.221977  loss_dice : 0.255342
iteration 4980 : loss : 0.325905  loss_ce : 0.243749  loss_dice : 0.408061
iteration 5000 : loss : 0.413163  loss_ce : 0.538192  loss_dice : 0.288134
iteration 5020 : loss : 0.408329  loss_ce : 0.558062  loss_dice : 0.258597
iteration 5040 : loss : 0.439851  loss_ce : 0.529027  loss_dice : 0.350675
iteration 5060 : loss : 0.206670  loss_ce : 0.269809  loss_dice : 0.143531
iteration 5080 : loss : 0.284191  loss_ce : 0.066890  loss_dice : 0.501492
iteration 5100 : loss : 0.342865  loss_ce : 0.390936  loss_dice : 0.294794
iteration 5120 : loss : 0.277694  loss_ce : 0.109086  loss_dice : 0.446302
iteration 5140 : loss : 0.402693  loss_ce : 0.443267  loss_dice : 0.362118
iteration 5160 : loss : 0.244952  loss_ce : 0.282456  loss_dice : 0.207449
iteration 5180 : loss : 0.441451  loss_ce : 0.576736  loss_dice : 0.306165
iteration 5200 : loss : 0.150942  loss_ce : 0.227535  loss_dice : 0.074350
began evaluation!
iteration 5200: validation sampled 4/17 cases
Total test images: 4
Validation begin
===>test image:/projects/weilab/liupeng/projects/frameworks/nnUNet/DATASET/nnUNet_preprocessed/Dataset200_Dataset101_CellMap_model_high_res/nnUNetPlans_3d_lowres_large_patch_test/jrc_mus-liver-zon-1_crop266.npy
condition batch eval, img shape:(400, 400, 400), sx:5, sy:5, sz:5, num_conditions:2
condition:1, metric:[  0. 150. 150.]
condition:2, metric:[  0. 150. 150.]
condition batch eval, img shape:(400, 400, 400), sx:5, sy:5, sz:5, num_conditions:2
condition:3, metric:[0.44469322 0.         0.        ]
condition:4, metric:[  0. 150. 150.]
condition batch eval, img shape:(400, 400, 400), sx:5, sy:5, sz:5, num_conditions:2
condition:5, metric:[0. 0. 0.]
condition:6, metric:[  0. 150. 150.]
condition batch eval, img shape:(400, 400, 400), sx:5, sy:5, sz:5, num_conditions:2
condition:7, metric:[  0. 150. 150.]
condition:8, metric:[  0. 150. 150.]
condition batch eval, img shape:(400, 400, 400), sx:5, sy:5, sz:5, num_conditions:2
condition:9, metric:[  0. 150. 150.]
condition:10, metric:[  0. 150. 150.]
condition batch eval, img shape:(400, 400, 400), sx:5, sy:5, sz:5, num_conditions:2
condition:11, metric:[  0. 150. 150.]
condition:12, metric:[  0. 150. 150.]
condition batch eval, img shape:(400, 400, 400), sx:5, sy:5, sz:5, num_conditions:2
condition:13, metric:[  0. 150. 150.]
condition:14, metric:[  0. 150. 150.]
condition batch eval, img shape:(400, 400, 400), sx:5, sy:5, sz:5, num_conditions:2
condition:15, metric:[  0. 150. 150.]
condition:16, metric:[  0. 150. 150.]
condition batch eval, img shape:(400, 400, 400), sx:5, sy:5, sz:5, num_conditions:2
condition:17, metric:[  0. 150. 150.]
condition:18, metric:[  0. 150. 150.]
condition batch eval, img shape:(400, 400, 400), sx:5, sy:5, sz:5, num_conditions:2
condition:19, metric:[  0. 150. 150.]
condition:20, metric:[  0. 150. 150.]
condition batch eval, img shape:(400, 400, 400), sx:5, sy:5, sz:5, num_conditions:2
condition:21, metric:[  0. 150. 150.]
condition:22, metric:[  0. 150. 150.]
condition batch eval, img shape:(400, 400, 400), sx:5, sy:5, sz:5, num_conditions:2
condition:23, metric:[  0. 150. 150.]
condition:24, metric:[  0. 150. 150.]
condition batch eval, img shape:(400, 400, 400), sx:5, sy:5, sz:5, num_conditions:2
condition:25, metric:[0.00088311 0.         0.        ]
condition:26, metric:[  0. 150. 150.]
condition batch eval, img shape:(400, 400, 400), sx:5, sy:5, sz:5, num_conditions:2
condition:27, metric:[0.54278489 0.         0.        ]
condition:28, metric:[  0. 150. 150.]
condition batch eval, img shape:(400, 400, 400), sx:5, sy:5, sz:5, num_conditions:2
condition:29, metric:[  0. 150. 150.]
condition:30, metric:[  0. 150. 150.]
condition batch eval, img shape:(400, 400, 400), sx:5, sy:5, sz:5, num_conditions:1
condition:31, metric:[  0. 150. 150.]
===>test image:/projects/weilab/liupeng/projects/frameworks/nnUNet/DATASET/nnUNet_preprocessed/Dataset200_Dataset101_CellMap_model_high_res/nnUNetPlans_3d_lowres_large_patch_test/jrc_sum159-1_crop20.npy
condition batch eval, img shape:(200, 200, 160), sx:2, sy:2, sz:1, num_conditions:2
condition:1, metric:[  0. 150. 150.]
condition:2, metric:[  0. 150. 150.]
condition batch eval, img shape:(200, 200, 160), sx:2, sy:2, sz:1, num_conditions:2
condition:3, metric:[0.63154894 0.         0.        ]
condition:4, metric:[  0. 150. 150.]
condition batch eval, img shape:(200, 200, 160), sx:2, sy:2, sz:1, num_conditions:2
condition:5, metric:[  0. 150. 150.]
condition:6, metric:[  0. 150. 150.]
condition batch eval, img shape:(200, 200, 160), sx:2, sy:2, sz:1, num_conditions:2
condition:7, metric:[  0. 150. 150.]
condition:8, metric:[  0. 150. 150.]
condition batch eval, img shape:(200, 200, 160), sx:2, sy:2, sz:1, num_conditions:2
condition:9, metric:[  0. 150. 150.]
condition:10, metric:[  0. 150. 150.]
condition batch eval, img shape:(200, 200, 160), sx:2, sy:2, sz:1, num_conditions:2
condition:11, metric:[  0. 150. 150.]
condition:12, metric:[  0. 150. 150.]
condition batch eval, img shape:(200, 200, 160), sx:2, sy:2, sz:1, num_conditions:2
condition:13, metric:[  0. 150. 150.]
condition:14, metric:[  0. 150. 150.]
condition batch eval, img shape:(200, 200, 160), sx:2, sy:2, sz:1, num_conditions:2
condition:15, metric:[  0. 150. 150.]
condition:16, metric:[0.14330056 0.         0.        ]
condition batch eval, img shape:(200, 200, 160), sx:2, sy:2, sz:1, num_conditions:2
condition:17, metric:[  0. 150. 150.]
condition:18, metric:[  0. 150. 150.]
condition batch eval, img shape:(200, 200, 160), sx:2, sy:2, sz:1, num_conditions:2
condition:19, metric:[  0. 150. 150.]
condition:20, metric:[  0. 150. 150.]
condition batch eval, img shape:(200, 200, 160), sx:2, sy:2, sz:1, num_conditions:2
condition:21, metric:[  0. 150. 150.]
condition:22, metric:[  0. 150. 150.]
condition batch eval, img shape:(200, 200, 160), sx:2, sy:2, sz:1, num_conditions:2
condition:23, metric:[  0. 150. 150.]
condition:24, metric:[  0. 150. 150.]
condition batch eval, img shape:(200, 200, 160), sx:2, sy:2, sz:1, num_conditions:2
condition:25, metric:[  0. 150. 150.]
condition:26, metric:[  0. 150. 150.]
condition batch eval, img shape:(200, 200, 160), sx:2, sy:2, sz:1, num_conditions:2
condition:27, metric:[  0. 150. 150.]
condition:28, metric:[  0. 150. 150.]
condition batch eval, img shape:(200, 200, 160), sx:2, sy:2, sz:1, num_conditions:2
condition:29, metric:[  0. 150. 150.]
condition:30, metric:[  0. 150. 150.]
condition batch eval, img shape:(200, 200, 160), sx:2, sy:2, sz:1, num_conditions:1
condition:31, metric:[  0. 150. 150.]
===>test image:/projects/weilab/liupeng/projects/frameworks/nnUNet/DATASET/nnUNet_preprocessed/Dataset200_Dataset101_CellMap_model_high_res/nnUNetPlans_3d_lowres_large_patch_test/jrc_mus-kidney_crop164.npy
condition batch eval, img shape:(200, 200, 200), sx:2, sy:2, sz:2, num_conditions:2
condition:1, metric:[0.03549975 0.         0.        ]
condition:2, metric:[  0. 150. 150.]
condition batch eval, img shape:(200, 200, 200), sx:2, sy:2, sz:2, num_conditions:2
condition:3, metric:[0.78726186 0.         0.        ]
condition:4, metric:[  0. 150. 150.]
condition batch eval, img shape:(200, 200, 200), sx:2, sy:2, sz:2, num_conditions:2
condition:5, metric:[  0. 150. 150.]
condition:6, metric:[  0. 150. 150.]
condition batch eval, img shape:(200, 200, 200), sx:2, sy:2, sz:2, num_conditions:2
condition:7, metric:[  0. 150. 150.]
condition:8, metric:[0. 0. 0.]
condition batch eval, img shape:(200, 200, 200), sx:2, sy:2, sz:2, num_conditions:2
condition:9, metric:[  0. 150. 150.]
condition:10, metric:[  0. 150. 150.]
condition batch eval, img shape:(200, 200, 200), sx:2, sy:2, sz:2, num_conditions:2
condition:11, metric:[  0. 150. 150.]
condition:12, metric:[  0. 150. 150.]
condition batch eval, img shape:(200, 200, 200), sx:2, sy:2, sz:2, num_conditions:2
condition:13, metric:[  0. 150. 150.]
condition:14, metric:[  0. 150. 150.]
condition batch eval, img shape:(200, 200, 200), sx:2, sy:2, sz:2, num_conditions:2
condition:15, metric:[  0. 150. 150.]
condition:16, metric:[  0. 150. 150.]
condition batch eval, img shape:(200, 200, 200), sx:2, sy:2, sz:2, num_conditions:2
condition:17, metric:[  0. 150. 150.]
condition:18, metric:[  0. 150. 150.]
condition batch eval, img shape:(200, 200, 200), sx:2, sy:2, sz:2, num_conditions:2
condition:19, metric:[  0. 150. 150.]
condition:20, metric:[  0. 150. 150.]
condition batch eval, img shape:(200, 200, 200), sx:2, sy:2, sz:2, num_conditions:2
condition:21, metric:[  0. 150. 150.]
condition:22, metric:[  0. 150. 150.]
condition batch eval, img shape:(200, 200, 200), sx:2, sy:2, sz:2, num_conditions:2
condition:23, metric:[  0. 150. 150.]
condition:24, metric:[  0. 150. 150.]
condition batch eval, img shape:(200, 200, 200), sx:2, sy:2, sz:2, num_conditions:2
condition:25, metric:[  0. 150. 150.]
condition:26, metric:[  0. 150. 150.]
condition batch eval, img shape:(200, 200, 200), sx:2, sy:2, sz:2, num_conditions:2
condition:27, metric:[  0. 150. 150.]
condition:28, metric:[  0. 150. 150.]
condition batch eval, img shape:(200, 200, 200), sx:2, sy:2, sz:2, num_conditions:2
condition:29, metric:[  0. 150. 150.]
condition:30, metric:[  0. 150. 150.]
condition batch eval, img shape:(200, 200, 200), sx:2, sy:2, sz:2, num_conditions:1
condition:31, metric:[  0. 150. 150.]
===>test image:/projects/weilab/liupeng/projects/frameworks/nnUNet/DATASET/nnUNet_preprocessed/Dataset200_Dataset101_CellMap_model_high_res/nnUNetPlans_3d_lowres_large_patch_test/jrc_fly-vnc-1_crop174.npy
condition batch eval, img shape:(200, 200, 200), sx:2, sy:2, sz:2, num_conditions:2
condition:1, metric:[0.19167683 0.         0.        ]
condition:2, metric:[  0. 150. 150.]
condition batch eval, img shape:(200, 200, 200), sx:2, sy:2, sz:2, num_conditions:2
condition:3, metric:[0.81445268 0.         0.        ]
condition:4, metric:[  0. 150. 150.]
condition batch eval, img shape:(200, 200, 200), sx:2, sy:2, sz:2, num_conditions:2
condition:5, metric:[0. 0. 0.]
condition:6, metric:[  0. 150. 150.]
condition batch eval, img shape:(200, 200, 200), sx:2, sy:2, sz:2, num_conditions:2
condition:7, metric:[  0. 150. 150.]
condition:8, metric:[  0. 150. 150.]
condition batch eval, img shape:(200, 200, 200), sx:2, sy:2, sz:2, num_conditions:2
condition:9, metric:[  0. 150. 150.]
condition:10, metric:[  0. 150. 150.]
condition batch eval, img shape:(200, 200, 200), sx:2, sy:2, sz:2, num_conditions:2
condition:11, metric:[  0. 150. 150.]
condition:12, metric:[  0. 150. 150.]
condition batch eval, img shape:(200, 200, 200), sx:2, sy:2, sz:2, num_conditions:2
condition:13, metric:[  0. 150. 150.]
condition:14, metric:[  0. 150. 150.]
condition batch eval, img shape:(200, 200, 200), sx:2, sy:2, sz:2, num_conditions:2
condition:15, metric:[  0. 150. 150.]
condition:16, metric:[  0. 150. 150.]
condition batch eval, img shape:(200, 200, 200), sx:2, sy:2, sz:2, num_conditions:2
condition:17, metric:[  0. 150. 150.]
condition:18, metric:[  0. 150. 150.]
condition batch eval, img shape:(200, 200, 200), sx:2, sy:2, sz:2, num_conditions:2
condition:19, metric:[  0. 150. 150.]
condition:20, metric:[  0. 150. 150.]
condition batch eval, img shape:(200, 200, 200), sx:2, sy:2, sz:2, num_conditions:2
condition:21, metric:[  0. 150. 150.]
condition:22, metric:[  0. 150. 150.]
condition batch eval, img shape:(200, 200, 200), sx:2, sy:2, sz:2, num_conditions:2
condition:23, metric:[  0. 150. 150.]
condition:24, metric:[  0. 150. 150.]
condition batch eval, img shape:(200, 200, 200), sx:2, sy:2, sz:2, num_conditions:2
condition:25, metric:[  0. 150. 150.]
condition:26, metric:[  0. 150. 150.]
condition batch eval, img shape:(200, 200, 200), sx:2, sy:2, sz:2, num_conditions:2
condition:27, metric:[  0. 150. 150.]
condition:28, metric:[  0. 150. 150.]
condition batch eval, img shape:(200, 200, 200), sx:2, sy:2, sz:2, num_conditions:2
condition:29, metric:[  0. 150. 150.]
condition:30, metric:[  0. 150. 150.]
condition batch eval, img shape:(200, 200, 200), sx:2, sy:2, sz:2, num_conditions:1
condition:31, metric:[  0. 150. 150.]
Validation end
avg metric shape: (31, 3)
iteration 5200 : model2_dice_score : 0.028969 model2_hd95 : 135.483871
save model to ../model/CellMap_202_CondBaseline_cond_baseline_cellmap_highres_SGD_SGD/unet_3D_old/model2_iter_5200.pth
iteration 5220 : loss : 0.359964  loss_ce : 0.470235  loss_dice : 0.249693
iteration 5240 : loss : 0.092884  loss_ce : 0.141647  loss_dice : 0.044121
iteration 5260 : loss : 0.264532  loss_ce : 0.092364  loss_dice : 0.436700
iteration 5280 : loss : 0.438578  loss_ce : 0.613780  loss_dice : 0.263375
iteration 5300 : loss : 0.316058  loss_ce : 0.422997  loss_dice : 0.209119
iteration 5320 : loss : 0.091829  loss_ce : 0.150194  loss_dice : 0.033465
iteration 5340 : loss : 0.592497  loss_ce : 0.840255  loss_dice : 0.344740
iteration 5360 : loss : 0.046046  loss_ce : 0.080313  loss_dice : 0.011779
iteration 5380 : loss : 0.397036  loss_ce : 0.560717  loss_dice : 0.233356
iteration 5400 : loss : 0.278606  loss_ce : 0.380425  loss_dice : 0.176787
iteration 5420 : loss : 0.299759  loss_ce : 0.218364  loss_dice : 0.381154
iteration 5440 : loss : 0.275766  loss_ce : 0.111550  loss_dice : 0.439982
iteration 5460 : loss : 0.321051  loss_ce : 0.206788  loss_dice : 0.435313
iteration 5480 : loss : 0.312726  loss_ce : 0.266920  loss_dice : 0.358531
iteration 5500 : loss : 0.375288  loss_ce : 0.557532  loss_dice : 0.193044
iteration 5520 : loss : 0.196695  loss_ce : 0.280864  loss_dice : 0.112526
iteration 5540 : loss : 0.090194  loss_ce : 0.145189  loss_dice : 0.035198
iteration 5560 : loss : 0.176275  loss_ce : 0.256831  loss_dice : 0.095719
iteration 5580 : loss : 0.193470  loss_ce : 0.280065  loss_dice : 0.106874
iteration 5600 : loss : 0.299057  loss_ce : 0.429782  loss_dice : 0.168333
began evaluation!
iteration 5600: validation sampled 4/17 cases
Total test images: 4
Validation begin
===>test image:/projects/weilab/liupeng/projects/frameworks/nnUNet/DATASET/nnUNet_preprocessed/Dataset200_Dataset101_CellMap_model_high_res/nnUNetPlans_3d_lowres_large_patch_test/jrc_hela-3_crop50.npy
condition batch eval, img shape:(256, 256, 256), sx:3, sy:3, sz:3, num_conditions:2
condition:1, metric:[0.29986647 0.         0.        ]
condition:2, metric:[  0. 150. 150.]
condition batch eval, img shape:(256, 256, 256), sx:3, sy:3, sz:3, num_conditions:2
condition:3, metric:[0.73723594 0.         0.        ]
condition:4, metric:[  0. 150. 150.]
condition batch eval, img shape:(256, 256, 256), sx:3, sy:3, sz:3, num_conditions:2
condition:5, metric:[  0. 150. 150.]
condition:6, metric:[  0. 150. 150.]
condition batch eval, img shape:(256, 256, 256), sx:3, sy:3, sz:3, num_conditions:2
condition:7, metric:[  0. 150. 150.]
condition:8, metric:[  0. 150. 150.]
condition batch eval, img shape:(256, 256, 256), sx:3, sy:3, sz:3, num_conditions:2
condition:9, metric:[  0. 150. 150.]
condition:10, metric:[  0. 150. 150.]
condition batch eval, img shape:(256, 256, 256), sx:3, sy:3, sz:3, num_conditions:2
condition:11, metric:[  0. 150. 150.]
condition:12, metric:[  0. 150. 150.]
condition batch eval, img shape:(256, 256, 256), sx:3, sy:3, sz:3, num_conditions:2
condition:13, metric:[  0. 150. 150.]
condition:14, metric:[  0. 150. 150.]
condition batch eval, img shape:(256, 256, 256), sx:3, sy:3, sz:3, num_conditions:2
condition:15, metric:[  0. 150. 150.]
condition:16, metric:[  0. 150. 150.]
condition batch eval, img shape:(256, 256, 256), sx:3, sy:3, sz:3, num_conditions:2
condition:17, metric:[  0. 150. 150.]
condition:18, metric:[  0. 150. 150.]
condition batch eval, img shape:(256, 256, 256), sx:3, sy:3, sz:3, num_conditions:2
condition:19, metric:[  0. 150. 150.]
condition:20, metric:[  0. 150. 150.]
condition batch eval, img shape:(256, 256, 256), sx:3, sy:3, sz:3, num_conditions:2
condition:21, metric:[  0. 150. 150.]
condition:22, metric:[  0. 150. 150.]
condition batch eval, img shape:(256, 256, 256), sx:3, sy:3, sz:3, num_conditions:2
condition:23, metric:[  0. 150. 150.]
condition:24, metric:[  0. 150. 150.]
condition batch eval, img shape:(256, 256, 256), sx:3, sy:3, sz:3, num_conditions:2
condition:25, metric:[  0. 150. 150.]
condition:26, metric:[  0. 150. 150.]
condition batch eval, img shape:(256, 256, 256), sx:3, sy:3, sz:3, num_conditions:2
condition:27, metric:[  0. 150. 150.]
condition:28, metric:[  0. 150. 150.]
condition batch eval, img shape:(256, 256, 256), sx:3, sy:3, sz:3, num_conditions:2
condition:29, metric:[  0. 150. 150.]
condition:30, metric:[  0. 150. 150.]
condition batch eval, img shape:(256, 256, 256), sx:3, sy:3, sz:3, num_conditions:1
condition:31, metric:[  0. 150. 150.]
===>test image:/projects/weilab/liupeng/projects/frameworks/nnUNet/DATASET/nnUNet_preprocessed/Dataset200_Dataset101_CellMap_model_high_res/nnUNetPlans_3d_lowres_large_patch_test/jrc_ctl-id8-1_crop118.npy
condition batch eval, img shape:(200, 200, 200), sx:2, sy:2, sz:2, num_conditions:2
condition:1, metric:[0.37435513 0.         0.        ]
condition:2, metric:[  0. 150. 150.]
condition batch eval, img shape:(200, 200, 200), sx:2, sy:2, sz:2, num_conditions:2
condition:3, metric:[0.74630009 0.         0.        ]
condition:4, metric:[  0. 150. 150.]
condition batch eval, img shape:(200, 200, 200), sx:2, sy:2, sz:2, num_conditions:2
condition:5, metric:[  0. 150. 150.]
condition:6, metric:[  0. 150. 150.]
condition batch eval, img shape:(200, 200, 200), sx:2, sy:2, sz:2, num_conditions:2
condition:7, metric:[  0. 150. 150.]
condition:8, metric:[  0. 150. 150.]
condition batch eval, img shape:(200, 200, 200), sx:2, sy:2, sz:2, num_conditions:2
condition:9, metric:[  0. 150. 150.]
condition:10, metric:[  0. 150. 150.]
condition batch eval, img shape:(200, 200, 200), sx:2, sy:2, sz:2, num_conditions:2
condition:11, metric:[  0. 150. 150.]
condition:12, metric:[  0. 150. 150.]
condition batch eval, img shape:(200, 200, 200), sx:2, sy:2, sz:2, num_conditions:2
condition:13, metric:[  0. 150. 150.]
condition:14, metric:[  0. 150. 150.]
condition batch eval, img shape:(200, 200, 200), sx:2, sy:2, sz:2, num_conditions:2
condition:15, metric:[  0. 150. 150.]
condition:16, metric:[  0. 150. 150.]
condition batch eval, img shape:(200, 200, 200), sx:2, sy:2, sz:2, num_conditions:2
condition:17, metric:[  0. 150. 150.]
condition:18, metric:[  0. 150. 150.]
condition batch eval, img shape:(200, 200, 200), sx:2, sy:2, sz:2, num_conditions:2
condition:19, metric:[  0. 150. 150.]
condition:20, metric:[  0. 150. 150.]
condition batch eval, img shape:(200, 200, 200), sx:2, sy:2, sz:2, num_conditions:2
condition:21, metric:[  0. 150. 150.]
condition:22, metric:[  0. 150. 150.]
condition batch eval, img shape:(200, 200, 200), sx:2, sy:2, sz:2, num_conditions:2
condition:23, metric:[  0. 150. 150.]
condition:24, metric:[  0. 150. 150.]
condition batch eval, img shape:(200, 200, 200), sx:2, sy:2, sz:2, num_conditions:2
condition:25, metric:[  0. 150. 150.]
condition:26, metric:[  0. 150. 150.]
condition batch eval, img shape:(200, 200, 200), sx:2, sy:2, sz:2, num_conditions:2
condition:27, metric:[  0. 150. 150.]
condition:28, metric:[  0. 150. 150.]
condition batch eval, img shape:(200, 200, 200), sx:2, sy:2, sz:2, num_conditions:2
condition:29, metric:[  0. 150. 150.]
condition:30, metric:[  0. 150. 150.]
condition batch eval, img shape:(200, 200, 200), sx:2, sy:2, sz:2, num_conditions:1
condition:31, metric:[  0. 150. 150.]
===>test image:/projects/weilab/liupeng/projects/frameworks/nnUNet/DATASET/nnUNet_preprocessed/Dataset200_Dataset101_CellMap_model_high_res/nnUNetPlans_3d_lowres_large_patch_test/jrc_mus-liver-zon-1_crop266.npy
condition batch eval, img shape:(400, 400, 400), sx:5, sy:5, sz:5, num_conditions:2
condition:1, metric:[  0. 150. 150.]
condition:2, metric:[  0. 150. 150.]
condition batch eval, img shape:(400, 400, 400), sx:5, sy:5, sz:5, num_conditions:2
condition:3, metric:[0.43080746 0.         0.        ]
condition:4, metric:[  0. 150. 150.]
condition batch eval, img shape:(400, 400, 400), sx:5, sy:5, sz:5, num_conditions:2
condition:5, metric:[  0. 150. 150.]
condition:6, metric:[  0. 150. 150.]
condition batch eval, img shape:(400, 400, 400), sx:5, sy:5, sz:5, num_conditions:2
condition:7, metric:[  0. 150. 150.]
condition:8, metric:[  0. 150. 150.]
condition batch eval, img shape:(400, 400, 400), sx:5, sy:5, sz:5, num_conditions:2
condition:9, metric:[  0. 150. 150.]
condition:10, metric:[  0. 150. 150.]
condition batch eval, img shape:(400, 400, 400), sx:5, sy:5, sz:5, num_conditions:2
condition:11, metric:[  0. 150. 150.]
condition:12, metric:[  0. 150. 150.]
condition batch eval, img shape:(400, 400, 400), sx:5, sy:5, sz:5, num_conditions:2
condition:13, metric:[  0. 150. 150.]
condition:14, metric:[  0. 150. 150.]
condition batch eval, img shape:(400, 400, 400), sx:5, sy:5, sz:5, num_conditions:2
condition:15, metric:[  0. 150. 150.]
condition:16, metric:[  0. 150. 150.]
condition batch eval, img shape:(400, 400, 400), sx:5, sy:5, sz:5, num_conditions:2
condition:17, metric:[  0. 150. 150.]
condition:18, metric:[  0. 150. 150.]
condition batch eval, img shape:(400, 400, 400), sx:5, sy:5, sz:5, num_conditions:2
condition:19, metric:[  0. 150. 150.]
condition:20, metric:[  0. 150. 150.]
condition batch eval, img shape:(400, 400, 400), sx:5, sy:5, sz:5, num_conditions:2
condition:21, metric:[  0. 150. 150.]
condition:22, metric:[  0. 150. 150.]
condition batch eval, img shape:(400, 400, 400), sx:5, sy:5, sz:5, num_conditions:2
condition:23, metric:[  0. 150. 150.]
condition:24, metric:[  0. 150. 150.]
condition batch eval, img shape:(400, 400, 400), sx:5, sy:5, sz:5, num_conditions:2
condition:25, metric:[  0. 150. 150.]
condition:26, metric:[  0. 150. 150.]
condition batch eval, img shape:(400, 400, 400), sx:5, sy:5, sz:5, num_conditions:2
condition:27, metric:[0.57305946 0.         0.        ]
condition:28, metric:[  0. 150. 150.]
condition batch eval, img shape:(400, 400, 400), sx:5, sy:5, sz:5, num_conditions:2
condition:29, metric:[  0. 150. 150.]
condition:30, metric:[  0. 150. 150.]
condition batch eval, img shape:(400, 400, 400), sx:5, sy:5, sz:5, num_conditions:1
condition:31, metric:[  0. 150. 150.]
===>test image:/projects/weilab/liupeng/projects/frameworks/nnUNet/DATASET/nnUNet_preprocessed/Dataset200_Dataset101_CellMap_model_high_res/nnUNetPlans_3d_lowres_large_patch_test/jrc_macrophage-2_crop31.npy
condition batch eval, img shape:(160, 160, 160), sx:1, sy:1, sz:1, num_conditions:2
condition:1, metric:[0.10008793 0.         0.        ]
condition:2, metric:[  0. 150. 150.]
condition batch eval, img shape:(160, 160, 160), sx:1, sy:1, sz:1, num_conditions:2
condition:3, metric:[0.75715191 0.         0.        ]
condition:4, metric:[  0. 150. 150.]
condition batch eval, img shape:(160, 160, 160), sx:1, sy:1, sz:1, num_conditions:2
condition:5, metric:[  0. 150. 150.]
condition:6, metric:[  0. 150. 150.]
condition batch eval, img shape:(160, 160, 160), sx:1, sy:1, sz:1, num_conditions:2
condition:7, metric:[  0. 150. 150.]
condition:8, metric:[  0. 150. 150.]
condition batch eval, img shape:(160, 160, 160), sx:1, sy:1, sz:1, num_conditions:2
condition:9, metric:[  0. 150. 150.]
condition:10, metric:[  0. 150. 150.]
condition batch eval, img shape:(160, 160, 160), sx:1, sy:1, sz:1, num_conditions:2
condition:11, metric:[  0. 150. 150.]
condition:12, metric:[  0. 150. 150.]
condition batch eval, img shape:(160, 160, 160), sx:1, sy:1, sz:1, num_conditions:2
condition:13, metric:[  0. 150. 150.]
condition:14, metric:[  0. 150. 150.]
condition batch eval, img shape:(160, 160, 160), sx:1, sy:1, sz:1, num_conditions:2
condition:15, metric:[  0. 150. 150.]
condition:16, metric:[  0. 150. 150.]
condition batch eval, img shape:(160, 160, 160), sx:1, sy:1, sz:1, num_conditions:2
condition:17, metric:[  0. 150. 150.]
condition:18, metric:[  0. 150. 150.]
condition batch eval, img shape:(160, 160, 160), sx:1, sy:1, sz:1, num_conditions:2
condition:19, metric:[  0. 150. 150.]
condition:20, metric:[  0. 150. 150.]
condition batch eval, img shape:(160, 160, 160), sx:1, sy:1, sz:1, num_conditions:2
condition:21, metric:[  0. 150. 150.]
condition:22, metric:[  0. 150. 150.]
condition batch eval, img shape:(160, 160, 160), sx:1, sy:1, sz:1, num_conditions:2
condition:23, metric:[  0. 150. 150.]
condition:24, metric:[  0. 150. 150.]
condition batch eval, img shape:(160, 160, 160), sx:1, sy:1, sz:1, num_conditions:2
condition:25, metric:[  0. 150. 150.]
condition:26, metric:[  0. 150. 150.]
condition batch eval, img shape:(160, 160, 160), sx:1, sy:1, sz:1, num_conditions:2
condition:27, metric:[  0. 150. 150.]
condition:28, metric:[  0. 150. 150.]
condition batch eval, img shape:(160, 160, 160), sx:1, sy:1, sz:1, num_conditions:2
condition:29, metric:[  0. 150. 150.]
condition:30, metric:[  0. 150. 150.]
condition batch eval, img shape:(160, 160, 160), sx:1, sy:1, sz:1, num_conditions:1
condition:31, metric:[  0. 150. 150.]
Validation end
avg metric shape: (31, 3)
save model to ../model/CellMap_202_CondBaseline_cond_baseline_cellmap_highres_SGD_SGD/unet_3D_old/iter_5600_dice_0.0324
iteration 5600 : model2_dice_score : 0.032410 model2_hd95 : 140.322581
save model to ../model/CellMap_202_CondBaseline_cond_baseline_cellmap_highres_SGD_SGD/unet_3D_old/model2_iter_5600.pth
iteration 5620 : loss : 0.145772  loss_ce : 0.200906  loss_dice : 0.090639
iteration 5640 : loss : 0.282689  loss_ce : 0.224289  loss_dice : 0.341089
iteration 5660 : loss : 0.230164  loss_ce : 0.220921  loss_dice : 0.239406
iteration 5680 : loss : 0.556283  loss_ce : 0.744863  loss_dice : 0.367703
iteration 5700 : loss : 0.309809  loss_ce : 0.439712  loss_dice : 0.179905
iteration 5720 : loss : 0.041209  loss_ce : 0.073299  loss_dice : 0.009118
iteration 5740 : loss : 0.024306  loss_ce : 0.044691  loss_dice : 0.003921
iteration 5760 : loss : 0.337036  loss_ce : 0.474635  loss_dice : 0.199438
iteration 5780 : loss : 0.298321  loss_ce : 0.235332  loss_dice : 0.361310
iteration 5800 : loss : 0.326010  loss_ce : 0.450988  loss_dice : 0.201032
iteration 5820 : loss : 0.158195  loss_ce : 0.245014  loss_dice : 0.071376
iteration 5840 : loss : 0.398697  loss_ce : 0.489920  loss_dice : 0.307473
iteration 5860 : loss : 0.295962  loss_ce : 0.428155  loss_dice : 0.163769
iteration 5880 : loss : 0.186554  loss_ce : 0.201260  loss_dice : 0.171849
iteration 5900 : loss : 0.176168  loss_ce : 0.217941  loss_dice : 0.134394
iteration 5920 : loss : 0.043181  loss_ce : 0.074448  loss_dice : 0.011913
iteration 5940 : loss : 0.349523  loss_ce : 0.366742  loss_dice : 0.332303
iteration 5960 : loss : 0.167929  loss_ce : 0.241987  loss_dice : 0.093871
iteration 5980 : loss : 0.306008  loss_ce : 0.390774  loss_dice : 0.221243
iteration 6000 : loss : 0.460994  loss_ce : 0.617470  loss_dice : 0.304518
began evaluation!
iteration 6000: validation sampled 4/17 cases
Total test images: 4
Validation begin
===>test image:/projects/weilab/liupeng/projects/frameworks/nnUNet/DATASET/nnUNet_preprocessed/Dataset200_Dataset101_CellMap_model_high_res/nnUNetPlans_3d_lowres_large_patch_test/jrc_cos7-1b_crop235.npy
condition batch eval, img shape:(200, 200, 200), sx:2, sy:2, sz:2, num_conditions:2
condition:1, metric:[0.01548492 0.         0.        ]
condition:2, metric:[  0. 150. 150.]
condition batch eval, img shape:(200, 200, 200), sx:2, sy:2, sz:2, num_conditions:2
condition:3, metric:[0.79819241 0.         0.        ]
condition:4, metric:[  0. 150. 150.]
condition batch eval, img shape:(200, 200, 200), sx:2, sy:2, sz:2, num_conditions:2
condition:5, metric:[  0. 150. 150.]
condition:6, metric:[  0. 150. 150.]
condition batch eval, img shape:(200, 200, 200), sx:2, sy:2, sz:2, num_conditions:2
condition:7, metric:[  0. 150. 150.]
condition:8, metric:[  0. 150. 150.]
condition batch eval, img shape:(200, 200, 200), sx:2, sy:2, sz:2, num_conditions:2
condition:9, metric:[  0. 150. 150.]
condition:10, metric:[  0. 150. 150.]
condition batch eval, img shape:(200, 200, 200), sx:2, sy:2, sz:2, num_conditions:2
condition:11, metric:[  0. 150. 150.]
condition:12, metric:[  0. 150. 150.]
condition batch eval, img shape:(200, 200, 200), sx:2, sy:2, sz:2, num_conditions:2
condition:13, metric:[  0. 150. 150.]
condition:14, metric:[  0. 150. 150.]
condition batch eval, img shape:(200, 200, 200), sx:2, sy:2, sz:2, num_conditions:2
condition:15, metric:[  0. 150. 150.]
condition:16, metric:[  0. 150. 150.]
condition batch eval, img shape:(200, 200, 200), sx:2, sy:2, sz:2, num_conditions:2
condition:17, metric:[  0. 150. 150.]
condition:18, metric:[  0. 150. 150.]
condition batch eval, img shape:(200, 200, 200), sx:2, sy:2, sz:2, num_conditions:2
condition:19, metric:[  0. 150. 150.]
condition:20, metric:[  0. 150. 150.]
condition batch eval, img shape:(200, 200, 200), sx:2, sy:2, sz:2, num_conditions:2
condition:21, metric:[  0. 150. 150.]
condition:22, metric:[  0. 150. 150.]
condition batch eval, img shape:(200, 200, 200), sx:2, sy:2, sz:2, num_conditions:2
condition:23, metric:[  0. 150. 150.]
condition:24, metric:[  0. 150. 150.]
condition batch eval, img shape:(200, 200, 200), sx:2, sy:2, sz:2, num_conditions:2
condition:25, metric:[  0. 150. 150.]
condition:26, metric:[  0. 150. 150.]
condition batch eval, img shape:(200, 200, 200), sx:2, sy:2, sz:2, num_conditions:2
condition:27, metric:[  0. 150. 150.]
condition:28, metric:[  0. 150. 150.]
condition batch eval, img shape:(200, 200, 200), sx:2, sy:2, sz:2, num_conditions:2
condition:29, metric:[  0. 150. 150.]
condition:30, metric:[  0. 150. 150.]
condition batch eval, img shape:(200, 200, 200), sx:2, sy:2, sz:2, num_conditions:1
condition:31, metric:[  0. 150. 150.]
===>test image:/projects/weilab/liupeng/projects/frameworks/nnUNet/DATASET/nnUNet_preprocessed/Dataset200_Dataset101_CellMap_model_high_res/nnUNetPlans_3d_lowres_large_patch_test/jrc_ctl-id8-1_crop118.npy
condition batch eval, img shape:(200, 200, 200), sx:2, sy:2, sz:2, num_conditions:2
condition:1, metric:[0.37435513 0.         0.        ]
condition:2, metric:[  0. 150. 150.]
condition batch eval, img shape:(200, 200, 200), sx:2, sy:2, sz:2, num_conditions:2
condition:3, metric:[0.76906485 0.         0.        ]
condition:4, metric:[  0. 150. 150.]
condition batch eval, img shape:(200, 200, 200), sx:2, sy:2, sz:2, num_conditions:2
condition:5, metric:[  0. 150. 150.]
condition:6, metric:[  0. 150. 150.]
condition batch eval, img shape:(200, 200, 200), sx:2, sy:2, sz:2, num_conditions:2
condition:7, metric:[  0. 150. 150.]
condition:8, metric:[  0. 150. 150.]
condition batch eval, img shape:(200, 200, 200), sx:2, sy:2, sz:2, num_conditions:2
condition:9, metric:[  0. 150. 150.]
condition:10, metric:[  0. 150. 150.]
condition batch eval, img shape:(200, 200, 200), sx:2, sy:2, sz:2, num_conditions:2
condition:11, metric:[  0. 150. 150.]
condition:12, metric:[  0. 150. 150.]
condition batch eval, img shape:(200, 200, 200), sx:2, sy:2, sz:2, num_conditions:2
condition:13, metric:[  0. 150. 150.]
condition:14, metric:[  0. 150. 150.]
condition batch eval, img shape:(200, 200, 200), sx:2, sy:2, sz:2, num_conditions:2
condition:15, metric:[  0. 150. 150.]
condition:16, metric:[  0. 150. 150.]
condition batch eval, img shape:(200, 200, 200), sx:2, sy:2, sz:2, num_conditions:2
condition:17, metric:[  0. 150. 150.]
condition:18, metric:[  0. 150. 150.]
condition batch eval, img shape:(200, 200, 200), sx:2, sy:2, sz:2, num_conditions:2
condition:19, metric:[  0. 150. 150.]
condition:20, metric:[  0. 150. 150.]
condition batch eval, img shape:(200, 200, 200), sx:2, sy:2, sz:2, num_conditions:2
condition:21, metric:[  0. 150. 150.]
condition:22, metric:[  0. 150. 150.]
condition batch eval, img shape:(200, 200, 200), sx:2, sy:2, sz:2, num_conditions:2
condition:23, metric:[  0. 150. 150.]
condition:24, metric:[  0. 150. 150.]
condition batch eval, img shape:(200, 200, 200), sx:2, sy:2, sz:2, num_conditions:2
condition:25, metric:[  0. 150. 150.]
condition:26, metric:[  0. 150. 150.]
condition batch eval, img shape:(200, 200, 200), sx:2, sy:2, sz:2, num_conditions:2
condition:27, metric:[  0. 150. 150.]
condition:28, metric:[  0. 150. 150.]
condition batch eval, img shape:(200, 200, 200), sx:2, sy:2, sz:2, num_conditions:2
condition:29, metric:[  0. 150. 150.]
condition:30, metric:[  0. 150. 150.]
condition batch eval, img shape:(200, 200, 200), sx:2, sy:2, sz:2, num_conditions:1
condition:31, metric:[  0. 150. 150.]
===>test image:/projects/weilab/liupeng/projects/frameworks/nnUNet/DATASET/nnUNet_preprocessed/Dataset200_Dataset101_CellMap_model_high_res/nnUNetPlans_3d_lowres_large_patch_test/jrc_hela-3_crop50.npy
condition batch eval, img shape:(256, 256, 256), sx:3, sy:3, sz:3, num_conditions:2
condition:1, metric:[0.29986647 0.         0.        ]
condition:2, metric:[  0. 150. 150.]
condition batch eval, img shape:(256, 256, 256), sx:3, sy:3, sz:3, num_conditions:2
condition:3, metric:[0.74930473 0.         0.        ]
condition:4, metric:[  0. 150. 150.]
condition batch eval, img shape:(256, 256, 256), sx:3, sy:3, sz:3, num_conditions:2
condition:5, metric:[  0. 150. 150.]
condition:6, metric:[  0. 150. 150.]
condition batch eval, img shape:(256, 256, 256), sx:3, sy:3, sz:3, num_conditions:2
condition:7, metric:[  0. 150. 150.]
condition:8, metric:[  0. 150. 150.]
condition batch eval, img shape:(256, 256, 256), sx:3, sy:3, sz:3, num_conditions:2
condition:9, metric:[  0. 150. 150.]
condition:10, metric:[  0. 150. 150.]
condition batch eval, img shape:(256, 256, 256), sx:3, sy:3, sz:3, num_conditions:2
condition:11, metric:[  0. 150. 150.]
condition:12, metric:[  0. 150. 150.]
condition batch eval, img shape:(256, 256, 256), sx:3, sy:3, sz:3, num_conditions:2
condition:13, metric:[  0. 150. 150.]
condition:14, metric:[  0. 150. 150.]
condition batch eval, img shape:(256, 256, 256), sx:3, sy:3, sz:3, num_conditions:2
condition:15, metric:[  0. 150. 150.]
condition:16, metric:[  0. 150. 150.]
condition batch eval, img shape:(256, 256, 256), sx:3, sy:3, sz:3, num_conditions:2
condition:17, metric:[  0. 150. 150.]
condition:18, metric:[  0. 150. 150.]
condition batch eval, img shape:(256, 256, 256), sx:3, sy:3, sz:3, num_conditions:2
condition:19, metric:[  0. 150. 150.]
condition:20, metric:[  0. 150. 150.]
condition batch eval, img shape:(256, 256, 256), sx:3, sy:3, sz:3, num_conditions:2
condition:21, metric:[  0. 150. 150.]
condition:22, metric:[  0. 150. 150.]
condition batch eval, img shape:(256, 256, 256), sx:3, sy:3, sz:3, num_conditions:2
condition:23, metric:[  0. 150. 150.]
condition:24, metric:[  0. 150. 150.]
condition batch eval, img shape:(256, 256, 256), sx:3, sy:3, sz:3, num_conditions:2
condition:25, metric:[  0. 150. 150.]
condition:26, metric:[  0. 150. 150.]
condition batch eval, img shape:(256, 256, 256), sx:3, sy:3, sz:3, num_conditions:2
condition:27, metric:[  0. 150. 150.]
condition:28, metric:[  0. 150. 150.]
condition batch eval, img shape:(256, 256, 256), sx:3, sy:3, sz:3, num_conditions:2
condition:29, metric:[  0. 150. 150.]
condition:30, metric:[  0. 150. 150.]
condition batch eval, img shape:(256, 256, 256), sx:3, sy:3, sz:3, num_conditions:1
condition:31, metric:[  0. 150. 150.]
===>test image:/projects/weilab/liupeng/projects/frameworks/nnUNet/DATASET/nnUNet_preprocessed/Dataset200_Dataset101_CellMap_model_high_res/nnUNetPlans_3d_lowres_large_patch_test/jrc_mus-liver-zon-1_crop266.npy
condition batch eval, img shape:(400, 400, 400), sx:5, sy:5, sz:5, num_conditions:2
condition:1, metric:[  0. 150. 150.]
condition:2, metric:[  0. 150. 150.]
condition batch eval, img shape:(400, 400, 400), sx:5, sy:5, sz:5, num_conditions:2
condition:3, metric:[0.40663464 0.         0.        ]
condition:4, metric:[  0. 150. 150.]
condition batch eval, img shape:(400, 400, 400), sx:5, sy:5, sz:5, num_conditions:2
condition:5, metric:[  0. 150. 150.]
condition:6, metric:[  0. 150. 150.]
condition batch eval, img shape:(400, 400, 400), sx:5, sy:5, sz:5, num_conditions:2
condition:7, metric:[  0. 150. 150.]
condition:8, metric:[  0. 150. 150.]
condition batch eval, img shape:(400, 400, 400), sx:5, sy:5, sz:5, num_conditions:2
condition:9, metric:[  0. 150. 150.]
condition:10, metric:[  0. 150. 150.]
condition batch eval, img shape:(400, 400, 400), sx:5, sy:5, sz:5, num_conditions:2
condition:11, metric:[  0. 150. 150.]
condition:12, metric:[  0. 150. 150.]
condition batch eval, img shape:(400, 400, 400), sx:5, sy:5, sz:5, num_conditions:2
condition:13, metric:[  0. 150. 150.]
condition:14, metric:[  0. 150. 150.]
condition batch eval, img shape:(400, 400, 400), sx:5, sy:5, sz:5, num_conditions:2
condition:15, metric:[  0. 150. 150.]
condition:16, metric:[  0. 150. 150.]
condition batch eval, img shape:(400, 400, 400), sx:5, sy:5, sz:5, num_conditions:2
condition:17, metric:[  0. 150. 150.]
condition:18, metric:[  0. 150. 150.]
condition batch eval, img shape:(400, 400, 400), sx:5, sy:5, sz:5, num_conditions:2
condition:19, metric:[  0. 150. 150.]
condition:20, metric:[  0. 150. 150.]
condition batch eval, img shape:(400, 400, 400), sx:5, sy:5, sz:5, num_conditions:2
condition:21, metric:[  0. 150. 150.]
condition:22, metric:[  0. 150. 150.]
condition batch eval, img shape:(400, 400, 400), sx:5, sy:5, sz:5, num_conditions:2
condition:23, metric:[  0. 150. 150.]
condition:24, metric:[  0. 150. 150.]
condition batch eval, img shape:(400, 400, 400), sx:5, sy:5, sz:5, num_conditions:2
condition:25, metric:[  0. 150. 150.]
condition:26, metric:[  0. 150. 150.]
condition batch eval, img shape:(400, 400, 400), sx:5, sy:5, sz:5, num_conditions:2
condition:27, metric:[0.59401813 0.         0.        ]
condition:28, metric:[  0. 150. 150.]
condition batch eval, img shape:(400, 400, 400), sx:5, sy:5, sz:5, num_conditions:2
condition:29, metric:[  0. 150. 150.]
condition:30, metric:[  0. 150. 150.]
condition batch eval, img shape:(400, 400, 400), sx:5, sy:5, sz:5, num_conditions:1
condition:31, metric:[  0. 150. 150.]
Validation end
avg metric shape: (31, 3)
iteration 6000 : model2_dice_score : 0.032314 model2_hd95 : 140.322581
save model to ../model/CellMap_202_CondBaseline_cond_baseline_cellmap_highres_SGD_SGD/unet_3D_old/model2_iter_6000.pth
iteration 6020 : loss : 0.399075  loss_ce : 0.542362  loss_dice : 0.255788
iteration 6040 : loss : 0.250995  loss_ce : 0.376483  loss_dice : 0.125507
iteration 6060 : loss : 0.542506  loss_ce : 0.817992  loss_dice : 0.267019
iteration 6080 : loss : 0.170200  loss_ce : 0.232788  loss_dice : 0.107612
iteration 6100 : loss : 0.484465  loss_ce : 0.563595  loss_dice : 0.405336
iteration 6120 : loss : 0.270528  loss_ce : 0.382820  loss_dice : 0.158236
iteration 6140 : loss : 0.155127  loss_ce : 0.234450  loss_dice : 0.075805
iteration 6160 : loss : 0.379519  loss_ce : 0.282336  loss_dice : 0.476702
iteration 6180 : loss : 0.137648  loss_ce : 0.175908  loss_dice : 0.099389
iteration 6200 : loss : 0.380640  loss_ce : 0.383747  loss_dice : 0.377533
iteration 6220 : loss : 0.129834  loss_ce : 0.194679  loss_dice : 0.064989
iteration 6240 : loss : 0.551149  loss_ce : 0.763066  loss_dice : 0.339232
iteration 6260 : loss : 0.254005  loss_ce : 0.186553  loss_dice : 0.321457
iteration 6280 : loss : 0.239828  loss_ce : 0.342633  loss_dice : 0.137024
iteration 6300 : loss : 0.347610  loss_ce : 0.464590  loss_dice : 0.230629
iteration 6320 : loss : 0.635344  loss_ce : 0.871918  loss_dice : 0.398769
iteration 6340 : loss : 0.148832  loss_ce : 0.215901  loss_dice : 0.081762
iteration 6360 : loss : 0.170916  loss_ce : 0.232273  loss_dice : 0.109559
iteration 6380 : loss : 0.308655  loss_ce : 0.227457  loss_dice : 0.389853
iteration 6400 : loss : 0.160369  loss_ce : 0.228348  loss_dice : 0.092391
began evaluation!
iteration 6400: validation sampled 4/17 cases
Total test images: 4
Validation begin
===>test image:/projects/weilab/liupeng/projects/frameworks/nnUNet/DATASET/nnUNet_preprocessed/Dataset200_Dataset101_CellMap_model_high_res/nnUNetPlans_3d_lowres_large_patch_test/jrc_cos7-1b_crop235.npy
condition batch eval, img shape:(200, 200, 200), sx:2, sy:2, sz:2, num_conditions:2
condition:1, metric:[0.01548492 0.         0.        ]
condition:2, metric:[  0. 150. 150.]
condition batch eval, img shape:(200, 200, 200), sx:2, sy:2, sz:2, num_conditions:2
condition:3, metric:[0.81348975 0.         0.        ]
condition:4, metric:[  0. 150. 150.]
condition batch eval, img shape:(200, 200, 200), sx:2, sy:2, sz:2, num_conditions:2
condition:5, metric:[  0. 150. 150.]
condition:6, metric:[  0. 150. 150.]
condition batch eval, img shape:(200, 200, 200), sx:2, sy:2, sz:2, num_conditions:2
condition:7, metric:[  0. 150. 150.]
condition:8, metric:[  0. 150. 150.]
condition batch eval, img shape:(200, 200, 200), sx:2, sy:2, sz:2, num_conditions:2
condition:9, metric:[  0. 150. 150.]
condition:10, metric:[  0. 150. 150.]
condition batch eval, img shape:(200, 200, 200), sx:2, sy:2, sz:2, num_conditions:2
condition:11, metric:[  0. 150. 150.]
condition:12, metric:[  0. 150. 150.]
condition batch eval, img shape:(200, 200, 200), sx:2, sy:2, sz:2, num_conditions:2
condition:13, metric:[  0. 150. 150.]
condition:14, metric:[  0. 150. 150.]
condition batch eval, img shape:(200, 200, 200), sx:2, sy:2, sz:2, num_conditions:2
condition:15, metric:[  0. 150. 150.]
condition:16, metric:[  0. 150. 150.]
condition batch eval, img shape:(200, 200, 200), sx:2, sy:2, sz:2, num_conditions:2
condition:17, metric:[  0. 150. 150.]
condition:18, metric:[  0. 150. 150.]
condition batch eval, img shape:(200, 200, 200), sx:2, sy:2, sz:2, num_conditions:2
condition:19, metric:[  0. 150. 150.]
condition:20, metric:[  0. 150. 150.]
condition batch eval, img shape:(200, 200, 200), sx:2, sy:2, sz:2, num_conditions:2
condition:21, metric:[  0. 150. 150.]
condition:22, metric:[  0. 150. 150.]
condition batch eval, img shape:(200, 200, 200), sx:2, sy:2, sz:2, num_conditions:2
condition:23, metric:[  0. 150. 150.]
condition:24, metric:[  0. 150. 150.]
condition batch eval, img shape:(200, 200, 200), sx:2, sy:2, sz:2, num_conditions:2
condition:25, metric:[  0. 150. 150.]
condition:26, metric:[  0. 150. 150.]
condition batch eval, img shape:(200, 200, 200), sx:2, sy:2, sz:2, num_conditions:2
condition:27, metric:[  0. 150. 150.]
condition:28, metric:[  0. 150. 150.]
condition batch eval, img shape:(200, 200, 200), sx:2, sy:2, sz:2, num_conditions:2
condition:29, metric:[  0. 150. 150.]
condition:30, metric:[  0. 150. 150.]
condition batch eval, img shape:(200, 200, 200), sx:2, sy:2, sz:2, num_conditions:1
condition:31, metric:[  0. 150. 150.]
===>test image:/projects/weilab/liupeng/projects/frameworks/nnUNet/DATASET/nnUNet_preprocessed/Dataset200_Dataset101_CellMap_model_high_res/nnUNetPlans_3d_lowres_large_patch_test/jrc_cos7-1a_crop236.npy
condition batch eval, img shape:(200, 200, 200), sx:2, sy:2, sz:2, num_conditions:2
condition:1, metric:[  0. 150. 150.]
condition:2, metric:[  0. 150. 150.]
condition batch eval, img shape:(200, 200, 200), sx:2, sy:2, sz:2, num_conditions:2
condition:3, metric:[0.81430703 0.         0.        ]
condition:4, metric:[  0. 150. 150.]
condition batch eval, img shape:(200, 200, 200), sx:2, sy:2, sz:2, num_conditions:2
condition:5, metric:[  0. 150. 150.]
condition:6, metric:[  0. 150. 150.]
condition batch eval, img shape:(200, 200, 200), sx:2, sy:2, sz:2, num_conditions:2
condition:7, metric:[  0. 150. 150.]
condition:8, metric:[  0. 150. 150.]
condition batch eval, img shape:(200, 200, 200), sx:2, sy:2, sz:2, num_conditions:2
condition:9, metric:[  0. 150. 150.]
condition:10, metric:[  0. 150. 150.]
condition batch eval, img shape:(200, 200, 200), sx:2, sy:2, sz:2, num_conditions:2
condition:11, metric:[  0. 150. 150.]
condition:12, metric:[  0. 150. 150.]
condition batch eval, img shape:(200, 200, 200), sx:2, sy:2, sz:2, num_conditions:2
condition:13, metric:[  0. 150. 150.]
condition:14, metric:[  0. 150. 150.]
condition batch eval, img shape:(200, 200, 200), sx:2, sy:2, sz:2, num_conditions:2
condition:15, metric:[  0. 150. 150.]
condition:16, metric:[  0. 150. 150.]
condition batch eval, img shape:(200, 200, 200), sx:2, sy:2, sz:2, num_conditions:2
condition:17, metric:[  0. 150. 150.]
condition:18, metric:[  0. 150. 150.]
condition batch eval, img shape:(200, 200, 200), sx:2, sy:2, sz:2, num_conditions:2
condition:19, metric:[  0. 150. 150.]
condition:20, metric:[  0. 150. 150.]
condition batch eval, img shape:(200, 200, 200), sx:2, sy:2, sz:2, num_conditions:2
condition:21, metric:[  0. 150. 150.]
condition:22, metric:[  0. 150. 150.]
condition batch eval, img shape:(200, 200, 200), sx:2, sy:2, sz:2, num_conditions:2
condition:23, metric:[  0. 150. 150.]
condition:24, metric:[  0. 150. 150.]
condition batch eval, img shape:(200, 200, 200), sx:2, sy:2, sz:2, num_conditions:2
condition:25, metric:[  0. 150. 150.]
condition:26, metric:[  0. 150. 150.]
condition batch eval, img shape:(200, 200, 200), sx:2, sy:2, sz:2, num_conditions:2
condition:27, metric:[  0. 150. 150.]
condition:28, metric:[  0. 150. 150.]
condition batch eval, img shape:(200, 200, 200), sx:2, sy:2, sz:2, num_conditions:2
condition:29, metric:[  0. 150. 150.]
condition:30, metric:[  0. 150. 150.]
condition batch eval, img shape:(200, 200, 200), sx:2, sy:2, sz:2, num_conditions:1
condition:31, metric:[  0. 150. 150.]
===>test image:/projects/weilab/liupeng/projects/frameworks/nnUNet/DATASET/nnUNet_preprocessed/Dataset200_Dataset101_CellMap_model_high_res/nnUNetPlans_3d_lowres_large_patch_test/jrc_mus-liver-zon-1_crop266.npy
condition batch eval, img shape:(400, 400, 400), sx:5, sy:5, sz:5, num_conditions:2
condition:1, metric:[  0. 150. 150.]
condition:2, metric:[  0. 150. 150.]
condition batch eval, img shape:(400, 400, 400), sx:5, sy:5, sz:5, num_conditions:2
condition:3, metric:[0.43035513 0.         0.        ]
condition:4, metric:[0.00091653 0.         0.        ]
condition batch eval, img shape:(400, 400, 400), sx:5, sy:5, sz:5, num_conditions:2
condition:5, metric:[0. 0. 0.]
condition:6, metric:[  0. 150. 150.]
condition batch eval, img shape:(400, 400, 400), sx:5, sy:5, sz:5, num_conditions:2
condition:7, metric:[  0. 150. 150.]
condition:8, metric:[  0. 150. 150.]
condition batch eval, img shape:(400, 400, 400), sx:5, sy:5, sz:5, num_conditions:2
condition:9, metric:[  0. 150. 150.]
condition:10, metric:[  0. 150. 150.]
condition batch eval, img shape:(400, 400, 400), sx:5, sy:5, sz:5, num_conditions:2
condition:11, metric:[  0. 150. 150.]
condition:12, metric:[  0. 150. 150.]
condition batch eval, img shape:(400, 400, 400), sx:5, sy:5, sz:5, num_conditions:2
condition:13, metric:[  0. 150. 150.]
condition:14, metric:[  0. 150. 150.]
condition batch eval, img shape:(400, 400, 400), sx:5, sy:5, sz:5, num_conditions:2
condition:15, metric:[  0. 150. 150.]
condition:16, metric:[  0. 150. 150.]
condition batch eval, img shape:(400, 400, 400), sx:5, sy:5, sz:5, num_conditions:2
condition:17, metric:[2.26003094e-05 0.00000000e+00 0.00000000e+00]
condition:18, metric:[4.79525692e-06 0.00000000e+00 0.00000000e+00]
condition batch eval, img shape:(400, 400, 400), sx:5, sy:5, sz:5, num_conditions:2
condition:19, metric:[  0. 150. 150.]
condition:20, metric:[  0. 150. 150.]
condition batch eval, img shape:(400, 400, 400), sx:5, sy:5, sz:5, num_conditions:2
condition:21, metric:[  0. 150. 150.]
condition:22, metric:[  0. 150. 150.]
condition batch eval, img shape:(400, 400, 400), sx:5, sy:5, sz:5, num_conditions:2
condition:23, metric:[  0. 150. 150.]
condition:24, metric:[  0. 150. 150.]
condition batch eval, img shape:(400, 400, 400), sx:5, sy:5, sz:5, num_conditions:2
condition:25, metric:[0.00057331 0.         0.        ]
condition:26, metric:[0. 0. 0.]
condition batch eval, img shape:(400, 400, 400), sx:5, sy:5, sz:5, num_conditions:2
condition:27, metric:[0.56542219 0.         0.        ]
condition:28, metric:[  0. 150. 150.]
condition batch eval, img shape:(400, 400, 400), sx:5, sy:5, sz:5, num_conditions:2
condition:29, metric:[  0. 150. 150.]
condition:30, metric:[  0. 150. 150.]
condition batch eval, img shape:(400, 400, 400), sx:5, sy:5, sz:5, num_conditions:1
condition:31, metric:[  0. 150. 150.]
===>test image:/projects/weilab/liupeng/projects/frameworks/nnUNet/DATASET/nnUNet_preprocessed/Dataset200_Dataset101_CellMap_model_high_res/nnUNetPlans_3d_lowres_large_patch_test/jrc_fly-mb-1a_crop121.npy
condition batch eval, img shape:(200, 200, 200), sx:2, sy:2, sz:2, num_conditions:2
condition:1, metric:[0.08357138 0.         0.        ]
condition:2, metric:[0. 0. 0.]
condition batch eval, img shape:(200, 200, 200), sx:2, sy:2, sz:2, num_conditions:2
condition:3, metric:[0.79807703 0.         0.        ]
condition:4, metric:[0. 0. 0.]
condition batch eval, img shape:(200, 200, 200), sx:2, sy:2, sz:2, num_conditions:2
condition:5, metric:[0. 0. 0.]
condition:6, metric:[  0. 150. 150.]
condition batch eval, img shape:(200, 200, 200), sx:2, sy:2, sz:2, num_conditions:2
condition:7, metric:[  0. 150. 150.]
condition:8, metric:[  0. 150. 150.]
condition batch eval, img shape:(200, 200, 200), sx:2, sy:2, sz:2, num_conditions:2
condition:9, metric:[  0. 150. 150.]
condition:10, metric:[  0. 150. 150.]
condition batch eval, img shape:(200, 200, 200), sx:2, sy:2, sz:2, num_conditions:2
condition:11, metric:[  0. 150. 150.]
condition:12, metric:[  0. 150. 150.]
condition batch eval, img shape:(200, 200, 200), sx:2, sy:2, sz:2, num_conditions:2
condition:13, metric:[  0. 150. 150.]
condition:14, metric:[  0. 150. 150.]
condition batch eval, img shape:(200, 200, 200), sx:2, sy:2, sz:2, num_conditions:2
condition:15, metric:[  0. 150. 150.]
condition:16, metric:[  0. 150. 150.]
condition batch eval, img shape:(200, 200, 200), sx:2, sy:2, sz:2, num_conditions:2
condition:17, metric:[0. 0. 0.]
condition:18, metric:[0. 0. 0.]
condition batch eval, img shape:(200, 200, 200), sx:2, sy:2, sz:2, num_conditions:2
condition:19, metric:[  0. 150. 150.]
condition:20, metric:[  0. 150. 150.]
condition batch eval, img shape:(200, 200, 200), sx:2, sy:2, sz:2, num_conditions:2
condition:21, metric:[  0. 150. 150.]
condition:22, metric:[  0. 150. 150.]
condition batch eval, img shape:(200, 200, 200), sx:2, sy:2, sz:2, num_conditions:2
condition:23, metric:[  0. 150. 150.]
condition:24, metric:[  0. 150. 150.]
condition batch eval, img shape:(200, 200, 200), sx:2, sy:2, sz:2, num_conditions:2
condition:25, metric:[  0. 150. 150.]
condition:26, metric:[  0. 150. 150.]
condition batch eval, img shape:(200, 200, 200), sx:2, sy:2, sz:2, num_conditions:2
condition:27, metric:[  0. 150. 150.]
condition:28, metric:[  0. 150. 150.]
condition batch eval, img shape:(200, 200, 200), sx:2, sy:2, sz:2, num_conditions:2
condition:29, metric:[  0. 150. 150.]
condition:30, metric:[  0. 150. 150.]
condition batch eval, img shape:(200, 200, 200), sx:2, sy:2, sz:2, num_conditions:1
condition:31, metric:[  0. 150. 150.]
Validation end
avg metric shape: (31, 3)
iteration 6400 : model2_dice_score : 0.028405 model2_hd95 : 128.225806
save model to ../model/CellMap_202_CondBaseline_cond_baseline_cellmap_highres_SGD_SGD/unet_3D_old/model2_iter_6400.pth
iteration 6420 : loss : 0.325099  loss_ce : 0.190218  loss_dice : 0.459981
iteration 6440 : loss : 0.203932  loss_ce : 0.260017  loss_dice : 0.147847
iteration 6460 : loss : 0.168735  loss_ce : 0.258817  loss_dice : 0.078653
iteration 6480 : loss : 0.260287  loss_ce : 0.087766  loss_dice : 0.432807
iteration 6500 : loss : 0.038477  loss_ce : 0.068120  loss_dice : 0.008834
iteration 6520 : loss : 0.314830  loss_ce : 0.374360  loss_dice : 0.255300
iteration 6540 : loss : 0.245723  loss_ce : 0.107711  loss_dice : 0.383735
iteration 6560 : loss : 0.379129  loss_ce : 0.238835  loss_dice : 0.519423
iteration 6580 : loss : 0.322432  loss_ce : 0.227126  loss_dice : 0.417738
iteration 6600 : loss : 0.421819  loss_ce : 0.598720  loss_dice : 0.244918
iteration 6620 : loss : 0.471848  loss_ce : 0.610342  loss_dice : 0.333354
iteration 6640 : loss : 0.315937  loss_ce : 0.293753  loss_dice : 0.338122
iteration 6660 : loss : 0.455529  loss_ce : 0.584481  loss_dice : 0.326578
iteration 6680 : loss : 0.348972  loss_ce : 0.312300  loss_dice : 0.385644
iteration 6700 : loss : 0.215299  loss_ce : 0.299281  loss_dice : 0.131318
iteration 6720 : loss : 0.064050  loss_ce : 0.102787  loss_dice : 0.025313
iteration 6740 : loss : 0.765974  loss_ce : 0.994564  loss_dice : 0.537384
iteration 6760 : loss : 0.287298  loss_ce : 0.241709  loss_dice : 0.332886
iteration 6780 : loss : 0.283276  loss_ce : 0.406081  loss_dice : 0.160471
iteration 6800 : loss : 0.340849  loss_ce : 0.380194  loss_dice : 0.301504
began evaluation!
iteration 6800: validation sampled 4/17 cases
Total test images: 4
Validation begin
===>test image:/projects/weilab/liupeng/projects/frameworks/nnUNet/DATASET/nnUNet_preprocessed/Dataset200_Dataset101_CellMap_model_high_res/nnUNetPlans_3d_lowres_large_patch_test/jrc_hela-3_crop50.npy
condition batch eval, img shape:(256, 256, 256), sx:3, sy:3, sz:3, num_conditions:2
condition:1, metric:[0.29986647 0.         0.        ]
condition:2, metric:[  0. 150. 150.]
condition batch eval, img shape:(256, 256, 256), sx:3, sy:3, sz:3, num_conditions:2
condition:3, metric:[0.81827825 0.         0.        ]
condition:4, metric:[  0. 150. 150.]
condition batch eval, img shape:(256, 256, 256), sx:3, sy:3, sz:3, num_conditions:2
condition:5, metric:[  0. 150. 150.]
condition:6, metric:[  0. 150. 150.]
condition batch eval, img shape:(256, 256, 256), sx:3, sy:3, sz:3, num_conditions:2
condition:7, metric:[  0. 150. 150.]
condition:8, metric:[  0. 150. 150.]
condition batch eval, img shape:(256, 256, 256), sx:3, sy:3, sz:3, num_conditions:2
condition:9, metric:[  0. 150. 150.]
condition:10, metric:[  0. 150. 150.]
condition batch eval, img shape:(256, 256, 256), sx:3, sy:3, sz:3, num_conditions:2
condition:11, metric:[  0. 150. 150.]
condition:12, metric:[  0. 150. 150.]
condition batch eval, img shape:(256, 256, 256), sx:3, sy:3, sz:3, num_conditions:2
condition:13, metric:[  0. 150. 150.]
condition:14, metric:[  0. 150. 150.]
condition batch eval, img shape:(256, 256, 256), sx:3, sy:3, sz:3, num_conditions:2
condition:15, metric:[  0. 150. 150.]
condition:16, metric:[  0. 150. 150.]
condition batch eval, img shape:(256, 256, 256), sx:3, sy:3, sz:3, num_conditions:2
condition:17, metric:[  0. 150. 150.]
condition:18, metric:[  0. 150. 150.]
condition batch eval, img shape:(256, 256, 256), sx:3, sy:3, sz:3, num_conditions:2
condition:19, metric:[  0. 150. 150.]
condition:20, metric:[  0. 150. 150.]
condition batch eval, img shape:(256, 256, 256), sx:3, sy:3, sz:3, num_conditions:2
condition:21, metric:[  0. 150. 150.]
condition:22, metric:[  0. 150. 150.]
condition batch eval, img shape:(256, 256, 256), sx:3, sy:3, sz:3, num_conditions:2
condition:23, metric:[  0. 150. 150.]
condition:24, metric:[  0. 150. 150.]
condition batch eval, img shape:(256, 256, 256), sx:3, sy:3, sz:3, num_conditions:2
condition:25, metric:[  0. 150. 150.]
condition:26, metric:[  0. 150. 150.]
condition batch eval, img shape:(256, 256, 256), sx:3, sy:3, sz:3, num_conditions:2
condition:27, metric:[  0. 150. 150.]
condition:28, metric:[  0. 150. 150.]
condition batch eval, img shape:(256, 256, 256), sx:3, sy:3, sz:3, num_conditions:2
condition:29, metric:[  0. 150. 150.]
condition:30, metric:[  0. 150. 150.]
condition batch eval, img shape:(256, 256, 256), sx:3, sy:3, sz:3, num_conditions:1
condition:31, metric:[  0. 150. 150.]
===>test image:/projects/weilab/liupeng/projects/frameworks/nnUNet/DATASET/nnUNet_preprocessed/Dataset200_Dataset101_CellMap_model_high_res/nnUNetPlans_3d_lowres_large_patch_test/jrc_fly-mb-1a_crop121.npy
condition batch eval, img shape:(200, 200, 200), sx:2, sy:2, sz:2, num_conditions:2
condition:1, metric:[0.08357138 0.         0.        ]
condition:2, metric:[  0. 150. 150.]
condition batch eval, img shape:(200, 200, 200), sx:2, sy:2, sz:2, num_conditions:2
condition:3, metric:[0.88937659 0.         0.        ]
condition:4, metric:[  0. 150. 150.]
condition batch eval, img shape:(200, 200, 200), sx:2, sy:2, sz:2, num_conditions:2
condition:5, metric:[  0. 150. 150.]
condition:6, metric:[  0. 150. 150.]
condition batch eval, img shape:(200, 200, 200), sx:2, sy:2, sz:2, num_conditions:2
condition:7, metric:[  0. 150. 150.]
condition:8, metric:[  0. 150. 150.]
condition batch eval, img shape:(200, 200, 200), sx:2, sy:2, sz:2, num_conditions:2
condition:9, metric:[  0. 150. 150.]
condition:10, metric:[  0. 150. 150.]
condition batch eval, img shape:(200, 200, 200), sx:2, sy:2, sz:2, num_conditions:2
condition:11, metric:[  0. 150. 150.]
condition:12, metric:[  0. 150. 150.]
condition batch eval, img shape:(200, 200, 200), sx:2, sy:2, sz:2, num_conditions:2
condition:13, metric:[  0. 150. 150.]
condition:14, metric:[  0. 150. 150.]
condition batch eval, img shape:(200, 200, 200), sx:2, sy:2, sz:2, num_conditions:2
condition:15, metric:[  0. 150. 150.]
condition:16, metric:[  0. 150. 150.]
condition batch eval, img shape:(200, 200, 200), sx:2, sy:2, sz:2, num_conditions:2
condition:17, metric:[  0. 150. 150.]
condition:18, metric:[  0. 150. 150.]
condition batch eval, img shape:(200, 200, 200), sx:2, sy:2, sz:2, num_conditions:2
condition:19, metric:[  0. 150. 150.]
condition:20, metric:[  0. 150. 150.]
condition batch eval, img shape:(200, 200, 200), sx:2, sy:2, sz:2, num_conditions:2
condition:21, metric:[  0. 150. 150.]
condition:22, metric:[  0. 150. 150.]
condition batch eval, img shape:(200, 200, 200), sx:2, sy:2, sz:2, num_conditions:2
condition:23, metric:[  0. 150. 150.]
condition:24, metric:[  0. 150. 150.]
condition batch eval, img shape:(200, 200, 200), sx:2, sy:2, sz:2, num_conditions:2
condition:25, metric:[  0. 150. 150.]
condition:26, metric:[  0. 150. 150.]
condition batch eval, img shape:(200, 200, 200), sx:2, sy:2, sz:2, num_conditions:2
condition:27, metric:[  0. 150. 150.]
condition:28, metric:[  0. 150. 150.]
condition batch eval, img shape:(200, 200, 200), sx:2, sy:2, sz:2, num_conditions:2
condition:29, metric:[  0. 150. 150.]
condition:30, metric:[  0. 150. 150.]
condition batch eval, img shape:(200, 200, 200), sx:2, sy:2, sz:2, num_conditions:1
condition:31, metric:[  0. 150. 150.]
===>test image:/projects/weilab/liupeng/projects/frameworks/nnUNet/DATASET/nnUNet_preprocessed/Dataset200_Dataset101_CellMap_model_high_res/nnUNetPlans_3d_lowres_large_patch_test/jrc_fly-vnc-1_crop174.npy
condition batch eval, img shape:(200, 200, 200), sx:2, sy:2, sz:2, num_conditions:2
condition:1, metric:[0.19167683 0.         0.        ]
condition:2, metric:[  0. 150. 150.]
condition batch eval, img shape:(200, 200, 200), sx:2, sy:2, sz:2, num_conditions:2
condition:3, metric:[0.87989693 0.         0.        ]
condition:4, metric:[  0. 150. 150.]
condition batch eval, img shape:(200, 200, 200), sx:2, sy:2, sz:2, num_conditions:2
condition:5, metric:[  0. 150. 150.]
condition:6, metric:[  0. 150. 150.]
condition batch eval, img shape:(200, 200, 200), sx:2, sy:2, sz:2, num_conditions:2
condition:7, metric:[  0. 150. 150.]
condition:8, metric:[  0. 150. 150.]
condition batch eval, img shape:(200, 200, 200), sx:2, sy:2, sz:2, num_conditions:2
condition:9, metric:[  0. 150. 150.]
condition:10, metric:[  0. 150. 150.]
condition batch eval, img shape:(200, 200, 200), sx:2, sy:2, sz:2, num_conditions:2
condition:11, metric:[  0. 150. 150.]
condition:12, metric:[  0. 150. 150.]
condition batch eval, img shape:(200, 200, 200), sx:2, sy:2, sz:2, num_conditions:2
condition:13, metric:[  0. 150. 150.]
condition:14, metric:[  0. 150. 150.]
condition batch eval, img shape:(200, 200, 200), sx:2, sy:2, sz:2, num_conditions:2
condition:15, metric:[  0. 150. 150.]
condition:16, metric:[  0. 150. 150.]
condition batch eval, img shape:(200, 200, 200), sx:2, sy:2, sz:2, num_conditions:2
condition:17, metric:[  0. 150. 150.]
condition:18, metric:[  0. 150. 150.]
condition batch eval, img shape:(200, 200, 200), sx:2, sy:2, sz:2, num_conditions:2
condition:19, metric:[  0. 150. 150.]
condition:20, metric:[  0. 150. 150.]
condition batch eval, img shape:(200, 200, 200), sx:2, sy:2, sz:2, num_conditions:2
condition:21, metric:[  0. 150. 150.]
condition:22, metric:[  0. 150. 150.]
condition batch eval, img shape:(200, 200, 200), sx:2, sy:2, sz:2, num_conditions:2
condition:23, metric:[  0. 150. 150.]
condition:24, metric:[  0. 150. 150.]
condition batch eval, img shape:(200, 200, 200), sx:2, sy:2, sz:2, num_conditions:2
condition:25, metric:[  0. 150. 150.]
condition:26, metric:[  0. 150. 150.]
condition batch eval, img shape:(200, 200, 200), sx:2, sy:2, sz:2, num_conditions:2
condition:27, metric:[  0. 150. 150.]
condition:28, metric:[  0. 150. 150.]
condition batch eval, img shape:(200, 200, 200), sx:2, sy:2, sz:2, num_conditions:2
condition:29, metric:[  0. 150. 150.]
condition:30, metric:[  0. 150. 150.]
condition batch eval, img shape:(200, 200, 200), sx:2, sy:2, sz:2, num_conditions:1
condition:31, metric:[  0. 150. 150.]
===>test image:/projects/weilab/liupeng/projects/frameworks/nnUNet/DATASET/nnUNet_preprocessed/Dataset200_Dataset101_CellMap_model_high_res/nnUNetPlans_3d_lowres_large_patch_test/jrc_sum159-4_crop219.npy
condition batch eval, img shape:(400, 400, 400), sx:5, sy:5, sz:5, num_conditions:2
condition:1, metric:[0.12368386 0.         0.        ]
condition:2, metric:[  0. 150. 150.]
condition batch eval, img shape:(400, 400, 400), sx:5, sy:5, sz:5, num_conditions:2
condition:3, metric:[0.73839382 0.         0.        ]
condition:4, metric:[  0. 150. 150.]
condition batch eval, img shape:(400, 400, 400), sx:5, sy:5, sz:5, num_conditions:2
condition:5, metric:[  0. 150. 150.]
condition:6, metric:[  0. 150. 150.]
condition batch eval, img shape:(400, 400, 400), sx:5, sy:5, sz:5, num_conditions:2
condition:7, metric:[  0. 150. 150.]
condition:8, metric:[  0. 150. 150.]
condition batch eval, img shape:(400, 400, 400), sx:5, sy:5, sz:5, num_conditions:2
condition:9, metric:[  0. 150. 150.]
condition:10, metric:[  0. 150. 150.]
condition batch eval, img shape:(400, 400, 400), sx:5, sy:5, sz:5, num_conditions:2
condition:11, metric:[  0. 150. 150.]
condition:12, metric:[  0. 150. 150.]
condition batch eval, img shape:(400, 400, 400), sx:5, sy:5, sz:5, num_conditions:2
condition:13, metric:[  0. 150. 150.]
condition:14, metric:[  0. 150. 150.]
condition batch eval, img shape:(400, 400, 400), sx:5, sy:5, sz:5, num_conditions:2
condition:15, metric:[  0. 150. 150.]
condition:16, metric:[0. 0. 0.]
condition batch eval, img shape:(400, 400, 400), sx:5, sy:5, sz:5, num_conditions:2
condition:17, metric:[  0. 150. 150.]
condition:18, metric:[  0. 150. 150.]
condition batch eval, img shape:(400, 400, 400), sx:5, sy:5, sz:5, num_conditions:2
condition:19, metric:[  0. 150. 150.]
condition:20, metric:[  0. 150. 150.]
condition batch eval, img shape:(400, 400, 400), sx:5, sy:5, sz:5, num_conditions:2
condition:21, metric:[  0. 150. 150.]
condition:22, metric:[  0. 150. 150.]
condition batch eval, img shape:(400, 400, 400), sx:5, sy:5, sz:5, num_conditions:2
condition:23, metric:[  0. 150. 150.]
condition:24, metric:[  0. 150. 150.]
condition batch eval, img shape:(400, 400, 400), sx:5, sy:5, sz:5, num_conditions:2
condition:25, metric:[  0. 150. 150.]
condition:26, metric:[  0. 150. 150.]
condition batch eval, img shape:(400, 400, 400), sx:5, sy:5, sz:5, num_conditions:2
condition:27, metric:[0.01077383 0.         0.        ]
condition:28, metric:[  0. 150. 150.]
condition batch eval, img shape:(400, 400, 400), sx:5, sy:5, sz:5, num_conditions:2
condition:29, metric:[  0. 150. 150.]
condition:30, metric:[  0. 150. 150.]
condition batch eval, img shape:(400, 400, 400), sx:5, sy:5, sz:5, num_conditions:1
condition:31, metric:[  0. 150. 150.]
Validation end
avg metric shape: (31, 3)
save model to ../model/CellMap_202_CondBaseline_cond_baseline_cellmap_highres_SGD_SGD/unet_3D_old/iter_6800_dice_0.0325
iteration 6800 : model2_dice_score : 0.032544 model2_hd95 : 137.903226
save model to ../model/CellMap_202_CondBaseline_cond_baseline_cellmap_highres_SGD_SGD/unet_3D_old/model2_iter_6800.pth
iteration 6820 : loss : 0.274571  loss_ce : 0.048297  loss_dice : 0.500846
iteration 6840 : loss : 0.235984  loss_ce : 0.297357  loss_dice : 0.174611
iteration 6860 : loss : 0.290754  loss_ce : 0.416260  loss_dice : 0.165247
iteration 6880 : loss : 0.170073  loss_ce : 0.191848  loss_dice : 0.148298
iteration 6900 : loss : 0.297900  loss_ce : 0.232984  loss_dice : 0.362816
iteration 6920 : loss : 0.370684  loss_ce : 0.320628  loss_dice : 0.420739
iteration 6940 : loss : 0.382333  loss_ce : 0.457217  loss_dice : 0.307449
iteration 6960 : loss : 0.108880  loss_ce : 0.170079  loss_dice : 0.047681
iteration 6980 : loss : 0.262058  loss_ce : 0.130468  loss_dice : 0.393648
iteration 7000 : loss : 0.122677  loss_ce : 0.189916  loss_dice : 0.055439
iteration 7020 : loss : 0.187703  loss_ce : 0.272672  loss_dice : 0.102735
iteration 7040 : loss : 0.261225  loss_ce : 0.375798  loss_dice : 0.146651
iteration 7060 : loss : 0.207918  loss_ce : 0.302945  loss_dice : 0.112891
iteration 7080 : loss : 0.087450  loss_ce : 0.137248  loss_dice : 0.037652
iteration 7100 : loss : 0.172024  loss_ce : 0.258940  loss_dice : 0.085107
iteration 7120 : loss : 0.415977  loss_ce : 0.393509  loss_dice : 0.438444
iteration 7140 : loss : 0.299364  loss_ce : 0.433620  loss_dice : 0.165109
iteration 7160 : loss : 0.151791  loss_ce : 0.224955  loss_dice : 0.078626
iteration 7180 : loss : 0.383219  loss_ce : 0.391558  loss_dice : 0.374881
iteration 7200 : loss : 0.426467  loss_ce : 0.444896  loss_dice : 0.408037
began evaluation!
iteration 7200: validation sampled 4/17 cases
Total test images: 4
Validation begin
===>test image:/projects/weilab/liupeng/projects/frameworks/nnUNet/DATASET/nnUNet_preprocessed/Dataset200_Dataset101_CellMap_model_high_res/nnUNetPlans_3d_lowres_large_patch_test/jrc_sum159-1_crop20.npy
condition batch eval, img shape:(200, 200, 160), sx:2, sy:2, sz:1, num_conditions:2
condition:1, metric:[  0. 150. 150.]
condition:2, metric:[  0. 150. 150.]
condition batch eval, img shape:(200, 200, 160), sx:2, sy:2, sz:1, num_conditions:2
condition:3, metric:[0.63682259 0.         0.        ]
condition:4, metric:[  0. 150. 150.]
condition batch eval, img shape:(200, 200, 160), sx:2, sy:2, sz:1, num_conditions:2
condition:5, metric:[  0. 150. 150.]
condition:6, metric:[  0. 150. 150.]
condition batch eval, img shape:(200, 200, 160), sx:2, sy:2, sz:1, num_conditions:2
condition:7, metric:[  0. 150. 150.]
condition:8, metric:[  0. 150. 150.]
condition batch eval, img shape:(200, 200, 160), sx:2, sy:2, sz:1, num_conditions:2
condition:9, metric:[  0. 150. 150.]
condition:10, metric:[  0. 150. 150.]
condition batch eval, img shape:(200, 200, 160), sx:2, sy:2, sz:1, num_conditions:2
condition:11, metric:[  0. 150. 150.]
condition:12, metric:[  0. 150. 150.]
condition batch eval, img shape:(200, 200, 160), sx:2, sy:2, sz:1, num_conditions:2
condition:13, metric:[  0. 150. 150.]
condition:14, metric:[  0. 150. 150.]
condition batch eval, img shape:(200, 200, 160), sx:2, sy:2, sz:1, num_conditions:2
condition:15, metric:[  0. 150. 150.]
condition:16, metric:[  0. 150. 150.]
condition batch eval, img shape:(200, 200, 160), sx:2, sy:2, sz:1, num_conditions:2
condition:17, metric:[  0. 150. 150.]
condition:18, metric:[  0. 150. 150.]
condition batch eval, img shape:(200, 200, 160), sx:2, sy:2, sz:1, num_conditions:2
condition:19, metric:[  0. 150. 150.]
condition:20, metric:[  0. 150. 150.]
condition batch eval, img shape:(200, 200, 160), sx:2, sy:2, sz:1, num_conditions:2
condition:21, metric:[  0. 150. 150.]
condition:22, metric:[  0. 150. 150.]
condition batch eval, img shape:(200, 200, 160), sx:2, sy:2, sz:1, num_conditions:2
condition:23, metric:[  0. 150. 150.]
condition:24, metric:[  0. 150. 150.]
condition batch eval, img shape:(200, 200, 160), sx:2, sy:2, sz:1, num_conditions:2
condition:25, metric:[  0. 150. 150.]
condition:26, metric:[  0. 150. 150.]
condition batch eval, img shape:(200, 200, 160), sx:2, sy:2, sz:1, num_conditions:2
condition:27, metric:[  0. 150. 150.]
condition:28, metric:[  0. 150. 150.]
condition batch eval, img shape:(200, 200, 160), sx:2, sy:2, sz:1, num_conditions:2
condition:29, metric:[  0. 150. 150.]
condition:30, metric:[  0. 150. 150.]
condition batch eval, img shape:(200, 200, 160), sx:2, sy:2, sz:1, num_conditions:1
condition:31, metric:[  0. 150. 150.]
===>test image:/projects/weilab/liupeng/projects/frameworks/nnUNet/DATASET/nnUNet_preprocessed/Dataset200_Dataset101_CellMap_model_high_res/nnUNetPlans_3d_lowres_large_patch_test/jrc_mus-liver-zon-1_crop266.npy
condition batch eval, img shape:(400, 400, 400), sx:5, sy:5, sz:5, num_conditions:2
condition:1, metric:[  0. 150. 150.]
condition:2, metric:[  0. 150. 150.]
condition batch eval, img shape:(400, 400, 400), sx:5, sy:5, sz:5, num_conditions:2
condition:3, metric:[0.40880842 0.         0.        ]
condition:4, metric:[  0. 150. 150.]
condition batch eval, img shape:(400, 400, 400), sx:5, sy:5, sz:5, num_conditions:2
condition:5, metric:[  0. 150. 150.]
condition:6, metric:[  0. 150. 150.]
condition batch eval, img shape:(400, 400, 400), sx:5, sy:5, sz:5, num_conditions:2
condition:7, metric:[  0. 150. 150.]
condition:8, metric:[  0. 150. 150.]
condition batch eval, img shape:(400, 400, 400), sx:5, sy:5, sz:5, num_conditions:2
condition:9, metric:[  0. 150. 150.]
condition:10, metric:[  0. 150. 150.]
condition batch eval, img shape:(400, 400, 400), sx:5, sy:5, sz:5, num_conditions:2
condition:11, metric:[  0. 150. 150.]
condition:12, metric:[  0. 150. 150.]
condition batch eval, img shape:(400, 400, 400), sx:5, sy:5, sz:5, num_conditions:2
condition:13, metric:[  0. 150. 150.]
condition:14, metric:[  0. 150. 150.]
condition batch eval, img shape:(400, 400, 400), sx:5, sy:5, sz:5, num_conditions:2
condition:15, metric:[  0. 150. 150.]
condition:16, metric:[  0. 150. 150.]
condition batch eval, img shape:(400, 400, 400), sx:5, sy:5, sz:5, num_conditions:2
condition:17, metric:[  0. 150. 150.]
condition:18, metric:[  0. 150. 150.]
condition batch eval, img shape:(400, 400, 400), sx:5, sy:5, sz:5, num_conditions:2
condition:19, metric:[  0. 150. 150.]
condition:20, metric:[  0. 150. 150.]
condition batch eval, img shape:(400, 400, 400), sx:5, sy:5, sz:5, num_conditions:2
condition:21, metric:[  0. 150. 150.]
condition:22, metric:[  0. 150. 150.]
condition batch eval, img shape:(400, 400, 400), sx:5, sy:5, sz:5, num_conditions:2
condition:23, metric:[  0. 150. 150.]
condition:24, metric:[  0. 150. 150.]
condition batch eval, img shape:(400, 400, 400), sx:5, sy:5, sz:5, num_conditions:2
condition:25, metric:[  0. 150. 150.]
condition:26, metric:[  0. 150. 150.]
condition batch eval, img shape:(400, 400, 400), sx:5, sy:5, sz:5, num_conditions:2
condition:27, metric:[0.577868 0.       0.      ]
condition:28, metric:[  0. 150. 150.]
condition batch eval, img shape:(400, 400, 400), sx:5, sy:5, sz:5, num_conditions:2
condition:29, metric:[  0. 150. 150.]
condition:30, metric:[  0. 150. 150.]
condition batch eval, img shape:(400, 400, 400), sx:5, sy:5, sz:5, num_conditions:1
condition:31, metric:[  0. 150. 150.]
===>test image:/projects/weilab/liupeng/projects/frameworks/nnUNet/DATASET/nnUNet_preprocessed/Dataset200_Dataset101_CellMap_model_high_res/nnUNetPlans_3d_lowres_large_patch_test/jrc_cos7-1a_crop236.npy
condition batch eval, img shape:(200, 200, 200), sx:2, sy:2, sz:2, num_conditions:2
condition:1, metric:[  0. 150. 150.]
condition:2, metric:[  0. 150. 150.]
condition batch eval, img shape:(200, 200, 200), sx:2, sy:2, sz:2, num_conditions:2
condition:3, metric:[0.80556623 0.         0.        ]
condition:4, metric:[  0. 150. 150.]
condition batch eval, img shape:(200, 200, 200), sx:2, sy:2, sz:2, num_conditions:2
condition:5, metric:[  0. 150. 150.]
condition:6, metric:[  0. 150. 150.]
condition batch eval, img shape:(200, 200, 200), sx:2, sy:2, sz:2, num_conditions:2
condition:7, metric:[  0. 150. 150.]
condition:8, metric:[  0. 150. 150.]
condition batch eval, img shape:(200, 200, 200), sx:2, sy:2, sz:2, num_conditions:2
condition:9, metric:[  0. 150. 150.]
condition:10, metric:[  0. 150. 150.]
condition batch eval, img shape:(200, 200, 200), sx:2, sy:2, sz:2, num_conditions:2
condition:11, metric:[  0. 150. 150.]
condition:12, metric:[  0. 150. 150.]
condition batch eval, img shape:(200, 200, 200), sx:2, sy:2, sz:2, num_conditions:2
condition:13, metric:[  0. 150. 150.]
condition:14, metric:[  0. 150. 150.]
condition batch eval, img shape:(200, 200, 200), sx:2, sy:2, sz:2, num_conditions:2
condition:15, metric:[  0. 150. 150.]
condition:16, metric:[  0. 150. 150.]
condition batch eval, img shape:(200, 200, 200), sx:2, sy:2, sz:2, num_conditions:2
condition:17, metric:[  0. 150. 150.]
condition:18, metric:[  0. 150. 150.]
condition batch eval, img shape:(200, 200, 200), sx:2, sy:2, sz:2, num_conditions:2
condition:19, metric:[  0. 150. 150.]
condition:20, metric:[  0. 150. 150.]
condition batch eval, img shape:(200, 200, 200), sx:2, sy:2, sz:2, num_conditions:2
condition:21, metric:[  0. 150. 150.]
condition:22, metric:[  0. 150. 150.]
condition batch eval, img shape:(200, 200, 200), sx:2, sy:2, sz:2, num_conditions:2
condition:23, metric:[  0. 150. 150.]
condition:24, metric:[  0. 150. 150.]
condition batch eval, img shape:(200, 200, 200), sx:2, sy:2, sz:2, num_conditions:2
condition:25, metric:[  0. 150. 150.]
condition:26, metric:[  0. 150. 150.]
condition batch eval, img shape:(200, 200, 200), sx:2, sy:2, sz:2, num_conditions:2
condition:27, metric:[  0. 150. 150.]
condition:28, metric:[  0. 150. 150.]
condition batch eval, img shape:(200, 200, 200), sx:2, sy:2, sz:2, num_conditions:2
condition:29, metric:[  0. 150. 150.]
condition:30, metric:[  0. 150. 150.]
condition batch eval, img shape:(200, 200, 200), sx:2, sy:2, sz:2, num_conditions:1
condition:31, metric:[  0. 150. 150.]
===>test image:/projects/weilab/liupeng/projects/frameworks/nnUNet/DATASET/nnUNet_preprocessed/Dataset200_Dataset101_CellMap_model_high_res/nnUNetPlans_3d_lowres_large_patch_test/jrc_mus-liver-zon-2_crop342.npy
condition batch eval, img shape:(400, 400, 400), sx:5, sy:5, sz:5, num_conditions:2
condition:1, metric:[0.42685546 0.         0.        ]
condition:2, metric:[  0. 150. 150.]
condition batch eval, img shape:(400, 400, 400), sx:5, sy:5, sz:5, num_conditions:2
condition:3, metric:[0.45302317 0.         0.        ]
condition:4, metric:[  0. 150. 150.]
condition batch eval, img shape:(400, 400, 400), sx:5, sy:5, sz:5, num_conditions:2
condition:5, metric:[  0. 150. 150.]
condition:6, metric:[  0. 150. 150.]
condition batch eval, img shape:(400, 400, 400), sx:5, sy:5, sz:5, num_conditions:2
condition:7, metric:[  0. 150. 150.]
condition:8, metric:[  0. 150. 150.]
condition batch eval, img shape:(400, 400, 400), sx:5, sy:5, sz:5, num_conditions:2
condition:9, metric:[  0. 150. 150.]
condition:10, metric:[  0. 150. 150.]
condition batch eval, img shape:(400, 400, 400), sx:5, sy:5, sz:5, num_conditions:2
condition:11, metric:[  0. 150. 150.]
condition:12, metric:[  0. 150. 150.]
condition batch eval, img shape:(400, 400, 400), sx:5, sy:5, sz:5, num_conditions:2
condition:13, metric:[  0. 150. 150.]
condition:14, metric:[  0. 150. 150.]
condition batch eval, img shape:(400, 400, 400), sx:5, sy:5, sz:5, num_conditions:2
condition:15, metric:[  0. 150. 150.]
condition:16, metric:[  0. 150. 150.]
condition batch eval, img shape:(400, 400, 400), sx:5, sy:5, sz:5, num_conditions:2
condition:17, metric:[  0. 150. 150.]
condition:18, metric:[  0. 150. 150.]
condition batch eval, img shape:(400, 400, 400), sx:5, sy:5, sz:5, num_conditions:2
condition:19, metric:[  0. 150. 150.]
condition:20, metric:[  0. 150. 150.]
condition batch eval, img shape:(400, 400, 400), sx:5, sy:5, sz:5, num_conditions:2
condition:21, metric:[  0. 150. 150.]
condition:22, metric:[  0. 150. 150.]
condition batch eval, img shape:(400, 400, 400), sx:5, sy:5, sz:5, num_conditions:2
condition:23, metric:[  0. 150. 150.]
condition:24, metric:[  0. 150. 150.]
condition batch eval, img shape:(400, 400, 400), sx:5, sy:5, sz:5, num_conditions:2
condition:25, metric:[  0. 150. 150.]
condition:26, metric:[  0. 150. 150.]
condition batch eval, img shape:(400, 400, 400), sx:5, sy:5, sz:5, num_conditions:2
condition:27, metric:[0.24658098 0.         0.        ]
condition:28, metric:[  0. 150. 150.]
condition batch eval, img shape:(400, 400, 400), sx:5, sy:5, sz:5, num_conditions:2
condition:29, metric:[  0. 150. 150.]
condition:30, metric:[  0. 150. 150.]
condition batch eval, img shape:(400, 400, 400), sx:5, sy:5, sz:5, num_conditions:1
condition:31, metric:[  0. 150. 150.]
Validation end
avg metric shape: (31, 3)
iteration 7200 : model2_dice_score : 0.028674 model2_hd95 : 141.532258
save model to ../model/CellMap_202_CondBaseline_cond_baseline_cellmap_highres_SGD_SGD/unet_3D_old/model2_iter_7200.pth
iteration 7220 : loss : 0.304248  loss_ce : 0.173695  loss_dice : 0.434801
iteration 7240 : loss : 0.304952  loss_ce : 0.252716  loss_dice : 0.357189
iteration 7260 : loss : 0.354702  loss_ce : 0.294240  loss_dice : 0.415164
iteration 7280 : loss : 0.267773  loss_ce : 0.342319  loss_dice : 0.193228
iteration 7300 : loss : 0.198343  loss_ce : 0.292909  loss_dice : 0.103778
iteration 7320 : loss : 0.190261  loss_ce : 0.275039  loss_dice : 0.105482
iteration 7340 : loss : 0.171344  loss_ce : 0.260778  loss_dice : 0.081911
iteration 7360 : loss : 0.271090  loss_ce : 0.086829  loss_dice : 0.455351
iteration 7380 : loss : 0.071097  loss_ce : 0.120588  loss_dice : 0.021607
iteration 7400 : loss : 0.291934  loss_ce : 0.389611  loss_dice : 0.194257
iteration 7420 : loss : 0.184957  loss_ce : 0.283023  loss_dice : 0.086892
iteration 7440 : loss : 0.297112  loss_ce : 0.429456  loss_dice : 0.164768
iteration 7460 : loss : 0.064682  loss_ce : 0.099895  loss_dice : 0.029468
iteration 7480 : loss : 0.108402  loss_ce : 0.162734  loss_dice : 0.054069
iteration 7500 : loss : 0.272536  loss_ce : 0.185992  loss_dice : 0.359079
iteration 7520 : loss : 0.153513  loss_ce : 0.232922  loss_dice : 0.074105
iteration 7540 : loss : 0.459857  loss_ce : 0.598762  loss_dice : 0.320951
iteration 7560 : loss : 0.323431  loss_ce : 0.257568  loss_dice : 0.389293
iteration 7580 : loss : 0.240717  loss_ce : 0.315813  loss_dice : 0.165622
iteration 7600 : loss : 0.360481  loss_ce : 0.529371  loss_dice : 0.191592
began evaluation!
iteration 7600: validation sampled 4/17 cases
Total test images: 4
Validation begin
===>test image:/projects/weilab/liupeng/projects/frameworks/nnUNet/DATASET/nnUNet_preprocessed/Dataset200_Dataset101_CellMap_model_high_res/nnUNetPlans_3d_lowres_large_patch_test/jrc_mus-liver-zon-1_crop266.npy
condition batch eval, img shape:(400, 400, 400), sx:5, sy:5, sz:5, num_conditions:2
condition:1, metric:[  0. 150. 150.]
condition:2, metric:[  0. 150. 150.]
condition batch eval, img shape:(400, 400, 400), sx:5, sy:5, sz:5, num_conditions:2
condition:3, metric:[0.46145881 0.         0.        ]
condition:4, metric:[  0. 150. 150.]
condition batch eval, img shape:(400, 400, 400), sx:5, sy:5, sz:5, num_conditions:2
condition:5, metric:[  0. 150. 150.]
condition:6, metric:[  0. 150. 150.]
condition batch eval, img shape:(400, 400, 400), sx:5, sy:5, sz:5, num_conditions:2
condition:7, metric:[  0. 150. 150.]
condition:8, metric:[  0. 150. 150.]
condition batch eval, img shape:(400, 400, 400), sx:5, sy:5, sz:5, num_conditions:2
condition:9, metric:[  0. 150. 150.]
condition:10, metric:[  0. 150. 150.]
condition batch eval, img shape:(400, 400, 400), sx:5, sy:5, sz:5, num_conditions:2
condition:11, metric:[  0. 150. 150.]
condition:12, metric:[  0. 150. 150.]
condition batch eval, img shape:(400, 400, 400), sx:5, sy:5, sz:5, num_conditions:2
condition:13, metric:[  0. 150. 150.]
condition:14, metric:[  0. 150. 150.]
condition batch eval, img shape:(400, 400, 400), sx:5, sy:5, sz:5, num_conditions:2
condition:15, metric:[  0. 150. 150.]
condition:16, metric:[  0. 150. 150.]
condition batch eval, img shape:(400, 400, 400), sx:5, sy:5, sz:5, num_conditions:2
condition:17, metric:[  0. 150. 150.]
condition:18, metric:[  0. 150. 150.]
condition batch eval, img shape:(400, 400, 400), sx:5, sy:5, sz:5, num_conditions:2
condition:19, metric:[  0. 150. 150.]
condition:20, metric:[  0. 150. 150.]
condition batch eval, img shape:(400, 400, 400), sx:5, sy:5, sz:5, num_conditions:2
condition:21, metric:[  0. 150. 150.]
condition:22, metric:[  0. 150. 150.]
condition batch eval, img shape:(400, 400, 400), sx:5, sy:5, sz:5, num_conditions:2
condition:23, metric:[  0. 150. 150.]
condition:24, metric:[  0. 150. 150.]
condition batch eval, img shape:(400, 400, 400), sx:5, sy:5, sz:5, num_conditions:2
condition:25, metric:[  0. 150. 150.]
condition:26, metric:[  0. 150. 150.]
condition batch eval, img shape:(400, 400, 400), sx:5, sy:5, sz:5, num_conditions:2
condition:27, metric:[0.56677456 0.         0.        ]
condition:28, metric:[  0. 150. 150.]
condition batch eval, img shape:(400, 400, 400), sx:5, sy:5, sz:5, num_conditions:2
condition:29, metric:[  0. 150. 150.]
condition:30, metric:[  0. 150. 150.]
condition batch eval, img shape:(400, 400, 400), sx:5, sy:5, sz:5, num_conditions:1
condition:31, metric:[  0. 150. 150.]
===>test image:/projects/weilab/liupeng/projects/frameworks/nnUNet/DATASET/nnUNet_preprocessed/Dataset200_Dataset101_CellMap_model_high_res/nnUNetPlans_3d_lowres_large_patch_test/jrc_mus-liver_crop125.npy
condition batch eval, img shape:(400, 400, 400), sx:5, sy:5, sz:5, num_conditions:2
condition:1, metric:[0.72473548 0.         0.        ]
condition:2, metric:[  0. 150. 150.]
condition batch eval, img shape:(400, 400, 400), sx:5, sy:5, sz:5, num_conditions:2
condition:3, metric:[0.11190153 0.         0.        ]
condition:4, metric:[  0. 150. 150.]
condition batch eval, img shape:(400, 400, 400), sx:5, sy:5, sz:5, num_conditions:2
condition:5, metric:[  0. 150. 150.]
condition:6, metric:[  0. 150. 150.]
condition batch eval, img shape:(400, 400, 400), sx:5, sy:5, sz:5, num_conditions:2
condition:7, metric:[  0. 150. 150.]
condition:8, metric:[  0. 150. 150.]
condition batch eval, img shape:(400, 400, 400), sx:5, sy:5, sz:5, num_conditions:2
condition:9, metric:[  0. 150. 150.]
condition:10, metric:[  0. 150. 150.]
condition batch eval, img shape:(400, 400, 400), sx:5, sy:5, sz:5, num_conditions:2
condition:11, metric:[  0. 150. 150.]
condition:12, metric:[  0. 150. 150.]
condition batch eval, img shape:(400, 400, 400), sx:5, sy:5, sz:5, num_conditions:2
condition:13, metric:[  0. 150. 150.]
condition:14, metric:[  0. 150. 150.]
condition batch eval, img shape:(400, 400, 400), sx:5, sy:5, sz:5, num_conditions:2
condition:15, metric:[  0. 150. 150.]
condition:16, metric:[  0. 150. 150.]
condition batch eval, img shape:(400, 400, 400), sx:5, sy:5, sz:5, num_conditions:2
condition:17, metric:[  0. 150. 150.]
condition:18, metric:[  0. 150. 150.]
condition batch eval, img shape:(400, 400, 400), sx:5, sy:5, sz:5, num_conditions:2
condition:19, metric:[  0. 150. 150.]
condition:20, metric:[  0. 150. 150.]
condition batch eval, img shape:(400, 400, 400), sx:5, sy:5, sz:5, num_conditions:2
condition:21, metric:[  0. 150. 150.]
condition:22, metric:[  0. 150. 150.]
condition batch eval, img shape:(400, 400, 400), sx:5, sy:5, sz:5, num_conditions:2
condition:23, metric:[  0. 150. 150.]
condition:24, metric:[  0. 150. 150.]
condition batch eval, img shape:(400, 400, 400), sx:5, sy:5, sz:5, num_conditions:2
condition:25, metric:[  0. 150. 150.]
condition:26, metric:[  0. 150. 150.]
condition batch eval, img shape:(400, 400, 400), sx:5, sy:5, sz:5, num_conditions:2
condition:27, metric:[  0. 150. 150.]
condition:28, metric:[  0. 150. 150.]
condition batch eval, img shape:(400, 400, 400), sx:5, sy:5, sz:5, num_conditions:2
condition:29, metric:[  0. 150. 150.]
condition:30, metric:[  0. 150. 150.]
condition batch eval, img shape:(400, 400, 400), sx:5, sy:5, sz:5, num_conditions:1
condition:31, metric:[  0. 150. 150.]
===>test image:/projects/weilab/liupeng/projects/frameworks/nnUNet/DATASET/nnUNet_preprocessed/Dataset200_Dataset101_CellMap_model_high_res/nnUNetPlans_3d_lowres_large_patch_test/jrc_mus-kidney_crop164.npy
condition batch eval, img shape:(200, 200, 200), sx:2, sy:2, sz:2, num_conditions:2
condition:1, metric:[0.03549975 0.         0.        ]
condition:2, metric:[  0. 150. 150.]
condition batch eval, img shape:(200, 200, 200), sx:2, sy:2, sz:2, num_conditions:2
condition:3, metric:[0.78326265 0.         0.        ]
condition:4, metric:[  0. 150. 150.]
condition batch eval, img shape:(200, 200, 200), sx:2, sy:2, sz:2, num_conditions:2
condition:5, metric:[  0. 150. 150.]
condition:6, metric:[  0. 150. 150.]
condition batch eval, img shape:(200, 200, 200), sx:2, sy:2, sz:2, num_conditions:2
condition:7, metric:[  0. 150. 150.]
condition:8, metric:[  0. 150. 150.]
condition batch eval, img shape:(200, 200, 200), sx:2, sy:2, sz:2, num_conditions:2
condition:9, metric:[  0. 150. 150.]
condition:10, metric:[  0. 150. 150.]
condition batch eval, img shape:(200, 200, 200), sx:2, sy:2, sz:2, num_conditions:2
condition:11, metric:[  0. 150. 150.]
condition:12, metric:[  0. 150. 150.]
condition batch eval, img shape:(200, 200, 200), sx:2, sy:2, sz:2, num_conditions:2
condition:13, metric:[  0. 150. 150.]
condition:14, metric:[  0. 150. 150.]
condition batch eval, img shape:(200, 200, 200), sx:2, sy:2, sz:2, num_conditions:2
condition:15, metric:[  0. 150. 150.]
condition:16, metric:[  0. 150. 150.]
condition batch eval, img shape:(200, 200, 200), sx:2, sy:2, sz:2, num_conditions:2
condition:17, metric:[  0. 150. 150.]
condition:18, metric:[  0. 150. 150.]
condition batch eval, img shape:(200, 200, 200), sx:2, sy:2, sz:2, num_conditions:2
condition:19, metric:[  0. 150. 150.]
condition:20, metric:[  0. 150. 150.]
condition batch eval, img shape:(200, 200, 200), sx:2, sy:2, sz:2, num_conditions:2
condition:21, metric:[  0. 150. 150.]
condition:22, metric:[  0. 150. 150.]
condition batch eval, img shape:(200, 200, 200), sx:2, sy:2, sz:2, num_conditions:2
condition:23, metric:[  0. 150. 150.]
condition:24, metric:[  0. 150. 150.]
condition batch eval, img shape:(200, 200, 200), sx:2, sy:2, sz:2, num_conditions:2
condition:25, metric:[  0. 150. 150.]
condition:26, metric:[  0. 150. 150.]
condition batch eval, img shape:(200, 200, 200), sx:2, sy:2, sz:2, num_conditions:2
condition:27, metric:[  0. 150. 150.]
condition:28, metric:[  0. 150. 150.]
condition batch eval, img shape:(200, 200, 200), sx:2, sy:2, sz:2, num_conditions:2
condition:29, metric:[  0. 150. 150.]
condition:30, metric:[  0. 150. 150.]
condition batch eval, img shape:(200, 200, 200), sx:2, sy:2, sz:2, num_conditions:1
condition:31, metric:[  0. 150. 150.]
===>test image:/projects/weilab/liupeng/projects/frameworks/nnUNet/DATASET/nnUNet_preprocessed/Dataset200_Dataset101_CellMap_model_high_res/nnUNetPlans_3d_lowres_large_patch_test/jrc_mus-liver-zon-2_crop342.npy
condition batch eval, img shape:(400, 400, 400), sx:5, sy:5, sz:5, num_conditions:2
condition:1, metric:[0.42685546 0.         0.        ]
condition:2, metric:[  0. 150. 150.]
condition batch eval, img shape:(400, 400, 400), sx:5, sy:5, sz:5, num_conditions:2
condition:3, metric:[0.36484362 0.         0.        ]
condition:4, metric:[  0. 150. 150.]
condition batch eval, img shape:(400, 400, 400), sx:5, sy:5, sz:5, num_conditions:2
condition:5, metric:[  0. 150. 150.]
condition:6, metric:[  0. 150. 150.]
condition batch eval, img shape:(400, 400, 400), sx:5, sy:5, sz:5, num_conditions:2
condition:7, metric:[  0. 150. 150.]
condition:8, metric:[  0. 150. 150.]
condition batch eval, img shape:(400, 400, 400), sx:5, sy:5, sz:5, num_conditions:2
condition:9, metric:[  0. 150. 150.]
condition:10, metric:[  0. 150. 150.]
condition batch eval, img shape:(400, 400, 400), sx:5, sy:5, sz:5, num_conditions:2
condition:11, metric:[  0. 150. 150.]
condition:12, metric:[  0. 150. 150.]
condition batch eval, img shape:(400, 400, 400), sx:5, sy:5, sz:5, num_conditions:2
condition:13, metric:[  0. 150. 150.]
condition:14, metric:[  0. 150. 150.]
condition batch eval, img shape:(400, 400, 400), sx:5, sy:5, sz:5, num_conditions:2
condition:15, metric:[  0. 150. 150.]
condition:16, metric:[  0. 150. 150.]
condition batch eval, img shape:(400, 400, 400), sx:5, sy:5, sz:5, num_conditions:2
condition:17, metric:[  0. 150. 150.]
condition:18, metric:[  0. 150. 150.]
condition batch eval, img shape:(400, 400, 400), sx:5, sy:5, sz:5, num_conditions:2
condition:19, metric:[  0. 150. 150.]
condition:20, metric:[  0. 150. 150.]
condition batch eval, img shape:(400, 400, 400), sx:5, sy:5, sz:5, num_conditions:2
condition:21, metric:[  0. 150. 150.]
condition:22, metric:[  0. 150. 150.]
condition batch eval, img shape:(400, 400, 400), sx:5, sy:5, sz:5, num_conditions:2
condition:23, metric:[  0. 150. 150.]
condition:24, metric:[  0. 150. 150.]
condition batch eval, img shape:(400, 400, 400), sx:5, sy:5, sz:5, num_conditions:2
condition:25, metric:[  0. 150. 150.]
condition:26, metric:[  0. 150. 150.]
condition batch eval, img shape:(400, 400, 400), sx:5, sy:5, sz:5, num_conditions:2
condition:27, metric:[0.20289288 0.         0.        ]
condition:28, metric:[  0. 150. 150.]
condition batch eval, img shape:(400, 400, 400), sx:5, sy:5, sz:5, num_conditions:2
condition:29, metric:[  0. 150. 150.]
condition:30, metric:[  0. 150. 150.]
condition batch eval, img shape:(400, 400, 400), sx:5, sy:5, sz:5, num_conditions:1
condition:31, metric:[  0. 150. 150.]
Validation end
avg metric shape: (31, 3)
iteration 7600 : model2_dice_score : 0.029663 model2_hd95 : 139.112903
save model to ../model/CellMap_202_CondBaseline_cond_baseline_cellmap_highres_SGD_SGD/unet_3D_old/model2_iter_7600.pth
iteration 7620 : loss : 0.327376  loss_ce : 0.430037  loss_dice : 0.224715
iteration 7640 : loss : 0.271668  loss_ce : 0.365715  loss_dice : 0.177621
iteration 7660 : loss : 0.274789  loss_ce : 0.242868  loss_dice : 0.306710
iteration 7680 : loss : 0.100715  loss_ce : 0.146724  loss_dice : 0.054706
iteration 7700 : loss : 0.444678  loss_ce : 0.645841  loss_dice : 0.243515
iteration 7720 : loss : 0.432833  loss_ce : 0.601184  loss_dice : 0.264481
iteration 7740 : loss : 0.414440  loss_ce : 0.538640  loss_dice : 0.290240
iteration 7760 : loss : 0.276062  loss_ce : 0.395455  loss_dice : 0.156669
iteration 7780 : loss : 0.040553  loss_ce : 0.071266  loss_dice : 0.009840
iteration 7800 : loss : 0.187642  loss_ce : 0.280076  loss_dice : 0.095207
iteration 7820 : loss : 0.342250  loss_ce : 0.465581  loss_dice : 0.218919
iteration 7840 : loss : 0.333444  loss_ce : 0.449991  loss_dice : 0.216897
iteration 7860 : loss : 0.121277  loss_ce : 0.174601  loss_dice : 0.067953
iteration 7880 : loss : 0.111432  loss_ce : 0.166052  loss_dice : 0.056812
iteration 7900 : loss : 0.337786  loss_ce : 0.476060  loss_dice : 0.199512
iteration 7920 : loss : 0.151902  loss_ce : 0.227272  loss_dice : 0.076533
iteration 7940 : loss : 0.279009  loss_ce : 0.406925  loss_dice : 0.151093
iteration 7960 : loss : 0.142753  loss_ce : 0.198601  loss_dice : 0.086904
iteration 7980 : loss : 0.336263  loss_ce : 0.274597  loss_dice : 0.397929
iteration 8000 : loss : 0.274069  loss_ce : 0.330039  loss_dice : 0.218098
began evaluation!
iteration 8000: validation sampled 4/17 cases
Total test images: 4
Validation begin
===>test image:/projects/weilab/liupeng/projects/frameworks/nnUNet/DATASET/nnUNet_preprocessed/Dataset200_Dataset101_CellMap_model_high_res/nnUNetPlans_3d_lowres_large_patch_test/jrc_jurkat-1_crop126.npy
condition batch eval, img shape:(200, 200, 200), sx:2, sy:2, sz:2, num_conditions:2
condition:1, metric:[0.0057452 0.        0.       ]
condition:2, metric:[  0. 150. 150.]
condition batch eval, img shape:(200, 200, 200), sx:2, sy:2, sz:2, num_conditions:2
condition:3, metric:[0.5654993 0.        0.       ]
condition:4, metric:[  0. 150. 150.]
condition batch eval, img shape:(200, 200, 200), sx:2, sy:2, sz:2, num_conditions:2
condition:5, metric:[  0. 150. 150.]
condition:6, metric:[  0. 150. 150.]
condition batch eval, img shape:(200, 200, 200), sx:2, sy:2, sz:2, num_conditions:2
condition:7, metric:[  0. 150. 150.]
condition:8, metric:[  0. 150. 150.]
condition batch eval, img shape:(200, 200, 200), sx:2, sy:2, sz:2, num_conditions:2
condition:9, metric:[  0. 150. 150.]
condition:10, metric:[  0. 150. 150.]
condition batch eval, img shape:(200, 200, 200), sx:2, sy:2, sz:2, num_conditions:2
condition:11, metric:[  0. 150. 150.]
condition:12, metric:[  0. 150. 150.]
condition batch eval, img shape:(200, 200, 200), sx:2, sy:2, sz:2, num_conditions:2
condition:13, metric:[  0. 150. 150.]
condition:14, metric:[  0. 150. 150.]
condition batch eval, img shape:(200, 200, 200), sx:2, sy:2, sz:2, num_conditions:2
condition:15, metric:[  0. 150. 150.]
condition:16, metric:[  0. 150. 150.]
condition batch eval, img shape:(200, 200, 200), sx:2, sy:2, sz:2, num_conditions:2
condition:17, metric:[  0. 150. 150.]
condition:18, metric:[  0. 150. 150.]
condition batch eval, img shape:(200, 200, 200), sx:2, sy:2, sz:2, num_conditions:2
condition:19, metric:[  0. 150. 150.]
condition:20, metric:[  0. 150. 150.]
condition batch eval, img shape:(200, 200, 200), sx:2, sy:2, sz:2, num_conditions:2
condition:21, metric:[  0. 150. 150.]
condition:22, metric:[  0. 150. 150.]
condition batch eval, img shape:(200, 200, 200), sx:2, sy:2, sz:2, num_conditions:2
condition:23, metric:[  0. 150. 150.]
condition:24, metric:[  0. 150. 150.]
condition batch eval, img shape:(200, 200, 200), sx:2, sy:2, sz:2, num_conditions:2
condition:25, metric:[  0. 150. 150.]
condition:26, metric:[  0. 150. 150.]
condition batch eval, img shape:(200, 200, 200), sx:2, sy:2, sz:2, num_conditions:2
condition:27, metric:[  0. 150. 150.]
condition:28, metric:[  0. 150. 150.]
condition batch eval, img shape:(200, 200, 200), sx:2, sy:2, sz:2, num_conditions:2
condition:29, metric:[  0. 150. 150.]
condition:30, metric:[  0. 150. 150.]
condition batch eval, img shape:(200, 200, 200), sx:2, sy:2, sz:2, num_conditions:1
condition:31, metric:[  0. 150. 150.]
===>test image:/projects/weilab/liupeng/projects/frameworks/nnUNet/DATASET/nnUNet_preprocessed/Dataset200_Dataset101_CellMap_model_high_res/nnUNetPlans_3d_lowres_large_patch_test/jrc_cos7-1b_crop235.npy
condition batch eval, img shape:(200, 200, 200), sx:2, sy:2, sz:2, num_conditions:2
condition:1, metric:[0.01548492 0.         0.        ]
condition:2, metric:[  0. 150. 150.]
condition batch eval, img shape:(200, 200, 200), sx:2, sy:2, sz:2, num_conditions:2
condition:3, metric:[0.80708827 0.         0.        ]
condition:4, metric:[  0. 150. 150.]
condition batch eval, img shape:(200, 200, 200), sx:2, sy:2, sz:2, num_conditions:2
condition:5, metric:[  0. 150. 150.]
condition:6, metric:[  0. 150. 150.]
condition batch eval, img shape:(200, 200, 200), sx:2, sy:2, sz:2, num_conditions:2
condition:7, metric:[  0. 150. 150.]
condition:8, metric:[  0. 150. 150.]
condition batch eval, img shape:(200, 200, 200), sx:2, sy:2, sz:2, num_conditions:2
condition:9, metric:[  0. 150. 150.]
condition:10, metric:[  0. 150. 150.]
condition batch eval, img shape:(200, 200, 200), sx:2, sy:2, sz:2, num_conditions:2
condition:11, metric:[  0. 150. 150.]
condition:12, metric:[  0. 150. 150.]
condition batch eval, img shape:(200, 200, 200), sx:2, sy:2, sz:2, num_conditions:2
condition:13, metric:[  0. 150. 150.]
condition:14, metric:[  0. 150. 150.]
condition batch eval, img shape:(200, 200, 200), sx:2, sy:2, sz:2, num_conditions:2
condition:15, metric:[  0. 150. 150.]
condition:16, metric:[  0. 150. 150.]
condition batch eval, img shape:(200, 200, 200), sx:2, sy:2, sz:2, num_conditions:2
condition:17, metric:[  0. 150. 150.]
condition:18, metric:[  0. 150. 150.]
condition batch eval, img shape:(200, 200, 200), sx:2, sy:2, sz:2, num_conditions:2
condition:19, metric:[  0. 150. 150.]
condition:20, metric:[  0. 150. 150.]
condition batch eval, img shape:(200, 200, 200), sx:2, sy:2, sz:2, num_conditions:2
condition:21, metric:[  0. 150. 150.]
condition:22, metric:[  0. 150. 150.]
condition batch eval, img shape:(200, 200, 200), sx:2, sy:2, sz:2, num_conditions:2
condition:23, metric:[  0. 150. 150.]
condition:24, metric:[  0. 150. 150.]
condition batch eval, img shape:(200, 200, 200), sx:2, sy:2, sz:2, num_conditions:2
condition:25, metric:[  0. 150. 150.]
condition:26, metric:[  0. 150. 150.]
condition batch eval, img shape:(200, 200, 200), sx:2, sy:2, sz:2, num_conditions:2
condition:27, metric:[  0. 150. 150.]
condition:28, metric:[  0. 150. 150.]
condition batch eval, img shape:(200, 200, 200), sx:2, sy:2, sz:2, num_conditions:2
condition:29, metric:[  0. 150. 150.]
condition:30, metric:[  0. 150. 150.]
condition batch eval, img shape:(200, 200, 200), sx:2, sy:2, sz:2, num_conditions:1
condition:31, metric:[  0. 150. 150.]
===>test image:/projects/weilab/liupeng/projects/frameworks/nnUNet/DATASET/nnUNet_preprocessed/Dataset200_Dataset101_CellMap_model_high_res/nnUNetPlans_3d_lowres_large_patch_test/jrc_mus-liver-zon-2_crop342.npy
condition batch eval, img shape:(400, 400, 400), sx:5, sy:5, sz:5, num_conditions:2
condition:1, metric:[0.42685546 0.         0.        ]
condition:2, metric:[  0. 150. 150.]
condition batch eval, img shape:(400, 400, 400), sx:5, sy:5, sz:5, num_conditions:2
condition:3, metric:[0.44025387 0.         0.        ]
condition:4, metric:[0. 0. 0.]
condition batch eval, img shape:(400, 400, 400), sx:5, sy:5, sz:5, num_conditions:2
condition:5, metric:[0. 0. 0.]
condition:6, metric:[  0. 150. 150.]
condition batch eval, img shape:(400, 400, 400), sx:5, sy:5, sz:5, num_conditions:2
condition:7, metric:[  0. 150. 150.]
condition:8, metric:[  0. 150. 150.]
condition batch eval, img shape:(400, 400, 400), sx:5, sy:5, sz:5, num_conditions:2
condition:9, metric:[  0. 150. 150.]
condition:10, metric:[  0. 150. 150.]
condition batch eval, img shape:(400, 400, 400), sx:5, sy:5, sz:5, num_conditions:2
condition:11, metric:[  0. 150. 150.]
condition:12, metric:[  0. 150. 150.]
condition batch eval, img shape:(400, 400, 400), sx:5, sy:5, sz:5, num_conditions:2
condition:13, metric:[  0. 150. 150.]
condition:14, metric:[  0. 150. 150.]
condition batch eval, img shape:(400, 400, 400), sx:5, sy:5, sz:5, num_conditions:2
condition:15, metric:[  0. 150. 150.]
condition:16, metric:[  0. 150. 150.]
condition batch eval, img shape:(400, 400, 400), sx:5, sy:5, sz:5, num_conditions:2
condition:17, metric:[  0. 150. 150.]
condition:18, metric:[  0. 150. 150.]
condition batch eval, img shape:(400, 400, 400), sx:5, sy:5, sz:5, num_conditions:2
condition:19, metric:[  0. 150. 150.]
condition:20, metric:[  0. 150. 150.]
condition batch eval, img shape:(400, 400, 400), sx:5, sy:5, sz:5, num_conditions:2
condition:21, metric:[  0. 150. 150.]
condition:22, metric:[  0. 150. 150.]
condition batch eval, img shape:(400, 400, 400), sx:5, sy:5, sz:5, num_conditions:2
condition:23, metric:[  0. 150. 150.]
condition:24, metric:[  0. 150. 150.]
condition batch eval, img shape:(400, 400, 400), sx:5, sy:5, sz:5, num_conditions:2
condition:25, metric:[0.0001769 0.        0.       ]
condition:26, metric:[  0. 150. 150.]
condition batch eval, img shape:(400, 400, 400), sx:5, sy:5, sz:5, num_conditions:2
condition:27, metric:[0.21217582 0.         0.        ]
condition:28, metric:[  0. 150. 150.]
condition batch eval, img shape:(400, 400, 400), sx:5, sy:5, sz:5, num_conditions:2
condition:29, metric:[  0. 150. 150.]
condition:30, metric:[  0. 150. 150.]
condition batch eval, img shape:(400, 400, 400), sx:5, sy:5, sz:5, num_conditions:1
condition:31, metric:[  0. 150. 150.]
===>test image:/projects/weilab/liupeng/projects/frameworks/nnUNet/DATASET/nnUNet_preprocessed/Dataset200_Dataset101_CellMap_model_high_res/nnUNetPlans_3d_lowres_large_patch_test/jrc_macrophage-2_crop31.npy
condition batch eval, img shape:(160, 160, 160), sx:1, sy:1, sz:1, num_conditions:2
condition:1, metric:[0.10008793 0.         0.        ]
condition:2, metric:[  0. 150. 150.]
condition batch eval, img shape:(160, 160, 160), sx:1, sy:1, sz:1, num_conditions:2
condition:3, metric:[0.80018058 0.         0.        ]
condition:4, metric:[  0. 150. 150.]
condition batch eval, img shape:(160, 160, 160), sx:1, sy:1, sz:1, num_conditions:2
condition:5, metric:[  0. 150. 150.]
condition:6, metric:[  0. 150. 150.]
condition batch eval, img shape:(160, 160, 160), sx:1, sy:1, sz:1, num_conditions:2
condition:7, metric:[  0. 150. 150.]
condition:8, metric:[  0. 150. 150.]
condition batch eval, img shape:(160, 160, 160), sx:1, sy:1, sz:1, num_conditions:2
condition:9, metric:[  0. 150. 150.]
condition:10, metric:[  0. 150. 150.]
condition batch eval, img shape:(160, 160, 160), sx:1, sy:1, sz:1, num_conditions:2
condition:11, metric:[  0. 150. 150.]
condition:12, metric:[  0. 150. 150.]
condition batch eval, img shape:(160, 160, 160), sx:1, sy:1, sz:1, num_conditions:2
condition:13, metric:[  0. 150. 150.]
condition:14, metric:[  0. 150. 150.]
condition batch eval, img shape:(160, 160, 160), sx:1, sy:1, sz:1, num_conditions:2
condition:15, metric:[  0. 150. 150.]
condition:16, metric:[  0. 150. 150.]
condition batch eval, img shape:(160, 160, 160), sx:1, sy:1, sz:1, num_conditions:2
condition:17, metric:[  0. 150. 150.]
condition:18, metric:[  0. 150. 150.]
condition batch eval, img shape:(160, 160, 160), sx:1, sy:1, sz:1, num_conditions:2
condition:19, metric:[  0. 150. 150.]
condition:20, metric:[  0. 150. 150.]
condition batch eval, img shape:(160, 160, 160), sx:1, sy:1, sz:1, num_conditions:2
condition:21, metric:[  0. 150. 150.]
condition:22, metric:[  0. 150. 150.]
condition batch eval, img shape:(160, 160, 160), sx:1, sy:1, sz:1, num_conditions:2
condition:23, metric:[  0. 150. 150.]
condition:24, metric:[  0. 150. 150.]
condition batch eval, img shape:(160, 160, 160), sx:1, sy:1, sz:1, num_conditions:2
condition:25, metric:[  0. 150. 150.]
condition:26, metric:[  0. 150. 150.]
condition batch eval, img shape:(160, 160, 160), sx:1, sy:1, sz:1, num_conditions:2
condition:27, metric:[  0. 150. 150.]
condition:28, metric:[  0. 150. 150.]
condition batch eval, img shape:(160, 160, 160), sx:1, sy:1, sz:1, num_conditions:2
condition:29, metric:[  0. 150. 150.]
condition:30, metric:[  0. 150. 150.]
condition batch eval, img shape:(160, 160, 160), sx:1, sy:1, sz:1, num_conditions:1
condition:31, metric:[  0. 150. 150.]
Validation end
avg metric shape: (31, 3)
iteration 8000 : model2_dice_score : 0.027206 model2_hd95 : 135.483871
save model to ../model/CellMap_202_CondBaseline_cond_baseline_cellmap_highres_SGD_SGD/unet_3D_old/model2_iter_8000.pth
iteration 8020 : loss : 0.272740  loss_ce : 0.336154  loss_dice : 0.209326
iteration 8040 : loss : 0.042153  loss_ce : 0.074152  loss_dice : 0.010154
iteration 8060 : loss : 0.300893  loss_ce : 0.098497  loss_dice : 0.503290
iteration 8080 : loss : 0.169474  loss_ce : 0.224339  loss_dice : 0.114609
iteration 8100 : loss : 0.489348  loss_ce : 0.530361  loss_dice : 0.448335
iteration 8120 : loss : 0.134639  loss_ce : 0.206467  loss_dice : 0.062812
iteration 8140 : loss : 0.269117  loss_ce : 0.360633  loss_dice : 0.177601
iteration 8160 : loss : 0.189437  loss_ce : 0.266184  loss_dice : 0.112691
iteration 8180 : loss : 0.181860  loss_ce : 0.247023  loss_dice : 0.116697
iteration 8200 : loss : 0.409523  loss_ce : 0.550229  loss_dice : 0.268816
iteration 8220 : loss : 0.185835  loss_ce : 0.245248  loss_dice : 0.126423
iteration 8240 : loss : 0.276371  loss_ce : 0.325842  loss_dice : 0.226901
iteration 8260 : loss : 0.519062  loss_ce : 0.538203  loss_dice : 0.499922
iteration 8280 : loss : 0.175300  loss_ce : 0.215759  loss_dice : 0.134841
iteration 8300 : loss : 0.289146  loss_ce : 0.311089  loss_dice : 0.267204
iteration 8320 : loss : 0.113533  loss_ce : 0.169614  loss_dice : 0.057452
iteration 8340 : loss : 0.061558  loss_ce : 0.105485  loss_dice : 0.017631
iteration 8360 : loss : 0.370228  loss_ce : 0.468124  loss_dice : 0.272332
iteration 8380 : loss : 0.469482  loss_ce : 0.541524  loss_dice : 0.397440
iteration 8400 : loss : 0.291702  loss_ce : 0.220854  loss_dice : 0.362550
began evaluation!
iteration 8400: validation sampled 4/17 cases
Total test images: 4
Validation begin
===>test image:/projects/weilab/liupeng/projects/frameworks/nnUNet/DATASET/nnUNet_preprocessed/Dataset200_Dataset101_CellMap_model_high_res/nnUNetPlans_3d_lowres_large_patch_test/jrc_mus-kidney_crop164.npy
condition batch eval, img shape:(200, 200, 200), sx:2, sy:2, sz:2, num_conditions:2
condition:1, metric:[0.03549975 0.         0.        ]
condition:2, metric:[  0. 150. 150.]
condition batch eval, img shape:(200, 200, 200), sx:2, sy:2, sz:2, num_conditions:2
condition:3, metric:[0.73690217 0.         0.        ]
condition:4, metric:[0.00798297 0.         0.        ]
condition batch eval, img shape:(200, 200, 200), sx:2, sy:2, sz:2, num_conditions:2
condition:5, metric:[0. 0. 0.]
condition:6, metric:[  0. 150. 150.]
condition batch eval, img shape:(200, 200, 200), sx:2, sy:2, sz:2, num_conditions:2
condition:7, metric:[0. 0. 0.]
condition:8, metric:[0. 0. 0.]
condition batch eval, img shape:(200, 200, 200), sx:2, sy:2, sz:2, num_conditions:2
condition:9, metric:[  0. 150. 150.]
condition:10, metric:[  0. 150. 150.]
condition batch eval, img shape:(200, 200, 200), sx:2, sy:2, sz:2, num_conditions:2
condition:11, metric:[  0. 150. 150.]
condition:12, metric:[  0. 150. 150.]
condition batch eval, img shape:(200, 200, 200), sx:2, sy:2, sz:2, num_conditions:2
condition:13, metric:[  0. 150. 150.]
condition:14, metric:[  0. 150. 150.]
condition batch eval, img shape:(200, 200, 200), sx:2, sy:2, sz:2, num_conditions:2
condition:15, metric:[  0. 150. 150.]
condition:16, metric:[  0. 150. 150.]
condition batch eval, img shape:(200, 200, 200), sx:2, sy:2, sz:2, num_conditions:2
condition:17, metric:[  0. 150. 150.]
condition:18, metric:[  0. 150. 150.]
condition batch eval, img shape:(200, 200, 200), sx:2, sy:2, sz:2, num_conditions:2
condition:19, metric:[  0. 150. 150.]
condition:20, metric:[  0. 150. 150.]
condition batch eval, img shape:(200, 200, 200), sx:2, sy:2, sz:2, num_conditions:2
condition:21, metric:[  0. 150. 150.]
condition:22, metric:[  0. 150. 150.]
condition batch eval, img shape:(200, 200, 200), sx:2, sy:2, sz:2, num_conditions:2
condition:23, metric:[  0. 150. 150.]
condition:24, metric:[  0. 150. 150.]
condition batch eval, img shape:(200, 200, 200), sx:2, sy:2, sz:2, num_conditions:2
condition:25, metric:[  0. 150. 150.]
condition:26, metric:[  0. 150. 150.]
condition batch eval, img shape:(200, 200, 200), sx:2, sy:2, sz:2, num_conditions:2
condition:27, metric:[  0. 150. 150.]
condition:28, metric:[  0. 150. 150.]
condition batch eval, img shape:(200, 200, 200), sx:2, sy:2, sz:2, num_conditions:2
condition:29, metric:[  0. 150. 150.]
condition:30, metric:[  0. 150. 150.]
condition batch eval, img shape:(200, 200, 200), sx:2, sy:2, sz:2, num_conditions:1
condition:31, metric:[  0. 150. 150.]
===>test image:/projects/weilab/liupeng/projects/frameworks/nnUNet/DATASET/nnUNet_preprocessed/Dataset200_Dataset101_CellMap_model_high_res/nnUNetPlans_3d_lowres_large_patch_test/jrc_hela-3_crop50.npy
condition batch eval, img shape:(256, 256, 256), sx:3, sy:3, sz:3, num_conditions:2
condition:1, metric:[0.29986647 0.         0.        ]
condition:2, metric:[  0. 150. 150.]
condition batch eval, img shape:(256, 256, 256), sx:3, sy:3, sz:3, num_conditions:2
condition:3, metric:[0.79903793 0.         0.        ]
condition:4, metric:[  0. 150. 150.]
condition batch eval, img shape:(256, 256, 256), sx:3, sy:3, sz:3, num_conditions:2
condition:5, metric:[  0. 150. 150.]
condition:6, metric:[  0. 150. 150.]
condition batch eval, img shape:(256, 256, 256), sx:3, sy:3, sz:3, num_conditions:2
condition:7, metric:[  0. 150. 150.]
condition:8, metric:[  0. 150. 150.]
condition batch eval, img shape:(256, 256, 256), sx:3, sy:3, sz:3, num_conditions:2
condition:9, metric:[  0. 150. 150.]
condition:10, metric:[  0. 150. 150.]
condition batch eval, img shape:(256, 256, 256), sx:3, sy:3, sz:3, num_conditions:2
condition:11, metric:[  0. 150. 150.]
condition:12, metric:[  0. 150. 150.]
condition batch eval, img shape:(256, 256, 256), sx:3, sy:3, sz:3, num_conditions:2
condition:13, metric:[  0. 150. 150.]
condition:14, metric:[  0. 150. 150.]
condition batch eval, img shape:(256, 256, 256), sx:3, sy:3, sz:3, num_conditions:2
condition:15, metric:[  0. 150. 150.]
condition:16, metric:[  0. 150. 150.]
condition batch eval, img shape:(256, 256, 256), sx:3, sy:3, sz:3, num_conditions:2
condition:17, metric:[  0. 150. 150.]
condition:18, metric:[  0. 150. 150.]
condition batch eval, img shape:(256, 256, 256), sx:3, sy:3, sz:3, num_conditions:2
condition:19, metric:[  0. 150. 150.]
condition:20, metric:[  0. 150. 150.]
condition batch eval, img shape:(256, 256, 256), sx:3, sy:3, sz:3, num_conditions:2
condition:21, metric:[  0. 150. 150.]
condition:22, metric:[  0. 150. 150.]
condition batch eval, img shape:(256, 256, 256), sx:3, sy:3, sz:3, num_conditions:2
condition:23, metric:[  0. 150. 150.]
condition:24, metric:[  0. 150. 150.]
condition batch eval, img shape:(256, 256, 256), sx:3, sy:3, sz:3, num_conditions:2
condition:25, metric:[  0. 150. 150.]
condition:26, metric:[  0. 150. 150.]
condition batch eval, img shape:(256, 256, 256), sx:3, sy:3, sz:3, num_conditions:2
condition:27, metric:[  0. 150. 150.]
condition:28, metric:[  0. 150. 150.]
condition batch eval, img shape:(256, 256, 256), sx:3, sy:3, sz:3, num_conditions:2
condition:29, metric:[  0. 150. 150.]
condition:30, metric:[  0. 150. 150.]
condition batch eval, img shape:(256, 256, 256), sx:3, sy:3, sz:3, num_conditions:1
condition:31, metric:[  0. 150. 150.]
===>test image:/projects/weilab/liupeng/projects/frameworks/nnUNet/DATASET/nnUNet_preprocessed/Dataset200_Dataset101_CellMap_model_high_res/nnUNetPlans_3d_lowres_large_patch_test/jrc_ut21-1413-003_crop190.npy
condition batch eval, img shape:(400, 400, 400), sx:5, sy:5, sz:5, num_conditions:2
condition:1, metric:[0.50061101 0.         0.        ]
condition:2, metric:[0. 0. 0.]
condition batch eval, img shape:(400, 400, 400), sx:5, sy:5, sz:5, num_conditions:2
condition:3, metric:[0.55188947 0.         0.        ]
condition:4, metric:[0. 0. 0.]
condition batch eval, img shape:(400, 400, 400), sx:5, sy:5, sz:5, num_conditions:2
condition:5, metric:[0. 0. 0.]
condition:6, metric:[  0. 150. 150.]
condition batch eval, img shape:(400, 400, 400), sx:5, sy:5, sz:5, num_conditions:2
condition:7, metric:[  0. 150. 150.]
condition:8, metric:[  0. 150. 150.]
condition batch eval, img shape:(400, 400, 400), sx:5, sy:5, sz:5, num_conditions:2
condition:9, metric:[  0. 150. 150.]
condition:10, metric:[  0. 150. 150.]
condition batch eval, img shape:(400, 400, 400), sx:5, sy:5, sz:5, num_conditions:2
condition:11, metric:[  0. 150. 150.]
condition:12, metric:[  0. 150. 150.]
condition batch eval, img shape:(400, 400, 400), sx:5, sy:5, sz:5, num_conditions:2
condition:13, metric:[  0. 150. 150.]
condition:14, metric:[  0. 150. 150.]
condition batch eval, img shape:(400, 400, 400), sx:5, sy:5, sz:5, num_conditions:2
condition:15, metric:[  0. 150. 150.]
condition:16, metric:[0. 0. 0.]
condition batch eval, img shape:(400, 400, 400), sx:5, sy:5, sz:5, num_conditions:2
condition:17, metric:[0. 0. 0.]
condition:18, metric:[0. 0. 0.]
condition batch eval, img shape:(400, 400, 400), sx:5, sy:5, sz:5, num_conditions:2
condition:19, metric:[  0. 150. 150.]
condition:20, metric:[  0. 150. 150.]
condition batch eval, img shape:(400, 400, 400), sx:5, sy:5, sz:5, num_conditions:2
condition:21, metric:[  0. 150. 150.]
condition:22, metric:[  0. 150. 150.]
condition batch eval, img shape:(400, 400, 400), sx:5, sy:5, sz:5, num_conditions:2
condition:23, metric:[  0. 150. 150.]
condition:24, metric:[  0. 150. 150.]
condition batch eval, img shape:(400, 400, 400), sx:5, sy:5, sz:5, num_conditions:2
condition:25, metric:[  0. 150. 150.]
condition:26, metric:[  0. 150. 150.]
condition batch eval, img shape:(400, 400, 400), sx:5, sy:5, sz:5, num_conditions:2
condition:27, metric:[  0. 150. 150.]
condition:28, metric:[  0. 150. 150.]
condition batch eval, img shape:(400, 400, 400), sx:5, sy:5, sz:5, num_conditions:2
condition:29, metric:[  0. 150. 150.]
condition:30, metric:[  0. 150. 150.]
condition batch eval, img shape:(400, 400, 400), sx:5, sy:5, sz:5, num_conditions:1
condition:31, metric:[  0. 150. 150.]
===>test image:/projects/weilab/liupeng/projects/frameworks/nnUNet/DATASET/nnUNet_preprocessed/Dataset200_Dataset101_CellMap_model_high_res/nnUNetPlans_3d_lowres_large_patch_test/jrc_ctl-id8-1_crop118.npy
condition batch eval, img shape:(200, 200, 200), sx:2, sy:2, sz:2, num_conditions:2
condition:1, metric:[0.37435513 0.         0.        ]
condition:2, metric:[  0. 150. 150.]
condition batch eval, img shape:(200, 200, 200), sx:2, sy:2, sz:2, num_conditions:2
condition:3, metric:[0.7879184 0.        0.       ]
condition:4, metric:[0. 0. 0.]
condition batch eval, img shape:(200, 200, 200), sx:2, sy:2, sz:2, num_conditions:2
condition:5, metric:[  0. 150. 150.]
condition:6, metric:[  0. 150. 150.]
condition batch eval, img shape:(200, 200, 200), sx:2, sy:2, sz:2, num_conditions:2
condition:7, metric:[  0. 150. 150.]
condition:8, metric:[  0. 150. 150.]
condition batch eval, img shape:(200, 200, 200), sx:2, sy:2, sz:2, num_conditions:2
condition:9, metric:[  0. 150. 150.]
condition:10, metric:[  0. 150. 150.]
condition batch eval, img shape:(200, 200, 200), sx:2, sy:2, sz:2, num_conditions:2
condition:11, metric:[  0. 150. 150.]
condition:12, metric:[  0. 150. 150.]
condition batch eval, img shape:(200, 200, 200), sx:2, sy:2, sz:2, num_conditions:2
condition:13, metric:[  0. 150. 150.]
condition:14, metric:[  0. 150. 150.]
condition batch eval, img shape:(200, 200, 200), sx:2, sy:2, sz:2, num_conditions:2
condition:15, metric:[  0. 150. 150.]
condition:16, metric:[  0. 150. 150.]
condition batch eval, img shape:(200, 200, 200), sx:2, sy:2, sz:2, num_conditions:2
condition:17, metric:[  0. 150. 150.]
condition:18, metric:[  0. 150. 150.]
condition batch eval, img shape:(200, 200, 200), sx:2, sy:2, sz:2, num_conditions:2
condition:19, metric:[  0. 150. 150.]
condition:20, metric:[  0. 150. 150.]
condition batch eval, img shape:(200, 200, 200), sx:2, sy:2, sz:2, num_conditions:2
condition:21, metric:[  0. 150. 150.]
condition:22, metric:[  0. 150. 150.]
condition batch eval, img shape:(200, 200, 200), sx:2, sy:2, sz:2, num_conditions:2
condition:23, metric:[  0. 150. 150.]
condition:24, metric:[  0. 150. 150.]
condition batch eval, img shape:(200, 200, 200), sx:2, sy:2, sz:2, num_conditions:2
condition:25, metric:[  0. 150. 150.]
condition:26, metric:[  0. 150. 150.]
condition batch eval, img shape:(200, 200, 200), sx:2, sy:2, sz:2, num_conditions:2
condition:27, metric:[  0. 150. 150.]
condition:28, metric:[  0. 150. 150.]
condition batch eval, img shape:(200, 200, 200), sx:2, sy:2, sz:2, num_conditions:2
condition:29, metric:[  0. 150. 150.]
condition:30, metric:[  0. 150. 150.]
condition batch eval, img shape:(200, 200, 200), sx:2, sy:2, sz:2, num_conditions:1
condition:31, metric:[  0. 150. 150.]
Validation end
avg metric shape: (31, 3)
save model to ../model/CellMap_202_CondBaseline_cond_baseline_cellmap_highres_SGD_SGD/unet_3D_old/iter_8400_dice_0.033
iteration 8400 : model2_dice_score : 0.033017 model2_hd95 : 127.016129
save model to ../model/CellMap_202_CondBaseline_cond_baseline_cellmap_highres_SGD_SGD/unet_3D_old/model2_iter_8400.pth
iteration 8420 : loss : 0.302476  loss_ce : 0.171072  loss_dice : 0.433880
iteration 8440 : loss : 0.440012  loss_ce : 0.487216  loss_dice : 0.392808
iteration 8460 : loss : 0.196244  loss_ce : 0.291620  loss_dice : 0.100868
iteration 8480 : loss : 0.334572  loss_ce : 0.333697  loss_dice : 0.335446
iteration 8500 : loss : 0.270341  loss_ce : 0.251797  loss_dice : 0.288885
iteration 8520 : loss : 0.243388  loss_ce : 0.134248  loss_dice : 0.352528
iteration 8540 : loss : 0.329097  loss_ce : 0.431392  loss_dice : 0.226801
iteration 8560 : loss : 0.131815  loss_ce : 0.192266  loss_dice : 0.071363
iteration 8580 : loss : 0.913501  loss_ce : 1.233910  loss_dice : 0.593091
iteration 8600 : loss : 0.191822  loss_ce : 0.275625  loss_dice : 0.108019
iteration 8620 : loss : 0.134489  loss_ce : 0.200694  loss_dice : 0.068285
iteration 8640 : loss : 0.019651  loss_ce : 0.036509  loss_dice : 0.002793
iteration 8660 : loss : 0.268691  loss_ce : 0.036823  loss_dice : 0.500559
iteration 8680 : loss : 0.203421  loss_ce : 0.269896  loss_dice : 0.136946
iteration 8700 : loss : 0.320300  loss_ce : 0.265281  loss_dice : 0.375318
iteration 8720 : loss : 0.285005  loss_ce : 0.155423  loss_dice : 0.414587
iteration 8740 : loss : 0.284666  loss_ce : 0.385654  loss_dice : 0.183678
iteration 8760 : loss : 0.285777  loss_ce : 0.124153  loss_dice : 0.447401
iteration 8780 : loss : 0.249382  loss_ce : 0.361690  loss_dice : 0.137074
iteration 8800 : loss : 0.335827  loss_ce : 0.470295  loss_dice : 0.201359
began evaluation!
iteration 8800: validation sampled 4/17 cases
Total test images: 4
Validation begin
===>test image:/projects/weilab/liupeng/projects/frameworks/nnUNet/DATASET/nnUNet_preprocessed/Dataset200_Dataset101_CellMap_model_high_res/nnUNetPlans_3d_lowres_large_patch_test/jrc_ut21-1413-003_crop190.npy
condition batch eval, img shape:(400, 400, 400), sx:5, sy:5, sz:5, num_conditions:2
condition:1, metric:[0.50061101 0.         0.        ]
condition:2, metric:[  0. 150. 150.]
condition batch eval, img shape:(400, 400, 400), sx:5, sy:5, sz:5, num_conditions:2
condition:3, metric:[0.5941549 0.        0.       ]
condition:4, metric:[  0. 150. 150.]
condition batch eval, img shape:(400, 400, 400), sx:5, sy:5, sz:5, num_conditions:2
condition:5, metric:[  0. 150. 150.]
condition:6, metric:[  0. 150. 150.]
condition batch eval, img shape:(400, 400, 400), sx:5, sy:5, sz:5, num_conditions:2
condition:7, metric:[  0. 150. 150.]
condition:8, metric:[  0. 150. 150.]
condition batch eval, img shape:(400, 400, 400), sx:5, sy:5, sz:5, num_conditions:2
condition:9, metric:[  0. 150. 150.]
condition:10, metric:[  0. 150. 150.]
condition batch eval, img shape:(400, 400, 400), sx:5, sy:5, sz:5, num_conditions:2
condition:11, metric:[  0. 150. 150.]
condition:12, metric:[  0. 150. 150.]
condition batch eval, img shape:(400, 400, 400), sx:5, sy:5, sz:5, num_conditions:2
condition:13, metric:[  0. 150. 150.]
condition:14, metric:[  0. 150. 150.]
condition batch eval, img shape:(400, 400, 400), sx:5, sy:5, sz:5, num_conditions:2
condition:15, metric:[  0. 150. 150.]
condition:16, metric:[  0. 150. 150.]
condition batch eval, img shape:(400, 400, 400), sx:5, sy:5, sz:5, num_conditions:2
condition:17, metric:[  0. 150. 150.]
condition:18, metric:[  0. 150. 150.]
condition batch eval, img shape:(400, 400, 400), sx:5, sy:5, sz:5, num_conditions:2
condition:19, metric:[  0. 150. 150.]
condition:20, metric:[  0. 150. 150.]
condition batch eval, img shape:(400, 400, 400), sx:5, sy:5, sz:5, num_conditions:2
condition:21, metric:[  0. 150. 150.]
condition:22, metric:[  0. 150. 150.]
condition batch eval, img shape:(400, 400, 400), sx:5, sy:5, sz:5, num_conditions:2
condition:23, metric:[  0. 150. 150.]
condition:24, metric:[  0. 150. 150.]
condition batch eval, img shape:(400, 400, 400), sx:5, sy:5, sz:5, num_conditions:2
condition:25, metric:[  0. 150. 150.]
condition:26, metric:[  0. 150. 150.]
condition batch eval, img shape:(400, 400, 400), sx:5, sy:5, sz:5, num_conditions:2
condition:27, metric:[  0. 150. 150.]
condition:28, metric:[  0. 150. 150.]
condition batch eval, img shape:(400, 400, 400), sx:5, sy:5, sz:5, num_conditions:2
condition:29, metric:[  0. 150. 150.]
condition:30, metric:[  0. 150. 150.]
condition batch eval, img shape:(400, 400, 400), sx:5, sy:5, sz:5, num_conditions:1
condition:31, metric:[  0. 150. 150.]
===>test image:/projects/weilab/liupeng/projects/frameworks/nnUNet/DATASET/nnUNet_preprocessed/Dataset200_Dataset101_CellMap_model_high_res/nnUNetPlans_3d_lowres_large_patch_test/jrc_hela-2_crop15.npy
condition batch eval, img shape:(160, 160, 160), sx:1, sy:1, sz:1, num_conditions:2
condition:1, metric:[  0. 150. 150.]
condition:2, metric:[  0. 150. 150.]
condition batch eval, img shape:(160, 160, 160), sx:1, sy:1, sz:1, num_conditions:2
condition:3, metric:[0.90085415 0.         0.        ]
condition:4, metric:[  0. 150. 150.]
condition batch eval, img shape:(160, 160, 160), sx:1, sy:1, sz:1, num_conditions:2
condition:5, metric:[  0. 150. 150.]
condition:6, metric:[  0. 150. 150.]
condition batch eval, img shape:(160, 160, 160), sx:1, sy:1, sz:1, num_conditions:2
condition:7, metric:[  0. 150. 150.]
condition:8, metric:[  0. 150. 150.]
condition batch eval, img shape:(160, 160, 160), sx:1, sy:1, sz:1, num_conditions:2
condition:9, metric:[  0. 150. 150.]
condition:10, metric:[  0. 150. 150.]
condition batch eval, img shape:(160, 160, 160), sx:1, sy:1, sz:1, num_conditions:2
condition:11, metric:[  0. 150. 150.]
condition:12, metric:[  0. 150. 150.]
condition batch eval, img shape:(160, 160, 160), sx:1, sy:1, sz:1, num_conditions:2
condition:13, metric:[  0. 150. 150.]
condition:14, metric:[  0. 150. 150.]
condition batch eval, img shape:(160, 160, 160), sx:1, sy:1, sz:1, num_conditions:2
condition:15, metric:[  0. 150. 150.]
condition:16, metric:[  0. 150. 150.]
condition batch eval, img shape:(160, 160, 160), sx:1, sy:1, sz:1, num_conditions:2
condition:17, metric:[  0. 150. 150.]
condition:18, metric:[  0. 150. 150.]
condition batch eval, img shape:(160, 160, 160), sx:1, sy:1, sz:1, num_conditions:2
condition:19, metric:[  0. 150. 150.]
condition:20, metric:[  0. 150. 150.]
condition batch eval, img shape:(160, 160, 160), sx:1, sy:1, sz:1, num_conditions:2
condition:21, metric:[  0. 150. 150.]
condition:22, metric:[  0. 150. 150.]
condition batch eval, img shape:(160, 160, 160), sx:1, sy:1, sz:1, num_conditions:2
condition:23, metric:[  0. 150. 150.]
condition:24, metric:[  0. 150. 150.]
condition batch eval, img shape:(160, 160, 160), sx:1, sy:1, sz:1, num_conditions:2
condition:25, metric:[  0. 150. 150.]
condition:26, metric:[  0. 150. 150.]
condition batch eval, img shape:(160, 160, 160), sx:1, sy:1, sz:1, num_conditions:2
condition:27, metric:[  0. 150. 150.]
condition:28, metric:[  0. 150. 150.]
condition batch eval, img shape:(160, 160, 160), sx:1, sy:1, sz:1, num_conditions:2
condition:29, metric:[  0. 150. 150.]
condition:30, metric:[  0. 150. 150.]
condition batch eval, img shape:(160, 160, 160), sx:1, sy:1, sz:1, num_conditions:1
condition:31, metric:[  0. 150. 150.]
===>test image:/projects/weilab/liupeng/projects/frameworks/nnUNet/DATASET/nnUNet_preprocessed/Dataset200_Dataset101_CellMap_model_high_res/nnUNetPlans_3d_lowres_large_patch_test/jrc_mus-liver-zon-2_crop342.npy
condition batch eval, img shape:(400, 400, 400), sx:5, sy:5, sz:5, num_conditions:2
condition:1, metric:[0.42685546 0.         0.        ]
condition:2, metric:[  0. 150. 150.]
condition batch eval, img shape:(400, 400, 400), sx:5, sy:5, sz:5, num_conditions:2
condition:3, metric:[0.41306896 0.         0.        ]
condition:4, metric:[  0. 150. 150.]
condition batch eval, img shape:(400, 400, 400), sx:5, sy:5, sz:5, num_conditions:2
condition:5, metric:[  0. 150. 150.]
condition:6, metric:[  0. 150. 150.]
condition batch eval, img shape:(400, 400, 400), sx:5, sy:5, sz:5, num_conditions:2
condition:7, metric:[  0. 150. 150.]
condition:8, metric:[  0. 150. 150.]
condition batch eval, img shape:(400, 400, 400), sx:5, sy:5, sz:5, num_conditions:2
condition:9, metric:[  0. 150. 150.]
condition:10, metric:[  0. 150. 150.]
condition batch eval, img shape:(400, 400, 400), sx:5, sy:5, sz:5, num_conditions:2
condition:11, metric:[  0. 150. 150.]
condition:12, metric:[  0. 150. 150.]
condition batch eval, img shape:(400, 400, 400), sx:5, sy:5, sz:5, num_conditions:2
condition:13, metric:[  0. 150. 150.]
condition:14, metric:[  0. 150. 150.]
condition batch eval, img shape:(400, 400, 400), sx:5, sy:5, sz:5, num_conditions:2
condition:15, metric:[  0. 150. 150.]
condition:16, metric:[  0. 150. 150.]
condition batch eval, img shape:(400, 400, 400), sx:5, sy:5, sz:5, num_conditions:2
condition:17, metric:[  0. 150. 150.]
condition:18, metric:[  0. 150. 150.]
condition batch eval, img shape:(400, 400, 400), sx:5, sy:5, sz:5, num_conditions:2
condition:19, metric:[  0. 150. 150.]
condition:20, metric:[  0. 150. 150.]
condition batch eval, img shape:(400, 400, 400), sx:5, sy:5, sz:5, num_conditions:2
condition:21, metric:[  0. 150. 150.]
condition:22, metric:[  0. 150. 150.]
condition batch eval, img shape:(400, 400, 400), sx:5, sy:5, sz:5, num_conditions:2
condition:23, metric:[  0. 150. 150.]
condition:24, metric:[  0. 150. 150.]
condition batch eval, img shape:(400, 400, 400), sx:5, sy:5, sz:5, num_conditions:2
condition:25, metric:[  0. 150. 150.]
condition:26, metric:[  0. 150. 150.]
condition batch eval, img shape:(400, 400, 400), sx:5, sy:5, sz:5, num_conditions:2
condition:27, metric:[0.12673812 0.         0.        ]
condition:28, metric:[  0. 150. 150.]
condition batch eval, img shape:(400, 400, 400), sx:5, sy:5, sz:5, num_conditions:2
condition:29, metric:[  0. 150. 150.]
condition:30, metric:[  0. 150. 150.]
condition batch eval, img shape:(400, 400, 400), sx:5, sy:5, sz:5, num_conditions:1
condition:31, metric:[  0. 150. 150.]
===>test image:/projects/weilab/liupeng/projects/frameworks/nnUNet/DATASET/nnUNet_preprocessed/Dataset200_Dataset101_CellMap_model_high_res/nnUNetPlans_3d_lowres_large_patch_test/jrc_mus-liver-zon-1_crop266.npy
condition batch eval, img shape:(400, 400, 400), sx:5, sy:5, sz:5, num_conditions:2
condition:1, metric:[  0. 150. 150.]
condition:2, metric:[  0. 150. 150.]
condition batch eval, img shape:(400, 400, 400), sx:5, sy:5, sz:5, num_conditions:2
condition:3, metric:[0.41830803 0.         0.        ]
condition:4, metric:[  0. 150. 150.]
condition batch eval, img shape:(400, 400, 400), sx:5, sy:5, sz:5, num_conditions:2
condition:5, metric:[  0. 150. 150.]
condition:6, metric:[  0. 150. 150.]
condition batch eval, img shape:(400, 400, 400), sx:5, sy:5, sz:5, num_conditions:2
condition:7, metric:[  0. 150. 150.]
condition:8, metric:[  0. 150. 150.]
condition batch eval, img shape:(400, 400, 400), sx:5, sy:5, sz:5, num_conditions:2
condition:9, metric:[  0. 150. 150.]
condition:10, metric:[  0. 150. 150.]
condition batch eval, img shape:(400, 400, 400), sx:5, sy:5, sz:5, num_conditions:2
condition:11, metric:[  0. 150. 150.]
condition:12, metric:[  0. 150. 150.]
condition batch eval, img shape:(400, 400, 400), sx:5, sy:5, sz:5, num_conditions:2
condition:13, metric:[  0. 150. 150.]
condition:14, metric:[  0. 150. 150.]
condition batch eval, img shape:(400, 400, 400), sx:5, sy:5, sz:5, num_conditions:2
condition:15, metric:[  0. 150. 150.]
condition:16, metric:[  0. 150. 150.]
condition batch eval, img shape:(400, 400, 400), sx:5, sy:5, sz:5, num_conditions:2
condition:17, metric:[  0. 150. 150.]
condition:18, metric:[  0. 150. 150.]
condition batch eval, img shape:(400, 400, 400), sx:5, sy:5, sz:5, num_conditions:2
condition:19, metric:[  0. 150. 150.]
condition:20, metric:[  0. 150. 150.]
condition batch eval, img shape:(400, 400, 400), sx:5, sy:5, sz:5, num_conditions:2
condition:21, metric:[  0. 150. 150.]
condition:22, metric:[  0. 150. 150.]
condition batch eval, img shape:(400, 400, 400), sx:5, sy:5, sz:5, num_conditions:2
condition:23, metric:[  0. 150. 150.]
condition:24, metric:[  0. 150. 150.]
condition batch eval, img shape:(400, 400, 400), sx:5, sy:5, sz:5, num_conditions:2
condition:25, metric:[  0. 150. 150.]
condition:26, metric:[  0. 150. 150.]
condition batch eval, img shape:(400, 400, 400), sx:5, sy:5, sz:5, num_conditions:2
condition:27, metric:[0.28592589 0.         0.        ]
condition:28, metric:[  0. 150. 150.]
condition batch eval, img shape:(400, 400, 400), sx:5, sy:5, sz:5, num_conditions:2
condition:29, metric:[  0. 150. 150.]
condition:30, metric:[  0. 150. 150.]
condition batch eval, img shape:(400, 400, 400), sx:5, sy:5, sz:5, num_conditions:1
condition:31, metric:[  0. 150. 150.]
Validation end
avg metric shape: (31, 3)
iteration 8800 : model2_dice_score : 0.029569 model2_hd95 : 140.322581
save model to ../model/CellMap_202_CondBaseline_cond_baseline_cellmap_highres_SGD_SGD/unet_3D_old/model2_iter_8800.pth
iteration 8820 : loss : 0.307581  loss_ce : 0.446799  loss_dice : 0.168362
iteration 8840 : loss : 0.324795  loss_ce : 0.433721  loss_dice : 0.215869
iteration 8860 : loss : 0.295374  loss_ce : 0.185551  loss_dice : 0.405198
iteration 8880 : loss : 0.244483  loss_ce : 0.179299  loss_dice : 0.309667
iteration 8900 : loss : 0.133972  loss_ce : 0.208149  loss_dice : 0.059795
iteration 8920 : loss : 0.332841  loss_ce : 0.422798  loss_dice : 0.242884
iteration 8940 : loss : 0.228927  loss_ce : 0.330319  loss_dice : 0.127535
iteration 8960 : loss : 0.453580  loss_ce : 0.594616  loss_dice : 0.312543
iteration 8980 : loss : 0.387725  loss_ce : 0.358513  loss_dice : 0.416937
iteration 9000 : loss : 0.204204  loss_ce : 0.259248  loss_dice : 0.149161
iteration 9020 : loss : 0.294970  loss_ce : 0.382436  loss_dice : 0.207504
iteration 9040 : loss : 0.250338  loss_ce : 0.351384  loss_dice : 0.149293
iteration 9060 : loss : 0.392725  loss_ce : 0.433010  loss_dice : 0.352440
iteration 9080 : loss : 0.237389  loss_ce : 0.343227  loss_dice : 0.131551
iteration 9100 : loss : 0.397894  loss_ce : 0.399331  loss_dice : 0.396457
iteration 9120 : loss : 0.191576  loss_ce : 0.268885  loss_dice : 0.114268
iteration 9140 : loss : 0.682910  loss_ce : 0.801391  loss_dice : 0.564429
iteration 9160 : loss : 0.290828  loss_ce : 0.380748  loss_dice : 0.200907
iteration 9180 : loss : 0.221203  loss_ce : 0.301914  loss_dice : 0.140492
iteration 9200 : loss : 0.716780  loss_ce : 0.882003  loss_dice : 0.551557
began evaluation!
iteration 9200: validation sampled 4/17 cases
Total test images: 4
Validation begin
===>test image:/projects/weilab/liupeng/projects/frameworks/nnUNet/DATASET/nnUNet_preprocessed/Dataset200_Dataset101_CellMap_model_high_res/nnUNetPlans_3d_lowres_large_patch_test/jrc_cos7-1b_crop235.npy
condition batch eval, img shape:(200, 200, 200), sx:2, sy:2, sz:2, num_conditions:2
condition:1, metric:[0.01548492 0.         0.        ]
condition:2, metric:[  0. 150. 150.]
condition batch eval, img shape:(200, 200, 200), sx:2, sy:2, sz:2, num_conditions:2
condition:3, metric:[0.86361581 0.         0.        ]
condition:4, metric:[  0. 150. 150.]
condition batch eval, img shape:(200, 200, 200), sx:2, sy:2, sz:2, num_conditions:2
condition:5, metric:[  0. 150. 150.]
condition:6, metric:[  0. 150. 150.]
condition batch eval, img shape:(200, 200, 200), sx:2, sy:2, sz:2, num_conditions:2
condition:7, metric:[  0. 150. 150.]
condition:8, metric:[  0. 150. 150.]
condition batch eval, img shape:(200, 200, 200), sx:2, sy:2, sz:2, num_conditions:2
condition:9, metric:[  0. 150. 150.]
condition:10, metric:[  0. 150. 150.]
condition batch eval, img shape:(200, 200, 200), sx:2, sy:2, sz:2, num_conditions:2
condition:11, metric:[  0. 150. 150.]
condition:12, metric:[  0. 150. 150.]
condition batch eval, img shape:(200, 200, 200), sx:2, sy:2, sz:2, num_conditions:2
condition:13, metric:[  0. 150. 150.]
condition:14, metric:[  0. 150. 150.]
condition batch eval, img shape:(200, 200, 200), sx:2, sy:2, sz:2, num_conditions:2
condition:15, metric:[  0. 150. 150.]
condition:16, metric:[  0. 150. 150.]
condition batch eval, img shape:(200, 200, 200), sx:2, sy:2, sz:2, num_conditions:2
condition:17, metric:[  0. 150. 150.]
condition:18, metric:[  0. 150. 150.]
condition batch eval, img shape:(200, 200, 200), sx:2, sy:2, sz:2, num_conditions:2
condition:19, metric:[  0. 150. 150.]
condition:20, metric:[  0. 150. 150.]
condition batch eval, img shape:(200, 200, 200), sx:2, sy:2, sz:2, num_conditions:2
condition:21, metric:[  0. 150. 150.]
condition:22, metric:[  0. 150. 150.]
condition batch eval, img shape:(200, 200, 200), sx:2, sy:2, sz:2, num_conditions:2
condition:23, metric:[  0. 150. 150.]
condition:24, metric:[  0. 150. 150.]
condition batch eval, img shape:(200, 200, 200), sx:2, sy:2, sz:2, num_conditions:2
condition:25, metric:[  0. 150. 150.]
condition:26, metric:[  0. 150. 150.]
condition batch eval, img shape:(200, 200, 200), sx:2, sy:2, sz:2, num_conditions:2
condition:27, metric:[  0. 150. 150.]
condition:28, metric:[  0. 150. 150.]
condition batch eval, img shape:(200, 200, 200), sx:2, sy:2, sz:2, num_conditions:2
condition:29, metric:[  0. 150. 150.]
condition:30, metric:[  0. 150. 150.]
condition batch eval, img shape:(200, 200, 200), sx:2, sy:2, sz:2, num_conditions:1
condition:31, metric:[  0. 150. 150.]
===>test image:/projects/weilab/liupeng/projects/frameworks/nnUNet/DATASET/nnUNet_preprocessed/Dataset200_Dataset101_CellMap_model_high_res/nnUNetPlans_3d_lowres_large_patch_test/jrc_sum159-4_crop219.npy
condition batch eval, img shape:(400, 400, 400), sx:5, sy:5, sz:5, num_conditions:2
condition:1, metric:[0.12368386 0.         0.        ]
condition:2, metric:[  0. 150. 150.]
condition batch eval, img shape:(400, 400, 400), sx:5, sy:5, sz:5, num_conditions:2
condition:3, metric:[0.7720883 0.        0.       ]
condition:4, metric:[  0. 150. 150.]
condition batch eval, img shape:(400, 400, 400), sx:5, sy:5, sz:5, num_conditions:2
condition:5, metric:[  0. 150. 150.]
condition:6, metric:[  0. 150. 150.]
condition batch eval, img shape:(400, 400, 400), sx:5, sy:5, sz:5, num_conditions:2
condition:7, metric:[  0. 150. 150.]
condition:8, metric:[  0. 150. 150.]
condition batch eval, img shape:(400, 400, 400), sx:5, sy:5, sz:5, num_conditions:2
condition:9, metric:[  0. 150. 150.]
condition:10, metric:[  0. 150. 150.]
condition batch eval, img shape:(400, 400, 400), sx:5, sy:5, sz:5, num_conditions:2
condition:11, metric:[  0. 150. 150.]
condition:12, metric:[  0. 150. 150.]
condition batch eval, img shape:(400, 400, 400), sx:5, sy:5, sz:5, num_conditions:2
condition:13, metric:[  0. 150. 150.]
condition:14, metric:[  0. 150. 150.]
condition batch eval, img shape:(400, 400, 400), sx:5, sy:5, sz:5, num_conditions:2
condition:15, metric:[  0. 150. 150.]
condition:16, metric:[  0. 150. 150.]
condition batch eval, img shape:(400, 400, 400), sx:5, sy:5, sz:5, num_conditions:2
condition:17, metric:[  0. 150. 150.]
condition:18, metric:[  0. 150. 150.]
condition batch eval, img shape:(400, 400, 400), sx:5, sy:5, sz:5, num_conditions:2
condition:19, metric:[  0. 150. 150.]
condition:20, metric:[  0. 150. 150.]
condition batch eval, img shape:(400, 400, 400), sx:5, sy:5, sz:5, num_conditions:2
condition:21, metric:[  0. 150. 150.]
condition:22, metric:[  0. 150. 150.]
condition batch eval, img shape:(400, 400, 400), sx:5, sy:5, sz:5, num_conditions:2
condition:23, metric:[  0. 150. 150.]
condition:24, metric:[  0. 150. 150.]
condition batch eval, img shape:(400, 400, 400), sx:5, sy:5, sz:5, num_conditions:2
condition:25, metric:[  0. 150. 150.]
condition:26, metric:[  0. 150. 150.]
condition batch eval, img shape:(400, 400, 400), sx:5, sy:5, sz:5, num_conditions:2
condition:27, metric:[0.04403775 0.         0.        ]
condition:28, metric:[  0. 150. 150.]
condition batch eval, img shape:(400, 400, 400), sx:5, sy:5, sz:5, num_conditions:2
condition:29, metric:[  0. 150. 150.]
condition:30, metric:[  0. 150. 150.]
condition batch eval, img shape:(400, 400, 400), sx:5, sy:5, sz:5, num_conditions:1
condition:31, metric:[  0. 150. 150.]
===>test image:/projects/weilab/liupeng/projects/frameworks/nnUNet/DATASET/nnUNet_preprocessed/Dataset200_Dataset101_CellMap_model_high_res/nnUNetPlans_3d_lowres_large_patch_test/jrc_mus-liver-zon-1_crop268.npy
condition batch eval, img shape:(400, 400, 400), sx:5, sy:5, sz:5, num_conditions:2
condition:1, metric:[  0. 150. 150.]
condition:2, metric:[  0. 150. 150.]
condition batch eval, img shape:(400, 400, 400), sx:5, sy:5, sz:5, num_conditions:2
condition:3, metric:[0.7739533 0.        0.       ]
condition:4, metric:[  0. 150. 150.]
condition batch eval, img shape:(400, 400, 400), sx:5, sy:5, sz:5, num_conditions:2
condition:5, metric:[  0. 150. 150.]
condition:6, metric:[  0. 150. 150.]
condition batch eval, img shape:(400, 400, 400), sx:5, sy:5, sz:5, num_conditions:2
condition:7, metric:[  0. 150. 150.]
condition:8, metric:[  0. 150. 150.]
condition batch eval, img shape:(400, 400, 400), sx:5, sy:5, sz:5, num_conditions:2
condition:9, metric:[  0. 150. 150.]
condition:10, metric:[  0. 150. 150.]
condition batch eval, img shape:(400, 400, 400), sx:5, sy:5, sz:5, num_conditions:2
condition:11, metric:[  0. 150. 150.]
condition:12, metric:[  0. 150. 150.]
condition batch eval, img shape:(400, 400, 400), sx:5, sy:5, sz:5, num_conditions:2
condition:13, metric:[  0. 150. 150.]
condition:14, metric:[  0. 150. 150.]
condition batch eval, img shape:(400, 400, 400), sx:5, sy:5, sz:5, num_conditions:2
condition:15, metric:[  0. 150. 150.]
condition:16, metric:[  0. 150. 150.]
condition batch eval, img shape:(400, 400, 400), sx:5, sy:5, sz:5, num_conditions:2
condition:17, metric:[  0. 150. 150.]
condition:18, metric:[  0. 150. 150.]
condition batch eval, img shape:(400, 400, 400), sx:5, sy:5, sz:5, num_conditions:2
condition:19, metric:[  0. 150. 150.]
condition:20, metric:[  0. 150. 150.]
condition batch eval, img shape:(400, 400, 400), sx:5, sy:5, sz:5, num_conditions:2
condition:21, metric:[  0. 150. 150.]
condition:22, metric:[  0. 150. 150.]
condition batch eval, img shape:(400, 400, 400), sx:5, sy:5, sz:5, num_conditions:2
condition:23, metric:[  0. 150. 150.]
condition:24, metric:[  0. 150. 150.]
condition batch eval, img shape:(400, 400, 400), sx:5, sy:5, sz:5, num_conditions:2
condition:25, metric:[  0. 150. 150.]
condition:26, metric:[  0. 150. 150.]
condition batch eval, img shape:(400, 400, 400), sx:5, sy:5, sz:5, num_conditions:2
condition:27, metric:[  0. 150. 150.]
condition:28, metric:[  0. 150. 150.]
condition batch eval, img shape:(400, 400, 400), sx:5, sy:5, sz:5, num_conditions:2
condition:29, metric:[  0. 150. 150.]
condition:30, metric:[  0. 150. 150.]
condition batch eval, img shape:(400, 400, 400), sx:5, sy:5, sz:5, num_conditions:1
condition:31, metric:[  0. 150. 150.]
===>test image:/projects/weilab/liupeng/projects/frameworks/nnUNet/DATASET/nnUNet_preprocessed/Dataset200_Dataset101_CellMap_model_high_res/nnUNetPlans_3d_lowres_large_patch_test/jrc_sum159-1_crop20.npy
condition batch eval, img shape:(200, 200, 160), sx:2, sy:2, sz:1, num_conditions:2
condition:1, metric:[  0. 150. 150.]
condition:2, metric:[  0. 150. 150.]
condition batch eval, img shape:(200, 200, 160), sx:2, sy:2, sz:1, num_conditions:2
condition:3, metric:[0.64310591 0.         0.        ]
condition:4, metric:[  0. 150. 150.]
condition batch eval, img shape:(200, 200, 160), sx:2, sy:2, sz:1, num_conditions:2
condition:5, metric:[  0. 150. 150.]
condition:6, metric:[  0. 150. 150.]
condition batch eval, img shape:(200, 200, 160), sx:2, sy:2, sz:1, num_conditions:2
condition:7, metric:[  0. 150. 150.]
condition:8, metric:[  0. 150. 150.]
condition batch eval, img shape:(200, 200, 160), sx:2, sy:2, sz:1, num_conditions:2
condition:9, metric:[  0. 150. 150.]
condition:10, metric:[  0. 150. 150.]
condition batch eval, img shape:(200, 200, 160), sx:2, sy:2, sz:1, num_conditions:2
condition:11, metric:[  0. 150. 150.]
condition:12, metric:[  0. 150. 150.]
condition batch eval, img shape:(200, 200, 160), sx:2, sy:2, sz:1, num_conditions:2
condition:13, metric:[  0. 150. 150.]
condition:14, metric:[  0. 150. 150.]
condition batch eval, img shape:(200, 200, 160), sx:2, sy:2, sz:1, num_conditions:2
condition:15, metric:[  0. 150. 150.]
condition:16, metric:[  0. 150. 150.]
condition batch eval, img shape:(200, 200, 160), sx:2, sy:2, sz:1, num_conditions:2
condition:17, metric:[  0. 150. 150.]
condition:18, metric:[  0. 150. 150.]
condition batch eval, img shape:(200, 200, 160), sx:2, sy:2, sz:1, num_conditions:2
condition:19, metric:[  0. 150. 150.]
condition:20, metric:[  0. 150. 150.]
condition batch eval, img shape:(200, 200, 160), sx:2, sy:2, sz:1, num_conditions:2
condition:21, metric:[  0. 150. 150.]
condition:22, metric:[  0. 150. 150.]
condition batch eval, img shape:(200, 200, 160), sx:2, sy:2, sz:1, num_conditions:2
condition:23, metric:[  0. 150. 150.]
condition:24, metric:[  0. 150. 150.]
condition batch eval, img shape:(200, 200, 160), sx:2, sy:2, sz:1, num_conditions:2
condition:25, metric:[  0. 150. 150.]
condition:26, metric:[  0. 150. 150.]
condition batch eval, img shape:(200, 200, 160), sx:2, sy:2, sz:1, num_conditions:2
condition:27, metric:[  0. 150. 150.]
condition:28, metric:[  0. 150. 150.]
condition batch eval, img shape:(200, 200, 160), sx:2, sy:2, sz:1, num_conditions:2
condition:29, metric:[  0. 150. 150.]
condition:30, metric:[  0. 150. 150.]
condition batch eval, img shape:(200, 200, 160), sx:2, sy:2, sz:1, num_conditions:1
condition:31, metric:[  0. 150. 150.]
Validation end
avg metric shape: (31, 3)
iteration 9200 : model2_dice_score : 0.026097 model2_hd95 : 141.532258
save model to ../model/CellMap_202_CondBaseline_cond_baseline_cellmap_highres_SGD_SGD/unet_3D_old/model2_iter_9200.pth
iteration 9220 : loss : 0.263565  loss_ce : 0.336636  loss_dice : 0.190495
iteration 9240 : loss : 0.319581  loss_ce : 0.195007  loss_dice : 0.444155
iteration 9260 : loss : 0.388163  loss_ce : 0.501267  loss_dice : 0.275059
iteration 9280 : loss : 0.265308  loss_ce : 0.384382  loss_dice : 0.146234
iteration 9300 : loss : 0.045196  loss_ce : 0.077333  loss_dice : 0.013060
iteration 9320 : loss : 0.405559  loss_ce : 0.573621  loss_dice : 0.237498
iteration 9340 : loss : 0.363983  loss_ce : 0.389184  loss_dice : 0.338782
iteration 9360 : loss : 0.257790  loss_ce : 0.337142  loss_dice : 0.178438
iteration 9380 : loss : 0.218471  loss_ce : 0.281695  loss_dice : 0.155248
iteration 9400 : loss : 0.219879  loss_ce : 0.315742  loss_dice : 0.124015
iteration 9420 : loss : 0.354923  loss_ce : 0.454754  loss_dice : 0.255092
iteration 9440 : loss : 0.196931  loss_ce : 0.279661  loss_dice : 0.114202
iteration 9460 : loss : 0.182118  loss_ce : 0.267953  loss_dice : 0.096283
iteration 9480 : loss : 0.199344  loss_ce : 0.243706  loss_dice : 0.154982
iteration 9500 : loss : 0.377225  loss_ce : 0.536261  loss_dice : 0.218188
iteration 9520 : loss : 0.189881  loss_ce : 0.273881  loss_dice : 0.105881
iteration 9540 : loss : 0.248457  loss_ce : 0.341119  loss_dice : 0.155794
iteration 9560 : loss : 0.253475  loss_ce : 0.149923  loss_dice : 0.357026
iteration 9580 : loss : 0.251465  loss_ce : 0.315975  loss_dice : 0.186954
iteration 9600 : loss : 0.106295  loss_ce : 0.170086  loss_dice : 0.042505
began evaluation!
iteration 9600: validation sampled 4/17 cases
Total test images: 4
Validation begin
===>test image:/projects/weilab/liupeng/projects/frameworks/nnUNet/DATASET/nnUNet_preprocessed/Dataset200_Dataset101_CellMap_model_high_res/nnUNetPlans_3d_lowres_large_patch_test/jrc_sum159-1_crop20.npy
condition batch eval, img shape:(200, 200, 160), sx:2, sy:2, sz:1, num_conditions:2
condition:1, metric:[  0. 150. 150.]
condition:2, metric:[  0. 150. 150.]
condition batch eval, img shape:(200, 200, 160), sx:2, sy:2, sz:1, num_conditions:2
condition:3, metric:[0.64130722 0.         0.        ]
condition:4, metric:[  0. 150. 150.]
condition batch eval, img shape:(200, 200, 160), sx:2, sy:2, sz:1, num_conditions:2
condition:5, metric:[  0. 150. 150.]
condition:6, metric:[  0. 150. 150.]
condition batch eval, img shape:(200, 200, 160), sx:2, sy:2, sz:1, num_conditions:2
condition:7, metric:[  0. 150. 150.]
condition:8, metric:[  0. 150. 150.]
condition batch eval, img shape:(200, 200, 160), sx:2, sy:2, sz:1, num_conditions:2
condition:9, metric:[  0. 150. 150.]
condition:10, metric:[  0. 150. 150.]
condition batch eval, img shape:(200, 200, 160), sx:2, sy:2, sz:1, num_conditions:2
condition:11, metric:[  0. 150. 150.]
condition:12, metric:[  0. 150. 150.]
condition batch eval, img shape:(200, 200, 160), sx:2, sy:2, sz:1, num_conditions:2
condition:13, metric:[  0. 150. 150.]
condition:14, metric:[  0. 150. 150.]
condition batch eval, img shape:(200, 200, 160), sx:2, sy:2, sz:1, num_conditions:2
condition:15, metric:[  0. 150. 150.]
condition:16, metric:[  0. 150. 150.]
condition batch eval, img shape:(200, 200, 160), sx:2, sy:2, sz:1, num_conditions:2
condition:17, metric:[  0. 150. 150.]
condition:18, metric:[  0. 150. 150.]
condition batch eval, img shape:(200, 200, 160), sx:2, sy:2, sz:1, num_conditions:2
condition:19, metric:[  0. 150. 150.]
condition:20, metric:[  0. 150. 150.]
condition batch eval, img shape:(200, 200, 160), sx:2, sy:2, sz:1, num_conditions:2
condition:21, metric:[  0. 150. 150.]
condition:22, metric:[  0. 150. 150.]
condition batch eval, img shape:(200, 200, 160), sx:2, sy:2, sz:1, num_conditions:2
condition:23, metric:[  0. 150. 150.]
condition:24, metric:[  0. 150. 150.]
condition batch eval, img shape:(200, 200, 160), sx:2, sy:2, sz:1, num_conditions:2
condition:25, metric:[  0. 150. 150.]
condition:26, metric:[  0. 150. 150.]
condition batch eval, img shape:(200, 200, 160), sx:2, sy:2, sz:1, num_conditions:2
condition:27, metric:[  0. 150. 150.]
condition:28, metric:[  0. 150. 150.]
condition batch eval, img shape:(200, 200, 160), sx:2, sy:2, sz:1, num_conditions:2
condition:29, metric:[  0. 150. 150.]
condition:30, metric:[  0. 150. 150.]
condition batch eval, img shape:(200, 200, 160), sx:2, sy:2, sz:1, num_conditions:1
condition:31, metric:[  0. 150. 150.]
===>test image:/projects/weilab/liupeng/projects/frameworks/nnUNet/DATASET/nnUNet_preprocessed/Dataset200_Dataset101_CellMap_model_high_res/nnUNetPlans_3d_lowres_large_patch_test/jrc_cos7-1a_crop236.npy
condition batch eval, img shape:(200, 200, 200), sx:2, sy:2, sz:2, num_conditions:2
condition:1, metric:[  0. 150. 150.]
condition:2, metric:[  0. 150. 150.]
condition batch eval, img shape:(200, 200, 200), sx:2, sy:2, sz:2, num_conditions:2
condition:3, metric:[0.87869997 0.         0.        ]
condition:4, metric:[  0. 150. 150.]
condition batch eval, img shape:(200, 200, 200), sx:2, sy:2, sz:2, num_conditions:2
condition:5, metric:[  0. 150. 150.]
condition:6, metric:[  0. 150. 150.]
condition batch eval, img shape:(200, 200, 200), sx:2, sy:2, sz:2, num_conditions:2
condition:7, metric:[  0. 150. 150.]
condition:8, metric:[  0. 150. 150.]
condition batch eval, img shape:(200, 200, 200), sx:2, sy:2, sz:2, num_conditions:2
condition:9, metric:[  0. 150. 150.]
condition:10, metric:[  0. 150. 150.]
condition batch eval, img shape:(200, 200, 200), sx:2, sy:2, sz:2, num_conditions:2
condition:11, metric:[  0. 150. 150.]
condition:12, metric:[  0. 150. 150.]
condition batch eval, img shape:(200, 200, 200), sx:2, sy:2, sz:2, num_conditions:2
condition:13, metric:[  0. 150. 150.]
condition:14, metric:[  0. 150. 150.]
condition batch eval, img shape:(200, 200, 200), sx:2, sy:2, sz:2, num_conditions:2
condition:15, metric:[  0. 150. 150.]
condition:16, metric:[  0. 150. 150.]
condition batch eval, img shape:(200, 200, 200), sx:2, sy:2, sz:2, num_conditions:2
condition:17, metric:[  0. 150. 150.]
condition:18, metric:[  0. 150. 150.]
condition batch eval, img shape:(200, 200, 200), sx:2, sy:2, sz:2, num_conditions:2
condition:19, metric:[  0. 150. 150.]
condition:20, metric:[  0. 150. 150.]
condition batch eval, img shape:(200, 200, 200), sx:2, sy:2, sz:2, num_conditions:2
condition:21, metric:[  0. 150. 150.]
condition:22, metric:[  0. 150. 150.]
condition batch eval, img shape:(200, 200, 200), sx:2, sy:2, sz:2, num_conditions:2
condition:23, metric:[  0. 150. 150.]
condition:24, metric:[  0. 150. 150.]
condition batch eval, img shape:(200, 200, 200), sx:2, sy:2, sz:2, num_conditions:2
condition:25, metric:[  0. 150. 150.]
condition:26, metric:[  0. 150. 150.]
condition batch eval, img shape:(200, 200, 200), sx:2, sy:2, sz:2, num_conditions:2
condition:27, metric:[  0. 150. 150.]
condition:28, metric:[  0. 150. 150.]
condition batch eval, img shape:(200, 200, 200), sx:2, sy:2, sz:2, num_conditions:2
condition:29, metric:[  0. 150. 150.]
condition:30, metric:[  0. 150. 150.]
condition batch eval, img shape:(200, 200, 200), sx:2, sy:2, sz:2, num_conditions:1
condition:31, metric:[  0. 150. 150.]
===>test image:/projects/weilab/liupeng/projects/frameworks/nnUNet/DATASET/nnUNet_preprocessed/Dataset200_Dataset101_CellMap_model_high_res/nnUNetPlans_3d_lowres_large_patch_test/jrc_mus-liver-zon-2_crop342.npy
condition batch eval, img shape:(400, 400, 400), sx:5, sy:5, sz:5, num_conditions:2
condition:1, metric:[0.42685546 0.         0.        ]
condition:2, metric:[  0. 150. 150.]
condition batch eval, img shape:(400, 400, 400), sx:5, sy:5, sz:5, num_conditions:2
condition:3, metric:[0.40829525 0.         0.        ]
condition:4, metric:[  0. 150. 150.]
condition batch eval, img shape:(400, 400, 400), sx:5, sy:5, sz:5, num_conditions:2
condition:5, metric:[  0. 150. 150.]
condition:6, metric:[  0. 150. 150.]
condition batch eval, img shape:(400, 400, 400), sx:5, sy:5, sz:5, num_conditions:2
condition:7, metric:[  0. 150. 150.]
condition:8, metric:[  0. 150. 150.]
condition batch eval, img shape:(400, 400, 400), sx:5, sy:5, sz:5, num_conditions:2
condition:9, metric:[  0. 150. 150.]
condition:10, metric:[  0. 150. 150.]
condition batch eval, img shape:(400, 400, 400), sx:5, sy:5, sz:5, num_conditions:2
condition:11, metric:[  0. 150. 150.]
condition:12, metric:[  0. 150. 150.]
condition batch eval, img shape:(400, 400, 400), sx:5, sy:5, sz:5, num_conditions:2
condition:13, metric:[  0. 150. 150.]
condition:14, metric:[  0. 150. 150.]
condition batch eval, img shape:(400, 400, 400), sx:5, sy:5, sz:5, num_conditions:2
condition:15, metric:[  0. 150. 150.]
condition:16, metric:[  0. 150. 150.]
condition batch eval, img shape:(400, 400, 400), sx:5, sy:5, sz:5, num_conditions:2
condition:17, metric:[  0. 150. 150.]
condition:18, metric:[  0. 150. 150.]
condition batch eval, img shape:(400, 400, 400), sx:5, sy:5, sz:5, num_conditions:2
condition:19, metric:[  0. 150. 150.]
condition:20, metric:[  0. 150. 150.]
condition batch eval, img shape:(400, 400, 400), sx:5, sy:5, sz:5, num_conditions:2
condition:21, metric:[  0. 150. 150.]
condition:22, metric:[  0. 150. 150.]
condition batch eval, img shape:(400, 400, 400), sx:5, sy:5, sz:5, num_conditions:2
condition:23, metric:[  0. 150. 150.]
condition:24, metric:[  0. 150. 150.]
condition batch eval, img shape:(400, 400, 400), sx:5, sy:5, sz:5, num_conditions:2
condition:25, metric:[  0. 150. 150.]
condition:26, metric:[  0. 150. 150.]
condition batch eval, img shape:(400, 400, 400), sx:5, sy:5, sz:5, num_conditions:2
condition:27, metric:[0.00162862 0.         0.        ]
condition:28, metric:[  0. 150. 150.]
condition batch eval, img shape:(400, 400, 400), sx:5, sy:5, sz:5, num_conditions:2
condition:29, metric:[  0. 150. 150.]
condition:30, metric:[  0. 150. 150.]
condition batch eval, img shape:(400, 400, 400), sx:5, sy:5, sz:5, num_conditions:1
condition:31, metric:[  0. 150. 150.]
===>test image:/projects/weilab/liupeng/projects/frameworks/nnUNet/DATASET/nnUNet_preprocessed/Dataset200_Dataset101_CellMap_model_high_res/nnUNetPlans_3d_lowres_large_patch_test/jrc_macrophage-2_crop31.npy
condition batch eval, img shape:(160, 160, 160), sx:1, sy:1, sz:1, num_conditions:2
condition:1, metric:[0.10008793 0.         0.        ]
condition:2, metric:[  0. 150. 150.]
condition batch eval, img shape:(160, 160, 160), sx:1, sy:1, sz:1, num_conditions:2
condition:3, metric:[0.78063562 0.         0.        ]
condition:4, metric:[  0. 150. 150.]
condition batch eval, img shape:(160, 160, 160), sx:1, sy:1, sz:1, num_conditions:2
condition:5, metric:[  0. 150. 150.]
condition:6, metric:[  0. 150. 150.]
condition batch eval, img shape:(160, 160, 160), sx:1, sy:1, sz:1, num_conditions:2
condition:7, metric:[  0. 150. 150.]
condition:8, metric:[  0. 150. 150.]
condition batch eval, img shape:(160, 160, 160), sx:1, sy:1, sz:1, num_conditions:2
condition:9, metric:[  0. 150. 150.]
condition:10, metric:[  0. 150. 150.]
condition batch eval, img shape:(160, 160, 160), sx:1, sy:1, sz:1, num_conditions:2
condition:11, metric:[  0. 150. 150.]
condition:12, metric:[  0. 150. 150.]
condition batch eval, img shape:(160, 160, 160), sx:1, sy:1, sz:1, num_conditions:2
condition:13, metric:[  0. 150. 150.]
condition:14, metric:[  0. 150. 150.]
condition batch eval, img shape:(160, 160, 160), sx:1, sy:1, sz:1, num_conditions:2
condition:15, metric:[  0. 150. 150.]
condition:16, metric:[  0. 150. 150.]
condition batch eval, img shape:(160, 160, 160), sx:1, sy:1, sz:1, num_conditions:2
condition:17, metric:[  0. 150. 150.]
condition:18, metric:[  0. 150. 150.]
condition batch eval, img shape:(160, 160, 160), sx:1, sy:1, sz:1, num_conditions:2
condition:19, metric:[  0. 150. 150.]
condition:20, metric:[  0. 150. 150.]
condition batch eval, img shape:(160, 160, 160), sx:1, sy:1, sz:1, num_conditions:2
condition:21, metric:[  0. 150. 150.]
condition:22, metric:[  0. 150. 150.]
condition batch eval, img shape:(160, 160, 160), sx:1, sy:1, sz:1, num_conditions:2
condition:23, metric:[  0. 150. 150.]
condition:24, metric:[  0. 150. 150.]
condition batch eval, img shape:(160, 160, 160), sx:1, sy:1, sz:1, num_conditions:2
condition:25, metric:[  0. 150. 150.]
condition:26, metric:[  0. 150. 150.]
condition batch eval, img shape:(160, 160, 160), sx:1, sy:1, sz:1, num_conditions:2
condition:27, metric:[  0. 150. 150.]
condition:28, metric:[  0. 150. 150.]
condition batch eval, img shape:(160, 160, 160), sx:1, sy:1, sz:1, num_conditions:2
condition:29, metric:[  0. 150. 150.]
condition:30, metric:[  0. 150. 150.]
condition batch eval, img shape:(160, 160, 160), sx:1, sy:1, sz:1, num_conditions:1
condition:31, metric:[  0. 150. 150.]
Validation end
avg metric shape: (31, 3)
iteration 9600 : model2_dice_score : 0.026109 model2_hd95 : 141.532258
save model to ../model/CellMap_202_CondBaseline_cond_baseline_cellmap_highres_SGD_SGD/unet_3D_old/model2_iter_9600.pth
iteration 9620 : loss : 0.065048  loss_ce : 0.103558  loss_dice : 0.026538
iteration 9640 : loss : 0.278493  loss_ce : 0.360460  loss_dice : 0.196527
iteration 9660 : loss : 0.258120  loss_ce : 0.016106  loss_dice : 0.500134
iteration 9680 : loss : 0.284046  loss_ce : 0.366039  loss_dice : 0.202053
iteration 9700 : loss : 0.245967  loss_ce : 0.332392  loss_dice : 0.159542
iteration 9720 : loss : 0.162172  loss_ce : 0.237870  loss_dice : 0.086475
iteration 9740 : loss : 0.291617  loss_ce : 0.089942  loss_dice : 0.493291
iteration 9760 : loss : 0.322817  loss_ce : 0.377463  loss_dice : 0.268170
iteration 9780 : loss : 0.503487  loss_ce : 0.679764  loss_dice : 0.327210
iteration 9800 : loss : 0.312504  loss_ce : 0.401539  loss_dice : 0.223469
iteration 9820 : loss : 0.079689  loss_ce : 0.122393  loss_dice : 0.036986
iteration 9840 : loss : 0.292434  loss_ce : 0.191394  loss_dice : 0.393473
iteration 9860 : loss : 0.550729  loss_ce : 0.752231  loss_dice : 0.349227
iteration 9880 : loss : 0.192988  loss_ce : 0.276058  loss_dice : 0.109917
iteration 9900 : loss : 0.021082  loss_ce : 0.038754  loss_dice : 0.003411
iteration 9920 : loss : 0.191010  loss_ce : 0.241699  loss_dice : 0.140320
iteration 9940 : loss : 0.252595  loss_ce : 0.306607  loss_dice : 0.198583
iteration 9960 : loss : 0.333728  loss_ce : 0.321054  loss_dice : 0.346401
iteration 9980 : loss : 0.711890  loss_ce : 0.972457  loss_dice : 0.451323
iteration 10000 : loss : 0.682547  loss_ce : 0.980269  loss_dice : 0.384825
began evaluation!
iteration 10000: validation sampled 4/17 cases
Total test images: 4
Validation begin
===>test image:/projects/weilab/liupeng/projects/frameworks/nnUNet/DATASET/nnUNet_preprocessed/Dataset200_Dataset101_CellMap_model_high_res/nnUNetPlans_3d_lowres_large_patch_test/jrc_sum159-4_crop219.npy
condition batch eval, img shape:(400, 400, 400), sx:5, sy:5, sz:5, num_conditions:2
condition:1, metric:[0.12368386 0.         0.        ]
condition:2, metric:[  0. 150. 150.]
condition batch eval, img shape:(400, 400, 400), sx:5, sy:5, sz:5, num_conditions:2
condition:3, metric:[0.64570847 0.         0.        ]
condition:4, metric:[  0. 150. 150.]
condition batch eval, img shape:(400, 400, 400), sx:5, sy:5, sz:5, num_conditions:2
condition:5, metric:[  0. 150. 150.]
condition:6, metric:[  0. 150. 150.]
condition batch eval, img shape:(400, 400, 400), sx:5, sy:5, sz:5, num_conditions:2
condition:7, metric:[  0. 150. 150.]
condition:8, metric:[  0. 150. 150.]
condition batch eval, img shape:(400, 400, 400), sx:5, sy:5, sz:5, num_conditions:2
condition:9, metric:[  0. 150. 150.]
condition:10, metric:[  0. 150. 150.]
condition batch eval, img shape:(400, 400, 400), sx:5, sy:5, sz:5, num_conditions:2
condition:11, metric:[  0. 150. 150.]
condition:12, metric:[  0. 150. 150.]
condition batch eval, img shape:(400, 400, 400), sx:5, sy:5, sz:5, num_conditions:2
condition:13, metric:[  0. 150. 150.]
condition:14, metric:[  0. 150. 150.]
condition batch eval, img shape:(400, 400, 400), sx:5, sy:5, sz:5, num_conditions:2
condition:15, metric:[  0. 150. 150.]
condition:16, metric:[  0. 150. 150.]
condition batch eval, img shape:(400, 400, 400), sx:5, sy:5, sz:5, num_conditions:2
condition:17, metric:[  0. 150. 150.]
condition:18, metric:[  0. 150. 150.]
condition batch eval, img shape:(400, 400, 400), sx:5, sy:5, sz:5, num_conditions:2
condition:19, metric:[  0. 150. 150.]
condition:20, metric:[  0. 150. 150.]
condition batch eval, img shape:(400, 400, 400), sx:5, sy:5, sz:5, num_conditions:2
condition:21, metric:[  0. 150. 150.]
condition:22, metric:[  0. 150. 150.]
condition batch eval, img shape:(400, 400, 400), sx:5, sy:5, sz:5, num_conditions:2
condition:23, metric:[  0. 150. 150.]
condition:24, metric:[  0. 150. 150.]
condition batch eval, img shape:(400, 400, 400), sx:5, sy:5, sz:5, num_conditions:2
condition:25, metric:[  0. 150. 150.]
condition:26, metric:[  0. 150. 150.]
condition batch eval, img shape:(400, 400, 400), sx:5, sy:5, sz:5, num_conditions:2
condition:27, metric:[0.00280941 0.         0.        ]
condition:28, metric:[  0. 150. 150.]
condition batch eval, img shape:(400, 400, 400), sx:5, sy:5, sz:5, num_conditions:2
condition:29, metric:[  0. 150. 150.]
condition:30, metric:[  0. 150. 150.]
condition batch eval, img shape:(400, 400, 400), sx:5, sy:5, sz:5, num_conditions:1
condition:31, metric:[  0. 150. 150.]
===>test image:/projects/weilab/liupeng/projects/frameworks/nnUNet/DATASET/nnUNet_preprocessed/Dataset200_Dataset101_CellMap_model_high_res/nnUNetPlans_3d_lowres_large_patch_test/jrc_mus-liver-zon-1_crop268.npy
condition batch eval, img shape:(400, 400, 400), sx:5, sy:5, sz:5, num_conditions:2
condition:1, metric:[  0. 150. 150.]
condition:2, metric:[  0. 150. 150.]
condition batch eval, img shape:(400, 400, 400), sx:5, sy:5, sz:5, num_conditions:2
condition:3, metric:[0.8411493 0.        0.       ]
condition:4, metric:[  0. 150. 150.]
condition batch eval, img shape:(400, 400, 400), sx:5, sy:5, sz:5, num_conditions:2
condition:5, metric:[  0. 150. 150.]
condition:6, metric:[  0. 150. 150.]
condition batch eval, img shape:(400, 400, 400), sx:5, sy:5, sz:5, num_conditions:2
condition:7, metric:[  0. 150. 150.]
condition:8, metric:[  0. 150. 150.]
condition batch eval, img shape:(400, 400, 400), sx:5, sy:5, sz:5, num_conditions:2
condition:9, metric:[  0. 150. 150.]
condition:10, metric:[  0. 150. 150.]
condition batch eval, img shape:(400, 400, 400), sx:5, sy:5, sz:5, num_conditions:2
condition:11, metric:[  0. 150. 150.]
condition:12, metric:[  0. 150. 150.]
condition batch eval, img shape:(400, 400, 400), sx:5, sy:5, sz:5, num_conditions:2
condition:13, metric:[  0. 150. 150.]
condition:14, metric:[  0. 150. 150.]
condition batch eval, img shape:(400, 400, 400), sx:5, sy:5, sz:5, num_conditions:2
condition:15, metric:[  0. 150. 150.]
condition:16, metric:[  0. 150. 150.]
condition batch eval, img shape:(400, 400, 400), sx:5, sy:5, sz:5, num_conditions:2
condition:17, metric:[  0. 150. 150.]
condition:18, metric:[  0. 150. 150.]
condition batch eval, img shape:(400, 400, 400), sx:5, sy:5, sz:5, num_conditions:2
condition:19, metric:[  0. 150. 150.]
condition:20, metric:[  0. 150. 150.]
condition batch eval, img shape:(400, 400, 400), sx:5, sy:5, sz:5, num_conditions:2
condition:21, metric:[  0. 150. 150.]
condition:22, metric:[  0. 150. 150.]
condition batch eval, img shape:(400, 400, 400), sx:5, sy:5, sz:5, num_conditions:2
condition:23, metric:[  0. 150. 150.]
condition:24, metric:[  0. 150. 150.]
condition batch eval, img shape:(400, 400, 400), sx:5, sy:5, sz:5, num_conditions:2
condition:25, metric:[  0. 150. 150.]
condition:26, metric:[  0. 150. 150.]
condition batch eval, img shape:(400, 400, 400), sx:5, sy:5, sz:5, num_conditions:2
condition:27, metric:[  0. 150. 150.]
condition:28, metric:[  0. 150. 150.]
condition batch eval, img shape:(400, 400, 400), sx:5, sy:5, sz:5, num_conditions:2
condition:29, metric:[  0. 150. 150.]
condition:30, metric:[  0. 150. 150.]
condition batch eval, img shape:(400, 400, 400), sx:5, sy:5, sz:5, num_conditions:1
condition:31, metric:[  0. 150. 150.]
===>test image:/projects/weilab/liupeng/projects/frameworks/nnUNet/DATASET/nnUNet_preprocessed/Dataset200_Dataset101_CellMap_model_high_res/nnUNetPlans_3d_lowres_large_patch_test/jrc_ut21-1413-003_crop190.npy
condition batch eval, img shape:(400, 400, 400), sx:5, sy:5, sz:5, num_conditions:2
condition:1, metric:[0.50061101 0.         0.        ]
condition:2, metric:[  0. 150. 150.]
condition batch eval, img shape:(400, 400, 400), sx:5, sy:5, sz:5, num_conditions:2
condition:3, metric:[0.52959549 0.         0.        ]
condition:4, metric:[  0. 150. 150.]
condition batch eval, img shape:(400, 400, 400), sx:5, sy:5, sz:5, num_conditions:2
condition:5, metric:[  0. 150. 150.]
condition:6, metric:[  0. 150. 150.]
condition batch eval, img shape:(400, 400, 400), sx:5, sy:5, sz:5, num_conditions:2
condition:7, metric:[  0. 150. 150.]
condition:8, metric:[  0. 150. 150.]
condition batch eval, img shape:(400, 400, 400), sx:5, sy:5, sz:5, num_conditions:2
condition:9, metric:[  0. 150. 150.]
condition:10, metric:[  0. 150. 150.]
condition batch eval, img shape:(400, 400, 400), sx:5, sy:5, sz:5, num_conditions:2
condition:11, metric:[  0. 150. 150.]
condition:12, metric:[  0. 150. 150.]
condition batch eval, img shape:(400, 400, 400), sx:5, sy:5, sz:5, num_conditions:2
condition:13, metric:[  0. 150. 150.]
condition:14, metric:[  0. 150. 150.]
condition batch eval, img shape:(400, 400, 400), sx:5, sy:5, sz:5, num_conditions:2
condition:15, metric:[  0. 150. 150.]
condition:16, metric:[  0. 150. 150.]
condition batch eval, img shape:(400, 400, 400), sx:5, sy:5, sz:5, num_conditions:2
condition:17, metric:[  0. 150. 150.]
condition:18, metric:[  0. 150. 150.]
condition batch eval, img shape:(400, 400, 400), sx:5, sy:5, sz:5, num_conditions:2
condition:19, metric:[  0. 150. 150.]
condition:20, metric:[  0. 150. 150.]
condition batch eval, img shape:(400, 400, 400), sx:5, sy:5, sz:5, num_conditions:2
condition:21, metric:[  0. 150. 150.]
condition:22, metric:[  0. 150. 150.]
condition batch eval, img shape:(400, 400, 400), sx:5, sy:5, sz:5, num_conditions:2
condition:23, metric:[  0. 150. 150.]
condition:24, metric:[  0. 150. 150.]
condition batch eval, img shape:(400, 400, 400), sx:5, sy:5, sz:5, num_conditions:2
condition:25, metric:[  0. 150. 150.]
condition:26, metric:[  0. 150. 150.]
condition batch eval, img shape:(400, 400, 400), sx:5, sy:5, sz:5, num_conditions:2
condition:27, metric:[  0. 150. 150.]
condition:28, metric:[  0. 150. 150.]
condition batch eval, img shape:(400, 400, 400), sx:5, sy:5, sz:5, num_conditions:2
condition:29, metric:[  0. 150. 150.]
condition:30, metric:[  0. 150. 150.]
condition batch eval, img shape:(400, 400, 400), sx:5, sy:5, sz:5, num_conditions:1
condition:31, metric:[  0. 150. 150.]
===>test image:/projects/weilab/liupeng/projects/frameworks/nnUNet/DATASET/nnUNet_preprocessed/Dataset200_Dataset101_CellMap_model_high_res/nnUNetPlans_3d_lowres_large_patch_test/jrc_macrophage-2_crop31.npy
condition batch eval, img shape:(160, 160, 160), sx:1, sy:1, sz:1, num_conditions:2
condition:1, metric:[0.10008793 0.         0.        ]
condition:2, metric:[  0. 150. 150.]
condition batch eval, img shape:(160, 160, 160), sx:1, sy:1, sz:1, num_conditions:2
condition:3, metric:[0.81022782 0.         0.        ]
condition:4, metric:[  0. 150. 150.]
condition batch eval, img shape:(160, 160, 160), sx:1, sy:1, sz:1, num_conditions:2
condition:5, metric:[  0. 150. 150.]
condition:6, metric:[  0. 150. 150.]
condition batch eval, img shape:(160, 160, 160), sx:1, sy:1, sz:1, num_conditions:2
condition:7, metric:[  0. 150. 150.]
condition:8, metric:[  0. 150. 150.]
condition batch eval, img shape:(160, 160, 160), sx:1, sy:1, sz:1, num_conditions:2
condition:9, metric:[  0. 150. 150.]
condition:10, metric:[  0. 150. 150.]
condition batch eval, img shape:(160, 160, 160), sx:1, sy:1, sz:1, num_conditions:2
condition:11, metric:[  0. 150. 150.]
condition:12, metric:[  0. 150. 150.]
condition batch eval, img shape:(160, 160, 160), sx:1, sy:1, sz:1, num_conditions:2
condition:13, metric:[  0. 150. 150.]
condition:14, metric:[  0. 150. 150.]
condition batch eval, img shape:(160, 160, 160), sx:1, sy:1, sz:1, num_conditions:2
condition:15, metric:[  0. 150. 150.]
condition:16, metric:[  0. 150. 150.]
condition batch eval, img shape:(160, 160, 160), sx:1, sy:1, sz:1, num_conditions:2
condition:17, metric:[  0. 150. 150.]
condition:18, metric:[  0. 150. 150.]
condition batch eval, img shape:(160, 160, 160), sx:1, sy:1, sz:1, num_conditions:2
condition:19, metric:[  0. 150. 150.]
condition:20, metric:[  0. 150. 150.]
condition batch eval, img shape:(160, 160, 160), sx:1, sy:1, sz:1, num_conditions:2
condition:21, metric:[  0. 150. 150.]
condition:22, metric:[  0. 150. 150.]
condition batch eval, img shape:(160, 160, 160), sx:1, sy:1, sz:1, num_conditions:2
condition:23, metric:[  0. 150. 150.]
condition:24, metric:[  0. 150. 150.]
condition batch eval, img shape:(160, 160, 160), sx:1, sy:1, sz:1, num_conditions:2
condition:25, metric:[  0. 150. 150.]
condition:26, metric:[  0. 150. 150.]
condition batch eval, img shape:(160, 160, 160), sx:1, sy:1, sz:1, num_conditions:2
condition:27, metric:[  0. 150. 150.]
condition:28, metric:[  0. 150. 150.]
condition batch eval, img shape:(160, 160, 160), sx:1, sy:1, sz:1, num_conditions:2
condition:29, metric:[  0. 150. 150.]
condition:30, metric:[  0. 150. 150.]
condition batch eval, img shape:(160, 160, 160), sx:1, sy:1, sz:1, num_conditions:1
condition:31, metric:[  0. 150. 150.]
Validation end
avg metric shape: (31, 3)
iteration 10000 : model2_dice_score : 0.028660 model2_hd95 : 140.322581
save model to ../model/CellMap_202_CondBaseline_cond_baseline_cellmap_highres_SGD_SGD/unet_3D_old/model2_iter_10000.pth
iteration 10020 : loss : 0.314755  loss_ce : 0.423678  loss_dice : 0.205832
iteration 10040 : loss : 0.209661  loss_ce : 0.291834  loss_dice : 0.127489
iteration 10060 : loss : 0.132612  loss_ce : 0.195679  loss_dice : 0.069545
iteration 10080 : loss : 0.317262  loss_ce : 0.417558  loss_dice : 0.216967
iteration 10100 : loss : 0.367676  loss_ce : 0.479239  loss_dice : 0.256113
iteration 10120 : loss : 0.106363  loss_ce : 0.161242  loss_dice : 0.051483
iteration 10140 : loss : 0.234656  loss_ce : 0.332006  loss_dice : 0.137306
iteration 10160 : loss : 0.094042  loss_ce : 0.147171  loss_dice : 0.040914
iteration 10180 : loss : 0.252486  loss_ce : 0.358584  loss_dice : 0.146387
iteration 10200 : loss : 0.181032  loss_ce : 0.242957  loss_dice : 0.119106
iteration 10220 : loss : 0.316980  loss_ce : 0.318765  loss_dice : 0.315196
iteration 10240 : loss : 0.169404  loss_ce : 0.200602  loss_dice : 0.138206
iteration 10260 : loss : 0.323888  loss_ce : 0.265001  loss_dice : 0.382774
iteration 10280 : loss : 0.227158  loss_ce : 0.095981  loss_dice : 0.358334
iteration 10300 : loss : 0.308796  loss_ce : 0.395703  loss_dice : 0.221888
iteration 10320 : loss : 0.211043  loss_ce : 0.280686  loss_dice : 0.141401
iteration 10340 : loss : 0.241448  loss_ce : 0.327862  loss_dice : 0.155035
iteration 10360 : loss : 0.478315  loss_ce : 0.687828  loss_dice : 0.268803
iteration 10380 : loss : 0.244690  loss_ce : 0.292745  loss_dice : 0.196635
iteration 10400 : loss : 0.100853  loss_ce : 0.159027  loss_dice : 0.042679
began evaluation!
iteration 10400: validation sampled 4/17 cases
Total test images: 4
Validation begin
===>test image:/projects/weilab/liupeng/projects/frameworks/nnUNet/DATASET/nnUNet_preprocessed/Dataset200_Dataset101_CellMap_model_high_res/nnUNetPlans_3d_lowres_large_patch_test/jrc_macrophage-2_crop31.npy
condition batch eval, img shape:(160, 160, 160), sx:1, sy:1, sz:1, num_conditions:2
condition:1, metric:[0.10008793 0.         0.        ]
condition:2, metric:[  0. 150. 150.]
condition batch eval, img shape:(160, 160, 160), sx:1, sy:1, sz:1, num_conditions:2
condition:3, metric:[0.79091457 0.         0.        ]
condition:4, metric:[  0. 150. 150.]
condition batch eval, img shape:(160, 160, 160), sx:1, sy:1, sz:1, num_conditions:2
condition:5, metric:[  0. 150. 150.]
condition:6, metric:[  0. 150. 150.]
condition batch eval, img shape:(160, 160, 160), sx:1, sy:1, sz:1, num_conditions:2
condition:7, metric:[  0. 150. 150.]
condition:8, metric:[  0. 150. 150.]
condition batch eval, img shape:(160, 160, 160), sx:1, sy:1, sz:1, num_conditions:2
condition:9, metric:[  0. 150. 150.]
condition:10, metric:[  0. 150. 150.]
condition batch eval, img shape:(160, 160, 160), sx:1, sy:1, sz:1, num_conditions:2
condition:11, metric:[  0. 150. 150.]
condition:12, metric:[  0. 150. 150.]
condition batch eval, img shape:(160, 160, 160), sx:1, sy:1, sz:1, num_conditions:2
condition:13, metric:[  0. 150. 150.]
condition:14, metric:[  0. 150. 150.]
condition batch eval, img shape:(160, 160, 160), sx:1, sy:1, sz:1, num_conditions:2
condition:15, metric:[  0. 150. 150.]
condition:16, metric:[  0. 150. 150.]
condition batch eval, img shape:(160, 160, 160), sx:1, sy:1, sz:1, num_conditions:2
condition:17, metric:[  0. 150. 150.]
condition:18, metric:[  0. 150. 150.]
condition batch eval, img shape:(160, 160, 160), sx:1, sy:1, sz:1, num_conditions:2
condition:19, metric:[  0. 150. 150.]
condition:20, metric:[  0. 150. 150.]
condition batch eval, img shape:(160, 160, 160), sx:1, sy:1, sz:1, num_conditions:2
condition:21, metric:[  0. 150. 150.]
condition:22, metric:[  0. 150. 150.]
condition batch eval, img shape:(160, 160, 160), sx:1, sy:1, sz:1, num_conditions:2
condition:23, metric:[  0. 150. 150.]
condition:24, metric:[  0. 150. 150.]
condition batch eval, img shape:(160, 160, 160), sx:1, sy:1, sz:1, num_conditions:2
condition:25, metric:[  0. 150. 150.]
condition:26, metric:[  0. 150. 150.]
condition batch eval, img shape:(160, 160, 160), sx:1, sy:1, sz:1, num_conditions:2
condition:27, metric:[  0. 150. 150.]
condition:28, metric:[  0. 150. 150.]
condition batch eval, img shape:(160, 160, 160), sx:1, sy:1, sz:1, num_conditions:2
condition:29, metric:[  0. 150. 150.]
condition:30, metric:[  0. 150. 150.]
condition batch eval, img shape:(160, 160, 160), sx:1, sy:1, sz:1, num_conditions:1
condition:31, metric:[  0. 150. 150.]
===>test image:/projects/weilab/liupeng/projects/frameworks/nnUNet/DATASET/nnUNet_preprocessed/Dataset200_Dataset101_CellMap_model_high_res/nnUNetPlans_3d_lowres_large_patch_test/jrc_ut21-1413-003_crop190.npy
condition batch eval, img shape:(400, 400, 400), sx:5, sy:5, sz:5, num_conditions:2
condition:1, metric:[0.50061101 0.         0.        ]
condition:2, metric:[  0. 150. 150.]
condition batch eval, img shape:(400, 400, 400), sx:5, sy:5, sz:5, num_conditions:2
condition:3, metric:[0.63595504 0.         0.        ]
condition:4, metric:[  0. 150. 150.]
condition batch eval, img shape:(400, 400, 400), sx:5, sy:5, sz:5, num_conditions:2
condition:5, metric:[  0. 150. 150.]
condition:6, metric:[  0. 150. 150.]
condition batch eval, img shape:(400, 400, 400), sx:5, sy:5, sz:5, num_conditions:2
condition:7, metric:[  0. 150. 150.]
condition:8, metric:[  0. 150. 150.]
condition batch eval, img shape:(400, 400, 400), sx:5, sy:5, sz:5, num_conditions:2
condition:9, metric:[  0. 150. 150.]
condition:10, metric:[  0. 150. 150.]
condition batch eval, img shape:(400, 400, 400), sx:5, sy:5, sz:5, num_conditions:2
condition:11, metric:[  0. 150. 150.]
condition:12, metric:[  0. 150. 150.]
condition batch eval, img shape:(400, 400, 400), sx:5, sy:5, sz:5, num_conditions:2
condition:13, metric:[  0. 150. 150.]
condition:14, metric:[  0. 150. 150.]
condition batch eval, img shape:(400, 400, 400), sx:5, sy:5, sz:5, num_conditions:2
condition:15, metric:[  0. 150. 150.]
condition:16, metric:[  0. 150. 150.]
condition batch eval, img shape:(400, 400, 400), sx:5, sy:5, sz:5, num_conditions:2
condition:17, metric:[  0. 150. 150.]
condition:18, metric:[  0. 150. 150.]
condition batch eval, img shape:(400, 400, 400), sx:5, sy:5, sz:5, num_conditions:2
condition:19, metric:[  0. 150. 150.]
condition:20, metric:[  0. 150. 150.]
condition batch eval, img shape:(400, 400, 400), sx:5, sy:5, sz:5, num_conditions:2
condition:21, metric:[  0. 150. 150.]
condition:22, metric:[  0. 150. 150.]
condition batch eval, img shape:(400, 400, 400), sx:5, sy:5, sz:5, num_conditions:2
condition:23, metric:[  0. 150. 150.]
condition:24, metric:[  0. 150. 150.]
condition batch eval, img shape:(400, 400, 400), sx:5, sy:5, sz:5, num_conditions:2
condition:25, metric:[  0. 150. 150.]
condition:26, metric:[  0. 150. 150.]
condition batch eval, img shape:(400, 400, 400), sx:5, sy:5, sz:5, num_conditions:2
condition:27, metric:[  0. 150. 150.]
condition:28, metric:[  0. 150. 150.]
condition batch eval, img shape:(400, 400, 400), sx:5, sy:5, sz:5, num_conditions:2
condition:29, metric:[  0. 150. 150.]
condition:30, metric:[  0. 150. 150.]
condition batch eval, img shape:(400, 400, 400), sx:5, sy:5, sz:5, num_conditions:1
condition:31, metric:[  0. 150. 150.]
===>test image:/projects/weilab/liupeng/projects/frameworks/nnUNet/DATASET/nnUNet_preprocessed/Dataset200_Dataset101_CellMap_model_high_res/nnUNetPlans_3d_lowres_large_patch_test/jrc_cos7-1b_crop235.npy
condition batch eval, img shape:(200, 200, 200), sx:2, sy:2, sz:2, num_conditions:2
condition:1, metric:[0.01548492 0.         0.        ]
condition:2, metric:[  0. 150. 150.]
condition batch eval, img shape:(200, 200, 200), sx:2, sy:2, sz:2, num_conditions:2
condition:3, metric:[0.84760792 0.         0.        ]
condition:4, metric:[  0. 150. 150.]
condition batch eval, img shape:(200, 200, 200), sx:2, sy:2, sz:2, num_conditions:2
condition:5, metric:[  0. 150. 150.]
condition:6, metric:[  0. 150. 150.]
condition batch eval, img shape:(200, 200, 200), sx:2, sy:2, sz:2, num_conditions:2
condition:7, metric:[  0. 150. 150.]
condition:8, metric:[  0. 150. 150.]
condition batch eval, img shape:(200, 200, 200), sx:2, sy:2, sz:2, num_conditions:2
condition:9, metric:[  0. 150. 150.]
condition:10, metric:[  0. 150. 150.]
condition batch eval, img shape:(200, 200, 200), sx:2, sy:2, sz:2, num_conditions:2
condition:11, metric:[  0. 150. 150.]
condition:12, metric:[  0. 150. 150.]
condition batch eval, img shape:(200, 200, 200), sx:2, sy:2, sz:2, num_conditions:2
condition:13, metric:[  0. 150. 150.]
condition:14, metric:[  0. 150. 150.]
condition batch eval, img shape:(200, 200, 200), sx:2, sy:2, sz:2, num_conditions:2
condition:15, metric:[  0. 150. 150.]
condition:16, metric:[  0. 150. 150.]
condition batch eval, img shape:(200, 200, 200), sx:2, sy:2, sz:2, num_conditions:2
condition:17, metric:[  0. 150. 150.]
condition:18, metric:[  0. 150. 150.]
condition batch eval, img shape:(200, 200, 200), sx:2, sy:2, sz:2, num_conditions:2
condition:19, metric:[  0. 150. 150.]
condition:20, metric:[  0. 150. 150.]
condition batch eval, img shape:(200, 200, 200), sx:2, sy:2, sz:2, num_conditions:2
condition:21, metric:[  0. 150. 150.]
condition:22, metric:[  0. 150. 150.]
condition batch eval, img shape:(200, 200, 200), sx:2, sy:2, sz:2, num_conditions:2
condition:23, metric:[  0. 150. 150.]
condition:24, metric:[  0. 150. 150.]
condition batch eval, img shape:(200, 200, 200), sx:2, sy:2, sz:2, num_conditions:2
condition:25, metric:[  0. 150. 150.]
condition:26, metric:[  0. 150. 150.]
condition batch eval, img shape:(200, 200, 200), sx:2, sy:2, sz:2, num_conditions:2
condition:27, metric:[  0. 150. 150.]
condition:28, metric:[  0. 150. 150.]
condition batch eval, img shape:(200, 200, 200), sx:2, sy:2, sz:2, num_conditions:2
condition:29, metric:[  0. 150. 150.]
condition:30, metric:[  0. 150. 150.]
condition batch eval, img shape:(200, 200, 200), sx:2, sy:2, sz:2, num_conditions:1
condition:31, metric:[  0. 150. 150.]
===>test image:/projects/weilab/liupeng/projects/frameworks/nnUNet/DATASET/nnUNet_preprocessed/Dataset200_Dataset101_CellMap_model_high_res/nnUNetPlans_3d_lowres_large_patch_test/jrc_mus-liver-zon-1_crop268.npy
condition batch eval, img shape:(400, 400, 400), sx:5, sy:5, sz:5, num_conditions:2
condition:1, metric:[  0. 150. 150.]
condition:2, metric:[  0. 150. 150.]
condition batch eval, img shape:(400, 400, 400), sx:5, sy:5, sz:5, num_conditions:2
condition:3, metric:[0.81692494 0.         0.        ]
condition:4, metric:[  0. 150. 150.]
condition batch eval, img shape:(400, 400, 400), sx:5, sy:5, sz:5, num_conditions:2
condition:5, metric:[  0. 150. 150.]
condition:6, metric:[  0. 150. 150.]
condition batch eval, img shape:(400, 400, 400), sx:5, sy:5, sz:5, num_conditions:2
condition:7, metric:[  0. 150. 150.]
condition:8, metric:[  0. 150. 150.]
condition batch eval, img shape:(400, 400, 400), sx:5, sy:5, sz:5, num_conditions:2
condition:9, metric:[  0. 150. 150.]
condition:10, metric:[  0. 150. 150.]
condition batch eval, img shape:(400, 400, 400), sx:5, sy:5, sz:5, num_conditions:2
condition:11, metric:[  0. 150. 150.]
condition:12, metric:[  0. 150. 150.]
condition batch eval, img shape:(400, 400, 400), sx:5, sy:5, sz:5, num_conditions:2
condition:13, metric:[  0. 150. 150.]
condition:14, metric:[  0. 150. 150.]
condition batch eval, img shape:(400, 400, 400), sx:5, sy:5, sz:5, num_conditions:2
condition:15, metric:[  0. 150. 150.]
condition:16, metric:[  0. 150. 150.]
condition batch eval, img shape:(400, 400, 400), sx:5, sy:5, sz:5, num_conditions:2
condition:17, metric:[  0. 150. 150.]
condition:18, metric:[  0. 150. 150.]
condition batch eval, img shape:(400, 400, 400), sx:5, sy:5, sz:5, num_conditions:2
condition:19, metric:[  0. 150. 150.]
condition:20, metric:[  0. 150. 150.]
condition batch eval, img shape:(400, 400, 400), sx:5, sy:5, sz:5, num_conditions:2
condition:21, metric:[  0. 150. 150.]
condition:22, metric:[  0. 150. 150.]
condition batch eval, img shape:(400, 400, 400), sx:5, sy:5, sz:5, num_conditions:2
condition:23, metric:[  0. 150. 150.]
condition:24, metric:[  0. 150. 150.]
condition batch eval, img shape:(400, 400, 400), sx:5, sy:5, sz:5, num_conditions:2
condition:25, metric:[  0. 150. 150.]
condition:26, metric:[  0. 150. 150.]
condition batch eval, img shape:(400, 400, 400), sx:5, sy:5, sz:5, num_conditions:2
condition:27, metric:[  0. 150. 150.]
condition:28, metric:[  0. 150. 150.]
condition batch eval, img shape:(400, 400, 400), sx:5, sy:5, sz:5, num_conditions:2
condition:29, metric:[  0. 150. 150.]
condition:30, metric:[  0. 150. 150.]
condition batch eval, img shape:(400, 400, 400), sx:5, sy:5, sz:5, num_conditions:1
condition:31, metric:[  0. 150. 150.]
Validation end
avg metric shape: (31, 3)
iteration 10400 : model2_dice_score : 0.029900 model2_hd95 : 141.532258
save model to ../model/CellMap_202_CondBaseline_cond_baseline_cellmap_highres_SGD_SGD/unet_3D_old/model2_iter_10400.pth
iteration 10420 : loss : 0.070287  loss_ce : 0.117289  loss_dice : 0.023286
iteration 10440 : loss : 0.264600  loss_ce : 0.359816  loss_dice : 0.169383
iteration 10460 : loss : 0.392579  loss_ce : 0.325742  loss_dice : 0.459415
iteration 10480 : loss : 0.032381  loss_ce : 0.056205  loss_dice : 0.008557
iteration 10500 : loss : 0.292433  loss_ce : 0.225981  loss_dice : 0.358885
iteration 10520 : loss : 0.335772  loss_ce : 0.452132  loss_dice : 0.219412
iteration 10540 : loss : 0.276110  loss_ce : 0.119978  loss_dice : 0.432243
iteration 10560 : loss : 0.419325  loss_ce : 0.401543  loss_dice : 0.437107
iteration 10580 : loss : 0.143202  loss_ce : 0.205212  loss_dice : 0.081192
iteration 10600 : loss : 0.401607  loss_ce : 0.507726  loss_dice : 0.295487
iteration 10620 : loss : 0.325507  loss_ce : 0.323952  loss_dice : 0.327062
iteration 10640 : loss : 0.411615  loss_ce : 0.578055  loss_dice : 0.245174
iteration 10660 : loss : 0.295561  loss_ce : 0.233025  loss_dice : 0.358097
iteration 10680 : loss : 0.498866  loss_ce : 0.718352  loss_dice : 0.279380
iteration 10700 : loss : 0.346459  loss_ce : 0.192774  loss_dice : 0.500145
iteration 10720 : loss : 0.027455  loss_ce : 0.048791  loss_dice : 0.006119
iteration 10740 : loss : 0.268243  loss_ce : 0.388722  loss_dice : 0.147763
iteration 10760 : loss : 0.205406  loss_ce : 0.302554  loss_dice : 0.108258
iteration 10780 : loss : 0.216186  loss_ce : 0.242712  loss_dice : 0.189659
iteration 10800 : loss : 0.287223  loss_ce : 0.072790  loss_dice : 0.501656
began evaluation!
iteration 10800: validation sampled 4/17 cases
Total test images: 4
Validation begin
===>test image:/projects/weilab/liupeng/projects/frameworks/nnUNet/DATASET/nnUNet_preprocessed/Dataset200_Dataset101_CellMap_model_high_res/nnUNetPlans_3d_lowres_large_patch_test/jrc_fly-vnc-1_crop174.npy
condition batch eval, img shape:(200, 200, 200), sx:2, sy:2, sz:2, num_conditions:2
condition:1, metric:[0.19167683 0.         0.        ]
condition:2, metric:[  0. 150. 150.]
condition batch eval, img shape:(200, 200, 200), sx:2, sy:2, sz:2, num_conditions:2
condition:3, metric:[0.58981553 0.         0.        ]
condition:4, metric:[  0. 150. 150.]
condition batch eval, img shape:(200, 200, 200), sx:2, sy:2, sz:2, num_conditions:2
condition:5, metric:[  0. 150. 150.]
condition:6, metric:[  0. 150. 150.]
condition batch eval, img shape:(200, 200, 200), sx:2, sy:2, sz:2, num_conditions:2
condition:7, metric:[  0. 150. 150.]
condition:8, metric:[  0. 150. 150.]
condition batch eval, img shape:(200, 200, 200), sx:2, sy:2, sz:2, num_conditions:2
condition:9, metric:[  0. 150. 150.]
condition:10, metric:[  0. 150. 150.]
condition batch eval, img shape:(200, 200, 200), sx:2, sy:2, sz:2, num_conditions:2
condition:11, metric:[  0. 150. 150.]
condition:12, metric:[  0. 150. 150.]
condition batch eval, img shape:(200, 200, 200), sx:2, sy:2, sz:2, num_conditions:2
condition:13, metric:[  0. 150. 150.]
condition:14, metric:[  0. 150. 150.]
condition batch eval, img shape:(200, 200, 200), sx:2, sy:2, sz:2, num_conditions:2
condition:15, metric:[  0. 150. 150.]
condition:16, metric:[  0. 150. 150.]
condition batch eval, img shape:(200, 200, 200), sx:2, sy:2, sz:2, num_conditions:2
condition:17, metric:[  0. 150. 150.]
condition:18, metric:[  0. 150. 150.]
condition batch eval, img shape:(200, 200, 200), sx:2, sy:2, sz:2, num_conditions:2
condition:19, metric:[  0. 150. 150.]
condition:20, metric:[  0. 150. 150.]
condition batch eval, img shape:(200, 200, 200), sx:2, sy:2, sz:2, num_conditions:2
condition:21, metric:[  0. 150. 150.]
condition:22, metric:[  0. 150. 150.]
condition batch eval, img shape:(200, 200, 200), sx:2, sy:2, sz:2, num_conditions:2
condition:23, metric:[  0. 150. 150.]
condition:24, metric:[  0. 150. 150.]
condition batch eval, img shape:(200, 200, 200), sx:2, sy:2, sz:2, num_conditions:2
condition:25, metric:[  0. 150. 150.]
condition:26, metric:[  0. 150. 150.]
condition batch eval, img shape:(200, 200, 200), sx:2, sy:2, sz:2, num_conditions:2
condition:27, metric:[  0. 150. 150.]
condition:28, metric:[  0. 150. 150.]
condition batch eval, img shape:(200, 200, 200), sx:2, sy:2, sz:2, num_conditions:2
condition:29, metric:[  0. 150. 150.]
condition:30, metric:[  0. 150. 150.]
condition batch eval, img shape:(200, 200, 200), sx:2, sy:2, sz:2, num_conditions:1
condition:31, metric:[  0. 150. 150.]
===>test image:/projects/weilab/liupeng/projects/frameworks/nnUNet/DATASET/nnUNet_preprocessed/Dataset200_Dataset101_CellMap_model_high_res/nnUNetPlans_3d_lowres_large_patch_test/jrc_cos7-1b_crop235.npy
condition batch eval, img shape:(200, 200, 200), sx:2, sy:2, sz:2, num_conditions:2
condition:1, metric:[0.01548492 0.         0.        ]
condition:2, metric:[  0. 150. 150.]
condition batch eval, img shape:(200, 200, 200), sx:2, sy:2, sz:2, num_conditions:2
condition:3, metric:[0.79076321 0.         0.        ]
condition:4, metric:[  0. 150. 150.]
condition batch eval, img shape:(200, 200, 200), sx:2, sy:2, sz:2, num_conditions:2
condition:5, metric:[  0. 150. 150.]
condition:6, metric:[  0. 150. 150.]
condition batch eval, img shape:(200, 200, 200), sx:2, sy:2, sz:2, num_conditions:2
condition:7, metric:[  0. 150. 150.]
condition:8, metric:[  0. 150. 150.]
condition batch eval, img shape:(200, 200, 200), sx:2, sy:2, sz:2, num_conditions:2
condition:9, metric:[  0. 150. 150.]
condition:10, metric:[  0. 150. 150.]
condition batch eval, img shape:(200, 200, 200), sx:2, sy:2, sz:2, num_conditions:2
condition:11, metric:[  0. 150. 150.]
condition:12, metric:[  0. 150. 150.]
condition batch eval, img shape:(200, 200, 200), sx:2, sy:2, sz:2, num_conditions:2
condition:13, metric:[  0. 150. 150.]
condition:14, metric:[  0. 150. 150.]
condition batch eval, img shape:(200, 200, 200), sx:2, sy:2, sz:2, num_conditions:2
condition:15, metric:[  0. 150. 150.]
condition:16, metric:[  0. 150. 150.]
condition batch eval, img shape:(200, 200, 200), sx:2, sy:2, sz:2, num_conditions:2
condition:17, metric:[  0. 150. 150.]
condition:18, metric:[  0. 150. 150.]
condition batch eval, img shape:(200, 200, 200), sx:2, sy:2, sz:2, num_conditions:2
condition:19, metric:[  0. 150. 150.]
condition:20, metric:[  0. 150. 150.]
condition batch eval, img shape:(200, 200, 200), sx:2, sy:2, sz:2, num_conditions:2
condition:21, metric:[  0. 150. 150.]
condition:22, metric:[  0. 150. 150.]
condition batch eval, img shape:(200, 200, 200), sx:2, sy:2, sz:2, num_conditions:2
condition:23, metric:[  0. 150. 150.]
condition:24, metric:[  0. 150. 150.]
condition batch eval, img shape:(200, 200, 200), sx:2, sy:2, sz:2, num_conditions:2
condition:25, metric:[  0. 150. 150.]
condition:26, metric:[  0. 150. 150.]
condition batch eval, img shape:(200, 200, 200), sx:2, sy:2, sz:2, num_conditions:2
condition:27, metric:[  0. 150. 150.]
condition:28, metric:[  0. 150. 150.]
condition batch eval, img shape:(200, 200, 200), sx:2, sy:2, sz:2, num_conditions:2
condition:29, metric:[  0. 150. 150.]
condition:30, metric:[  0. 150. 150.]
condition batch eval, img shape:(200, 200, 200), sx:2, sy:2, sz:2, num_conditions:1
condition:31, metric:[  0. 150. 150.]
===>test image:/projects/weilab/liupeng/projects/frameworks/nnUNet/DATASET/nnUNet_preprocessed/Dataset200_Dataset101_CellMap_model_high_res/nnUNetPlans_3d_lowres_large_patch_test/jrc_sum159-1_crop20.npy
condition batch eval, img shape:(200, 200, 160), sx:2, sy:2, sz:1, num_conditions:2
condition:1, metric:[  0. 150. 150.]
condition:2, metric:[  0. 150. 150.]
condition batch eval, img shape:(200, 200, 160), sx:2, sy:2, sz:1, num_conditions:2
condition:3, metric:[0.62273939 0.         0.        ]
condition:4, metric:[  0. 150. 150.]
condition batch eval, img shape:(200, 200, 160), sx:2, sy:2, sz:1, num_conditions:2
condition:5, metric:[  0. 150. 150.]
condition:6, metric:[  0. 150. 150.]
condition batch eval, img shape:(200, 200, 160), sx:2, sy:2, sz:1, num_conditions:2
condition:7, metric:[  0. 150. 150.]
condition:8, metric:[  0. 150. 150.]
condition batch eval, img shape:(200, 200, 160), sx:2, sy:2, sz:1, num_conditions:2
condition:9, metric:[  0. 150. 150.]
condition:10, metric:[  0. 150. 150.]
condition batch eval, img shape:(200, 200, 160), sx:2, sy:2, sz:1, num_conditions:2
condition:11, metric:[  0. 150. 150.]
condition:12, metric:[  0. 150. 150.]
condition batch eval, img shape:(200, 200, 160), sx:2, sy:2, sz:1, num_conditions:2
condition:13, metric:[  0. 150. 150.]
condition:14, metric:[  0. 150. 150.]
condition batch eval, img shape:(200, 200, 160), sx:2, sy:2, sz:1, num_conditions:2
condition:15, metric:[  0. 150. 150.]
condition:16, metric:[  0. 150. 150.]
condition batch eval, img shape:(200, 200, 160), sx:2, sy:2, sz:1, num_conditions:2
condition:17, metric:[  0. 150. 150.]
condition:18, metric:[  0. 150. 150.]
condition batch eval, img shape:(200, 200, 160), sx:2, sy:2, sz:1, num_conditions:2
condition:19, metric:[  0. 150. 150.]
condition:20, metric:[  0. 150. 150.]
condition batch eval, img shape:(200, 200, 160), sx:2, sy:2, sz:1, num_conditions:2
condition:21, metric:[  0. 150. 150.]
condition:22, metric:[  0. 150. 150.]
condition batch eval, img shape:(200, 200, 160), sx:2, sy:2, sz:1, num_conditions:2
condition:23, metric:[  0. 150. 150.]
condition:24, metric:[  0. 150. 150.]
condition batch eval, img shape:(200, 200, 160), sx:2, sy:2, sz:1, num_conditions:2
condition:25, metric:[  0. 150. 150.]
condition:26, metric:[  0. 150. 150.]
condition batch eval, img shape:(200, 200, 160), sx:2, sy:2, sz:1, num_conditions:2
condition:27, metric:[  0. 150. 150.]
condition:28, metric:[  0. 150. 150.]
condition batch eval, img shape:(200, 200, 160), sx:2, sy:2, sz:1, num_conditions:2
condition:29, metric:[  0. 150. 150.]
condition:30, metric:[  0. 150. 150.]
condition batch eval, img shape:(200, 200, 160), sx:2, sy:2, sz:1, num_conditions:1
condition:31, metric:[  0. 150. 150.]
===>test image:/projects/weilab/liupeng/projects/frameworks/nnUNet/DATASET/nnUNet_preprocessed/Dataset200_Dataset101_CellMap_model_high_res/nnUNetPlans_3d_lowres_large_patch_test/jrc_ctl-id8-1_crop118.npy
condition batch eval, img shape:(200, 200, 200), sx:2, sy:2, sz:2, num_conditions:2
condition:1, metric:[0.37435513 0.         0.        ]
condition:2, metric:[  0. 150. 150.]
condition batch eval, img shape:(200, 200, 200), sx:2, sy:2, sz:2, num_conditions:2
condition:3, metric:[0.80330635 0.         0.        ]
condition:4, metric:[  0. 150. 150.]
condition batch eval, img shape:(200, 200, 200), sx:2, sy:2, sz:2, num_conditions:2
condition:5, metric:[  0. 150. 150.]
condition:6, metric:[  0. 150. 150.]
condition batch eval, img shape:(200, 200, 200), sx:2, sy:2, sz:2, num_conditions:2
condition:7, metric:[  0. 150. 150.]
condition:8, metric:[  0. 150. 150.]
condition batch eval, img shape:(200, 200, 200), sx:2, sy:2, sz:2, num_conditions:2
condition:9, metric:[  0. 150. 150.]
condition:10, metric:[  0. 150. 150.]
condition batch eval, img shape:(200, 200, 200), sx:2, sy:2, sz:2, num_conditions:2
condition:11, metric:[  0. 150. 150.]
condition:12, metric:[  0. 150. 150.]
condition batch eval, img shape:(200, 200, 200), sx:2, sy:2, sz:2, num_conditions:2
condition:13, metric:[  0. 150. 150.]
condition:14, metric:[  0. 150. 150.]
condition batch eval, img shape:(200, 200, 200), sx:2, sy:2, sz:2, num_conditions:2
condition:15, metric:[  0. 150. 150.]
condition:16, metric:[  0. 150. 150.]
condition batch eval, img shape:(200, 200, 200), sx:2, sy:2, sz:2, num_conditions:2
condition:17, metric:[  0. 150. 150.]
condition:18, metric:[  0. 150. 150.]
condition batch eval, img shape:(200, 200, 200), sx:2, sy:2, sz:2, num_conditions:2
condition:19, metric:[  0. 150. 150.]
condition:20, metric:[  0. 150. 150.]
condition batch eval, img shape:(200, 200, 200), sx:2, sy:2, sz:2, num_conditions:2
condition:21, metric:[  0. 150. 150.]
condition:22, metric:[  0. 150. 150.]
condition batch eval, img shape:(200, 200, 200), sx:2, sy:2, sz:2, num_conditions:2
condition:23, metric:[  0. 150. 150.]
condition:24, metric:[  0. 150. 150.]
condition batch eval, img shape:(200, 200, 200), sx:2, sy:2, sz:2, num_conditions:2
condition:25, metric:[  0. 150. 150.]
condition:26, metric:[  0. 150. 150.]
condition batch eval, img shape:(200, 200, 200), sx:2, sy:2, sz:2, num_conditions:2
condition:27, metric:[  0. 150. 150.]
condition:28, metric:[  0. 150. 150.]
condition batch eval, img shape:(200, 200, 200), sx:2, sy:2, sz:2, num_conditions:2
condition:29, metric:[  0. 150. 150.]
condition:30, metric:[  0. 150. 150.]
condition batch eval, img shape:(200, 200, 200), sx:2, sy:2, sz:2, num_conditions:1
condition:31, metric:[  0. 150. 150.]
Validation end
avg metric shape: (31, 3)
iteration 10800 : model2_dice_score : 0.027324 model2_hd95 : 141.532258
save model to ../model/CellMap_202_CondBaseline_cond_baseline_cellmap_highres_SGD_SGD/unet_3D_old/model2_iter_10800.pth
iteration 10820 : loss : 0.308528  loss_ce : 0.325080  loss_dice : 0.291976
iteration 10840 : loss : 0.410592  loss_ce : 0.542431  loss_dice : 0.278754
iteration 10860 : loss : 0.070717  loss_ce : 0.112799  loss_dice : 0.028634
iteration 10880 : loss : 0.315035  loss_ce : 0.315189  loss_dice : 0.314882
iteration 10900 : loss : 0.149819  loss_ce : 0.196045  loss_dice : 0.103593
iteration 10920 : loss : 0.395015  loss_ce : 0.553127  loss_dice : 0.236903
iteration 10940 : loss : 0.290634  loss_ce : 0.413462  loss_dice : 0.167806
iteration 10960 : loss : 0.081308  loss_ce : 0.132213  loss_dice : 0.030402
iteration 10980 : loss : 0.266710  loss_ce : 0.155188  loss_dice : 0.378233
iteration 11000 : loss : 0.219587  loss_ce : 0.306870  loss_dice : 0.132304
iteration 11020 : loss : 0.132987  loss_ce : 0.198695  loss_dice : 0.067279
iteration 11040 : loss : 0.181000  loss_ce : 0.265923  loss_dice : 0.096077
iteration 11060 : loss : 0.302066  loss_ce : 0.412624  loss_dice : 0.191507
iteration 11080 : loss : 0.715752  loss_ce : 0.947054  loss_dice : 0.484450
iteration 11100 : loss : 0.063680  loss_ce : 0.106348  loss_dice : 0.021012
iteration 11120 : loss : 0.114747  loss_ce : 0.172290  loss_dice : 0.057203
iteration 11140 : loss : 0.293503  loss_ce : 0.084701  loss_dice : 0.502304
iteration 11160 : loss : 0.223011  loss_ce : 0.319719  loss_dice : 0.126302
iteration 11180 : loss : 0.092942  loss_ce : 0.147455  loss_dice : 0.038429
iteration 11200 : loss : 0.322073  loss_ce : 0.454897  loss_dice : 0.189249
began evaluation!
iteration 11200: validation sampled 4/17 cases
Total test images: 4
Validation begin
===>test image:/projects/weilab/liupeng/projects/frameworks/nnUNet/DATASET/nnUNet_preprocessed/Dataset200_Dataset101_CellMap_model_high_res/nnUNetPlans_3d_lowres_large_patch_test/jrc_mus-liver-zon-1_crop266.npy
condition batch eval, img shape:(400, 400, 400), sx:5, sy:5, sz:5, num_conditions:2
condition:1, metric:[  0. 150. 150.]
condition:2, metric:[  0. 150. 150.]
condition batch eval, img shape:(400, 400, 400), sx:5, sy:5, sz:5, num_conditions:2
condition:3, metric:[0.44221069 0.         0.        ]
condition:4, metric:[  0. 150. 150.]
condition batch eval, img shape:(400, 400, 400), sx:5, sy:5, sz:5, num_conditions:2
condition:5, metric:[  0. 150. 150.]
condition:6, metric:[  0. 150. 150.]
condition batch eval, img shape:(400, 400, 400), sx:5, sy:5, sz:5, num_conditions:2
condition:7, metric:[  0. 150. 150.]
condition:8, metric:[  0. 150. 150.]
condition batch eval, img shape:(400, 400, 400), sx:5, sy:5, sz:5, num_conditions:2
condition:9, metric:[  0. 150. 150.]
condition:10, metric:[  0. 150. 150.]
condition batch eval, img shape:(400, 400, 400), sx:5, sy:5, sz:5, num_conditions:2
condition:11, metric:[  0. 150. 150.]
condition:12, metric:[  0. 150. 150.]
condition batch eval, img shape:(400, 400, 400), sx:5, sy:5, sz:5, num_conditions:2
condition:13, metric:[  0. 150. 150.]
condition:14, metric:[  0. 150. 150.]
condition batch eval, img shape:(400, 400, 400), sx:5, sy:5, sz:5, num_conditions:2
condition:15, metric:[  0. 150. 150.]
condition:16, metric:[  0. 150. 150.]
condition batch eval, img shape:(400, 400, 400), sx:5, sy:5, sz:5, num_conditions:2
condition:17, metric:[  0. 150. 150.]
condition:18, metric:[  0. 150. 150.]
condition batch eval, img shape:(400, 400, 400), sx:5, sy:5, sz:5, num_conditions:2
condition:19, metric:[  0. 150. 150.]
condition:20, metric:[  0. 150. 150.]
condition batch eval, img shape:(400, 400, 400), sx:5, sy:5, sz:5, num_conditions:2
condition:21, metric:[  0. 150. 150.]
condition:22, metric:[  0. 150. 150.]
condition batch eval, img shape:(400, 400, 400), sx:5, sy:5, sz:5, num_conditions:2
condition:23, metric:[  0. 150. 150.]
condition:24, metric:[  0. 150. 150.]
condition batch eval, img shape:(400, 400, 400), sx:5, sy:5, sz:5, num_conditions:2
condition:25, metric:[  0. 150. 150.]
condition:26, metric:[  0. 150. 150.]
condition batch eval, img shape:(400, 400, 400), sx:5, sy:5, sz:5, num_conditions:2
condition:27, metric:[0.59965567 0.         0.        ]
condition:28, metric:[  0. 150. 150.]
condition batch eval, img shape:(400, 400, 400), sx:5, sy:5, sz:5, num_conditions:2
condition:29, metric:[  0. 150. 150.]
condition:30, metric:[  0. 150. 150.]
condition batch eval, img shape:(400, 400, 400), sx:5, sy:5, sz:5, num_conditions:1
condition:31, metric:[  0. 150. 150.]
===>test image:/projects/weilab/liupeng/projects/frameworks/nnUNet/DATASET/nnUNet_preprocessed/Dataset200_Dataset101_CellMap_model_high_res/nnUNetPlans_3d_lowres_large_patch_test/jrc_ctl-id8-1_crop118.npy
condition batch eval, img shape:(200, 200, 200), sx:2, sy:2, sz:2, num_conditions:2
condition:1, metric:[0.37435513 0.         0.        ]
condition:2, metric:[  0. 150. 150.]
condition batch eval, img shape:(200, 200, 200), sx:2, sy:2, sz:2, num_conditions:2
condition:3, metric:[0.8788553 0.        0.       ]
condition:4, metric:[  0. 150. 150.]
condition batch eval, img shape:(200, 200, 200), sx:2, sy:2, sz:2, num_conditions:2
condition:5, metric:[  0. 150. 150.]
condition:6, metric:[  0. 150. 150.]
condition batch eval, img shape:(200, 200, 200), sx:2, sy:2, sz:2, num_conditions:2
condition:7, metric:[  0. 150. 150.]
condition:8, metric:[  0. 150. 150.]
condition batch eval, img shape:(200, 200, 200), sx:2, sy:2, sz:2, num_conditions:2
condition:9, metric:[  0. 150. 150.]
condition:10, metric:[  0. 150. 150.]
condition batch eval, img shape:(200, 200, 200), sx:2, sy:2, sz:2, num_conditions:2
condition:11, metric:[  0. 150. 150.]
condition:12, metric:[  0. 150. 150.]
condition batch eval, img shape:(200, 200, 200), sx:2, sy:2, sz:2, num_conditions:2
condition:13, metric:[  0. 150. 150.]
condition:14, metric:[  0. 150. 150.]
condition batch eval, img shape:(200, 200, 200), sx:2, sy:2, sz:2, num_conditions:2
condition:15, metric:[  0. 150. 150.]
condition:16, metric:[  0. 150. 150.]
condition batch eval, img shape:(200, 200, 200), sx:2, sy:2, sz:2, num_conditions:2
condition:17, metric:[  0. 150. 150.]
condition:18, metric:[  0. 150. 150.]
condition batch eval, img shape:(200, 200, 200), sx:2, sy:2, sz:2, num_conditions:2
condition:19, metric:[  0. 150. 150.]
condition:20, metric:[  0. 150. 150.]
condition batch eval, img shape:(200, 200, 200), sx:2, sy:2, sz:2, num_conditions:2
condition:21, metric:[  0. 150. 150.]
condition:22, metric:[  0. 150. 150.]
condition batch eval, img shape:(200, 200, 200), sx:2, sy:2, sz:2, num_conditions:2
condition:23, metric:[  0. 150. 150.]
condition:24, metric:[  0. 150. 150.]
condition batch eval, img shape:(200, 200, 200), sx:2, sy:2, sz:2, num_conditions:2
condition:25, metric:[  0. 150. 150.]
condition:26, metric:[  0. 150. 150.]
condition batch eval, img shape:(200, 200, 200), sx:2, sy:2, sz:2, num_conditions:2
condition:27, metric:[  0. 150. 150.]
condition:28, metric:[  0. 150. 150.]
condition batch eval, img shape:(200, 200, 200), sx:2, sy:2, sz:2, num_conditions:2
condition:29, metric:[  0. 150. 150.]
condition:30, metric:[  0. 150. 150.]
condition batch eval, img shape:(200, 200, 200), sx:2, sy:2, sz:2, num_conditions:1
condition:31, metric:[  0. 150. 150.]
===>test image:/projects/weilab/liupeng/projects/frameworks/nnUNet/DATASET/nnUNet_preprocessed/Dataset200_Dataset101_CellMap_model_high_res/nnUNetPlans_3d_lowres_large_patch_test/jrc_fly-mb-1a_crop121.npy
condition batch eval, img shape:(200, 200, 200), sx:2, sy:2, sz:2, num_conditions:2
condition:1, metric:[0.08357138 0.         0.        ]
condition:2, metric:[  0. 150. 150.]
condition batch eval, img shape:(200, 200, 200), sx:2, sy:2, sz:2, num_conditions:2
condition:3, metric:[0.79001994 0.         0.        ]
condition:4, metric:[  0. 150. 150.]
condition batch eval, img shape:(200, 200, 200), sx:2, sy:2, sz:2, num_conditions:2
condition:5, metric:[  0. 150. 150.]
condition:6, metric:[  0. 150. 150.]
condition batch eval, img shape:(200, 200, 200), sx:2, sy:2, sz:2, num_conditions:2
condition:7, metric:[  0. 150. 150.]
condition:8, metric:[  0. 150. 150.]
condition batch eval, img shape:(200, 200, 200), sx:2, sy:2, sz:2, num_conditions:2
condition:9, metric:[  0. 150. 150.]
condition:10, metric:[  0. 150. 150.]
condition batch eval, img shape:(200, 200, 200), sx:2, sy:2, sz:2, num_conditions:2
condition:11, metric:[  0. 150. 150.]
condition:12, metric:[  0. 150. 150.]
condition batch eval, img shape:(200, 200, 200), sx:2, sy:2, sz:2, num_conditions:2
condition:13, metric:[  0. 150. 150.]
condition:14, metric:[  0. 150. 150.]
condition batch eval, img shape:(200, 200, 200), sx:2, sy:2, sz:2, num_conditions:2
condition:15, metric:[  0. 150. 150.]
condition:16, metric:[  0. 150. 150.]
condition batch eval, img shape:(200, 200, 200), sx:2, sy:2, sz:2, num_conditions:2
condition:17, metric:[  0. 150. 150.]
condition:18, metric:[  0. 150. 150.]
condition batch eval, img shape:(200, 200, 200), sx:2, sy:2, sz:2, num_conditions:2
condition:19, metric:[  0. 150. 150.]
condition:20, metric:[  0. 150. 150.]
condition batch eval, img shape:(200, 200, 200), sx:2, sy:2, sz:2, num_conditions:2
condition:21, metric:[  0. 150. 150.]
condition:22, metric:[  0. 150. 150.]
condition batch eval, img shape:(200, 200, 200), sx:2, sy:2, sz:2, num_conditions:2
condition:23, metric:[  0. 150. 150.]
condition:24, metric:[  0. 150. 150.]
condition batch eval, img shape:(200, 200, 200), sx:2, sy:2, sz:2, num_conditions:2
condition:25, metric:[  0. 150. 150.]
condition:26, metric:[  0. 150. 150.]
condition batch eval, img shape:(200, 200, 200), sx:2, sy:2, sz:2, num_conditions:2
condition:27, metric:[  0. 150. 150.]
condition:28, metric:[  0. 150. 150.]
condition batch eval, img shape:(200, 200, 200), sx:2, sy:2, sz:2, num_conditions:2
condition:29, metric:[  0. 150. 150.]
condition:30, metric:[  0. 150. 150.]
condition batch eval, img shape:(200, 200, 200), sx:2, sy:2, sz:2, num_conditions:1
condition:31, metric:[  0. 150. 150.]
===>test image:/projects/weilab/liupeng/projects/frameworks/nnUNet/DATASET/nnUNet_preprocessed/Dataset200_Dataset101_CellMap_model_high_res/nnUNetPlans_3d_lowres_large_patch_test/jrc_jurkat-1_crop126.npy
condition batch eval, img shape:(200, 200, 200), sx:2, sy:2, sz:2, num_conditions:2
condition:1, metric:[0.0057452 0.        0.       ]
condition:2, metric:[  0. 150. 150.]
condition batch eval, img shape:(200, 200, 200), sx:2, sy:2, sz:2, num_conditions:2
condition:3, metric:[0.58454339 0.         0.        ]
condition:4, metric:[  0. 150. 150.]
condition batch eval, img shape:(200, 200, 200), sx:2, sy:2, sz:2, num_conditions:2
condition:5, metric:[  0. 150. 150.]
condition:6, metric:[  0. 150. 150.]
condition batch eval, img shape:(200, 200, 200), sx:2, sy:2, sz:2, num_conditions:2
condition:7, metric:[  0. 150. 150.]
condition:8, metric:[  0. 150. 150.]
condition batch eval, img shape:(200, 200, 200), sx:2, sy:2, sz:2, num_conditions:2
condition:9, metric:[  0. 150. 150.]
condition:10, metric:[  0. 150. 150.]
condition batch eval, img shape:(200, 200, 200), sx:2, sy:2, sz:2, num_conditions:2
condition:11, metric:[  0. 150. 150.]
condition:12, metric:[  0. 150. 150.]
condition batch eval, img shape:(200, 200, 200), sx:2, sy:2, sz:2, num_conditions:2
condition:13, metric:[  0. 150. 150.]
condition:14, metric:[  0. 150. 150.]
condition batch eval, img shape:(200, 200, 200), sx:2, sy:2, sz:2, num_conditions:2
condition:15, metric:[  0. 150. 150.]
condition:16, metric:[  0. 150. 150.]
condition batch eval, img shape:(200, 200, 200), sx:2, sy:2, sz:2, num_conditions:2
condition:17, metric:[  0. 150. 150.]
condition:18, metric:[  0. 150. 150.]
condition batch eval, img shape:(200, 200, 200), sx:2, sy:2, sz:2, num_conditions:2
condition:19, metric:[  0. 150. 150.]
condition:20, metric:[  0. 150. 150.]
condition batch eval, img shape:(200, 200, 200), sx:2, sy:2, sz:2, num_conditions:2
condition:21, metric:[  0. 150. 150.]
condition:22, metric:[  0. 150. 150.]
condition batch eval, img shape:(200, 200, 200), sx:2, sy:2, sz:2, num_conditions:2
condition:23, metric:[  0. 150. 150.]
condition:24, metric:[  0. 150. 150.]
condition batch eval, img shape:(200, 200, 200), sx:2, sy:2, sz:2, num_conditions:2
condition:25, metric:[  0. 150. 150.]
condition:26, metric:[  0. 150. 150.]
condition batch eval, img shape:(200, 200, 200), sx:2, sy:2, sz:2, num_conditions:2
condition:27, metric:[  0. 150. 150.]
condition:28, metric:[  0. 150. 150.]
condition batch eval, img shape:(200, 200, 200), sx:2, sy:2, sz:2, num_conditions:2
condition:29, metric:[  0. 150. 150.]
condition:30, metric:[  0. 150. 150.]
condition batch eval, img shape:(200, 200, 200), sx:2, sy:2, sz:2, num_conditions:1
condition:31, metric:[  0. 150. 150.]
Validation end
avg metric shape: (31, 3)
iteration 11200 : model2_dice_score : 0.030314 model2_hd95 : 140.322581
save model to ../model/CellMap_202_CondBaseline_cond_baseline_cellmap_highres_SGD_SGD/unet_3D_old/model2_iter_11200.pth
iteration 11220 : loss : 0.370664  loss_ce : 0.418452  loss_dice : 0.322876
iteration 11240 : loss : 0.262740  loss_ce : 0.277415  loss_dice : 0.248065
iteration 11260 : loss : 0.268797  loss_ce : 0.131074  loss_dice : 0.406520
iteration 11280 : loss : 0.223807  loss_ce : 0.165606  loss_dice : 0.282009
iteration 11300 : loss : 0.294725  loss_ce : 0.211519  loss_dice : 0.377932
iteration 11320 : loss : 0.276055  loss_ce : 0.247297  loss_dice : 0.304812
iteration 11340 : loss : 0.236523  loss_ce : 0.341387  loss_dice : 0.131659
iteration 11360 : loss : 0.148839  loss_ce : 0.195420  loss_dice : 0.102257
iteration 11380 : loss : 0.289437  loss_ce : 0.351824  loss_dice : 0.227050
iteration 11400 : loss : 0.390973  loss_ce : 0.508652  loss_dice : 0.273294
iteration 11420 : loss : 0.153908  loss_ce : 0.221317  loss_dice : 0.086499
iteration 11440 : loss : 0.265480  loss_ce : 0.338231  loss_dice : 0.192728
iteration 11460 : loss : 0.300812  loss_ce : 0.415934  loss_dice : 0.185690
iteration 11480 : loss : 0.279452  loss_ce : 0.122688  loss_dice : 0.436215
iteration 11500 : loss : 0.234188  loss_ce : 0.154197  loss_dice : 0.314178
iteration 11520 : loss : 0.228253  loss_ce : 0.337309  loss_dice : 0.119196
iteration 11540 : loss : 0.085826  loss_ce : 0.130780  loss_dice : 0.040871
iteration 11560 : loss : 0.348924  loss_ce : 0.347916  loss_dice : 0.349931
iteration 11580 : loss : 0.162195  loss_ce : 0.241934  loss_dice : 0.082457
iteration 11600 : loss : 0.098222  loss_ce : 0.157987  loss_dice : 0.038457
began evaluation!
iteration 11600: validation sampled 4/17 cases
Total test images: 4
Validation begin
===>test image:/projects/weilab/liupeng/projects/frameworks/nnUNet/DATASET/nnUNet_preprocessed/Dataset200_Dataset101_CellMap_model_high_res/nnUNetPlans_3d_lowres_large_patch_test/jrc_macrophage-2_crop31.npy
condition batch eval, img shape:(160, 160, 160), sx:1, sy:1, sz:1, num_conditions:2
condition:1, metric:[0.10008793 0.         0.        ]
condition:2, metric:[  0. 150. 150.]
condition batch eval, img shape:(160, 160, 160), sx:1, sy:1, sz:1, num_conditions:2
condition:3, metric:[0.71955165 0.         0.        ]
condition:4, metric:[  0. 150. 150.]
condition batch eval, img shape:(160, 160, 160), sx:1, sy:1, sz:1, num_conditions:2
condition:5, metric:[  0. 150. 150.]
condition:6, metric:[  0. 150. 150.]
condition batch eval, img shape:(160, 160, 160), sx:1, sy:1, sz:1, num_conditions:2
condition:7, metric:[  0. 150. 150.]
condition:8, metric:[  0. 150. 150.]
condition batch eval, img shape:(160, 160, 160), sx:1, sy:1, sz:1, num_conditions:2
condition:9, metric:[  0. 150. 150.]
condition:10, metric:[  0. 150. 150.]
condition batch eval, img shape:(160, 160, 160), sx:1, sy:1, sz:1, num_conditions:2
condition:11, metric:[  0. 150. 150.]
condition:12, metric:[  0. 150. 150.]
condition batch eval, img shape:(160, 160, 160), sx:1, sy:1, sz:1, num_conditions:2
condition:13, metric:[  0. 150. 150.]
condition:14, metric:[  0. 150. 150.]
condition batch eval, img shape:(160, 160, 160), sx:1, sy:1, sz:1, num_conditions:2
condition:15, metric:[  0. 150. 150.]
condition:16, metric:[  0. 150. 150.]
condition batch eval, img shape:(160, 160, 160), sx:1, sy:1, sz:1, num_conditions:2
condition:17, metric:[  0. 150. 150.]
condition:18, metric:[  0. 150. 150.]
condition batch eval, img shape:(160, 160, 160), sx:1, sy:1, sz:1, num_conditions:2
condition:19, metric:[  0. 150. 150.]
condition:20, metric:[  0. 150. 150.]
condition batch eval, img shape:(160, 160, 160), sx:1, sy:1, sz:1, num_conditions:2
condition:21, metric:[  0. 150. 150.]
condition:22, metric:[  0. 150. 150.]
condition batch eval, img shape:(160, 160, 160), sx:1, sy:1, sz:1, num_conditions:2
condition:23, metric:[  0. 150. 150.]
condition:24, metric:[  0. 150. 150.]
condition batch eval, img shape:(160, 160, 160), sx:1, sy:1, sz:1, num_conditions:2
condition:25, metric:[  0. 150. 150.]
condition:26, metric:[  0. 150. 150.]
condition batch eval, img shape:(160, 160, 160), sx:1, sy:1, sz:1, num_conditions:2
condition:27, metric:[  0. 150. 150.]
condition:28, metric:[  0. 150. 150.]
condition batch eval, img shape:(160, 160, 160), sx:1, sy:1, sz:1, num_conditions:2
condition:29, metric:[  0. 150. 150.]
condition:30, metric:[  0. 150. 150.]
condition batch eval, img shape:(160, 160, 160), sx:1, sy:1, sz:1, num_conditions:1
condition:31, metric:[  0. 150. 150.]
===>test image:/projects/weilab/liupeng/projects/frameworks/nnUNet/DATASET/nnUNet_preprocessed/Dataset200_Dataset101_CellMap_model_high_res/nnUNetPlans_3d_lowres_large_patch_test/jrc_cos7-1b_crop235.npy
condition batch eval, img shape:(200, 200, 200), sx:2, sy:2, sz:2, num_conditions:2
condition:1, metric:[0.01548492 0.         0.        ]
condition:2, metric:[  0. 150. 150.]
condition batch eval, img shape:(200, 200, 200), sx:2, sy:2, sz:2, num_conditions:2
condition:3, metric:[0.82522563 0.         0.        ]
condition:4, metric:[  0. 150. 150.]
condition batch eval, img shape:(200, 200, 200), sx:2, sy:2, sz:2, num_conditions:2
condition:5, metric:[  0. 150. 150.]
condition:6, metric:[  0. 150. 150.]
condition batch eval, img shape:(200, 200, 200), sx:2, sy:2, sz:2, num_conditions:2
condition:7, metric:[  0. 150. 150.]
condition:8, metric:[  0. 150. 150.]
condition batch eval, img shape:(200, 200, 200), sx:2, sy:2, sz:2, num_conditions:2
condition:9, metric:[  0. 150. 150.]
condition:10, metric:[  0. 150. 150.]
condition batch eval, img shape:(200, 200, 200), sx:2, sy:2, sz:2, num_conditions:2
condition:11, metric:[  0. 150. 150.]
condition:12, metric:[  0. 150. 150.]
condition batch eval, img shape:(200, 200, 200), sx:2, sy:2, sz:2, num_conditions:2
condition:13, metric:[  0. 150. 150.]
condition:14, metric:[  0. 150. 150.]
condition batch eval, img shape:(200, 200, 200), sx:2, sy:2, sz:2, num_conditions:2
condition:15, metric:[  0. 150. 150.]
condition:16, metric:[  0. 150. 150.]
condition batch eval, img shape:(200, 200, 200), sx:2, sy:2, sz:2, num_conditions:2
condition:17, metric:[  0. 150. 150.]
condition:18, metric:[  0. 150. 150.]
condition batch eval, img shape:(200, 200, 200), sx:2, sy:2, sz:2, num_conditions:2
condition:19, metric:[  0. 150. 150.]
condition:20, metric:[  0. 150. 150.]
condition batch eval, img shape:(200, 200, 200), sx:2, sy:2, sz:2, num_conditions:2
condition:21, metric:[  0. 150. 150.]
condition:22, metric:[  0. 150. 150.]
condition batch eval, img shape:(200, 200, 200), sx:2, sy:2, sz:2, num_conditions:2
condition:23, metric:[  0. 150. 150.]
condition:24, metric:[  0. 150. 150.]
condition batch eval, img shape:(200, 200, 200), sx:2, sy:2, sz:2, num_conditions:2
condition:25, metric:[  0. 150. 150.]
condition:26, metric:[  0. 150. 150.]
condition batch eval, img shape:(200, 200, 200), sx:2, sy:2, sz:2, num_conditions:2
condition:27, metric:[  0. 150. 150.]
condition:28, metric:[  0. 150. 150.]
condition batch eval, img shape:(200, 200, 200), sx:2, sy:2, sz:2, num_conditions:2
condition:29, metric:[  0. 150. 150.]
condition:30, metric:[  0. 150. 150.]
condition batch eval, img shape:(200, 200, 200), sx:2, sy:2, sz:2, num_conditions:1
condition:31, metric:[  0. 150. 150.]
===>test image:/projects/weilab/liupeng/projects/frameworks/nnUNet/DATASET/nnUNet_preprocessed/Dataset200_Dataset101_CellMap_model_high_res/nnUNetPlans_3d_lowres_large_patch_test/jrc_ut21-1413-003_crop190.npy
condition batch eval, img shape:(400, 400, 400), sx:5, sy:5, sz:5, num_conditions:2
condition:1, metric:[0.50061101 0.         0.        ]
condition:2, metric:[  0. 150. 150.]
condition batch eval, img shape:(400, 400, 400), sx:5, sy:5, sz:5, num_conditions:2
condition:3, metric:[0.49231772 0.         0.        ]
condition:4, metric:[  0. 150. 150.]
condition batch eval, img shape:(400, 400, 400), sx:5, sy:5, sz:5, num_conditions:2
condition:5, metric:[  0. 150. 150.]
condition:6, metric:[  0. 150. 150.]
condition batch eval, img shape:(400, 400, 400), sx:5, sy:5, sz:5, num_conditions:2
condition:7, metric:[  0. 150. 150.]
condition:8, metric:[  0. 150. 150.]
condition batch eval, img shape:(400, 400, 400), sx:5, sy:5, sz:5, num_conditions:2
condition:9, metric:[  0. 150. 150.]
condition:10, metric:[  0. 150. 150.]
condition batch eval, img shape:(400, 400, 400), sx:5, sy:5, sz:5, num_conditions:2
condition:11, metric:[  0. 150. 150.]
condition:12, metric:[  0. 150. 150.]
condition batch eval, img shape:(400, 400, 400), sx:5, sy:5, sz:5, num_conditions:2
condition:13, metric:[  0. 150. 150.]
condition:14, metric:[  0. 150. 150.]
condition batch eval, img shape:(400, 400, 400), sx:5, sy:5, sz:5, num_conditions:2
condition:15, metric:[  0. 150. 150.]
condition:16, metric:[0. 0. 0.]
condition batch eval, img shape:(400, 400, 400), sx:5, sy:5, sz:5, num_conditions:2
condition:17, metric:[  0. 150. 150.]
condition:18, metric:[  0. 150. 150.]
condition batch eval, img shape:(400, 400, 400), sx:5, sy:5, sz:5, num_conditions:2
condition:19, metric:[  0. 150. 150.]
condition:20, metric:[  0. 150. 150.]
condition batch eval, img shape:(400, 400, 400), sx:5, sy:5, sz:5, num_conditions:2
condition:21, metric:[  0. 150. 150.]
condition:22, metric:[  0. 150. 150.]
condition batch eval, img shape:(400, 400, 400), sx:5, sy:5, sz:5, num_conditions:2
condition:23, metric:[  0. 150. 150.]
condition:24, metric:[  0. 150. 150.]
condition batch eval, img shape:(400, 400, 400), sx:5, sy:5, sz:5, num_conditions:2
condition:25, metric:[  0. 150. 150.]
condition:26, metric:[  0. 150. 150.]
condition batch eval, img shape:(400, 400, 400), sx:5, sy:5, sz:5, num_conditions:2
condition:27, metric:[  0. 150. 150.]
condition:28, metric:[  0. 150. 150.]
condition batch eval, img shape:(400, 400, 400), sx:5, sy:5, sz:5, num_conditions:2
condition:29, metric:[  0. 150. 150.]
condition:30, metric:[  0. 150. 150.]
condition batch eval, img shape:(400, 400, 400), sx:5, sy:5, sz:5, num_conditions:1
condition:31, metric:[  0. 150. 150.]
===>test image:/projects/weilab/liupeng/projects/frameworks/nnUNet/DATASET/nnUNet_preprocessed/Dataset200_Dataset101_CellMap_model_high_res/nnUNetPlans_3d_lowres_large_patch_test/jrc_ctl-id8-1_crop118.npy
condition batch eval, img shape:(200, 200, 200), sx:2, sy:2, sz:2, num_conditions:2
condition:1, metric:[0.37435513 0.         0.        ]
condition:2, metric:[  0. 150. 150.]
condition batch eval, img shape:(200, 200, 200), sx:2, sy:2, sz:2, num_conditions:2
condition:3, metric:[0.81309792 0.         0.        ]
condition:4, metric:[  0. 150. 150.]
condition batch eval, img shape:(200, 200, 200), sx:2, sy:2, sz:2, num_conditions:2
condition:5, metric:[  0. 150. 150.]
condition:6, metric:[  0. 150. 150.]
condition batch eval, img shape:(200, 200, 200), sx:2, sy:2, sz:2, num_conditions:2
condition:7, metric:[  0. 150. 150.]
condition:8, metric:[  0. 150. 150.]
condition batch eval, img shape:(200, 200, 200), sx:2, sy:2, sz:2, num_conditions:2
condition:9, metric:[  0. 150. 150.]
condition:10, metric:[  0. 150. 150.]
condition batch eval, img shape:(200, 200, 200), sx:2, sy:2, sz:2, num_conditions:2
condition:11, metric:[  0. 150. 150.]
condition:12, metric:[  0. 150. 150.]
condition batch eval, img shape:(200, 200, 200), sx:2, sy:2, sz:2, num_conditions:2
condition:13, metric:[  0. 150. 150.]
condition:14, metric:[  0. 150. 150.]
condition batch eval, img shape:(200, 200, 200), sx:2, sy:2, sz:2, num_conditions:2
condition:15, metric:[  0. 150. 150.]
condition:16, metric:[  0. 150. 150.]
condition batch eval, img shape:(200, 200, 200), sx:2, sy:2, sz:2, num_conditions:2
condition:17, metric:[  0. 150. 150.]
condition:18, metric:[  0. 150. 150.]
condition batch eval, img shape:(200, 200, 200), sx:2, sy:2, sz:2, num_conditions:2
condition:19, metric:[  0. 150. 150.]
condition:20, metric:[  0. 150. 150.]
condition batch eval, img shape:(200, 200, 200), sx:2, sy:2, sz:2, num_conditions:2
condition:21, metric:[  0. 150. 150.]
condition:22, metric:[  0. 150. 150.]
condition batch eval, img shape:(200, 200, 200), sx:2, sy:2, sz:2, num_conditions:2
condition:23, metric:[  0. 150. 150.]
condition:24, metric:[  0. 150. 150.]
condition batch eval, img shape:(200, 200, 200), sx:2, sy:2, sz:2, num_conditions:2
condition:25, metric:[  0. 150. 150.]
condition:26, metric:[  0. 150. 150.]
condition batch eval, img shape:(200, 200, 200), sx:2, sy:2, sz:2, num_conditions:2
condition:27, metric:[  0. 150. 150.]
condition:28, metric:[  0. 150. 150.]
condition batch eval, img shape:(200, 200, 200), sx:2, sy:2, sz:2, num_conditions:2
condition:29, metric:[  0. 150. 150.]
condition:30, metric:[  0. 150. 150.]
condition batch eval, img shape:(200, 200, 200), sx:2, sy:2, sz:2, num_conditions:1
condition:31, metric:[  0. 150. 150.]
Validation end
avg metric shape: (31, 3)
iteration 11600 : model2_dice_score : 0.030974 model2_hd95 : 139.112903
save model to ../model/CellMap_202_CondBaseline_cond_baseline_cellmap_highres_SGD_SGD/unet_3D_old/model2_iter_11600.pth
iteration 11620 : loss : 0.103391  loss_ce : 0.158005  loss_dice : 0.048776
iteration 11640 : loss : 0.428512  loss_ce : 0.536452  loss_dice : 0.320572
iteration 11660 : loss : 0.078954  loss_ce : 0.126573  loss_dice : 0.031334
iteration 11680 : loss : 0.346817  loss_ce : 0.369649  loss_dice : 0.323985
iteration 11700 : loss : 0.241588  loss_ce : 0.342949  loss_dice : 0.140226
iteration 11720 : loss : 0.141443  loss_ce : 0.201552  loss_dice : 0.081333
iteration 11740 : loss : 0.069960  loss_ce : 0.119205  loss_dice : 0.020715
iteration 11760 : loss : 0.239791  loss_ce : 0.349185  loss_dice : 0.130396
iteration 11780 : loss : 0.204290  loss_ce : 0.193835  loss_dice : 0.214744
iteration 11800 : loss : 0.363093  loss_ce : 0.498869  loss_dice : 0.227317
iteration 11820 : loss : 0.220211  loss_ce : 0.295929  loss_dice : 0.144494
iteration 11840 : loss : 0.137299  loss_ce : 0.203360  loss_dice : 0.071239
iteration 11860 : loss : 0.167945  loss_ce : 0.187867  loss_dice : 0.148023
iteration 11880 : loss : 0.181771  loss_ce : 0.283819  loss_dice : 0.079724
iteration 11900 : loss : 0.212525  loss_ce : 0.213575  loss_dice : 0.211474
iteration 11920 : loss : 0.312901  loss_ce : 0.274611  loss_dice : 0.351190
iteration 11940 : loss : 0.277949  loss_ce : 0.054819  loss_dice : 0.501079
iteration 11960 : loss : 0.264758  loss_ce : 0.312571  loss_dice : 0.216945
iteration 11980 : loss : 0.264594  loss_ce : 0.381148  loss_dice : 0.148040
iteration 12000 : loss : 0.240343  loss_ce : 0.341758  loss_dice : 0.138928
began evaluation!
iteration 12000: validation sampled 4/17 cases
Total test images: 4
Validation begin
===>test image:/projects/weilab/liupeng/projects/frameworks/nnUNet/DATASET/nnUNet_preprocessed/Dataset200_Dataset101_CellMap_model_high_res/nnUNetPlans_3d_lowres_large_patch_test/jrc_mus-liver_crop125.npy
condition batch eval, img shape:(400, 400, 400), sx:5, sy:5, sz:5, num_conditions:2
condition:1, metric:[0.72473548 0.         0.        ]
condition:2, metric:[  0. 150. 150.]
condition batch eval, img shape:(400, 400, 400), sx:5, sy:5, sz:5, num_conditions:2
condition:3, metric:[0.48440218 0.         0.        ]
condition:4, metric:[  0. 150. 150.]
condition batch eval, img shape:(400, 400, 400), sx:5, sy:5, sz:5, num_conditions:2
condition:5, metric:[  0. 150. 150.]
condition:6, metric:[  0. 150. 150.]
condition batch eval, img shape:(400, 400, 400), sx:5, sy:5, sz:5, num_conditions:2
condition:7, metric:[  0. 150. 150.]
condition:8, metric:[  0. 150. 150.]
condition batch eval, img shape:(400, 400, 400), sx:5, sy:5, sz:5, num_conditions:2
condition:9, metric:[  0. 150. 150.]
condition:10, metric:[  0. 150. 150.]
condition batch eval, img shape:(400, 400, 400), sx:5, sy:5, sz:5, num_conditions:2
condition:11, metric:[  0. 150. 150.]
condition:12, metric:[  0. 150. 150.]
condition batch eval, img shape:(400, 400, 400), sx:5, sy:5, sz:5, num_conditions:2
condition:13, metric:[  0. 150. 150.]
condition:14, metric:[  0. 150. 150.]
condition batch eval, img shape:(400, 400, 400), sx:5, sy:5, sz:5, num_conditions:2
condition:15, metric:[  0. 150. 150.]
condition:16, metric:[  0. 150. 150.]
condition batch eval, img shape:(400, 400, 400), sx:5, sy:5, sz:5, num_conditions:2
condition:17, metric:[  0. 150. 150.]
condition:18, metric:[  0. 150. 150.]
condition batch eval, img shape:(400, 400, 400), sx:5, sy:5, sz:5, num_conditions:2
condition:19, metric:[  0. 150. 150.]
condition:20, metric:[  0. 150. 150.]
condition batch eval, img shape:(400, 400, 400), sx:5, sy:5, sz:5, num_conditions:2
condition:21, metric:[  0. 150. 150.]
condition:22, metric:[  0. 150. 150.]
condition batch eval, img shape:(400, 400, 400), sx:5, sy:5, sz:5, num_conditions:2
condition:23, metric:[  0. 150. 150.]
condition:24, metric:[  0. 150. 150.]
condition batch eval, img shape:(400, 400, 400), sx:5, sy:5, sz:5, num_conditions:2
condition:25, metric:[  0. 150. 150.]
condition:26, metric:[  0. 150. 150.]
condition batch eval, img shape:(400, 400, 400), sx:5, sy:5, sz:5, num_conditions:2
condition:27, metric:[  0. 150. 150.]
condition:28, metric:[  0. 150. 150.]
condition batch eval, img shape:(400, 400, 400), sx:5, sy:5, sz:5, num_conditions:2
condition:29, metric:[  0. 150. 150.]
condition:30, metric:[  0. 150. 150.]
condition batch eval, img shape:(400, 400, 400), sx:5, sy:5, sz:5, num_conditions:1
condition:31, metric:[  0. 150. 150.]
===>test image:/projects/weilab/liupeng/projects/frameworks/nnUNet/DATASET/nnUNet_preprocessed/Dataset200_Dataset101_CellMap_model_high_res/nnUNetPlans_3d_lowres_large_patch_test/jrc_mus-liver-zon-1_crop268.npy
condition batch eval, img shape:(400, 400, 400), sx:5, sy:5, sz:5, num_conditions:2
condition:1, metric:[  0. 150. 150.]
condition:2, metric:[  0. 150. 150.]
condition batch eval, img shape:(400, 400, 400), sx:5, sy:5, sz:5, num_conditions:2
condition:3, metric:[0.79570602 0.         0.        ]
condition:4, metric:[  0. 150. 150.]
condition batch eval, img shape:(400, 400, 400), sx:5, sy:5, sz:5, num_conditions:2
condition:5, metric:[  0. 150. 150.]
condition:6, metric:[  0. 150. 150.]
condition batch eval, img shape:(400, 400, 400), sx:5, sy:5, sz:5, num_conditions:2
condition:7, metric:[  0. 150. 150.]
condition:8, metric:[  0. 150. 150.]
condition batch eval, img shape:(400, 400, 400), sx:5, sy:5, sz:5, num_conditions:2
condition:9, metric:[  0. 150. 150.]
condition:10, metric:[  0. 150. 150.]
condition batch eval, img shape:(400, 400, 400), sx:5, sy:5, sz:5, num_conditions:2
condition:11, metric:[  0. 150. 150.]
condition:12, metric:[  0. 150. 150.]
condition batch eval, img shape:(400, 400, 400), sx:5, sy:5, sz:5, num_conditions:2
condition:13, metric:[  0. 150. 150.]
condition:14, metric:[  0. 150. 150.]
condition batch eval, img shape:(400, 400, 400), sx:5, sy:5, sz:5, num_conditions:2
condition:15, metric:[  0. 150. 150.]
condition:16, metric:[  0. 150. 150.]
condition batch eval, img shape:(400, 400, 400), sx:5, sy:5, sz:5, num_conditions:2
condition:17, metric:[  0. 150. 150.]
condition:18, metric:[  0. 150. 150.]
condition batch eval, img shape:(400, 400, 400), sx:5, sy:5, sz:5, num_conditions:2
condition:19, metric:[  0. 150. 150.]
condition:20, metric:[  0. 150. 150.]
condition batch eval, img shape:(400, 400, 400), sx:5, sy:5, sz:5, num_conditions:2
condition:21, metric:[  0. 150. 150.]
condition:22, metric:[  0. 150. 150.]
condition batch eval, img shape:(400, 400, 400), sx:5, sy:5, sz:5, num_conditions:2
condition:23, metric:[  0. 150. 150.]
condition:24, metric:[  0. 150. 150.]
condition batch eval, img shape:(400, 400, 400), sx:5, sy:5, sz:5, num_conditions:2
condition:25, metric:[  0. 150. 150.]
condition:26, metric:[  0. 150. 150.]
condition batch eval, img shape:(400, 400, 400), sx:5, sy:5, sz:5, num_conditions:2
condition:27, metric:[  0. 150. 150.]
condition:28, metric:[  0. 150. 150.]
condition batch eval, img shape:(400, 400, 400), sx:5, sy:5, sz:5, num_conditions:2
condition:29, metric:[  0. 150. 150.]
condition:30, metric:[  0. 150. 150.]
condition batch eval, img shape:(400, 400, 400), sx:5, sy:5, sz:5, num_conditions:1
condition:31, metric:[  0. 150. 150.]
===>test image:/projects/weilab/liupeng/projects/frameworks/nnUNet/DATASET/nnUNet_preprocessed/Dataset200_Dataset101_CellMap_model_high_res/nnUNetPlans_3d_lowres_large_patch_test/jrc_mus-kidney_crop164.npy
condition batch eval, img shape:(200, 200, 200), sx:2, sy:2, sz:2, num_conditions:2
condition:1, metric:[0.03549975 0.         0.        ]
condition:2, metric:[  0. 150. 150.]
condition batch eval, img shape:(200, 200, 200), sx:2, sy:2, sz:2, num_conditions:2
condition:3, metric:[0.59049946 0.         0.        ]
condition:4, metric:[  0. 150. 150.]
condition batch eval, img shape:(200, 200, 200), sx:2, sy:2, sz:2, num_conditions:2
condition:5, metric:[  0. 150. 150.]
condition:6, metric:[  0. 150. 150.]
condition batch eval, img shape:(200, 200, 200), sx:2, sy:2, sz:2, num_conditions:2
condition:7, metric:[  0. 150. 150.]
condition:8, metric:[  0. 150. 150.]
condition batch eval, img shape:(200, 200, 200), sx:2, sy:2, sz:2, num_conditions:2
condition:9, metric:[  0. 150. 150.]
condition:10, metric:[  0. 150. 150.]
condition batch eval, img shape:(200, 200, 200), sx:2, sy:2, sz:2, num_conditions:2
condition:11, metric:[  0. 150. 150.]
condition:12, metric:[  0. 150. 150.]
condition batch eval, img shape:(200, 200, 200), sx:2, sy:2, sz:2, num_conditions:2
condition:13, metric:[  0. 150. 150.]
condition:14, metric:[  0. 150. 150.]
condition batch eval, img shape:(200, 200, 200), sx:2, sy:2, sz:2, num_conditions:2
condition:15, metric:[  0. 150. 150.]
condition:16, metric:[  0. 150. 150.]
condition batch eval, img shape:(200, 200, 200), sx:2, sy:2, sz:2, num_conditions:2
condition:17, metric:[  0. 150. 150.]
condition:18, metric:[  0. 150. 150.]
condition batch eval, img shape:(200, 200, 200), sx:2, sy:2, sz:2, num_conditions:2
condition:19, metric:[  0. 150. 150.]
condition:20, metric:[  0. 150. 150.]
condition batch eval, img shape:(200, 200, 200), sx:2, sy:2, sz:2, num_conditions:2
condition:21, metric:[  0. 150. 150.]
condition:22, metric:[  0. 150. 150.]
condition batch eval, img shape:(200, 200, 200), sx:2, sy:2, sz:2, num_conditions:2
condition:23, metric:[  0. 150. 150.]
condition:24, metric:[  0. 150. 150.]
condition batch eval, img shape:(200, 200, 200), sx:2, sy:2, sz:2, num_conditions:2
condition:25, metric:[  0. 150. 150.]
condition:26, metric:[  0. 150. 150.]
condition batch eval, img shape:(200, 200, 200), sx:2, sy:2, sz:2, num_conditions:2
condition:27, metric:[  0. 150. 150.]
condition:28, metric:[  0. 150. 150.]
condition batch eval, img shape:(200, 200, 200), sx:2, sy:2, sz:2, num_conditions:2
condition:29, metric:[  0. 150. 150.]
condition:30, metric:[  0. 150. 150.]
condition batch eval, img shape:(200, 200, 200), sx:2, sy:2, sz:2, num_conditions:1
condition:31, metric:[  0. 150. 150.]
===>test image:/projects/weilab/liupeng/projects/frameworks/nnUNet/DATASET/nnUNet_preprocessed/Dataset200_Dataset101_CellMap_model_high_res/nnUNetPlans_3d_lowres_large_patch_test/jrc_sum159-4_crop219.npy
condition batch eval, img shape:(400, 400, 400), sx:5, sy:5, sz:5, num_conditions:2
condition:1, metric:[0.12368386 0.         0.        ]
condition:2, metric:[  0. 150. 150.]
condition batch eval, img shape:(400, 400, 400), sx:5, sy:5, sz:5, num_conditions:2
condition:3, metric:[0.70557826 0.         0.        ]
condition:4, metric:[  0. 150. 150.]
condition batch eval, img shape:(400, 400, 400), sx:5, sy:5, sz:5, num_conditions:2
condition:5, metric:[  0. 150. 150.]
condition:6, metric:[  0. 150. 150.]
condition batch eval, img shape:(400, 400, 400), sx:5, sy:5, sz:5, num_conditions:2
condition:7, metric:[  0. 150. 150.]
condition:8, metric:[  0. 150. 150.]
condition batch eval, img shape:(400, 400, 400), sx:5, sy:5, sz:5, num_conditions:2
condition:9, metric:[  0. 150. 150.]
condition:10, metric:[  0. 150. 150.]
condition batch eval, img shape:(400, 400, 400), sx:5, sy:5, sz:5, num_conditions:2
condition:11, metric:[  0. 150. 150.]
condition:12, metric:[  0. 150. 150.]
condition batch eval, img shape:(400, 400, 400), sx:5, sy:5, sz:5, num_conditions:2
condition:13, metric:[  0. 150. 150.]
condition:14, metric:[  0. 150. 150.]
condition batch eval, img shape:(400, 400, 400), sx:5, sy:5, sz:5, num_conditions:2
condition:15, metric:[  0. 150. 150.]
condition:16, metric:[  0. 150. 150.]
condition batch eval, img shape:(400, 400, 400), sx:5, sy:5, sz:5, num_conditions:2
condition:17, metric:[  0. 150. 150.]
condition:18, metric:[  0. 150. 150.]
condition batch eval, img shape:(400, 400, 400), sx:5, sy:5, sz:5, num_conditions:2
condition:19, metric:[  0. 150. 150.]
condition:20, metric:[  0. 150. 150.]
condition batch eval, img shape:(400, 400, 400), sx:5, sy:5, sz:5, num_conditions:2
condition:21, metric:[  0. 150. 150.]
condition:22, metric:[  0. 150. 150.]
condition batch eval, img shape:(400, 400, 400), sx:5, sy:5, sz:5, num_conditions:2
condition:23, metric:[  0. 150. 150.]
condition:24, metric:[  0. 150. 150.]
condition batch eval, img shape:(400, 400, 400), sx:5, sy:5, sz:5, num_conditions:2
condition:25, metric:[  0. 150. 150.]
condition:26, metric:[  0. 150. 150.]
condition batch eval, img shape:(400, 400, 400), sx:5, sy:5, sz:5, num_conditions:2
condition:27, metric:[0.00357724 0.         0.        ]
condition:28, metric:[  0. 150. 150.]
condition batch eval, img shape:(400, 400, 400), sx:5, sy:5, sz:5, num_conditions:2
condition:29, metric:[  0. 150. 150.]
condition:30, metric:[  0. 150. 150.]
condition batch eval, img shape:(400, 400, 400), sx:5, sy:5, sz:5, num_conditions:1
condition:31, metric:[  0. 150. 150.]
Validation end
avg metric shape: (31, 3)
iteration 12000 : model2_dice_score : 0.027933 model2_hd95 : 140.322581
save model to ../model/CellMap_202_CondBaseline_cond_baseline_cellmap_highres_SGD_SGD/unet_3D_old/model2_iter_12000.pth
iteration 12020 : loss : 0.100754  loss_ce : 0.157452  loss_dice : 0.044055
iteration 12040 : loss : 0.276947  loss_ce : 0.292668  loss_dice : 0.261227
iteration 12060 : loss : 0.280372  loss_ce : 0.401586  loss_dice : 0.159158
iteration 12080 : loss : 0.154095  loss_ce : 0.236561  loss_dice : 0.071630
iteration 12100 : loss : 0.223105  loss_ce : 0.331254  loss_dice : 0.114957
iteration 12120 : loss : 0.075678  loss_ce : 0.124531  loss_dice : 0.026825
iteration 12140 : loss : 0.123083  loss_ce : 0.160741  loss_dice : 0.085424
iteration 12160 : loss : 0.123254  loss_ce : 0.190545  loss_dice : 0.055963
iteration 12180 : loss : 0.046077  loss_ce : 0.081365  loss_dice : 0.010789
iteration 12200 : loss : 0.148897  loss_ce : 0.226868  loss_dice : 0.070927
iteration 12220 : loss : 0.352537  loss_ce : 0.274178  loss_dice : 0.430896
iteration 12240 : loss : 0.213617  loss_ce : 0.284151  loss_dice : 0.143083
iteration 12260 : loss : 0.327271  loss_ce : 0.463895  loss_dice : 0.190648
iteration 12280 : loss : 0.254232  loss_ce : 0.345834  loss_dice : 0.162631
iteration 12300 : loss : 0.297945  loss_ce : 0.340891  loss_dice : 0.254999
iteration 12320 : loss : 0.281582  loss_ce : 0.406059  loss_dice : 0.157105
iteration 12340 : loss : 0.247319  loss_ce : 0.121525  loss_dice : 0.373114
iteration 12360 : loss : 0.087271  loss_ce : 0.139406  loss_dice : 0.035136
iteration 12380 : loss : 0.148055  loss_ce : 0.186813  loss_dice : 0.109297
iteration 12400 : loss : 0.229419  loss_ce : 0.296734  loss_dice : 0.162105
began evaluation!
iteration 12400: validation sampled 4/17 cases
Total test images: 4
Validation begin
===>test image:/projects/weilab/liupeng/projects/frameworks/nnUNet/DATASET/nnUNet_preprocessed/Dataset200_Dataset101_CellMap_model_high_res/nnUNetPlans_3d_lowres_large_patch_test/jrc_cos7-1b_crop235.npy
condition batch eval, img shape:(200, 200, 200), sx:2, sy:2, sz:2, num_conditions:2
condition:1, metric:[0.01548492 0.         0.        ]
condition:2, metric:[  0. 150. 150.]
condition batch eval, img shape:(200, 200, 200), sx:2, sy:2, sz:2, num_conditions:2
condition:3, metric:[0.89657731 0.         0.        ]
condition:4, metric:[  0. 150. 150.]
condition batch eval, img shape:(200, 200, 200), sx:2, sy:2, sz:2, num_conditions:2
condition:5, metric:[  0. 150. 150.]
condition:6, metric:[  0. 150. 150.]
condition batch eval, img shape:(200, 200, 200), sx:2, sy:2, sz:2, num_conditions:2
condition:7, metric:[  0. 150. 150.]
condition:8, metric:[  0. 150. 150.]
condition batch eval, img shape:(200, 200, 200), sx:2, sy:2, sz:2, num_conditions:2
condition:9, metric:[  0. 150. 150.]
condition:10, metric:[  0. 150. 150.]
condition batch eval, img shape:(200, 200, 200), sx:2, sy:2, sz:2, num_conditions:2
condition:11, metric:[  0. 150. 150.]
condition:12, metric:[  0. 150. 150.]
condition batch eval, img shape:(200, 200, 200), sx:2, sy:2, sz:2, num_conditions:2
condition:13, metric:[  0. 150. 150.]
condition:14, metric:[  0. 150. 150.]
condition batch eval, img shape:(200, 200, 200), sx:2, sy:2, sz:2, num_conditions:2
condition:15, metric:[  0. 150. 150.]
condition:16, metric:[  0. 150. 150.]
condition batch eval, img shape:(200, 200, 200), sx:2, sy:2, sz:2, num_conditions:2
condition:17, metric:[  0. 150. 150.]
condition:18, metric:[  0. 150. 150.]
condition batch eval, img shape:(200, 200, 200), sx:2, sy:2, sz:2, num_conditions:2
condition:19, metric:[  0. 150. 150.]
condition:20, metric:[  0. 150. 150.]
condition batch eval, img shape:(200, 200, 200), sx:2, sy:2, sz:2, num_conditions:2
condition:21, metric:[  0. 150. 150.]
condition:22, metric:[  0. 150. 150.]
condition batch eval, img shape:(200, 200, 200), sx:2, sy:2, sz:2, num_conditions:2
condition:23, metric:[  0. 150. 150.]
condition:24, metric:[  0. 150. 150.]
condition batch eval, img shape:(200, 200, 200), sx:2, sy:2, sz:2, num_conditions:2
condition:25, metric:[  0. 150. 150.]
condition:26, metric:[  0. 150. 150.]
condition batch eval, img shape:(200, 200, 200), sx:2, sy:2, sz:2, num_conditions:2
condition:27, metric:[  0. 150. 150.]
condition:28, metric:[  0. 150. 150.]
condition batch eval, img shape:(200, 200, 200), sx:2, sy:2, sz:2, num_conditions:2
condition:29, metric:[  0. 150. 150.]
condition:30, metric:[  0. 150. 150.]
condition batch eval, img shape:(200, 200, 200), sx:2, sy:2, sz:2, num_conditions:1
condition:31, metric:[  0. 150. 150.]
===>test image:/projects/weilab/liupeng/projects/frameworks/nnUNet/DATASET/nnUNet_preprocessed/Dataset200_Dataset101_CellMap_model_high_res/nnUNetPlans_3d_lowres_large_patch_test/jrc_mus-liver_crop125.npy
condition batch eval, img shape:(400, 400, 400), sx:5, sy:5, sz:5, num_conditions:2
condition:1, metric:[0.72473548 0.         0.        ]
condition:2, metric:[  0. 150. 150.]
condition batch eval, img shape:(400, 400, 400), sx:5, sy:5, sz:5, num_conditions:2
condition:3, metric:[0.42969439 0.         0.        ]
condition:4, metric:[  0. 150. 150.]
condition batch eval, img shape:(400, 400, 400), sx:5, sy:5, sz:5, num_conditions:2
condition:5, metric:[  0. 150. 150.]
condition:6, metric:[  0. 150. 150.]
condition batch eval, img shape:(400, 400, 400), sx:5, sy:5, sz:5, num_conditions:2
condition:7, metric:[  0. 150. 150.]
condition:8, metric:[  0. 150. 150.]
condition batch eval, img shape:(400, 400, 400), sx:5, sy:5, sz:5, num_conditions:2
condition:9, metric:[  0. 150. 150.]
condition:10, metric:[  0. 150. 150.]
condition batch eval, img shape:(400, 400, 400), sx:5, sy:5, sz:5, num_conditions:2
condition:11, metric:[  0. 150. 150.]
condition:12, metric:[  0. 150. 150.]
condition batch eval, img shape:(400, 400, 400), sx:5, sy:5, sz:5, num_conditions:2
condition:13, metric:[  0. 150. 150.]
condition:14, metric:[  0. 150. 150.]
condition batch eval, img shape:(400, 400, 400), sx:5, sy:5, sz:5, num_conditions:2
condition:15, metric:[  0. 150. 150.]
condition:16, metric:[  0. 150. 150.]
condition batch eval, img shape:(400, 400, 400), sx:5, sy:5, sz:5, num_conditions:2
condition:17, metric:[  0. 150. 150.]
condition:18, metric:[  0. 150. 150.]
condition batch eval, img shape:(400, 400, 400), sx:5, sy:5, sz:5, num_conditions:2
condition:19, metric:[  0. 150. 150.]
condition:20, metric:[  0. 150. 150.]
condition batch eval, img shape:(400, 400, 400), sx:5, sy:5, sz:5, num_conditions:2
condition:21, metric:[  0. 150. 150.]
condition:22, metric:[  0. 150. 150.]
condition batch eval, img shape:(400, 400, 400), sx:5, sy:5, sz:5, num_conditions:2
condition:23, metric:[  0. 150. 150.]
condition:24, metric:[  0. 150. 150.]
condition batch eval, img shape:(400, 400, 400), sx:5, sy:5, sz:5, num_conditions:2
condition:25, metric:[  0. 150. 150.]
condition:26, metric:[  0. 150. 150.]
condition batch eval, img shape:(400, 400, 400), sx:5, sy:5, sz:5, num_conditions:2
condition:27, metric:[  0. 150. 150.]
condition:28, metric:[  0. 150. 150.]
condition batch eval, img shape:(400, 400, 400), sx:5, sy:5, sz:5, num_conditions:2
condition:29, metric:[  0. 150. 150.]
condition:30, metric:[  0. 150. 150.]
condition batch eval, img shape:(400, 400, 400), sx:5, sy:5, sz:5, num_conditions:1
condition:31, metric:[  0. 150. 150.]
===>test image:/projects/weilab/liupeng/projects/frameworks/nnUNet/DATASET/nnUNet_preprocessed/Dataset200_Dataset101_CellMap_model_high_res/nnUNetPlans_3d_lowres_large_patch_test/jrc_fly-vnc-1_crop174.npy
condition batch eval, img shape:(200, 200, 200), sx:2, sy:2, sz:2, num_conditions:2
condition:1, metric:[0.19167683 0.         0.        ]
condition:2, metric:[  0. 150. 150.]
condition batch eval, img shape:(200, 200, 200), sx:2, sy:2, sz:2, num_conditions:2
condition:3, metric:[0.83656709 0.         0.        ]
condition:4, metric:[  0. 150. 150.]
condition batch eval, img shape:(200, 200, 200), sx:2, sy:2, sz:2, num_conditions:2
condition:5, metric:[  0. 150. 150.]
condition:6, metric:[  0. 150. 150.]
condition batch eval, img shape:(200, 200, 200), sx:2, sy:2, sz:2, num_conditions:2
condition:7, metric:[  0. 150. 150.]
condition:8, metric:[  0. 150. 150.]
condition batch eval, img shape:(200, 200, 200), sx:2, sy:2, sz:2, num_conditions:2
condition:9, metric:[  0. 150. 150.]
condition:10, metric:[  0. 150. 150.]
condition batch eval, img shape:(200, 200, 200), sx:2, sy:2, sz:2, num_conditions:2
condition:11, metric:[  0. 150. 150.]
condition:12, metric:[  0. 150. 150.]
condition batch eval, img shape:(200, 200, 200), sx:2, sy:2, sz:2, num_conditions:2
condition:13, metric:[  0. 150. 150.]
condition:14, metric:[  0. 150. 150.]
condition batch eval, img shape:(200, 200, 200), sx:2, sy:2, sz:2, num_conditions:2
condition:15, metric:[  0. 150. 150.]
condition:16, metric:[  0. 150. 150.]
condition batch eval, img shape:(200, 200, 200), sx:2, sy:2, sz:2, num_conditions:2
condition:17, metric:[  0. 150. 150.]
condition:18, metric:[  0. 150. 150.]
condition batch eval, img shape:(200, 200, 200), sx:2, sy:2, sz:2, num_conditions:2
condition:19, metric:[  0. 150. 150.]
condition:20, metric:[  0. 150. 150.]
condition batch eval, img shape:(200, 200, 200), sx:2, sy:2, sz:2, num_conditions:2
condition:21, metric:[  0. 150. 150.]
condition:22, metric:[  0. 150. 150.]
condition batch eval, img shape:(200, 200, 200), sx:2, sy:2, sz:2, num_conditions:2
condition:23, metric:[  0. 150. 150.]
condition:24, metric:[  0. 150. 150.]
condition batch eval, img shape:(200, 200, 200), sx:2, sy:2, sz:2, num_conditions:2
condition:25, metric:[  0. 150. 150.]
condition:26, metric:[  0. 150. 150.]
condition batch eval, img shape:(200, 200, 200), sx:2, sy:2, sz:2, num_conditions:2
condition:27, metric:[  0. 150. 150.]
condition:28, metric:[  0. 150. 150.]
condition batch eval, img shape:(200, 200, 200), sx:2, sy:2, sz:2, num_conditions:2
condition:29, metric:[  0. 150. 150.]
condition:30, metric:[  0. 150. 150.]
condition batch eval, img shape:(200, 200, 200), sx:2, sy:2, sz:2, num_conditions:1
condition:31, metric:[  0. 150. 150.]
===>test image:/projects/weilab/liupeng/projects/frameworks/nnUNet/DATASET/nnUNet_preprocessed/Dataset200_Dataset101_CellMap_model_high_res/nnUNetPlans_3d_lowres_large_patch_test/jrc_mus-liver-zon-1_crop268.npy
condition batch eval, img shape:(400, 400, 400), sx:5, sy:5, sz:5, num_conditions:2
condition:1, metric:[  0. 150. 150.]
condition:2, metric:[  0. 150. 150.]
condition batch eval, img shape:(400, 400, 400), sx:5, sy:5, sz:5, num_conditions:2
condition:3, metric:[0.81028762 0.         0.        ]
condition:4, metric:[  0. 150. 150.]
condition batch eval, img shape:(400, 400, 400), sx:5, sy:5, sz:5, num_conditions:2
condition:5, metric:[  0. 150. 150.]
condition:6, metric:[  0. 150. 150.]
condition batch eval, img shape:(400, 400, 400), sx:5, sy:5, sz:5, num_conditions:2
condition:7, metric:[  0. 150. 150.]
condition:8, metric:[  0. 150. 150.]
condition batch eval, img shape:(400, 400, 400), sx:5, sy:5, sz:5, num_conditions:2
condition:9, metric:[  0. 150. 150.]
condition:10, metric:[  0. 150. 150.]
condition batch eval, img shape:(400, 400, 400), sx:5, sy:5, sz:5, num_conditions:2
condition:11, metric:[  0. 150. 150.]
condition:12, metric:[  0. 150. 150.]
condition batch eval, img shape:(400, 400, 400), sx:5, sy:5, sz:5, num_conditions:2
condition:13, metric:[  0. 150. 150.]
condition:14, metric:[  0. 150. 150.]
condition batch eval, img shape:(400, 400, 400), sx:5, sy:5, sz:5, num_conditions:2
condition:15, metric:[  0. 150. 150.]
condition:16, metric:[  0. 150. 150.]
condition batch eval, img shape:(400, 400, 400), sx:5, sy:5, sz:5, num_conditions:2
condition:17, metric:[  0. 150. 150.]
condition:18, metric:[  0. 150. 150.]
condition batch eval, img shape:(400, 400, 400), sx:5, sy:5, sz:5, num_conditions:2
condition:19, metric:[  0. 150. 150.]
condition:20, metric:[  0. 150. 150.]
condition batch eval, img shape:(400, 400, 400), sx:5, sy:5, sz:5, num_conditions:2
condition:21, metric:[  0. 150. 150.]
condition:22, metric:[  0. 150. 150.]
condition batch eval, img shape:(400, 400, 400), sx:5, sy:5, sz:5, num_conditions:2
condition:23, metric:[  0. 150. 150.]
condition:24, metric:[  0. 150. 150.]
condition batch eval, img shape:(400, 400, 400), sx:5, sy:5, sz:5, num_conditions:2
condition:25, metric:[  0. 150. 150.]
condition:26, metric:[  0. 150. 150.]
condition batch eval, img shape:(400, 400, 400), sx:5, sy:5, sz:5, num_conditions:2
condition:27, metric:[  0. 150. 150.]
condition:28, metric:[  0. 150. 150.]
condition batch eval, img shape:(400, 400, 400), sx:5, sy:5, sz:5, num_conditions:2
condition:29, metric:[  0. 150. 150.]
condition:30, metric:[  0. 150. 150.]
condition batch eval, img shape:(400, 400, 400), sx:5, sy:5, sz:5, num_conditions:1
condition:31, metric:[  0. 150. 150.]
Validation end
avg metric shape: (31, 3)
iteration 12400 : model2_dice_score : 0.031492 model2_hd95 : 141.532258
save model to ../model/CellMap_202_CondBaseline_cond_baseline_cellmap_highres_SGD_SGD/unet_3D_old/model2_iter_12400.pth
iteration 12420 : loss : 0.373326  loss_ce : 0.494849  loss_dice : 0.251803
iteration 12440 : loss : 0.114466  loss_ce : 0.178627  loss_dice : 0.050306
iteration 12460 : loss : 0.153842  loss_ce : 0.228575  loss_dice : 0.079110
iteration 12480 : loss : 0.191458  loss_ce : 0.281904  loss_dice : 0.101013
iteration 12500 : loss : 0.321360  loss_ce : 0.413794  loss_dice : 0.228927
iteration 12520 : loss : 0.264756  loss_ce : 0.127822  loss_dice : 0.401689
iteration 12540 : loss : 0.206646  loss_ce : 0.239059  loss_dice : 0.174234
iteration 12560 : loss : 0.268944  loss_ce : 0.370315  loss_dice : 0.167573
iteration 12580 : loss : 0.052573  loss_ce : 0.084895  loss_dice : 0.020250
iteration 12600 : loss : 0.088307  loss_ce : 0.126450  loss_dice : 0.050164
iteration 12620 : loss : 0.344064  loss_ce : 0.457829  loss_dice : 0.230300
iteration 12640 : loss : 0.311155  loss_ce : 0.455669  loss_dice : 0.166640
iteration 12660 : loss : 0.308481  loss_ce : 0.187627  loss_dice : 0.429336
iteration 12680 : loss : 0.206404  loss_ce : 0.272235  loss_dice : 0.140573
iteration 12700 : loss : 0.205872  loss_ce : 0.302531  loss_dice : 0.109214
iteration 12720 : loss : 0.162903  loss_ce : 0.234127  loss_dice : 0.091679
iteration 12740 : loss : 0.280146  loss_ce : 0.215226  loss_dice : 0.345066
iteration 12760 : loss : 0.453508  loss_ce : 0.584609  loss_dice : 0.322408
iteration 12780 : loss : 0.338258  loss_ce : 0.446025  loss_dice : 0.230491
iteration 12800 : loss : 0.417925  loss_ce : 0.608825  loss_dice : 0.227024
began evaluation!
iteration 12800: validation sampled 4/17 cases
Total test images: 4
Validation begin
===>test image:/projects/weilab/liupeng/projects/frameworks/nnUNet/DATASET/nnUNet_preprocessed/Dataset200_Dataset101_CellMap_model_high_res/nnUNetPlans_3d_lowres_large_patch_test/jrc_fly-vnc-1_crop174.npy
condition batch eval, img shape:(200, 200, 200), sx:2, sy:2, sz:2, num_conditions:2
condition:1, metric:[0.19167683 0.         0.        ]
condition:2, metric:[  0. 150. 150.]
condition batch eval, img shape:(200, 200, 200), sx:2, sy:2, sz:2, num_conditions:2
condition:3, metric:[0.86298009 0.         0.        ]
condition:4, metric:[  0. 150. 150.]
condition batch eval, img shape:(200, 200, 200), sx:2, sy:2, sz:2, num_conditions:2
condition:5, metric:[  0. 150. 150.]
condition:6, metric:[  0. 150. 150.]
condition batch eval, img shape:(200, 200, 200), sx:2, sy:2, sz:2, num_conditions:2
condition:7, metric:[  0. 150. 150.]
condition:8, metric:[  0. 150. 150.]
condition batch eval, img shape:(200, 200, 200), sx:2, sy:2, sz:2, num_conditions:2
condition:9, metric:[  0. 150. 150.]
condition:10, metric:[  0. 150. 150.]
condition batch eval, img shape:(200, 200, 200), sx:2, sy:2, sz:2, num_conditions:2
condition:11, metric:[  0. 150. 150.]
condition:12, metric:[  0. 150. 150.]
condition batch eval, img shape:(200, 200, 200), sx:2, sy:2, sz:2, num_conditions:2
condition:13, metric:[  0. 150. 150.]
condition:14, metric:[  0. 150. 150.]
condition batch eval, img shape:(200, 200, 200), sx:2, sy:2, sz:2, num_conditions:2
condition:15, metric:[  0. 150. 150.]
condition:16, metric:[  0. 150. 150.]
condition batch eval, img shape:(200, 200, 200), sx:2, sy:2, sz:2, num_conditions:2
condition:17, metric:[  0. 150. 150.]
condition:18, metric:[  0. 150. 150.]
condition batch eval, img shape:(200, 200, 200), sx:2, sy:2, sz:2, num_conditions:2
condition:19, metric:[  0. 150. 150.]
condition:20, metric:[  0. 150. 150.]
condition batch eval, img shape:(200, 200, 200), sx:2, sy:2, sz:2, num_conditions:2
condition:21, metric:[  0. 150. 150.]
condition:22, metric:[  0. 150. 150.]
condition batch eval, img shape:(200, 200, 200), sx:2, sy:2, sz:2, num_conditions:2
condition:23, metric:[  0. 150. 150.]
condition:24, metric:[  0. 150. 150.]
condition batch eval, img shape:(200, 200, 200), sx:2, sy:2, sz:2, num_conditions:2
condition:25, metric:[  0. 150. 150.]
condition:26, metric:[  0. 150. 150.]
condition batch eval, img shape:(200, 200, 200), sx:2, sy:2, sz:2, num_conditions:2
condition:27, metric:[  0. 150. 150.]
condition:28, metric:[  0. 150. 150.]
condition batch eval, img shape:(200, 200, 200), sx:2, sy:2, sz:2, num_conditions:2
condition:29, metric:[  0. 150. 150.]
condition:30, metric:[  0. 150. 150.]
condition batch eval, img shape:(200, 200, 200), sx:2, sy:2, sz:2, num_conditions:1
condition:31, metric:[  0. 150. 150.]
===>test image:/projects/weilab/liupeng/projects/frameworks/nnUNet/DATASET/nnUNet_preprocessed/Dataset200_Dataset101_CellMap_model_high_res/nnUNetPlans_3d_lowres_large_patch_test/jrc_cos7-1b_crop235.npy
condition batch eval, img shape:(200, 200, 200), sx:2, sy:2, sz:2, num_conditions:2
condition:1, metric:[0.01548492 0.         0.        ]
condition:2, metric:[  0. 150. 150.]
condition batch eval, img shape:(200, 200, 200), sx:2, sy:2, sz:2, num_conditions:2
condition:3, metric:[0.89445546 0.         0.        ]
condition:4, metric:[  0. 150. 150.]
condition batch eval, img shape:(200, 200, 200), sx:2, sy:2, sz:2, num_conditions:2
condition:5, metric:[  0. 150. 150.]
condition:6, metric:[  0. 150. 150.]
condition batch eval, img shape:(200, 200, 200), sx:2, sy:2, sz:2, num_conditions:2
condition:7, metric:[  0. 150. 150.]
condition:8, metric:[  0. 150. 150.]
condition batch eval, img shape:(200, 200, 200), sx:2, sy:2, sz:2, num_conditions:2
condition:9, metric:[  0. 150. 150.]
condition:10, metric:[  0. 150. 150.]
condition batch eval, img shape:(200, 200, 200), sx:2, sy:2, sz:2, num_conditions:2
condition:11, metric:[  0. 150. 150.]
condition:12, metric:[  0. 150. 150.]
condition batch eval, img shape:(200, 200, 200), sx:2, sy:2, sz:2, num_conditions:2
condition:13, metric:[  0. 150. 150.]
condition:14, metric:[  0. 150. 150.]
condition batch eval, img shape:(200, 200, 200), sx:2, sy:2, sz:2, num_conditions:2
condition:15, metric:[  0. 150. 150.]
condition:16, metric:[  0. 150. 150.]
condition batch eval, img shape:(200, 200, 200), sx:2, sy:2, sz:2, num_conditions:2
condition:17, metric:[  0. 150. 150.]
condition:18, metric:[  0. 150. 150.]
condition batch eval, img shape:(200, 200, 200), sx:2, sy:2, sz:2, num_conditions:2
condition:19, metric:[  0. 150. 150.]
condition:20, metric:[  0. 150. 150.]
condition batch eval, img shape:(200, 200, 200), sx:2, sy:2, sz:2, num_conditions:2
condition:21, metric:[  0. 150. 150.]
condition:22, metric:[  0. 150. 150.]
condition batch eval, img shape:(200, 200, 200), sx:2, sy:2, sz:2, num_conditions:2
condition:23, metric:[  0. 150. 150.]
condition:24, metric:[  0. 150. 150.]
condition batch eval, img shape:(200, 200, 200), sx:2, sy:2, sz:2, num_conditions:2
condition:25, metric:[  0. 150. 150.]
condition:26, metric:[  0. 150. 150.]
condition batch eval, img shape:(200, 200, 200), sx:2, sy:2, sz:2, num_conditions:2
condition:27, metric:[  0. 150. 150.]
condition:28, metric:[  0. 150. 150.]
condition batch eval, img shape:(200, 200, 200), sx:2, sy:2, sz:2, num_conditions:2
condition:29, metric:[  0. 150. 150.]
condition:30, metric:[  0. 150. 150.]
condition batch eval, img shape:(200, 200, 200), sx:2, sy:2, sz:2, num_conditions:1
condition:31, metric:[  0. 150. 150.]
===>test image:/projects/weilab/liupeng/projects/frameworks/nnUNet/DATASET/nnUNet_preprocessed/Dataset200_Dataset101_CellMap_model_high_res/nnUNetPlans_3d_lowres_large_patch_test/jrc_mus-liver-zon-1_crop266.npy
condition batch eval, img shape:(400, 400, 400), sx:5, sy:5, sz:5, num_conditions:2
condition:1, metric:[  0. 150. 150.]
condition:2, metric:[  0. 150. 150.]
condition batch eval, img shape:(400, 400, 400), sx:5, sy:5, sz:5, num_conditions:2
condition:3, metric:[0.42122852 0.         0.        ]
condition:4, metric:[0. 0. 0.]
condition batch eval, img shape:(400, 400, 400), sx:5, sy:5, sz:5, num_conditions:2
condition:5, metric:[  0. 150. 150.]
condition:6, metric:[  0. 150. 150.]
condition batch eval, img shape:(400, 400, 400), sx:5, sy:5, sz:5, num_conditions:2
condition:7, metric:[  0. 150. 150.]
condition:8, metric:[  0. 150. 150.]
condition batch eval, img shape:(400, 400, 400), sx:5, sy:5, sz:5, num_conditions:2
condition:9, metric:[  0. 150. 150.]
condition:10, metric:[  0. 150. 150.]
condition batch eval, img shape:(400, 400, 400), sx:5, sy:5, sz:5, num_conditions:2
condition:11, metric:[  0. 150. 150.]
condition:12, metric:[  0. 150. 150.]
condition batch eval, img shape:(400, 400, 400), sx:5, sy:5, sz:5, num_conditions:2
condition:13, metric:[  0. 150. 150.]
condition:14, metric:[  0. 150. 150.]
condition batch eval, img shape:(400, 400, 400), sx:5, sy:5, sz:5, num_conditions:2
condition:15, metric:[  0. 150. 150.]
condition:16, metric:[  0. 150. 150.]
condition batch eval, img shape:(400, 400, 400), sx:5, sy:5, sz:5, num_conditions:2
condition:17, metric:[  0. 150. 150.]
condition:18, metric:[  0. 150. 150.]
condition batch eval, img shape:(400, 400, 400), sx:5, sy:5, sz:5, num_conditions:2
condition:19, metric:[  0. 150. 150.]
condition:20, metric:[  0. 150. 150.]
condition batch eval, img shape:(400, 400, 400), sx:5, sy:5, sz:5, num_conditions:2
condition:21, metric:[  0. 150. 150.]
condition:22, metric:[  0. 150. 150.]
condition batch eval, img shape:(400, 400, 400), sx:5, sy:5, sz:5, num_conditions:2
condition:23, metric:[  0. 150. 150.]
condition:24, metric:[  0. 150. 150.]
condition batch eval, img shape:(400, 400, 400), sx:5, sy:5, sz:5, num_conditions:2
condition:25, metric:[0.00179962 0.         0.        ]
condition:26, metric:[  0. 150. 150.]
condition batch eval, img shape:(400, 400, 400), sx:5, sy:5, sz:5, num_conditions:2
condition:27, metric:[0.5365539 0.        0.       ]
condition:28, metric:[  0. 150. 150.]
condition batch eval, img shape:(400, 400, 400), sx:5, sy:5, sz:5, num_conditions:2
condition:29, metric:[  0. 150. 150.]
condition:30, metric:[  0. 150. 150.]
condition batch eval, img shape:(400, 400, 400), sx:5, sy:5, sz:5, num_conditions:1
condition:31, metric:[  0. 150. 150.]
===>test image:/projects/weilab/liupeng/projects/frameworks/nnUNet/DATASET/nnUNet_preprocessed/Dataset200_Dataset101_CellMap_model_high_res/nnUNetPlans_3d_lowres_large_patch_test/jrc_jurkat-1_crop126.npy
condition batch eval, img shape:(200, 200, 200), sx:2, sy:2, sz:2, num_conditions:2
condition:1, metric:[0.0057452 0.        0.       ]
condition:2, metric:[  0. 150. 150.]
condition batch eval, img shape:(200, 200, 200), sx:2, sy:2, sz:2, num_conditions:2
condition:3, metric:[0.59485217 0.         0.        ]
condition:4, metric:[  0. 150. 150.]
condition batch eval, img shape:(200, 200, 200), sx:2, sy:2, sz:2, num_conditions:2
condition:5, metric:[  0. 150. 150.]
condition:6, metric:[  0. 150. 150.]
condition batch eval, img shape:(200, 200, 200), sx:2, sy:2, sz:2, num_conditions:2
condition:7, metric:[  0. 150. 150.]
condition:8, metric:[  0. 150. 150.]
condition batch eval, img shape:(200, 200, 200), sx:2, sy:2, sz:2, num_conditions:2
condition:9, metric:[  0. 150. 150.]
condition:10, metric:[  0. 150. 150.]
condition batch eval, img shape:(200, 200, 200), sx:2, sy:2, sz:2, num_conditions:2
condition:11, metric:[  0. 150. 150.]
condition:12, metric:[  0. 150. 150.]
condition batch eval, img shape:(200, 200, 200), sx:2, sy:2, sz:2, num_conditions:2
condition:13, metric:[  0. 150. 150.]
condition:14, metric:[  0. 150. 150.]
condition batch eval, img shape:(200, 200, 200), sx:2, sy:2, sz:2, num_conditions:2
condition:15, metric:[  0. 150. 150.]
condition:16, metric:[  0. 150. 150.]
condition batch eval, img shape:(200, 200, 200), sx:2, sy:2, sz:2, num_conditions:2
condition:17, metric:[  0. 150. 150.]
condition:18, metric:[  0. 150. 150.]
condition batch eval, img shape:(200, 200, 200), sx:2, sy:2, sz:2, num_conditions:2
condition:19, metric:[  0. 150. 150.]
condition:20, metric:[  0. 150. 150.]
condition batch eval, img shape:(200, 200, 200), sx:2, sy:2, sz:2, num_conditions:2
condition:21, metric:[  0. 150. 150.]
condition:22, metric:[  0. 150. 150.]
condition batch eval, img shape:(200, 200, 200), sx:2, sy:2, sz:2, num_conditions:2
condition:23, metric:[  0. 150. 150.]
condition:24, metric:[  0. 150. 150.]
condition batch eval, img shape:(200, 200, 200), sx:2, sy:2, sz:2, num_conditions:2
condition:25, metric:[  0. 150. 150.]
condition:26, metric:[  0. 150. 150.]
condition batch eval, img shape:(200, 200, 200), sx:2, sy:2, sz:2, num_conditions:2
condition:27, metric:[  0. 150. 150.]
condition:28, metric:[  0. 150. 150.]
condition batch eval, img shape:(200, 200, 200), sx:2, sy:2, sz:2, num_conditions:2
condition:29, metric:[  0. 150. 150.]
condition:30, metric:[  0. 150. 150.]
condition batch eval, img shape:(200, 200, 200), sx:2, sy:2, sz:2, num_conditions:1
condition:31, metric:[  0. 150. 150.]
Validation end
avg metric shape: (31, 3)
iteration 12800 : model2_dice_score : 0.028426 model2_hd95 : 137.903226
save model to ../model/CellMap_202_CondBaseline_cond_baseline_cellmap_highres_SGD_SGD/unet_3D_old/model2_iter_12800.pth
iteration 12820 : loss : 0.277863  loss_ce : 0.054598  loss_dice : 0.501128
iteration 12840 : loss : 0.263366  loss_ce : 0.049885  loss_dice : 0.476847
iteration 12860 : loss : 0.298497  loss_ce : 0.300321  loss_dice : 0.296673
iteration 12880 : loss : 0.282627  loss_ce : 0.397278  loss_dice : 0.167975
iteration 12900 : loss : 0.087217  loss_ce : 0.139666  loss_dice : 0.034767
iteration 12920 : loss : 0.305367  loss_ce : 0.351578  loss_dice : 0.259155
iteration 12940 : loss : 0.339108  loss_ce : 0.382816  loss_dice : 0.295400
iteration 12960 : loss : 0.373001  loss_ce : 0.528460  loss_dice : 0.217542
iteration 12980 : loss : 0.282071  loss_ce : 0.323826  loss_dice : 0.240317
iteration 13000 : loss : 0.402520  loss_ce : 0.554525  loss_dice : 0.250515
iteration 13020 : loss : 0.372777  loss_ce : 0.417278  loss_dice : 0.328277
iteration 13040 : loss : 0.372294  loss_ce : 0.356583  loss_dice : 0.388005
iteration 13060 : loss : 0.276546  loss_ce : 0.052044  loss_dice : 0.501049
iteration 13080 : loss : 0.279822  loss_ce : 0.399328  loss_dice : 0.160315
iteration 13100 : loss : 0.170106  loss_ce : 0.242616  loss_dice : 0.097595
iteration 13120 : loss : 0.292922  loss_ce : 0.341605  loss_dice : 0.244239
iteration 13140 : loss : 0.566108  loss_ce : 0.795144  loss_dice : 0.337072
iteration 13160 : loss : 0.253582  loss_ce : 0.060141  loss_dice : 0.447023
iteration 13180 : loss : 0.260879  loss_ce : 0.046244  loss_dice : 0.475515
iteration 13200 : loss : 0.466575  loss_ce : 0.492400  loss_dice : 0.440750
began evaluation!
iteration 13200: validation sampled 4/17 cases
Total test images: 4
Validation begin
===>test image:/projects/weilab/liupeng/projects/frameworks/nnUNet/DATASET/nnUNet_preprocessed/Dataset200_Dataset101_CellMap_model_high_res/nnUNetPlans_3d_lowres_large_patch_test/jrc_mus-liver-zon-1_crop268.npy
condition batch eval, img shape:(400, 400, 400), sx:5, sy:5, sz:5, num_conditions:2
condition:1, metric:[  0. 150. 150.]
condition:2, metric:[  0. 150. 150.]
condition batch eval, img shape:(400, 400, 400), sx:5, sy:5, sz:5, num_conditions:2
condition:3, metric:[0.82782119 0.         0.        ]
condition:4, metric:[0. 0. 0.]
condition batch eval, img shape:(400, 400, 400), sx:5, sy:5, sz:5, num_conditions:2
condition:5, metric:[0. 0. 0.]
condition:6, metric:[  0. 150. 150.]
condition batch eval, img shape:(400, 400, 400), sx:5, sy:5, sz:5, num_conditions:2
condition:7, metric:[  0. 150. 150.]
condition:8, metric:[  0. 150. 150.]
condition batch eval, img shape:(400, 400, 400), sx:5, sy:5, sz:5, num_conditions:2
condition:9, metric:[  0. 150. 150.]
condition:10, metric:[  0. 150. 150.]
condition batch eval, img shape:(400, 400, 400), sx:5, sy:5, sz:5, num_conditions:2
condition:11, metric:[  0. 150. 150.]
condition:12, metric:[  0. 150. 150.]
condition batch eval, img shape:(400, 400, 400), sx:5, sy:5, sz:5, num_conditions:2
condition:13, metric:[  0. 150. 150.]
condition:14, metric:[  0. 150. 150.]
condition batch eval, img shape:(400, 400, 400), sx:5, sy:5, sz:5, num_conditions:2
condition:15, metric:[  0. 150. 150.]
condition:16, metric:[  0. 150. 150.]
condition batch eval, img shape:(400, 400, 400), sx:5, sy:5, sz:5, num_conditions:2
condition:17, metric:[  0. 150. 150.]
condition:18, metric:[  0. 150. 150.]
condition batch eval, img shape:(400, 400, 400), sx:5, sy:5, sz:5, num_conditions:2
condition:19, metric:[  0. 150. 150.]
condition:20, metric:[  0. 150. 150.]
condition batch eval, img shape:(400, 400, 400), sx:5, sy:5, sz:5, num_conditions:2
condition:21, metric:[  0. 150. 150.]
condition:22, metric:[  0. 150. 150.]
condition batch eval, img shape:(400, 400, 400), sx:5, sy:5, sz:5, num_conditions:2
condition:23, metric:[  0. 150. 150.]
condition:24, metric:[  0. 150. 150.]
condition batch eval, img shape:(400, 400, 400), sx:5, sy:5, sz:5, num_conditions:2
condition:25, metric:[  0. 150. 150.]
condition:26, metric:[  0. 150. 150.]
condition batch eval, img shape:(400, 400, 400), sx:5, sy:5, sz:5, num_conditions:2
condition:27, metric:[  0. 150. 150.]
condition:28, metric:[  0. 150. 150.]
condition batch eval, img shape:(400, 400, 400), sx:5, sy:5, sz:5, num_conditions:2
condition:29, metric:[  0. 150. 150.]
condition:30, metric:[  0. 150. 150.]
condition batch eval, img shape:(400, 400, 400), sx:5, sy:5, sz:5, num_conditions:1
condition:31, metric:[  0. 150. 150.]
===>test image:/projects/weilab/liupeng/projects/frameworks/nnUNet/DATASET/nnUNet_preprocessed/Dataset200_Dataset101_CellMap_model_high_res/nnUNetPlans_3d_lowres_large_patch_test/jrc_mus-liver-zon-2_crop342.npy
condition batch eval, img shape:(400, 400, 400), sx:5, sy:5, sz:5, num_conditions:2
condition:1, metric:[0.42685546 0.         0.        ]
condition:2, metric:[  0. 150. 150.]
condition batch eval, img shape:(400, 400, 400), sx:5, sy:5, sz:5, num_conditions:2
condition:3, metric:[0.30485262 0.         0.        ]
condition:4, metric:[  0. 150. 150.]
condition batch eval, img shape:(400, 400, 400), sx:5, sy:5, sz:5, num_conditions:2
condition:5, metric:[  0. 150. 150.]
condition:6, metric:[  0. 150. 150.]
condition batch eval, img shape:(400, 400, 400), sx:5, sy:5, sz:5, num_conditions:2
condition:7, metric:[  0. 150. 150.]
condition:8, metric:[  0. 150. 150.]
condition batch eval, img shape:(400, 400, 400), sx:5, sy:5, sz:5, num_conditions:2
condition:9, metric:[  0. 150. 150.]
condition:10, metric:[  0. 150. 150.]
condition batch eval, img shape:(400, 400, 400), sx:5, sy:5, sz:5, num_conditions:2
condition:11, metric:[  0. 150. 150.]
condition:12, metric:[  0. 150. 150.]
condition batch eval, img shape:(400, 400, 400), sx:5, sy:5, sz:5, num_conditions:2
condition:13, metric:[  0. 150. 150.]
condition:14, metric:[  0. 150. 150.]
condition batch eval, img shape:(400, 400, 400), sx:5, sy:5, sz:5, num_conditions:2
condition:15, metric:[  0. 150. 150.]
condition:16, metric:[  0. 150. 150.]
condition batch eval, img shape:(400, 400, 400), sx:5, sy:5, sz:5, num_conditions:2
condition:17, metric:[  0. 150. 150.]
condition:18, metric:[  0. 150. 150.]
condition batch eval, img shape:(400, 400, 400), sx:5, sy:5, sz:5, num_conditions:2
condition:19, metric:[  0. 150. 150.]
condition:20, metric:[  0. 150. 150.]
condition batch eval, img shape:(400, 400, 400), sx:5, sy:5, sz:5, num_conditions:2
condition:21, metric:[  0. 150. 150.]
condition:22, metric:[  0. 150. 150.]
condition batch eval, img shape:(400, 400, 400), sx:5, sy:5, sz:5, num_conditions:2
condition:23, metric:[  0. 150. 150.]
condition:24, metric:[  0. 150. 150.]
condition batch eval, img shape:(400, 400, 400), sx:5, sy:5, sz:5, num_conditions:2
condition:25, metric:[3.208789e-07 0.000000e+00 0.000000e+00]
condition:26, metric:[  0. 150. 150.]
condition batch eval, img shape:(400, 400, 400), sx:5, sy:5, sz:5, num_conditions:2
condition:27, metric:[0.00048623 0.         0.        ]
condition:28, metric:[  0. 150. 150.]
condition batch eval, img shape:(400, 400, 400), sx:5, sy:5, sz:5, num_conditions:2
condition:29, metric:[  0. 150. 150.]
condition:30, metric:[  0. 150. 150.]
condition batch eval, img shape:(400, 400, 400), sx:5, sy:5, sz:5, num_conditions:1
condition:31, metric:[  0. 150. 150.]
===>test image:/projects/weilab/liupeng/projects/frameworks/nnUNet/DATASET/nnUNet_preprocessed/Dataset200_Dataset101_CellMap_model_high_res/nnUNetPlans_3d_lowres_large_patch_test/jrc_cos7-1b_crop235.npy
condition batch eval, img shape:(200, 200, 200), sx:2, sy:2, sz:2, num_conditions:2
condition:1, metric:[0.01548492 0.         0.        ]
condition:2, metric:[  0. 150. 150.]
condition batch eval, img shape:(200, 200, 200), sx:2, sy:2, sz:2, num_conditions:2
condition:3, metric:[0.88275187 0.         0.        ]
condition:4, metric:[  0. 150. 150.]
condition batch eval, img shape:(200, 200, 200), sx:2, sy:2, sz:2, num_conditions:2
condition:5, metric:[  0. 150. 150.]
condition:6, metric:[  0. 150. 150.]
condition batch eval, img shape:(200, 200, 200), sx:2, sy:2, sz:2, num_conditions:2
condition:7, metric:[  0. 150. 150.]
condition:8, metric:[  0. 150. 150.]
condition batch eval, img shape:(200, 200, 200), sx:2, sy:2, sz:2, num_conditions:2
condition:9, metric:[  0. 150. 150.]
condition:10, metric:[  0. 150. 150.]
condition batch eval, img shape:(200, 200, 200), sx:2, sy:2, sz:2, num_conditions:2
condition:11, metric:[  0. 150. 150.]
condition:12, metric:[  0. 150. 150.]
condition batch eval, img shape:(200, 200, 200), sx:2, sy:2, sz:2, num_conditions:2
condition:13, metric:[  0. 150. 150.]
condition:14, metric:[  0. 150. 150.]
condition batch eval, img shape:(200, 200, 200), sx:2, sy:2, sz:2, num_conditions:2
condition:15, metric:[  0. 150. 150.]
condition:16, metric:[  0. 150. 150.]
condition batch eval, img shape:(200, 200, 200), sx:2, sy:2, sz:2, num_conditions:2
condition:17, metric:[  0. 150. 150.]
condition:18, metric:[  0. 150. 150.]
condition batch eval, img shape:(200, 200, 200), sx:2, sy:2, sz:2, num_conditions:2
condition:19, metric:[  0. 150. 150.]
condition:20, metric:[  0. 150. 150.]
condition batch eval, img shape:(200, 200, 200), sx:2, sy:2, sz:2, num_conditions:2
condition:21, metric:[  0. 150. 150.]
condition:22, metric:[  0. 150. 150.]
condition batch eval, img shape:(200, 200, 200), sx:2, sy:2, sz:2, num_conditions:2
condition:23, metric:[  0. 150. 150.]
condition:24, metric:[  0. 150. 150.]
condition batch eval, img shape:(200, 200, 200), sx:2, sy:2, sz:2, num_conditions:2
condition:25, metric:[  0. 150. 150.]
condition:26, metric:[  0. 150. 150.]
condition batch eval, img shape:(200, 200, 200), sx:2, sy:2, sz:2, num_conditions:2
condition:27, metric:[  0. 150. 150.]
condition:28, metric:[  0. 150. 150.]
condition batch eval, img shape:(200, 200, 200), sx:2, sy:2, sz:2, num_conditions:2
condition:29, metric:[  0. 150. 150.]
condition:30, metric:[  0. 150. 150.]
condition batch eval, img shape:(200, 200, 200), sx:2, sy:2, sz:2, num_conditions:1
condition:31, metric:[  0. 150. 150.]
===>test image:/projects/weilab/liupeng/projects/frameworks/nnUNet/DATASET/nnUNet_preprocessed/Dataset200_Dataset101_CellMap_model_high_res/nnUNetPlans_3d_lowres_large_patch_test/jrc_fly-mb-1a_crop121.npy
condition batch eval, img shape:(200, 200, 200), sx:2, sy:2, sz:2, num_conditions:2
condition:1, metric:[0.08357138 0.         0.        ]
condition:2, metric:[  0. 150. 150.]
condition batch eval, img shape:(200, 200, 200), sx:2, sy:2, sz:2, num_conditions:2
condition:3, metric:[0.32950159 0.         0.        ]
condition:4, metric:[  0. 150. 150.]
condition batch eval, img shape:(200, 200, 200), sx:2, sy:2, sz:2, num_conditions:2
condition:5, metric:[  0. 150. 150.]
condition:6, metric:[  0. 150. 150.]
condition batch eval, img shape:(200, 200, 200), sx:2, sy:2, sz:2, num_conditions:2
condition:7, metric:[  0. 150. 150.]
condition:8, metric:[  0. 150. 150.]
condition batch eval, img shape:(200, 200, 200), sx:2, sy:2, sz:2, num_conditions:2
condition:9, metric:[  0. 150. 150.]
condition:10, metric:[  0. 150. 150.]
condition batch eval, img shape:(200, 200, 200), sx:2, sy:2, sz:2, num_conditions:2
condition:11, metric:[  0. 150. 150.]
condition:12, metric:[  0. 150. 150.]
condition batch eval, img shape:(200, 200, 200), sx:2, sy:2, sz:2, num_conditions:2
condition:13, metric:[  0. 150. 150.]
condition:14, metric:[  0. 150. 150.]
condition batch eval, img shape:(200, 200, 200), sx:2, sy:2, sz:2, num_conditions:2
condition:15, metric:[  0. 150. 150.]
condition:16, metric:[  0. 150. 150.]
condition batch eval, img shape:(200, 200, 200), sx:2, sy:2, sz:2, num_conditions:2
condition:17, metric:[  0. 150. 150.]
condition:18, metric:[  0. 150. 150.]
condition batch eval, img shape:(200, 200, 200), sx:2, sy:2, sz:2, num_conditions:2
condition:19, metric:[  0. 150. 150.]
condition:20, metric:[  0. 150. 150.]
condition batch eval, img shape:(200, 200, 200), sx:2, sy:2, sz:2, num_conditions:2
condition:21, metric:[  0. 150. 150.]
condition:22, metric:[  0. 150. 150.]
condition batch eval, img shape:(200, 200, 200), sx:2, sy:2, sz:2, num_conditions:2
condition:23, metric:[  0. 150. 150.]
condition:24, metric:[  0. 150. 150.]
condition batch eval, img shape:(200, 200, 200), sx:2, sy:2, sz:2, num_conditions:2
condition:25, metric:[  0. 150. 150.]
condition:26, metric:[  0. 150. 150.]
condition batch eval, img shape:(200, 200, 200), sx:2, sy:2, sz:2, num_conditions:2
condition:27, metric:[  0. 150. 150.]
condition:28, metric:[  0. 150. 150.]
condition batch eval, img shape:(200, 200, 200), sx:2, sy:2, sz:2, num_conditions:2
condition:29, metric:[  0. 150. 150.]
condition:30, metric:[  0. 150. 150.]
condition batch eval, img shape:(200, 200, 200), sx:2, sy:2, sz:2, num_conditions:1
condition:31, metric:[  0. 150. 150.]
Validation end
avg metric shape: (31, 3)
iteration 13200 : model2_dice_score : 0.023156 model2_hd95 : 136.693548
save model to ../model/CellMap_202_CondBaseline_cond_baseline_cellmap_highres_SGD_SGD/unet_3D_old/model2_iter_13200.pth
iteration 13220 : loss : 0.363811  loss_ce : 0.505752  loss_dice : 0.221871
iteration 13240 : loss : 0.139099  loss_ce : 0.199737  loss_dice : 0.078462
iteration 13260 : loss : 0.423840  loss_ce : 0.462294  loss_dice : 0.385386
iteration 13280 : loss : 0.336002  loss_ce : 0.232255  loss_dice : 0.439749
iteration 13300 : loss : 0.237977  loss_ce : 0.361540  loss_dice : 0.114414
iteration 13320 : loss : 0.117983  loss_ce : 0.166726  loss_dice : 0.069240
iteration 13340 : loss : 0.062057  loss_ce : 0.104967  loss_dice : 0.019147
iteration 13360 : loss : 0.308018  loss_ce : 0.190579  loss_dice : 0.425457
iteration 13380 : loss : 0.313417  loss_ce : 0.403846  loss_dice : 0.222987
iteration 13400 : loss : 0.037206  loss_ce : 0.063607  loss_dice : 0.010805
iteration 13420 : loss : 0.311802  loss_ce : 0.403386  loss_dice : 0.220218
iteration 13440 : loss : 0.269605  loss_ce : 0.357027  loss_dice : 0.182183
iteration 13460 : loss : 0.109486  loss_ce : 0.173203  loss_dice : 0.045770
iteration 13480 : loss : 0.164152  loss_ce : 0.214285  loss_dice : 0.114018
iteration 13500 : loss : 0.346814  loss_ce : 0.433163  loss_dice : 0.260465
iteration 13520 : loss : 0.231398  loss_ce : 0.163796  loss_dice : 0.298999
iteration 13540 : loss : 0.409624  loss_ce : 0.583491  loss_dice : 0.235757
iteration 13560 : loss : 0.546324  loss_ce : 0.679152  loss_dice : 0.413497
iteration 13580 : loss : 0.368761  loss_ce : 0.485665  loss_dice : 0.251857
iteration 13600 : loss : 0.228742  loss_ce : 0.322432  loss_dice : 0.135053
began evaluation!
iteration 13600: validation sampled 4/17 cases
Total test images: 4
Validation begin
===>test image:/projects/weilab/liupeng/projects/frameworks/nnUNet/DATASET/nnUNet_preprocessed/Dataset200_Dataset101_CellMap_model_high_res/nnUNetPlans_3d_lowres_large_patch_test/jrc_mus-liver-zon-1_crop268.npy
condition batch eval, img shape:(400, 400, 400), sx:5, sy:5, sz:5, num_conditions:2
condition:1, metric:[  0. 150. 150.]
condition:2, metric:[  0. 150. 150.]
condition batch eval, img shape:(400, 400, 400), sx:5, sy:5, sz:5, num_conditions:2
condition:3, metric:[0.82897994 0.         0.        ]
condition:4, metric:[0. 0. 0.]
condition batch eval, img shape:(400, 400, 400), sx:5, sy:5, sz:5, num_conditions:2
condition:5, metric:[0. 0. 0.]
condition:6, metric:[  0. 150. 150.]
condition batch eval, img shape:(400, 400, 400), sx:5, sy:5, sz:5, num_conditions:2
condition:7, metric:[  0. 150. 150.]
condition:8, metric:[  0. 150. 150.]
condition batch eval, img shape:(400, 400, 400), sx:5, sy:5, sz:5, num_conditions:2
condition:9, metric:[  0. 150. 150.]
condition:10, metric:[  0. 150. 150.]
condition batch eval, img shape:(400, 400, 400), sx:5, sy:5, sz:5, num_conditions:2
condition:11, metric:[  0. 150. 150.]
condition:12, metric:[  0. 150. 150.]
condition batch eval, img shape:(400, 400, 400), sx:5, sy:5, sz:5, num_conditions:2
condition:13, metric:[  0. 150. 150.]
condition:14, metric:[  0. 150. 150.]
condition batch eval, img shape:(400, 400, 400), sx:5, sy:5, sz:5, num_conditions:2
condition:15, metric:[  0. 150. 150.]
condition:16, metric:[  0. 150. 150.]
condition batch eval, img shape:(400, 400, 400), sx:5, sy:5, sz:5, num_conditions:2
condition:17, metric:[  0. 150. 150.]
condition:18, metric:[  0. 150. 150.]
condition batch eval, img shape:(400, 400, 400), sx:5, sy:5, sz:5, num_conditions:2
condition:19, metric:[  0. 150. 150.]
condition:20, metric:[  0. 150. 150.]
condition batch eval, img shape:(400, 400, 400), sx:5, sy:5, sz:5, num_conditions:2
condition:21, metric:[  0. 150. 150.]
condition:22, metric:[  0. 150. 150.]
condition batch eval, img shape:(400, 400, 400), sx:5, sy:5, sz:5, num_conditions:2
condition:23, metric:[  0. 150. 150.]
condition:24, metric:[  0. 150. 150.]
condition batch eval, img shape:(400, 400, 400), sx:5, sy:5, sz:5, num_conditions:2
condition:25, metric:[  0. 150. 150.]
condition:26, metric:[  0. 150. 150.]
condition batch eval, img shape:(400, 400, 400), sx:5, sy:5, sz:5, num_conditions:2
condition:27, metric:[  0. 150. 150.]
condition:28, metric:[  0. 150. 150.]
condition batch eval, img shape:(400, 400, 400), sx:5, sy:5, sz:5, num_conditions:2
condition:29, metric:[  0. 150. 150.]
condition:30, metric:[  0. 150. 150.]
condition batch eval, img shape:(400, 400, 400), sx:5, sy:5, sz:5, num_conditions:1
condition:31, metric:[  0. 150. 150.]
===>test image:/projects/weilab/liupeng/projects/frameworks/nnUNet/DATASET/nnUNet_preprocessed/Dataset200_Dataset101_CellMap_model_high_res/nnUNetPlans_3d_lowres_large_patch_test/jrc_macrophage-2_crop31.npy
condition batch eval, img shape:(160, 160, 160), sx:1, sy:1, sz:1, num_conditions:2
condition:1, metric:[0.10008793 0.         0.        ]
condition:2, metric:[  0. 150. 150.]
condition batch eval, img shape:(160, 160, 160), sx:1, sy:1, sz:1, num_conditions:2
condition:3, metric:[0.78402517 0.         0.        ]
condition:4, metric:[  0. 150. 150.]
condition batch eval, img shape:(160, 160, 160), sx:1, sy:1, sz:1, num_conditions:2
condition:5, metric:[  0. 150. 150.]
condition:6, metric:[  0. 150. 150.]
condition batch eval, img shape:(160, 160, 160), sx:1, sy:1, sz:1, num_conditions:2
condition:7, metric:[  0. 150. 150.]
condition:8, metric:[  0. 150. 150.]
condition batch eval, img shape:(160, 160, 160), sx:1, sy:1, sz:1, num_conditions:2
condition:9, metric:[  0. 150. 150.]
condition:10, metric:[  0. 150. 150.]
condition batch eval, img shape:(160, 160, 160), sx:1, sy:1, sz:1, num_conditions:2
condition:11, metric:[  0. 150. 150.]
condition:12, metric:[  0. 150. 150.]
condition batch eval, img shape:(160, 160, 160), sx:1, sy:1, sz:1, num_conditions:2
condition:13, metric:[  0. 150. 150.]
condition:14, metric:[  0. 150. 150.]
condition batch eval, img shape:(160, 160, 160), sx:1, sy:1, sz:1, num_conditions:2
condition:15, metric:[  0. 150. 150.]
condition:16, metric:[  0. 150. 150.]
condition batch eval, img shape:(160, 160, 160), sx:1, sy:1, sz:1, num_conditions:2
condition:17, metric:[  0. 150. 150.]
condition:18, metric:[  0. 150. 150.]
condition batch eval, img shape:(160, 160, 160), sx:1, sy:1, sz:1, num_conditions:2
condition:19, metric:[  0. 150. 150.]
condition:20, metric:[  0. 150. 150.]
condition batch eval, img shape:(160, 160, 160), sx:1, sy:1, sz:1, num_conditions:2
condition:21, metric:[  0. 150. 150.]
condition:22, metric:[  0. 150. 150.]
condition batch eval, img shape:(160, 160, 160), sx:1, sy:1, sz:1, num_conditions:2
condition:23, metric:[  0. 150. 150.]
condition:24, metric:[  0. 150. 150.]
condition batch eval, img shape:(160, 160, 160), sx:1, sy:1, sz:1, num_conditions:2
condition:25, metric:[  0. 150. 150.]
condition:26, metric:[  0. 150. 150.]
condition batch eval, img shape:(160, 160, 160), sx:1, sy:1, sz:1, num_conditions:2
condition:27, metric:[  0. 150. 150.]
condition:28, metric:[  0. 150. 150.]
condition batch eval, img shape:(160, 160, 160), sx:1, sy:1, sz:1, num_conditions:2
condition:29, metric:[  0. 150. 150.]
condition:30, metric:[  0. 150. 150.]
condition batch eval, img shape:(160, 160, 160), sx:1, sy:1, sz:1, num_conditions:1
condition:31, metric:[  0. 150. 150.]
===>test image:/projects/weilab/liupeng/projects/frameworks/nnUNet/DATASET/nnUNet_preprocessed/Dataset200_Dataset101_CellMap_model_high_res/nnUNetPlans_3d_lowres_large_patch_test/jrc_ut21-1413-003_crop190.npy
condition batch eval, img shape:(400, 400, 400), sx:5, sy:5, sz:5, num_conditions:2
condition:1, metric:[0.50060352 0.         0.        ]
condition:2, metric:[  0. 150. 150.]
condition batch eval, img shape:(400, 400, 400), sx:5, sy:5, sz:5, num_conditions:2
condition:3, metric:[0.67587919 0.         0.        ]
condition:4, metric:[  0. 150. 150.]
condition batch eval, img shape:(400, 400, 400), sx:5, sy:5, sz:5, num_conditions:2
condition:5, metric:[  0. 150. 150.]
condition:6, metric:[  0. 150. 150.]
condition batch eval, img shape:(400, 400, 400), sx:5, sy:5, sz:5, num_conditions:2
condition:7, metric:[  0. 150. 150.]
condition:8, metric:[  0. 150. 150.]
condition batch eval, img shape:(400, 400, 400), sx:5, sy:5, sz:5, num_conditions:2
condition:9, metric:[  0. 150. 150.]
condition:10, metric:[  0. 150. 150.]
condition batch eval, img shape:(400, 400, 400), sx:5, sy:5, sz:5, num_conditions:2
condition:11, metric:[  0. 150. 150.]
condition:12, metric:[  0. 150. 150.]
condition batch eval, img shape:(400, 400, 400), sx:5, sy:5, sz:5, num_conditions:2
condition:13, metric:[  0. 150. 150.]
condition:14, metric:[  0. 150. 150.]
condition batch eval, img shape:(400, 400, 400), sx:5, sy:5, sz:5, num_conditions:2
condition:15, metric:[  0. 150. 150.]
condition:16, metric:[0. 0. 0.]
condition batch eval, img shape:(400, 400, 400), sx:5, sy:5, sz:5, num_conditions:2
condition:17, metric:[  0. 150. 150.]
condition:18, metric:[  0. 150. 150.]
condition batch eval, img shape:(400, 400, 400), sx:5, sy:5, sz:5, num_conditions:2
condition:19, metric:[  0. 150. 150.]
condition:20, metric:[  0. 150. 150.]
condition batch eval, img shape:(400, 400, 400), sx:5, sy:5, sz:5, num_conditions:2
condition:21, metric:[  0. 150. 150.]
condition:22, metric:[  0. 150. 150.]
condition batch eval, img shape:(400, 400, 400), sx:5, sy:5, sz:5, num_conditions:2
condition:23, metric:[  0. 150. 150.]
condition:24, metric:[  0. 150. 150.]
condition batch eval, img shape:(400, 400, 400), sx:5, sy:5, sz:5, num_conditions:2
condition:25, metric:[  0. 150. 150.]
condition:26, metric:[  0. 150. 150.]
condition batch eval, img shape:(400, 400, 400), sx:5, sy:5, sz:5, num_conditions:2
condition:27, metric:[  0. 150. 150.]
condition:28, metric:[  0. 150. 150.]
condition batch eval, img shape:(400, 400, 400), sx:5, sy:5, sz:5, num_conditions:2
condition:29, metric:[  0. 150. 150.]
condition:30, metric:[  0. 150. 150.]
condition batch eval, img shape:(400, 400, 400), sx:5, sy:5, sz:5, num_conditions:1
condition:31, metric:[  0. 150. 150.]
===>test image:/projects/weilab/liupeng/projects/frameworks/nnUNet/DATASET/nnUNet_preprocessed/Dataset200_Dataset101_CellMap_model_high_res/nnUNetPlans_3d_lowres_large_patch_test/jrc_fly-mb-1a_crop121.npy
condition batch eval, img shape:(200, 200, 200), sx:2, sy:2, sz:2, num_conditions:2
condition:1, metric:[0.08357329 0.         0.        ]
condition:2, metric:[  0. 150. 150.]
condition batch eval, img shape:(200, 200, 200), sx:2, sy:2, sz:2, num_conditions:2
condition:3, metric:[0.65189088 0.         0.        ]
condition:4, metric:[  0. 150. 150.]
condition batch eval, img shape:(200, 200, 200), sx:2, sy:2, sz:2, num_conditions:2
condition:5, metric:[0. 0. 0.]
condition:6, metric:[  0. 150. 150.]
condition batch eval, img shape:(200, 200, 200), sx:2, sy:2, sz:2, num_conditions:2
condition:7, metric:[  0. 150. 150.]
condition:8, metric:[  0. 150. 150.]
condition batch eval, img shape:(200, 200, 200), sx:2, sy:2, sz:2, num_conditions:2
condition:9, metric:[  0. 150. 150.]
condition:10, metric:[  0. 150. 150.]
condition batch eval, img shape:(200, 200, 200), sx:2, sy:2, sz:2, num_conditions:2
condition:11, metric:[  0. 150. 150.]
condition:12, metric:[  0. 150. 150.]
condition batch eval, img shape:(200, 200, 200), sx:2, sy:2, sz:2, num_conditions:2
condition:13, metric:[  0. 150. 150.]
condition:14, metric:[  0. 150. 150.]
condition batch eval, img shape:(200, 200, 200), sx:2, sy:2, sz:2, num_conditions:2
condition:15, metric:[  0. 150. 150.]
condition:16, metric:[  0. 150. 150.]
condition batch eval, img shape:(200, 200, 200), sx:2, sy:2, sz:2, num_conditions:2
condition:17, metric:[  0. 150. 150.]
condition:18, metric:[  0. 150. 150.]
condition batch eval, img shape:(200, 200, 200), sx:2, sy:2, sz:2, num_conditions:2
condition:19, metric:[  0. 150. 150.]
condition:20, metric:[  0. 150. 150.]
condition batch eval, img shape:(200, 200, 200), sx:2, sy:2, sz:2, num_conditions:2
condition:21, metric:[  0. 150. 150.]
condition:22, metric:[  0. 150. 150.]
condition batch eval, img shape:(200, 200, 200), sx:2, sy:2, sz:2, num_conditions:2
condition:23, metric:[  0. 150. 150.]
condition:24, metric:[  0. 150. 150.]
condition batch eval, img shape:(200, 200, 200), sx:2, sy:2, sz:2, num_conditions:2
condition:25, metric:[  0. 150. 150.]
condition:26, metric:[  0. 150. 150.]
condition batch eval, img shape:(200, 200, 200), sx:2, sy:2, sz:2, num_conditions:2
condition:27, metric:[  0. 150. 150.]
condition:28, metric:[  0. 150. 150.]
condition batch eval, img shape:(200, 200, 200), sx:2, sy:2, sz:2, num_conditions:2
condition:29, metric:[  0. 150. 150.]
condition:30, metric:[  0. 150. 150.]
condition batch eval, img shape:(200, 200, 200), sx:2, sy:2, sz:2, num_conditions:1
condition:31, metric:[  0. 150. 150.]
Validation end
avg metric shape: (31, 3)
iteration 13600 : model2_dice_score : 0.029234 model2_hd95 : 136.693548
save model to ../model/CellMap_202_CondBaseline_cond_baseline_cellmap_highres_SGD_SGD/unet_3D_old/model2_iter_13600.pth
iteration 13620 : loss : 0.495852  loss_ce : 0.645278  loss_dice : 0.346426
iteration 13640 : loss : 0.151523  loss_ce : 0.226946  loss_dice : 0.076100
iteration 13660 : loss : 0.178488  loss_ce : 0.236936  loss_dice : 0.120039
iteration 13680 : loss : 0.288177  loss_ce : 0.152669  loss_dice : 0.423684
iteration 13700 : loss : 0.421791  loss_ce : 0.500116  loss_dice : 0.343467
iteration 13720 : loss : 0.383779  loss_ce : 0.514726  loss_dice : 0.252832
iteration 13740 : loss : 0.311271  loss_ce : 0.410691  loss_dice : 0.211850
iteration 13760 : loss : 0.231754  loss_ce : 0.195593  loss_dice : 0.267915
iteration 13780 : loss : 0.118592  loss_ce : 0.180104  loss_dice : 0.057080
iteration 13800 : loss : 0.227674  loss_ce : 0.246471  loss_dice : 0.208878
iteration 13820 : loss : 0.329741  loss_ce : 0.460289  loss_dice : 0.199194
iteration 13840 : loss : 0.153960  loss_ce : 0.223599  loss_dice : 0.084322
iteration 13860 : loss : 0.487392  loss_ce : 0.636879  loss_dice : 0.337906
iteration 13880 : loss : 0.528767  loss_ce : 0.692712  loss_dice : 0.364822
iteration 13900 : loss : 0.402544  loss_ce : 0.426898  loss_dice : 0.378191
iteration 13920 : loss : 0.356941  loss_ce : 0.443747  loss_dice : 0.270134
iteration 13940 : loss : 0.103746  loss_ce : 0.161043  loss_dice : 0.046448
iteration 13960 : loss : 0.343314  loss_ce : 0.460852  loss_dice : 0.225775
iteration 13980 : loss : 0.395327  loss_ce : 0.454403  loss_dice : 0.336251
iteration 14000 : loss : 0.089778  loss_ce : 0.138274  loss_dice : 0.041281
began evaluation!
iteration 14000: validation sampled 4/17 cases
Total test images: 4
Validation begin
===>test image:/projects/weilab/liupeng/projects/frameworks/nnUNet/DATASET/nnUNet_preprocessed/Dataset200_Dataset101_CellMap_model_high_res/nnUNetPlans_3d_lowres_large_patch_test/jrc_hela-3_crop50.npy
condition batch eval, img shape:(256, 256, 256), sx:3, sy:3, sz:3, num_conditions:2
condition:1, metric:[0.29986647 0.         0.        ]
condition:2, metric:[  0. 150. 150.]
condition batch eval, img shape:(256, 256, 256), sx:3, sy:3, sz:3, num_conditions:2
condition:3, metric:[0.8989966 0.        0.       ]
condition:4, metric:[  0. 150. 150.]
condition batch eval, img shape:(256, 256, 256), sx:3, sy:3, sz:3, num_conditions:2
condition:5, metric:[  0. 150. 150.]
condition:6, metric:[  0. 150. 150.]
condition batch eval, img shape:(256, 256, 256), sx:3, sy:3, sz:3, num_conditions:2
condition:7, metric:[  0. 150. 150.]
condition:8, metric:[  0. 150. 150.]
condition batch eval, img shape:(256, 256, 256), sx:3, sy:3, sz:3, num_conditions:2
condition:9, metric:[  0. 150. 150.]
condition:10, metric:[  0. 150. 150.]
condition batch eval, img shape:(256, 256, 256), sx:3, sy:3, sz:3, num_conditions:2
condition:11, metric:[  0. 150. 150.]
condition:12, metric:[  0. 150. 150.]
condition batch eval, img shape:(256, 256, 256), sx:3, sy:3, sz:3, num_conditions:2
condition:13, metric:[  0. 150. 150.]
condition:14, metric:[  0. 150. 150.]
condition batch eval, img shape:(256, 256, 256), sx:3, sy:3, sz:3, num_conditions:2
condition:15, metric:[  0. 150. 150.]
condition:16, metric:[  0. 150. 150.]
condition batch eval, img shape:(256, 256, 256), sx:3, sy:3, sz:3, num_conditions:2
condition:17, metric:[  0. 150. 150.]
condition:18, metric:[  0. 150. 150.]
condition batch eval, img shape:(256, 256, 256), sx:3, sy:3, sz:3, num_conditions:2
condition:19, metric:[  0. 150. 150.]
condition:20, metric:[  0. 150. 150.]
condition batch eval, img shape:(256, 256, 256), sx:3, sy:3, sz:3, num_conditions:2
condition:21, metric:[  0. 150. 150.]
condition:22, metric:[  0. 150. 150.]
condition batch eval, img shape:(256, 256, 256), sx:3, sy:3, sz:3, num_conditions:2
condition:23, metric:[  0. 150. 150.]
condition:24, metric:[  0. 150. 150.]
condition batch eval, img shape:(256, 256, 256), sx:3, sy:3, sz:3, num_conditions:2
condition:25, metric:[  0. 150. 150.]
condition:26, metric:[  0. 150. 150.]
condition batch eval, img shape:(256, 256, 256), sx:3, sy:3, sz:3, num_conditions:2
condition:27, metric:[  0. 150. 150.]
condition:28, metric:[  0. 150. 150.]
condition batch eval, img shape:(256, 256, 256), sx:3, sy:3, sz:3, num_conditions:2
condition:29, metric:[  0. 150. 150.]
condition:30, metric:[  0. 150. 150.]
condition batch eval, img shape:(256, 256, 256), sx:3, sy:3, sz:3, num_conditions:1
condition:31, metric:[  0. 150. 150.]
===>test image:/projects/weilab/liupeng/projects/frameworks/nnUNet/DATASET/nnUNet_preprocessed/Dataset200_Dataset101_CellMap_model_high_res/nnUNetPlans_3d_lowres_large_patch_test/jrc_fly-vnc-1_crop174.npy
condition batch eval, img shape:(200, 200, 200), sx:2, sy:2, sz:2, num_conditions:2
condition:1, metric:[0.19167683 0.         0.        ]
condition:2, metric:[  0. 150. 150.]
condition batch eval, img shape:(200, 200, 200), sx:2, sy:2, sz:2, num_conditions:2
condition:3, metric:[0.72311557 0.         0.        ]
condition:4, metric:[  0. 150. 150.]
condition batch eval, img shape:(200, 200, 200), sx:2, sy:2, sz:2, num_conditions:2
condition:5, metric:[  0. 150. 150.]
condition:6, metric:[  0. 150. 150.]
condition batch eval, img shape:(200, 200, 200), sx:2, sy:2, sz:2, num_conditions:2
condition:7, metric:[  0. 150. 150.]
condition:8, metric:[  0. 150. 150.]
condition batch eval, img shape:(200, 200, 200), sx:2, sy:2, sz:2, num_conditions:2
condition:9, metric:[  0. 150. 150.]
condition:10, metric:[  0. 150. 150.]
condition batch eval, img shape:(200, 200, 200), sx:2, sy:2, sz:2, num_conditions:2
condition:11, metric:[  0. 150. 150.]
condition:12, metric:[  0. 150. 150.]
condition batch eval, img shape:(200, 200, 200), sx:2, sy:2, sz:2, num_conditions:2
condition:13, metric:[  0. 150. 150.]
condition:14, metric:[  0. 150. 150.]
condition batch eval, img shape:(200, 200, 200), sx:2, sy:2, sz:2, num_conditions:2
condition:15, metric:[  0. 150. 150.]
condition:16, metric:[  0. 150. 150.]
condition batch eval, img shape:(200, 200, 200), sx:2, sy:2, sz:2, num_conditions:2
condition:17, metric:[  0. 150. 150.]
condition:18, metric:[  0. 150. 150.]
condition batch eval, img shape:(200, 200, 200), sx:2, sy:2, sz:2, num_conditions:2
condition:19, metric:[  0. 150. 150.]
condition:20, metric:[  0. 150. 150.]
condition batch eval, img shape:(200, 200, 200), sx:2, sy:2, sz:2, num_conditions:2
condition:21, metric:[  0. 150. 150.]
condition:22, metric:[  0. 150. 150.]
condition batch eval, img shape:(200, 200, 200), sx:2, sy:2, sz:2, num_conditions:2
condition:23, metric:[  0. 150. 150.]
condition:24, metric:[  0. 150. 150.]
condition batch eval, img shape:(200, 200, 200), sx:2, sy:2, sz:2, num_conditions:2
condition:25, metric:[  0. 150. 150.]
condition:26, metric:[  0. 150. 150.]
condition batch eval, img shape:(200, 200, 200), sx:2, sy:2, sz:2, num_conditions:2
condition:27, metric:[  0. 150. 150.]
condition:28, metric:[  0. 150. 150.]
condition batch eval, img shape:(200, 200, 200), sx:2, sy:2, sz:2, num_conditions:2
condition:29, metric:[  0. 150. 150.]
condition:30, metric:[  0. 150. 150.]
condition batch eval, img shape:(200, 200, 200), sx:2, sy:2, sz:2, num_conditions:1
condition:31, metric:[  0. 150. 150.]
===>test image:/projects/weilab/liupeng/projects/frameworks/nnUNet/DATASET/nnUNet_preprocessed/Dataset200_Dataset101_CellMap_model_high_res/nnUNetPlans_3d_lowres_large_patch_test/jrc_jurkat-1_crop126.npy
condition batch eval, img shape:(200, 200, 200), sx:2, sy:2, sz:2, num_conditions:2
condition:1, metric:[0.0057452 0.        0.       ]
condition:2, metric:[  0. 150. 150.]
condition batch eval, img shape:(200, 200, 200), sx:2, sy:2, sz:2, num_conditions:2
condition:3, metric:[0.59783451 0.         0.        ]
condition:4, metric:[  0. 150. 150.]
condition batch eval, img shape:(200, 200, 200), sx:2, sy:2, sz:2, num_conditions:2
condition:5, metric:[  0. 150. 150.]
condition:6, metric:[  0. 150. 150.]
condition batch eval, img shape:(200, 200, 200), sx:2, sy:2, sz:2, num_conditions:2
condition:7, metric:[  0. 150. 150.]
condition:8, metric:[  0. 150. 150.]
condition batch eval, img shape:(200, 200, 200), sx:2, sy:2, sz:2, num_conditions:2
condition:9, metric:[  0. 150. 150.]
condition:10, metric:[  0. 150. 150.]
condition batch eval, img shape:(200, 200, 200), sx:2, sy:2, sz:2, num_conditions:2
condition:11, metric:[  0. 150. 150.]
condition:12, metric:[  0. 150. 150.]
condition batch eval, img shape:(200, 200, 200), sx:2, sy:2, sz:2, num_conditions:2
condition:13, metric:[  0. 150. 150.]
condition:14, metric:[  0. 150. 150.]
condition batch eval, img shape:(200, 200, 200), sx:2, sy:2, sz:2, num_conditions:2
condition:15, metric:[  0. 150. 150.]
condition:16, metric:[  0. 150. 150.]
condition batch eval, img shape:(200, 200, 200), sx:2, sy:2, sz:2, num_conditions:2
condition:17, metric:[  0. 150. 150.]
condition:18, metric:[  0. 150. 150.]
condition batch eval, img shape:(200, 200, 200), sx:2, sy:2, sz:2, num_conditions:2
condition:19, metric:[  0. 150. 150.]
condition:20, metric:[  0. 150. 150.]
condition batch eval, img shape:(200, 200, 200), sx:2, sy:2, sz:2, num_conditions:2
condition:21, metric:[  0. 150. 150.]
condition:22, metric:[  0. 150. 150.]
condition batch eval, img shape:(200, 200, 200), sx:2, sy:2, sz:2, num_conditions:2
condition:23, metric:[  0. 150. 150.]
condition:24, metric:[  0. 150. 150.]
condition batch eval, img shape:(200, 200, 200), sx:2, sy:2, sz:2, num_conditions:2
condition:25, metric:[  0. 150. 150.]
condition:26, metric:[  0. 150. 150.]
condition batch eval, img shape:(200, 200, 200), sx:2, sy:2, sz:2, num_conditions:2
condition:27, metric:[  0. 150. 150.]
condition:28, metric:[  0. 150. 150.]
condition batch eval, img shape:(200, 200, 200), sx:2, sy:2, sz:2, num_conditions:2
condition:29, metric:[  0. 150. 150.]
condition:30, metric:[  0. 150. 150.]
condition batch eval, img shape:(200, 200, 200), sx:2, sy:2, sz:2, num_conditions:1
condition:31, metric:[  0. 150. 150.]
===>test image:/projects/weilab/liupeng/projects/frameworks/nnUNet/DATASET/nnUNet_preprocessed/Dataset200_Dataset101_CellMap_model_high_res/nnUNetPlans_3d_lowres_large_patch_test/jrc_ut21-1413-003_crop190.npy
condition batch eval, img shape:(400, 400, 400), sx:5, sy:5, sz:5, num_conditions:2
condition:1, metric:[0.50060979 0.         0.        ]
condition:2, metric:[  0. 150. 150.]
condition batch eval, img shape:(400, 400, 400), sx:5, sy:5, sz:5, num_conditions:2
condition:3, metric:[0.68171307 0.         0.        ]
condition:4, metric:[  0. 150. 150.]
condition batch eval, img shape:(400, 400, 400), sx:5, sy:5, sz:5, num_conditions:2
condition:5, metric:[  0. 150. 150.]
condition:6, metric:[  0. 150. 150.]
condition batch eval, img shape:(400, 400, 400), sx:5, sy:5, sz:5, num_conditions:2
condition:7, metric:[  0. 150. 150.]
condition:8, metric:[  0. 150. 150.]
condition batch eval, img shape:(400, 400, 400), sx:5, sy:5, sz:5, num_conditions:2
condition:9, metric:[  0. 150. 150.]
condition:10, metric:[  0. 150. 150.]
condition batch eval, img shape:(400, 400, 400), sx:5, sy:5, sz:5, num_conditions:2
condition:11, metric:[  0. 150. 150.]
condition:12, metric:[  0. 150. 150.]
condition batch eval, img shape:(400, 400, 400), sx:5, sy:5, sz:5, num_conditions:2
condition:13, metric:[  0. 150. 150.]
condition:14, metric:[  0. 150. 150.]
condition batch eval, img shape:(400, 400, 400), sx:5, sy:5, sz:5, num_conditions:2
condition:15, metric:[  0. 150. 150.]
condition:16, metric:[0.10243107 0.         0.        ]
condition batch eval, img shape:(400, 400, 400), sx:5, sy:5, sz:5, num_conditions:2
condition:17, metric:[  0. 150. 150.]
condition:18, metric:[  0. 150. 150.]
condition batch eval, img shape:(400, 400, 400), sx:5, sy:5, sz:5, num_conditions:2
condition:19, metric:[  0. 150. 150.]
condition:20, metric:[  0. 150. 150.]
condition batch eval, img shape:(400, 400, 400), sx:5, sy:5, sz:5, num_conditions:2
condition:21, metric:[  0. 150. 150.]
condition:22, metric:[  0. 150. 150.]
condition batch eval, img shape:(400, 400, 400), sx:5, sy:5, sz:5, num_conditions:2
condition:23, metric:[  0. 150. 150.]
condition:24, metric:[  0. 150. 150.]
condition batch eval, img shape:(400, 400, 400), sx:5, sy:5, sz:5, num_conditions:2
condition:25, metric:[  0. 150. 150.]
condition:26, metric:[  0. 150. 150.]
condition batch eval, img shape:(400, 400, 400), sx:5, sy:5, sz:5, num_conditions:2
condition:27, metric:[  0. 150. 150.]
condition:28, metric:[  0. 150. 150.]
condition batch eval, img shape:(400, 400, 400), sx:5, sy:5, sz:5, num_conditions:2
condition:29, metric:[  0. 150. 150.]
condition:30, metric:[  0. 150. 150.]
condition batch eval, img shape:(400, 400, 400), sx:5, sy:5, sz:5, num_conditions:1
condition:31, metric:[  0. 150. 150.]
Validation end
avg metric shape: (31, 3)
iteration 14000 : model2_dice_score : 0.032274 model2_hd95 : 139.112903
save model to ../model/CellMap_202_CondBaseline_cond_baseline_cellmap_highres_SGD_SGD/unet_3D_old/model2_iter_14000.pth
iteration 14020 : loss : 0.197998  loss_ce : 0.243193  loss_dice : 0.152803
iteration 14040 : loss : 0.152673  loss_ce : 0.229274  loss_dice : 0.076073
iteration 14060 : loss : 0.321217  loss_ce : 0.301651  loss_dice : 0.340783
iteration 14080 : loss : 0.330971  loss_ce : 0.275361  loss_dice : 0.386582
iteration 14100 : loss : 0.365634  loss_ce : 0.438028  loss_dice : 0.293240
iteration 14120 : loss : 0.208831  loss_ce : 0.273772  loss_dice : 0.143890
iteration 14140 : loss : 0.496988  loss_ce : 0.653153  loss_dice : 0.340823
iteration 14160 : loss : 0.173965  loss_ce : 0.238906  loss_dice : 0.109024
iteration 14180 : loss : 0.049865  loss_ce : 0.086754  loss_dice : 0.012976
iteration 14200 : loss : 0.515962  loss_ce : 0.594518  loss_dice : 0.437406
iteration 14220 : loss : 0.195957  loss_ce : 0.242002  loss_dice : 0.149913
iteration 14240 : loss : 0.253934  loss_ce : 0.347753  loss_dice : 0.160114
iteration 14260 : loss : 0.041350  loss_ce : 0.073292  loss_dice : 0.009408
iteration 14280 : loss : 0.205192  loss_ce : 0.291693  loss_dice : 0.118691
iteration 14300 : loss : 0.171668  loss_ce : 0.243137  loss_dice : 0.100200
iteration 14320 : loss : 0.330334  loss_ce : 0.221876  loss_dice : 0.438791
iteration 14340 : loss : 0.396577  loss_ce : 0.538496  loss_dice : 0.254658
iteration 14360 : loss : 0.232415  loss_ce : 0.310104  loss_dice : 0.154725
iteration 14380 : loss : 0.310884  loss_ce : 0.256976  loss_dice : 0.364792
iteration 14400 : loss : 0.092113  loss_ce : 0.116152  loss_dice : 0.068074
began evaluation!
iteration 14400: validation sampled 4/17 cases
Total test images: 4
Validation begin
===>test image:/projects/weilab/liupeng/projects/frameworks/nnUNet/DATASET/nnUNet_preprocessed/Dataset200_Dataset101_CellMap_model_high_res/nnUNetPlans_3d_lowres_large_patch_test/jrc_mus-liver_crop125.npy
condition batch eval, img shape:(400, 400, 400), sx:5, sy:5, sz:5, num_conditions:2
condition:1, metric:[0.7272302 0.        0.       ]
condition:2, metric:[  0. 150. 150.]
condition batch eval, img shape:(400, 400, 400), sx:5, sy:5, sz:5, num_conditions:2
condition:3, metric:[0.37559431 0.         0.        ]
condition:4, metric:[  0. 150. 150.]
condition batch eval, img shape:(400, 400, 400), sx:5, sy:5, sz:5, num_conditions:2
condition:5, metric:[  0. 150. 150.]
condition:6, metric:[  0. 150. 150.]
condition batch eval, img shape:(400, 400, 400), sx:5, sy:5, sz:5, num_conditions:2
condition:7, metric:[  0. 150. 150.]
condition:8, metric:[  0. 150. 150.]
condition batch eval, img shape:(400, 400, 400), sx:5, sy:5, sz:5, num_conditions:2
condition:9, metric:[  0. 150. 150.]
condition:10, metric:[  0. 150. 150.]
condition batch eval, img shape:(400, 400, 400), sx:5, sy:5, sz:5, num_conditions:2
condition:11, metric:[  0. 150. 150.]
condition:12, metric:[  0. 150. 150.]
condition batch eval, img shape:(400, 400, 400), sx:5, sy:5, sz:5, num_conditions:2
condition:13, metric:[  0. 150. 150.]
condition:14, metric:[  0. 150. 150.]
condition batch eval, img shape:(400, 400, 400), sx:5, sy:5, sz:5, num_conditions:2
condition:15, metric:[  0. 150. 150.]
condition:16, metric:[  0. 150. 150.]
condition batch eval, img shape:(400, 400, 400), sx:5, sy:5, sz:5, num_conditions:2
condition:17, metric:[  0. 150. 150.]
condition:18, metric:[  0. 150. 150.]
condition batch eval, img shape:(400, 400, 400), sx:5, sy:5, sz:5, num_conditions:2
condition:19, metric:[  0. 150. 150.]
condition:20, metric:[  0. 150. 150.]
condition batch eval, img shape:(400, 400, 400), sx:5, sy:5, sz:5, num_conditions:2
condition:21, metric:[  0. 150. 150.]
condition:22, metric:[  0. 150. 150.]
condition batch eval, img shape:(400, 400, 400), sx:5, sy:5, sz:5, num_conditions:2
condition:23, metric:[  0. 150. 150.]
condition:24, metric:[  0. 150. 150.]
condition batch eval, img shape:(400, 400, 400), sx:5, sy:5, sz:5, num_conditions:2
condition:25, metric:[  0. 150. 150.]
condition:26, metric:[  0. 150. 150.]
condition batch eval, img shape:(400, 400, 400), sx:5, sy:5, sz:5, num_conditions:2
condition:27, metric:[  0. 150. 150.]
condition:28, metric:[  0. 150. 150.]
condition batch eval, img shape:(400, 400, 400), sx:5, sy:5, sz:5, num_conditions:2
condition:29, metric:[  0. 150. 150.]
condition:30, metric:[  0. 150. 150.]
condition batch eval, img shape:(400, 400, 400), sx:5, sy:5, sz:5, num_conditions:1
condition:31, metric:[  0. 150. 150.]
===>test image:/projects/weilab/liupeng/projects/frameworks/nnUNet/DATASET/nnUNet_preprocessed/Dataset200_Dataset101_CellMap_model_high_res/nnUNetPlans_3d_lowres_large_patch_test/jrc_macrophage-2_crop31.npy
condition batch eval, img shape:(160, 160, 160), sx:1, sy:1, sz:1, num_conditions:2
condition:1, metric:[0.10010016 0.         0.        ]
condition:2, metric:[  0. 150. 150.]
condition batch eval, img shape:(160, 160, 160), sx:1, sy:1, sz:1, num_conditions:2
condition:3, metric:[0.80893865 0.         0.        ]
condition:4, metric:[  0. 150. 150.]
condition batch eval, img shape:(160, 160, 160), sx:1, sy:1, sz:1, num_conditions:2
condition:5, metric:[  0. 150. 150.]
condition:6, metric:[  0. 150. 150.]
condition batch eval, img shape:(160, 160, 160), sx:1, sy:1, sz:1, num_conditions:2
condition:7, metric:[  0. 150. 150.]
condition:8, metric:[  0. 150. 150.]
condition batch eval, img shape:(160, 160, 160), sx:1, sy:1, sz:1, num_conditions:2
condition:9, metric:[  0. 150. 150.]
condition:10, metric:[  0. 150. 150.]
condition batch eval, img shape:(160, 160, 160), sx:1, sy:1, sz:1, num_conditions:2
condition:11, metric:[  0. 150. 150.]
condition:12, metric:[  0. 150. 150.]
condition batch eval, img shape:(160, 160, 160), sx:1, sy:1, sz:1, num_conditions:2
condition:13, metric:[  0. 150. 150.]
condition:14, metric:[  0. 150. 150.]
condition batch eval, img shape:(160, 160, 160), sx:1, sy:1, sz:1, num_conditions:2
condition:15, metric:[  0. 150. 150.]
condition:16, metric:[  0. 150. 150.]
condition batch eval, img shape:(160, 160, 160), sx:1, sy:1, sz:1, num_conditions:2
condition:17, metric:[  0. 150. 150.]
condition:18, metric:[  0. 150. 150.]
condition batch eval, img shape:(160, 160, 160), sx:1, sy:1, sz:1, num_conditions:2
condition:19, metric:[  0. 150. 150.]
condition:20, metric:[  0. 150. 150.]
condition batch eval, img shape:(160, 160, 160), sx:1, sy:1, sz:1, num_conditions:2
condition:21, metric:[  0. 150. 150.]
condition:22, metric:[  0. 150. 150.]
condition batch eval, img shape:(160, 160, 160), sx:1, sy:1, sz:1, num_conditions:2
condition:23, metric:[  0. 150. 150.]
condition:24, metric:[  0. 150. 150.]
condition batch eval, img shape:(160, 160, 160), sx:1, sy:1, sz:1, num_conditions:2
condition:25, metric:[  0. 150. 150.]
condition:26, metric:[  0. 150. 150.]
condition batch eval, img shape:(160, 160, 160), sx:1, sy:1, sz:1, num_conditions:2
condition:27, metric:[  0. 150. 150.]
condition:28, metric:[  0. 150. 150.]
condition batch eval, img shape:(160, 160, 160), sx:1, sy:1, sz:1, num_conditions:2
condition:29, metric:[  0. 150. 150.]
condition:30, metric:[  0. 150. 150.]
condition batch eval, img shape:(160, 160, 160), sx:1, sy:1, sz:1, num_conditions:1
condition:31, metric:[  0. 150. 150.]
===>test image:/projects/weilab/liupeng/projects/frameworks/nnUNet/DATASET/nnUNet_preprocessed/Dataset200_Dataset101_CellMap_model_high_res/nnUNetPlans_3d_lowres_large_patch_test/jrc_ctl-id8-1_crop118.npy
condition batch eval, img shape:(200, 200, 200), sx:2, sy:2, sz:2, num_conditions:2
condition:1, metric:[0.37435642 0.         0.        ]
condition:2, metric:[  0. 150. 150.]
condition batch eval, img shape:(200, 200, 200), sx:2, sy:2, sz:2, num_conditions:2
condition:3, metric:[0.88721974 0.         0.        ]
condition:4, metric:[  0. 150. 150.]
condition batch eval, img shape:(200, 200, 200), sx:2, sy:2, sz:2, num_conditions:2
condition:5, metric:[  0. 150. 150.]
condition:6, metric:[  0. 150. 150.]
condition batch eval, img shape:(200, 200, 200), sx:2, sy:2, sz:2, num_conditions:2
condition:7, metric:[  0. 150. 150.]
condition:8, metric:[  0. 150. 150.]
condition batch eval, img shape:(200, 200, 200), sx:2, sy:2, sz:2, num_conditions:2
condition:9, metric:[  0. 150. 150.]
condition:10, metric:[  0. 150. 150.]
condition batch eval, img shape:(200, 200, 200), sx:2, sy:2, sz:2, num_conditions:2
condition:11, metric:[  0. 150. 150.]
condition:12, metric:[  0. 150. 150.]
condition batch eval, img shape:(200, 200, 200), sx:2, sy:2, sz:2, num_conditions:2
condition:13, metric:[  0. 150. 150.]
condition:14, metric:[  0. 150. 150.]
condition batch eval, img shape:(200, 200, 200), sx:2, sy:2, sz:2, num_conditions:2
condition:15, metric:[  0. 150. 150.]
condition:16, metric:[  0. 150. 150.]
condition batch eval, img shape:(200, 200, 200), sx:2, sy:2, sz:2, num_conditions:2
condition:17, metric:[  0. 150. 150.]
condition:18, metric:[  0. 150. 150.]
condition batch eval, img shape:(200, 200, 200), sx:2, sy:2, sz:2, num_conditions:2
condition:19, metric:[  0. 150. 150.]
condition:20, metric:[  0. 150. 150.]
condition batch eval, img shape:(200, 200, 200), sx:2, sy:2, sz:2, num_conditions:2
condition:21, metric:[  0. 150. 150.]
condition:22, metric:[  0. 150. 150.]
condition batch eval, img shape:(200, 200, 200), sx:2, sy:2, sz:2, num_conditions:2
condition:23, metric:[  0. 150. 150.]
condition:24, metric:[  0. 150. 150.]
condition batch eval, img shape:(200, 200, 200), sx:2, sy:2, sz:2, num_conditions:2
condition:25, metric:[  0. 150. 150.]
condition:26, metric:[  0. 150. 150.]
condition batch eval, img shape:(200, 200, 200), sx:2, sy:2, sz:2, num_conditions:2
condition:27, metric:[  0. 150. 150.]
condition:28, metric:[  0. 150. 150.]
condition batch eval, img shape:(200, 200, 200), sx:2, sy:2, sz:2, num_conditions:2
condition:29, metric:[  0. 150. 150.]
condition:30, metric:[  0. 150. 150.]
condition batch eval, img shape:(200, 200, 200), sx:2, sy:2, sz:2, num_conditions:1
condition:31, metric:[  0. 150. 150.]
===>test image:/projects/weilab/liupeng/projects/frameworks/nnUNet/DATASET/nnUNet_preprocessed/Dataset200_Dataset101_CellMap_model_high_res/nnUNetPlans_3d_lowres_large_patch_test/jrc_fly-mb-1a_crop121.npy
condition batch eval, img shape:(200, 200, 200), sx:2, sy:2, sz:2, num_conditions:2
condition:1, metric:[0.08357926 0.         0.        ]
condition:2, metric:[  0. 150. 150.]
condition batch eval, img shape:(200, 200, 200), sx:2, sy:2, sz:2, num_conditions:2
condition:3, metric:[0.78188989 0.         0.        ]
condition:4, metric:[  0. 150. 150.]
condition batch eval, img shape:(200, 200, 200), sx:2, sy:2, sz:2, num_conditions:2
condition:5, metric:[  0. 150. 150.]
condition:6, metric:[  0. 150. 150.]
condition batch eval, img shape:(200, 200, 200), sx:2, sy:2, sz:2, num_conditions:2
condition:7, metric:[  0. 150. 150.]
condition:8, metric:[  0. 150. 150.]
condition batch eval, img shape:(200, 200, 200), sx:2, sy:2, sz:2, num_conditions:2
condition:9, metric:[  0. 150. 150.]
condition:10, metric:[  0. 150. 150.]
condition batch eval, img shape:(200, 200, 200), sx:2, sy:2, sz:2, num_conditions:2
condition:11, metric:[  0. 150. 150.]
condition:12, metric:[  0. 150. 150.]
condition batch eval, img shape:(200, 200, 200), sx:2, sy:2, sz:2, num_conditions:2
condition:13, metric:[  0. 150. 150.]
condition:14, metric:[  0. 150. 150.]
condition batch eval, img shape:(200, 200, 200), sx:2, sy:2, sz:2, num_conditions:2
condition:15, metric:[  0. 150. 150.]
condition:16, metric:[  0. 150. 150.]
condition batch eval, img shape:(200, 200, 200), sx:2, sy:2, sz:2, num_conditions:2
condition:17, metric:[  0. 150. 150.]
condition:18, metric:[  0. 150. 150.]
condition batch eval, img shape:(200, 200, 200), sx:2, sy:2, sz:2, num_conditions:2
condition:19, metric:[  0. 150. 150.]
condition:20, metric:[  0. 150. 150.]
condition batch eval, img shape:(200, 200, 200), sx:2, sy:2, sz:2, num_conditions:2
condition:21, metric:[  0. 150. 150.]
condition:22, metric:[  0. 150. 150.]
condition batch eval, img shape:(200, 200, 200), sx:2, sy:2, sz:2, num_conditions:2
condition:23, metric:[  0. 150. 150.]
condition:24, metric:[  0. 150. 150.]
condition batch eval, img shape:(200, 200, 200), sx:2, sy:2, sz:2, num_conditions:2
condition:25, metric:[  0. 150. 150.]
condition:26, metric:[  0. 150. 150.]
condition batch eval, img shape:(200, 200, 200), sx:2, sy:2, sz:2, num_conditions:2
condition:27, metric:[  0. 150. 150.]
condition:28, metric:[  0. 150. 150.]
condition batch eval, img shape:(200, 200, 200), sx:2, sy:2, sz:2, num_conditions:2
condition:29, metric:[  0. 150. 150.]
condition:30, metric:[  0. 150. 150.]
condition batch eval, img shape:(200, 200, 200), sx:2, sy:2, sz:2, num_conditions:1
condition:31, metric:[  0. 150. 150.]
Validation end
avg metric shape: (31, 3)
save model to ../model/CellMap_202_CondBaseline_cond_baseline_cellmap_highres_SGD_SGD/unet_3D_old/iter_14400_dice_0.0334
iteration 14400 : model2_dice_score : 0.033378 model2_hd95 : 140.322581
save model to ../model/CellMap_202_CondBaseline_cond_baseline_cellmap_highres_SGD_SGD/unet_3D_old/model2_iter_14400.pth
iteration 14420 : loss : 0.290739  loss_ce : 0.192207  loss_dice : 0.389270
iteration 14440 : loss : 0.039918  loss_ce : 0.068017  loss_dice : 0.011819
iteration 14460 : loss : 0.235074  loss_ce : 0.341755  loss_dice : 0.128394
iteration 14480 : loss : 0.437409  loss_ce : 0.515669  loss_dice : 0.359149
iteration 14500 : loss : 0.219179  loss_ce : 0.128620  loss_dice : 0.309737
iteration 14520 : loss : 0.300017  loss_ce : 0.409333  loss_dice : 0.190701
iteration 14540 : loss : 0.219364  loss_ce : 0.305521  loss_dice : 0.133207
iteration 14560 : loss : 0.210807  loss_ce : 0.289818  loss_dice : 0.131797
iteration 14580 : loss : 0.642926  loss_ce : 0.861436  loss_dice : 0.424416
iteration 14600 : loss : 0.189307  loss_ce : 0.266657  loss_dice : 0.111957
iteration 14620 : loss : 0.040221  loss_ce : 0.068953  loss_dice : 0.011489
iteration 14640 : loss : 0.275272  loss_ce : 0.075267  loss_dice : 0.475278
iteration 14660 : loss : 0.141695  loss_ce : 0.211014  loss_dice : 0.072375
iteration 14680 : loss : 0.070426  loss_ce : 0.113508  loss_dice : 0.027345
iteration 14700 : loss : 0.292456  loss_ce : 0.376654  loss_dice : 0.208257
iteration 14720 : loss : 0.354736  loss_ce : 0.493836  loss_dice : 0.215636
iteration 14740 : loss : 0.061597  loss_ce : 0.101953  loss_dice : 0.021241
iteration 14760 : loss : 0.161326  loss_ce : 0.239740  loss_dice : 0.082913
iteration 14780 : loss : 0.251553  loss_ce : 0.343526  loss_dice : 0.159580
iteration 14800 : loss : 0.169337  loss_ce : 0.255813  loss_dice : 0.082861
began evaluation!
iteration 14800: validation sampled 4/17 cases
Total test images: 4
Validation begin
===>test image:/projects/weilab/liupeng/projects/frameworks/nnUNet/DATASET/nnUNet_preprocessed/Dataset200_Dataset101_CellMap_model_high_res/nnUNetPlans_3d_lowres_large_patch_test/jrc_mus-liver-zon-1_crop266.npy
condition batch eval, img shape:(400, 400, 400), sx:5, sy:5, sz:5, num_conditions:2
condition:1, metric:[  0. 150. 150.]
condition:2, metric:[  0. 150. 150.]
condition batch eval, img shape:(400, 400, 400), sx:5, sy:5, sz:5, num_conditions:2
condition:3, metric:[0.52336132 0.         0.        ]
condition:4, metric:[  0. 150. 150.]
condition batch eval, img shape:(400, 400, 400), sx:5, sy:5, sz:5, num_conditions:2
condition:5, metric:[  0. 150. 150.]
condition:6, metric:[  0. 150. 150.]
condition batch eval, img shape:(400, 400, 400), sx:5, sy:5, sz:5, num_conditions:2
condition:7, metric:[  0. 150. 150.]
condition:8, metric:[  0. 150. 150.]
condition batch eval, img shape:(400, 400, 400), sx:5, sy:5, sz:5, num_conditions:2
condition:9, metric:[  0. 150. 150.]
condition:10, metric:[  0. 150. 150.]
condition batch eval, img shape:(400, 400, 400), sx:5, sy:5, sz:5, num_conditions:2
condition:11, metric:[  0. 150. 150.]
condition:12, metric:[  0. 150. 150.]
condition batch eval, img shape:(400, 400, 400), sx:5, sy:5, sz:5, num_conditions:2
condition:13, metric:[  0. 150. 150.]
condition:14, metric:[  0. 150. 150.]
condition batch eval, img shape:(400, 400, 400), sx:5, sy:5, sz:5, num_conditions:2
condition:15, metric:[  0. 150. 150.]
condition:16, metric:[  0. 150. 150.]
condition batch eval, img shape:(400, 400, 400), sx:5, sy:5, sz:5, num_conditions:2
condition:17, metric:[  0. 150. 150.]
condition:18, metric:[  0. 150. 150.]
condition batch eval, img shape:(400, 400, 400), sx:5, sy:5, sz:5, num_conditions:2
condition:19, metric:[  0. 150. 150.]
condition:20, metric:[  0. 150. 150.]
condition batch eval, img shape:(400, 400, 400), sx:5, sy:5, sz:5, num_conditions:2
condition:21, metric:[  0. 150. 150.]
condition:22, metric:[  0. 150. 150.]
condition batch eval, img shape:(400, 400, 400), sx:5, sy:5, sz:5, num_conditions:2
condition:23, metric:[  0. 150. 150.]
condition:24, metric:[  0. 150. 150.]
condition batch eval, img shape:(400, 400, 400), sx:5, sy:5, sz:5, num_conditions:2
condition:25, metric:[0. 0. 0.]
condition:26, metric:[  0. 150. 150.]
condition batch eval, img shape:(400, 400, 400), sx:5, sy:5, sz:5, num_conditions:2
condition:27, metric:[0.17122189 0.         0.        ]
condition:28, metric:[  0. 150. 150.]
condition batch eval, img shape:(400, 400, 400), sx:5, sy:5, sz:5, num_conditions:2
condition:29, metric:[  0. 150. 150.]
condition:30, metric:[  0. 150. 150.]
condition batch eval, img shape:(400, 400, 400), sx:5, sy:5, sz:5, num_conditions:1
condition:31, metric:[  0. 150. 150.]
===>test image:/projects/weilab/liupeng/projects/frameworks/nnUNet/DATASET/nnUNet_preprocessed/Dataset200_Dataset101_CellMap_model_high_res/nnUNetPlans_3d_lowres_large_patch_test/jrc_mus-liver-zon-2_crop342.npy
condition batch eval, img shape:(400, 400, 400), sx:5, sy:5, sz:5, num_conditions:2
condition:1, metric:[0.42872824 0.         0.        ]
condition:2, metric:[  0. 150. 150.]
condition batch eval, img shape:(400, 400, 400), sx:5, sy:5, sz:5, num_conditions:2
condition:3, metric:[0.68231139 0.         0.        ]
condition:4, metric:[  0. 150. 150.]
condition batch eval, img shape:(400, 400, 400), sx:5, sy:5, sz:5, num_conditions:2
condition:5, metric:[  0. 150. 150.]
condition:6, metric:[  0. 150. 150.]
condition batch eval, img shape:(400, 400, 400), sx:5, sy:5, sz:5, num_conditions:2
condition:7, metric:[  0. 150. 150.]
condition:8, metric:[  0. 150. 150.]
condition batch eval, img shape:(400, 400, 400), sx:5, sy:5, sz:5, num_conditions:2
condition:9, metric:[  0. 150. 150.]
condition:10, metric:[  0. 150. 150.]
condition batch eval, img shape:(400, 400, 400), sx:5, sy:5, sz:5, num_conditions:2
condition:11, metric:[  0. 150. 150.]
condition:12, metric:[  0. 150. 150.]
condition batch eval, img shape:(400, 400, 400), sx:5, sy:5, sz:5, num_conditions:2
condition:13, metric:[  0. 150. 150.]
condition:14, metric:[  0. 150. 150.]
condition batch eval, img shape:(400, 400, 400), sx:5, sy:5, sz:5, num_conditions:2
condition:15, metric:[  0. 150. 150.]
condition:16, metric:[  0. 150. 150.]
condition batch eval, img shape:(400, 400, 400), sx:5, sy:5, sz:5, num_conditions:2
condition:17, metric:[  0. 150. 150.]
condition:18, metric:[  0. 150. 150.]
condition batch eval, img shape:(400, 400, 400), sx:5, sy:5, sz:5, num_conditions:2
condition:19, metric:[  0. 150. 150.]
condition:20, metric:[  0. 150. 150.]
condition batch eval, img shape:(400, 400, 400), sx:5, sy:5, sz:5, num_conditions:2
condition:21, metric:[  0. 150. 150.]
condition:22, metric:[  0. 150. 150.]
condition batch eval, img shape:(400, 400, 400), sx:5, sy:5, sz:5, num_conditions:2
condition:23, metric:[  0. 150. 150.]
condition:24, metric:[  0. 150. 150.]
condition batch eval, img shape:(400, 400, 400), sx:5, sy:5, sz:5, num_conditions:2
condition:25, metric:[  0. 150. 150.]
condition:26, metric:[  0. 150. 150.]
condition batch eval, img shape:(400, 400, 400), sx:5, sy:5, sz:5, num_conditions:2
condition:27, metric:[0.08209122 0.         0.        ]
condition:28, metric:[  0. 150. 150.]
condition batch eval, img shape:(400, 400, 400), sx:5, sy:5, sz:5, num_conditions:2
condition:29, metric:[  0. 150. 150.]
condition:30, metric:[  0. 150. 150.]
condition batch eval, img shape:(400, 400, 400), sx:5, sy:5, sz:5, num_conditions:1
condition:31, metric:[  0. 150. 150.]
===>test image:/projects/weilab/liupeng/projects/frameworks/nnUNet/DATASET/nnUNet_preprocessed/Dataset200_Dataset101_CellMap_model_high_res/nnUNetPlans_3d_lowres_large_patch_test/jrc_mus-kidney_crop164.npy
condition batch eval, img shape:(200, 200, 200), sx:2, sy:2, sz:2, num_conditions:2
condition:1, metric:[0.03554957 0.         0.        ]
condition:2, metric:[  0. 150. 150.]
condition batch eval, img shape:(200, 200, 200), sx:2, sy:2, sz:2, num_conditions:2
condition:3, metric:[0.78203104 0.         0.        ]
condition:4, metric:[  0. 150. 150.]
condition batch eval, img shape:(200, 200, 200), sx:2, sy:2, sz:2, num_conditions:2
condition:5, metric:[  0. 150. 150.]
condition:6, metric:[  0. 150. 150.]
condition batch eval, img shape:(200, 200, 200), sx:2, sy:2, sz:2, num_conditions:2
condition:7, metric:[  0. 150. 150.]
condition:8, metric:[  0. 150. 150.]
condition batch eval, img shape:(200, 200, 200), sx:2, sy:2, sz:2, num_conditions:2
condition:9, metric:[  0. 150. 150.]
condition:10, metric:[  0. 150. 150.]
condition batch eval, img shape:(200, 200, 200), sx:2, sy:2, sz:2, num_conditions:2
condition:11, metric:[  0. 150. 150.]
condition:12, metric:[  0. 150. 150.]
condition batch eval, img shape:(200, 200, 200), sx:2, sy:2, sz:2, num_conditions:2
condition:13, metric:[  0. 150. 150.]
condition:14, metric:[  0. 150. 150.]
condition batch eval, img shape:(200, 200, 200), sx:2, sy:2, sz:2, num_conditions:2
condition:15, metric:[  0. 150. 150.]
condition:16, metric:[  0. 150. 150.]
condition batch eval, img shape:(200, 200, 200), sx:2, sy:2, sz:2, num_conditions:2
condition:17, metric:[  0. 150. 150.]
condition:18, metric:[  0. 150. 150.]
condition batch eval, img shape:(200, 200, 200), sx:2, sy:2, sz:2, num_conditions:2
condition:19, metric:[  0. 150. 150.]
condition:20, metric:[  0. 150. 150.]
condition batch eval, img shape:(200, 200, 200), sx:2, sy:2, sz:2, num_conditions:2
condition:21, metric:[  0. 150. 150.]
condition:22, metric:[  0. 150. 150.]
condition batch eval, img shape:(200, 200, 200), sx:2, sy:2, sz:2, num_conditions:2
condition:23, metric:[  0. 150. 150.]
condition:24, metric:[  0. 150. 150.]
condition batch eval, img shape:(200, 200, 200), sx:2, sy:2, sz:2, num_conditions:2
condition:25, metric:[  0. 150. 150.]
condition:26, metric:[  0. 150. 150.]
condition batch eval, img shape:(200, 200, 200), sx:2, sy:2, sz:2, num_conditions:2
condition:27, metric:[  0. 150. 150.]
condition:28, metric:[  0. 150. 150.]
condition batch eval, img shape:(200, 200, 200), sx:2, sy:2, sz:2, num_conditions:2
condition:29, metric:[  0. 150. 150.]
condition:30, metric:[  0. 150. 150.]
condition batch eval, img shape:(200, 200, 200), sx:2, sy:2, sz:2, num_conditions:1
condition:31, metric:[  0. 150. 150.]
===>test image:/projects/weilab/liupeng/projects/frameworks/nnUNet/DATASET/nnUNet_preprocessed/Dataset200_Dataset101_CellMap_model_high_res/nnUNetPlans_3d_lowres_large_patch_test/jrc_fly-mb-1a_crop121.npy
condition batch eval, img shape:(200, 200, 200), sx:2, sy:2, sz:2, num_conditions:2
condition:1, metric:[0.08362098 0.         0.        ]
condition:2, metric:[  0. 150. 150.]
condition batch eval, img shape:(200, 200, 200), sx:2, sy:2, sz:2, num_conditions:2
condition:3, metric:[0.75726737 0.         0.        ]
condition:4, metric:[  0. 150. 150.]
condition batch eval, img shape:(200, 200, 200), sx:2, sy:2, sz:2, num_conditions:2
condition:5, metric:[  0. 150. 150.]
condition:6, metric:[  0. 150. 150.]
condition batch eval, img shape:(200, 200, 200), sx:2, sy:2, sz:2, num_conditions:2
condition:7, metric:[  0. 150. 150.]
condition:8, metric:[  0. 150. 150.]
condition batch eval, img shape:(200, 200, 200), sx:2, sy:2, sz:2, num_conditions:2
condition:9, metric:[  0. 150. 150.]
condition:10, metric:[  0. 150. 150.]
condition batch eval, img shape:(200, 200, 200), sx:2, sy:2, sz:2, num_conditions:2
condition:11, metric:[  0. 150. 150.]
condition:12, metric:[  0. 150. 150.]
condition batch eval, img shape:(200, 200, 200), sx:2, sy:2, sz:2, num_conditions:2
condition:13, metric:[  0. 150. 150.]
condition:14, metric:[  0. 150. 150.]
condition batch eval, img shape:(200, 200, 200), sx:2, sy:2, sz:2, num_conditions:2
condition:15, metric:[  0. 150. 150.]
condition:16, metric:[  0. 150. 150.]
condition batch eval, img shape:(200, 200, 200), sx:2, sy:2, sz:2, num_conditions:2
condition:17, metric:[  0. 150. 150.]
condition:18, metric:[  0. 150. 150.]
condition batch eval, img shape:(200, 200, 200), sx:2, sy:2, sz:2, num_conditions:2
condition:19, metric:[  0. 150. 150.]
condition:20, metric:[  0. 150. 150.]
condition batch eval, img shape:(200, 200, 200), sx:2, sy:2, sz:2, num_conditions:2
condition:21, metric:[  0. 150. 150.]
condition:22, metric:[  0. 150. 150.]
condition batch eval, img shape:(200, 200, 200), sx:2, sy:2, sz:2, num_conditions:2
condition:23, metric:[  0. 150. 150.]
condition:24, metric:[  0. 150. 150.]
condition batch eval, img shape:(200, 200, 200), sx:2, sy:2, sz:2, num_conditions:2
condition:25, metric:[  0. 150. 150.]
condition:26, metric:[  0. 150. 150.]
condition batch eval, img shape:(200, 200, 200), sx:2, sy:2, sz:2, num_conditions:2
condition:27, metric:[  0. 150. 150.]
condition:28, metric:[  0. 150. 150.]
condition batch eval, img shape:(200, 200, 200), sx:2, sy:2, sz:2, num_conditions:2
condition:29, metric:[  0. 150. 150.]
condition:30, metric:[  0. 150. 150.]
condition batch eval, img shape:(200, 200, 200), sx:2, sy:2, sz:2, num_conditions:1
condition:31, metric:[  0. 150. 150.]
Validation end
avg metric shape: (31, 3)
iteration 14800 : model2_dice_score : 0.028598 model2_hd95 : 137.903226
save model to ../model/CellMap_202_CondBaseline_cond_baseline_cellmap_highres_SGD_SGD/unet_3D_old/model2_iter_14800.pth
iteration 14820 : loss : 0.149324  loss_ce : 0.229156  loss_dice : 0.069493
iteration 14840 : loss : 0.315986  loss_ce : 0.331728  loss_dice : 0.300243
iteration 14860 : loss : 0.366344  loss_ce : 0.490587  loss_dice : 0.242100
iteration 14880 : loss : 0.262410  loss_ce : 0.103664  loss_dice : 0.421157
iteration 14900 : loss : 0.353596  loss_ce : 0.423088  loss_dice : 0.284105
iteration 14920 : loss : 0.088946  loss_ce : 0.145163  loss_dice : 0.032729
iteration 14940 : loss : 0.235197  loss_ce : 0.282151  loss_dice : 0.188243
iteration 14960 : loss : 0.381504  loss_ce : 0.513021  loss_dice : 0.249987
iteration 14980 : loss : 0.046524  loss_ce : 0.082176  loss_dice : 0.010873
iteration 15000 : loss : 0.304909  loss_ce : 0.234612  loss_dice : 0.375206
iteration 15020 : loss : 0.180737  loss_ce : 0.264749  loss_dice : 0.096725
iteration 15040 : loss : 0.304872  loss_ce : 0.283024  loss_dice : 0.326721
iteration 15060 : loss : 0.166960  loss_ce : 0.200076  loss_dice : 0.133843
iteration 15080 : loss : 0.085607  loss_ce : 0.138127  loss_dice : 0.033088
iteration 15100 : loss : 0.290791  loss_ce : 0.412339  loss_dice : 0.169242
iteration 15120 : loss : 0.213029  loss_ce : 0.205812  loss_dice : 0.220246
iteration 15140 : loss : 0.257968  loss_ce : 0.363625  loss_dice : 0.152312
iteration 15160 : loss : 0.549396  loss_ce : 0.746755  loss_dice : 0.352037
iteration 15180 : loss : 0.286414  loss_ce : 0.314174  loss_dice : 0.258654
iteration 15200 : loss : 0.398343  loss_ce : 0.561530  loss_dice : 0.235157
began evaluation!
iteration 15200: validation sampled 4/17 cases
Total test images: 4
Validation begin
===>test image:/projects/weilab/liupeng/projects/frameworks/nnUNet/DATASET/nnUNet_preprocessed/Dataset200_Dataset101_CellMap_model_high_res/nnUNetPlans_3d_lowres_large_patch_test/jrc_mus-liver_crop125.npy
condition batch eval, img shape:(400, 400, 400), sx:5, sy:5, sz:5, num_conditions:2
condition:1, metric:[0.72507199 0.         0.        ]
condition:2, metric:[  0. 150. 150.]
condition batch eval, img shape:(400, 400, 400), sx:5, sy:5, sz:5, num_conditions:2
condition:3, metric:[0.46538587 0.         0.        ]
condition:4, metric:[  0. 150. 150.]
condition batch eval, img shape:(400, 400, 400), sx:5, sy:5, sz:5, num_conditions:2
condition:5, metric:[  0. 150. 150.]
condition:6, metric:[  0. 150. 150.]
condition batch eval, img shape:(400, 400, 400), sx:5, sy:5, sz:5, num_conditions:2
condition:7, metric:[  0. 150. 150.]
condition:8, metric:[  0. 150. 150.]
condition batch eval, img shape:(400, 400, 400), sx:5, sy:5, sz:5, num_conditions:2
condition:9, metric:[  0. 150. 150.]
condition:10, metric:[  0. 150. 150.]
condition batch eval, img shape:(400, 400, 400), sx:5, sy:5, sz:5, num_conditions:2
condition:11, metric:[  0. 150. 150.]
condition:12, metric:[  0. 150. 150.]
condition batch eval, img shape:(400, 400, 400), sx:5, sy:5, sz:5, num_conditions:2
condition:13, metric:[  0. 150. 150.]
condition:14, metric:[  0. 150. 150.]
condition batch eval, img shape:(400, 400, 400), sx:5, sy:5, sz:5, num_conditions:2
condition:15, metric:[  0. 150. 150.]
condition:16, metric:[  0. 150. 150.]
condition batch eval, img shape:(400, 400, 400), sx:5, sy:5, sz:5, num_conditions:2
condition:17, metric:[  0. 150. 150.]
condition:18, metric:[  0. 150. 150.]
condition batch eval, img shape:(400, 400, 400), sx:5, sy:5, sz:5, num_conditions:2
condition:19, metric:[  0. 150. 150.]
condition:20, metric:[  0. 150. 150.]
condition batch eval, img shape:(400, 400, 400), sx:5, sy:5, sz:5, num_conditions:2
condition:21, metric:[  0. 150. 150.]
condition:22, metric:[  0. 150. 150.]
condition batch eval, img shape:(400, 400, 400), sx:5, sy:5, sz:5, num_conditions:2
condition:23, metric:[  0. 150. 150.]
condition:24, metric:[  0. 150. 150.]
condition batch eval, img shape:(400, 400, 400), sx:5, sy:5, sz:5, num_conditions:2
condition:25, metric:[  0. 150. 150.]
condition:26, metric:[  0. 150. 150.]
condition batch eval, img shape:(400, 400, 400), sx:5, sy:5, sz:5, num_conditions:2
condition:27, metric:[  0. 150. 150.]
condition:28, metric:[  0. 150. 150.]
condition batch eval, img shape:(400, 400, 400), sx:5, sy:5, sz:5, num_conditions:2
condition:29, metric:[  0. 150. 150.]
condition:30, metric:[  0. 150. 150.]
condition batch eval, img shape:(400, 400, 400), sx:5, sy:5, sz:5, num_conditions:1
condition:31, metric:[  0. 150. 150.]
===>test image:/projects/weilab/liupeng/projects/frameworks/nnUNet/DATASET/nnUNet_preprocessed/Dataset200_Dataset101_CellMap_model_high_res/nnUNetPlans_3d_lowres_large_patch_test/jrc_hela-2_crop15.npy
condition batch eval, img shape:(160, 160, 160), sx:1, sy:1, sz:1, num_conditions:2
condition:1, metric:[  0. 150. 150.]
condition:2, metric:[  0. 150. 150.]
condition batch eval, img shape:(160, 160, 160), sx:1, sy:1, sz:1, num_conditions:2
condition:3, metric:[0.91619964 0.         0.        ]
condition:4, metric:[  0. 150. 150.]
condition batch eval, img shape:(160, 160, 160), sx:1, sy:1, sz:1, num_conditions:2
condition:5, metric:[  0. 150. 150.]
condition:6, metric:[  0. 150. 150.]
condition batch eval, img shape:(160, 160, 160), sx:1, sy:1, sz:1, num_conditions:2
condition:7, metric:[  0. 150. 150.]
condition:8, metric:[  0. 150. 150.]
condition batch eval, img shape:(160, 160, 160), sx:1, sy:1, sz:1, num_conditions:2
condition:9, metric:[  0. 150. 150.]
condition:10, metric:[  0. 150. 150.]
condition batch eval, img shape:(160, 160, 160), sx:1, sy:1, sz:1, num_conditions:2
condition:11, metric:[  0. 150. 150.]
condition:12, metric:[  0. 150. 150.]
condition batch eval, img shape:(160, 160, 160), sx:1, sy:1, sz:1, num_conditions:2
condition:13, metric:[  0. 150. 150.]
condition:14, metric:[  0. 150. 150.]
condition batch eval, img shape:(160, 160, 160), sx:1, sy:1, sz:1, num_conditions:2
condition:15, metric:[  0. 150. 150.]
condition:16, metric:[  0. 150. 150.]
condition batch eval, img shape:(160, 160, 160), sx:1, sy:1, sz:1, num_conditions:2
condition:17, metric:[  0. 150. 150.]
condition:18, metric:[  0. 150. 150.]
condition batch eval, img shape:(160, 160, 160), sx:1, sy:1, sz:1, num_conditions:2
condition:19, metric:[  0. 150. 150.]
condition:20, metric:[  0. 150. 150.]
condition batch eval, img shape:(160, 160, 160), sx:1, sy:1, sz:1, num_conditions:2
condition:21, metric:[  0. 150. 150.]
condition:22, metric:[  0. 150. 150.]
condition batch eval, img shape:(160, 160, 160), sx:1, sy:1, sz:1, num_conditions:2
condition:23, metric:[  0. 150. 150.]
condition:24, metric:[  0. 150. 150.]
condition batch eval, img shape:(160, 160, 160), sx:1, sy:1, sz:1, num_conditions:2
condition:25, metric:[  0. 150. 150.]
condition:26, metric:[  0. 150. 150.]
condition batch eval, img shape:(160, 160, 160), sx:1, sy:1, sz:1, num_conditions:2
condition:27, metric:[  0. 150. 150.]
condition:28, metric:[  0. 150. 150.]
condition batch eval, img shape:(160, 160, 160), sx:1, sy:1, sz:1, num_conditions:2
condition:29, metric:[  0. 150. 150.]
condition:30, metric:[  0. 150. 150.]
condition batch eval, img shape:(160, 160, 160), sx:1, sy:1, sz:1, num_conditions:1
condition:31, metric:[  0. 150. 150.]
===>test image:/projects/weilab/liupeng/projects/frameworks/nnUNet/DATASET/nnUNet_preprocessed/Dataset200_Dataset101_CellMap_model_high_res/nnUNetPlans_3d_lowres_large_patch_test/jrc_mus-liver-zon-1_crop268.npy
condition batch eval, img shape:(400, 400, 400), sx:5, sy:5, sz:5, num_conditions:2
condition:1, metric:[  0. 150. 150.]
condition:2, metric:[  0. 150. 150.]
condition batch eval, img shape:(400, 400, 400), sx:5, sy:5, sz:5, num_conditions:2
condition:3, metric:[0.85338301 0.         0.        ]
condition:4, metric:[0. 0. 0.]
condition batch eval, img shape:(400, 400, 400), sx:5, sy:5, sz:5, num_conditions:2
condition:5, metric:[  0. 150. 150.]
condition:6, metric:[  0. 150. 150.]
condition batch eval, img shape:(400, 400, 400), sx:5, sy:5, sz:5, num_conditions:2
condition:7, metric:[  0. 150. 150.]
condition:8, metric:[  0. 150. 150.]
condition batch eval, img shape:(400, 400, 400), sx:5, sy:5, sz:5, num_conditions:2
condition:9, metric:[  0. 150. 150.]
condition:10, metric:[  0. 150. 150.]
condition batch eval, img shape:(400, 400, 400), sx:5, sy:5, sz:5, num_conditions:2
condition:11, metric:[  0. 150. 150.]
condition:12, metric:[  0. 150. 150.]
condition batch eval, img shape:(400, 400, 400), sx:5, sy:5, sz:5, num_conditions:2
condition:13, metric:[  0. 150. 150.]
condition:14, metric:[  0. 150. 150.]
condition batch eval, img shape:(400, 400, 400), sx:5, sy:5, sz:5, num_conditions:2
condition:15, metric:[  0. 150. 150.]
condition:16, metric:[  0. 150. 150.]
condition batch eval, img shape:(400, 400, 400), sx:5, sy:5, sz:5, num_conditions:2
condition:17, metric:[  0. 150. 150.]
condition:18, metric:[  0. 150. 150.]
condition batch eval, img shape:(400, 400, 400), sx:5, sy:5, sz:5, num_conditions:2
condition:19, metric:[  0. 150. 150.]
condition:20, metric:[  0. 150. 150.]
condition batch eval, img shape:(400, 400, 400), sx:5, sy:5, sz:5, num_conditions:2
condition:21, metric:[  0. 150. 150.]
condition:22, metric:[  0. 150. 150.]
condition batch eval, img shape:(400, 400, 400), sx:5, sy:5, sz:5, num_conditions:2
condition:23, metric:[  0. 150. 150.]
condition:24, metric:[  0. 150. 150.]
condition batch eval, img shape:(400, 400, 400), sx:5, sy:5, sz:5, num_conditions:2
condition:25, metric:[  0. 150. 150.]
condition:26, metric:[  0. 150. 150.]
condition batch eval, img shape:(400, 400, 400), sx:5, sy:5, sz:5, num_conditions:2
condition:27, metric:[  0. 150. 150.]
condition:28, metric:[  0. 150. 150.]
condition batch eval, img shape:(400, 400, 400), sx:5, sy:5, sz:5, num_conditions:2
condition:29, metric:[  0. 150. 150.]
condition:30, metric:[  0. 150. 150.]
condition batch eval, img shape:(400, 400, 400), sx:5, sy:5, sz:5, num_conditions:1
condition:31, metric:[  0. 150. 150.]
===>test image:/projects/weilab/liupeng/projects/frameworks/nnUNet/DATASET/nnUNet_preprocessed/Dataset200_Dataset101_CellMap_model_high_res/nnUNetPlans_3d_lowres_large_patch_test/jrc_jurkat-1_crop126.npy
condition batch eval, img shape:(200, 200, 200), sx:2, sy:2, sz:2, num_conditions:2
condition:1, metric:[0.0057452 0.        0.       ]
condition:2, metric:[  0. 150. 150.]
condition batch eval, img shape:(200, 200, 200), sx:2, sy:2, sz:2, num_conditions:2
condition:3, metric:[0.59043848 0.         0.        ]
condition:4, metric:[  0. 150. 150.]
condition batch eval, img shape:(200, 200, 200), sx:2, sy:2, sz:2, num_conditions:2
condition:5, metric:[  0. 150. 150.]
condition:6, metric:[  0. 150. 150.]
condition batch eval, img shape:(200, 200, 200), sx:2, sy:2, sz:2, num_conditions:2
condition:7, metric:[  0. 150. 150.]
condition:8, metric:[  0. 150. 150.]
condition batch eval, img shape:(200, 200, 200), sx:2, sy:2, sz:2, num_conditions:2
condition:9, metric:[  0. 150. 150.]
condition:10, metric:[  0. 150. 150.]
condition batch eval, img shape:(200, 200, 200), sx:2, sy:2, sz:2, num_conditions:2
condition:11, metric:[  0. 150. 150.]
condition:12, metric:[  0. 150. 150.]
condition batch eval, img shape:(200, 200, 200), sx:2, sy:2, sz:2, num_conditions:2
condition:13, metric:[  0. 150. 150.]
condition:14, metric:[  0. 150. 150.]
condition batch eval, img shape:(200, 200, 200), sx:2, sy:2, sz:2, num_conditions:2
condition:15, metric:[  0. 150. 150.]
condition:16, metric:[  0. 150. 150.]
condition batch eval, img shape:(200, 200, 200), sx:2, sy:2, sz:2, num_conditions:2
condition:17, metric:[  0. 150. 150.]
condition:18, metric:[  0. 150. 150.]
condition batch eval, img shape:(200, 200, 200), sx:2, sy:2, sz:2, num_conditions:2
condition:19, metric:[  0. 150. 150.]
condition:20, metric:[  0. 150. 150.]
condition batch eval, img shape:(200, 200, 200), sx:2, sy:2, sz:2, num_conditions:2
condition:21, metric:[  0. 150. 150.]
condition:22, metric:[  0. 150. 150.]
condition batch eval, img shape:(200, 200, 200), sx:2, sy:2, sz:2, num_conditions:2
condition:23, metric:[  0. 150. 150.]
condition:24, metric:[  0. 150. 150.]
condition batch eval, img shape:(200, 200, 200), sx:2, sy:2, sz:2, num_conditions:2
condition:25, metric:[  0. 150. 150.]
condition:26, metric:[  0. 150. 150.]
condition batch eval, img shape:(200, 200, 200), sx:2, sy:2, sz:2, num_conditions:2
condition:27, metric:[  0. 150. 150.]
condition:28, metric:[  0. 150. 150.]
condition batch eval, img shape:(200, 200, 200), sx:2, sy:2, sz:2, num_conditions:2
condition:29, metric:[  0. 150. 150.]
condition:30, metric:[  0. 150. 150.]
condition batch eval, img shape:(200, 200, 200), sx:2, sy:2, sz:2, num_conditions:1
condition:31, metric:[  0. 150. 150.]
Validation end
avg metric shape: (31, 3)
iteration 15200 : model2_dice_score : 0.028679 model2_hd95 : 141.532258
save model to ../model/CellMap_202_CondBaseline_cond_baseline_cellmap_highres_SGD_SGD/unet_3D_old/model2_iter_15200.pth
iteration 15220 : loss : 0.231799  loss_ce : 0.301195  loss_dice : 0.162403
iteration 15240 : loss : 0.324416  loss_ce : 0.439718  loss_dice : 0.209113
iteration 15260 : loss : 0.640197  loss_ce : 0.984003  loss_dice : 0.296392
iteration 15280 : loss : 0.190234  loss_ce : 0.257685  loss_dice : 0.122782
iteration 15300 : loss : 0.232488  loss_ce : 0.340708  loss_dice : 0.124267
iteration 15320 : loss : 0.162454  loss_ce : 0.236101  loss_dice : 0.088807
iteration 15340 : loss : 0.125870  loss_ce : 0.190656  loss_dice : 0.061083
iteration 15360 : loss : 0.274693  loss_ce : 0.133015  loss_dice : 0.416371
iteration 15380 : loss : 0.379116  loss_ce : 0.529710  loss_dice : 0.228523
iteration 15400 : loss : 0.186276  loss_ce : 0.264770  loss_dice : 0.107783
iteration 15420 : loss : 0.274007  loss_ce : 0.300780  loss_dice : 0.247234
iteration 15440 : loss : 0.291335  loss_ce : 0.080711  loss_dice : 0.501959
iteration 15460 : loss : 0.166231  loss_ce : 0.200533  loss_dice : 0.131929
iteration 15480 : loss : 0.064162  loss_ce : 0.102526  loss_dice : 0.025798
iteration 15500 : loss : 0.238888  loss_ce : 0.339311  loss_dice : 0.138466
iteration 15520 : loss : 0.213609  loss_ce : 0.314221  loss_dice : 0.112997
iteration 15540 : loss : 0.028181  loss_ce : 0.049441  loss_dice : 0.006921
iteration 15560 : loss : 0.290748  loss_ce : 0.232401  loss_dice : 0.349095
iteration 15580 : loss : 0.302709  loss_ce : 0.440242  loss_dice : 0.165177
iteration 15600 : loss : 0.291457  loss_ce : 0.371137  loss_dice : 0.211777
began evaluation!
iteration 15600: validation sampled 4/17 cases
Total test images: 4
Validation begin
===>test image:/projects/weilab/liupeng/projects/frameworks/nnUNet/DATASET/nnUNet_preprocessed/Dataset200_Dataset101_CellMap_model_high_res/nnUNetPlans_3d_lowres_large_patch_test/jrc_mus-liver-zon-1_crop266.npy
condition batch eval, img shape:(400, 400, 400), sx:5, sy:5, sz:5, num_conditions:2
condition:1, metric:[  0. 150. 150.]
condition:2, metric:[  0. 150. 150.]
condition batch eval, img shape:(400, 400, 400), sx:5, sy:5, sz:5, num_conditions:2
condition:3, metric:[0.7005755 0.        0.       ]
condition:4, metric:[  0. 150. 150.]
condition batch eval, img shape:(400, 400, 400), sx:5, sy:5, sz:5, num_conditions:2
condition:5, metric:[  0. 150. 150.]
condition:6, metric:[  0. 150. 150.]
condition batch eval, img shape:(400, 400, 400), sx:5, sy:5, sz:5, num_conditions:2
condition:7, metric:[  0. 150. 150.]
condition:8, metric:[  0. 150. 150.]
condition batch eval, img shape:(400, 400, 400), sx:5, sy:5, sz:5, num_conditions:2
condition:9, metric:[  0. 150. 150.]
condition:10, metric:[  0. 150. 150.]
condition batch eval, img shape:(400, 400, 400), sx:5, sy:5, sz:5, num_conditions:2
condition:11, metric:[  0. 150. 150.]
condition:12, metric:[  0. 150. 150.]
condition batch eval, img shape:(400, 400, 400), sx:5, sy:5, sz:5, num_conditions:2
condition:13, metric:[  0. 150. 150.]
condition:14, metric:[  0. 150. 150.]
condition batch eval, img shape:(400, 400, 400), sx:5, sy:5, sz:5, num_conditions:2
condition:15, metric:[  0. 150. 150.]
condition:16, metric:[  0. 150. 150.]
condition batch eval, img shape:(400, 400, 400), sx:5, sy:5, sz:5, num_conditions:2
condition:17, metric:[  0. 150. 150.]
condition:18, metric:[  0. 150. 150.]
condition batch eval, img shape:(400, 400, 400), sx:5, sy:5, sz:5, num_conditions:2
condition:19, metric:[  0. 150. 150.]
condition:20, metric:[  0. 150. 150.]
condition batch eval, img shape:(400, 400, 400), sx:5, sy:5, sz:5, num_conditions:2
condition:21, metric:[  0. 150. 150.]
condition:22, metric:[  0. 150. 150.]
condition batch eval, img shape:(400, 400, 400), sx:5, sy:5, sz:5, num_conditions:2
condition:23, metric:[  0. 150. 150.]
condition:24, metric:[  0. 150. 150.]
condition batch eval, img shape:(400, 400, 400), sx:5, sy:5, sz:5, num_conditions:2
condition:25, metric:[  0. 150. 150.]
condition:26, metric:[  0. 150. 150.]
condition batch eval, img shape:(400, 400, 400), sx:5, sy:5, sz:5, num_conditions:2
condition:27, metric:[0.23752087 0.         0.        ]
condition:28, metric:[  0. 150. 150.]
condition batch eval, img shape:(400, 400, 400), sx:5, sy:5, sz:5, num_conditions:2
condition:29, metric:[  0. 150. 150.]
condition:30, metric:[  0. 150. 150.]
condition batch eval, img shape:(400, 400, 400), sx:5, sy:5, sz:5, num_conditions:1
condition:31, metric:[  0. 150. 150.]
===>test image:/projects/weilab/liupeng/projects/frameworks/nnUNet/DATASET/nnUNet_preprocessed/Dataset200_Dataset101_CellMap_model_high_res/nnUNetPlans_3d_lowres_large_patch_test/jrc_cos7-1b_crop235.npy
condition batch eval, img shape:(200, 200, 200), sx:2, sy:2, sz:2, num_conditions:2
condition:1, metric:[0.01549553 0.         0.        ]
condition:2, metric:[  0. 150. 150.]
condition batch eval, img shape:(200, 200, 200), sx:2, sy:2, sz:2, num_conditions:2
condition:3, metric:[0.85054404 0.         0.        ]
condition:4, metric:[  0. 150. 150.]
condition batch eval, img shape:(200, 200, 200), sx:2, sy:2, sz:2, num_conditions:2
condition:5, metric:[  0. 150. 150.]
condition:6, metric:[  0. 150. 150.]
condition batch eval, img shape:(200, 200, 200), sx:2, sy:2, sz:2, num_conditions:2
condition:7, metric:[  0. 150. 150.]
condition:8, metric:[  0. 150. 150.]
condition batch eval, img shape:(200, 200, 200), sx:2, sy:2, sz:2, num_conditions:2
condition:9, metric:[  0. 150. 150.]
condition:10, metric:[  0. 150. 150.]
condition batch eval, img shape:(200, 200, 200), sx:2, sy:2, sz:2, num_conditions:2
condition:11, metric:[  0. 150. 150.]
condition:12, metric:[  0. 150. 150.]
condition batch eval, img shape:(200, 200, 200), sx:2, sy:2, sz:2, num_conditions:2
condition:13, metric:[  0. 150. 150.]
condition:14, metric:[  0. 150. 150.]
condition batch eval, img shape:(200, 200, 200), sx:2, sy:2, sz:2, num_conditions:2
condition:15, metric:[  0. 150. 150.]
condition:16, metric:[  0. 150. 150.]
condition batch eval, img shape:(200, 200, 200), sx:2, sy:2, sz:2, num_conditions:2
condition:17, metric:[  0. 150. 150.]
condition:18, metric:[  0. 150. 150.]
condition batch eval, img shape:(200, 200, 200), sx:2, sy:2, sz:2, num_conditions:2
condition:19, metric:[  0. 150. 150.]
condition:20, metric:[  0. 150. 150.]
condition batch eval, img shape:(200, 200, 200), sx:2, sy:2, sz:2, num_conditions:2
condition:21, metric:[  0. 150. 150.]
condition:22, metric:[  0. 150. 150.]
condition batch eval, img shape:(200, 200, 200), sx:2, sy:2, sz:2, num_conditions:2
condition:23, metric:[  0. 150. 150.]
condition:24, metric:[  0. 150. 150.]
condition batch eval, img shape:(200, 200, 200), sx:2, sy:2, sz:2, num_conditions:2
condition:25, metric:[  0. 150. 150.]
condition:26, metric:[  0. 150. 150.]
condition batch eval, img shape:(200, 200, 200), sx:2, sy:2, sz:2, num_conditions:2
condition:27, metric:[  0. 150. 150.]
condition:28, metric:[  0. 150. 150.]
condition batch eval, img shape:(200, 200, 200), sx:2, sy:2, sz:2, num_conditions:2
condition:29, metric:[  0. 150. 150.]
condition:30, metric:[  0. 150. 150.]
condition batch eval, img shape:(200, 200, 200), sx:2, sy:2, sz:2, num_conditions:1
condition:31, metric:[  0. 150. 150.]
===>test image:/projects/weilab/liupeng/projects/frameworks/nnUNet/DATASET/nnUNet_preprocessed/Dataset200_Dataset101_CellMap_model_high_res/nnUNetPlans_3d_lowres_large_patch_test/jrc_cos7-1a_crop236.npy
condition batch eval, img shape:(200, 200, 200), sx:2, sy:2, sz:2, num_conditions:2
condition:1, metric:[  0. 150. 150.]
condition:2, metric:[  0. 150. 150.]
condition batch eval, img shape:(200, 200, 200), sx:2, sy:2, sz:2, num_conditions:2
condition:3, metric:[0.86750565 0.         0.        ]
condition:4, metric:[  0. 150. 150.]
condition batch eval, img shape:(200, 200, 200), sx:2, sy:2, sz:2, num_conditions:2
condition:5, metric:[  0. 150. 150.]
condition:6, metric:[  0. 150. 150.]
condition batch eval, img shape:(200, 200, 200), sx:2, sy:2, sz:2, num_conditions:2
condition:7, metric:[  0. 150. 150.]
condition:8, metric:[  0. 150. 150.]
condition batch eval, img shape:(200, 200, 200), sx:2, sy:2, sz:2, num_conditions:2
condition:9, metric:[  0. 150. 150.]
condition:10, metric:[  0. 150. 150.]
condition batch eval, img shape:(200, 200, 200), sx:2, sy:2, sz:2, num_conditions:2
condition:11, metric:[  0. 150. 150.]
condition:12, metric:[  0. 150. 150.]
condition batch eval, img shape:(200, 200, 200), sx:2, sy:2, sz:2, num_conditions:2
condition:13, metric:[  0. 150. 150.]
condition:14, metric:[  0. 150. 150.]
condition batch eval, img shape:(200, 200, 200), sx:2, sy:2, sz:2, num_conditions:2
condition:15, metric:[  0. 150. 150.]
condition:16, metric:[  0. 150. 150.]
condition batch eval, img shape:(200, 200, 200), sx:2, sy:2, sz:2, num_conditions:2
condition:17, metric:[  0. 150. 150.]
condition:18, metric:[  0. 150. 150.]
condition batch eval, img shape:(200, 200, 200), sx:2, sy:2, sz:2, num_conditions:2
condition:19, metric:[  0. 150. 150.]
condition:20, metric:[  0. 150. 150.]
condition batch eval, img shape:(200, 200, 200), sx:2, sy:2, sz:2, num_conditions:2
condition:21, metric:[  0. 150. 150.]
condition:22, metric:[  0. 150. 150.]
condition batch eval, img shape:(200, 200, 200), sx:2, sy:2, sz:2, num_conditions:2
condition:23, metric:[  0. 150. 150.]
condition:24, metric:[  0. 150. 150.]
condition batch eval, img shape:(200, 200, 200), sx:2, sy:2, sz:2, num_conditions:2
condition:25, metric:[  0. 150. 150.]
condition:26, metric:[  0. 150. 150.]
condition batch eval, img shape:(200, 200, 200), sx:2, sy:2, sz:2, num_conditions:2
condition:27, metric:[  0. 150. 150.]
condition:28, metric:[  0. 150. 150.]
condition batch eval, img shape:(200, 200, 200), sx:2, sy:2, sz:2, num_conditions:2
condition:29, metric:[  0. 150. 150.]
condition:30, metric:[  0. 150. 150.]
condition batch eval, img shape:(200, 200, 200), sx:2, sy:2, sz:2, num_conditions:1
condition:31, metric:[  0. 150. 150.]
===>test image:/projects/weilab/liupeng/projects/frameworks/nnUNet/DATASET/nnUNet_preprocessed/Dataset200_Dataset101_CellMap_model_high_res/nnUNetPlans_3d_lowres_large_patch_test/jrc_macrophage-2_crop31.npy
condition batch eval, img shape:(160, 160, 160), sx:1, sy:1, sz:1, num_conditions:2
condition:1, metric:[0.09786022 0.         0.        ]
condition:2, metric:[  0. 150. 150.]
condition batch eval, img shape:(160, 160, 160), sx:1, sy:1, sz:1, num_conditions:2
condition:3, metric:[0.79529951 0.         0.        ]
condition:4, metric:[  0. 150. 150.]
condition batch eval, img shape:(160, 160, 160), sx:1, sy:1, sz:1, num_conditions:2
condition:5, metric:[  0. 150. 150.]
condition:6, metric:[  0. 150. 150.]
condition batch eval, img shape:(160, 160, 160), sx:1, sy:1, sz:1, num_conditions:2
condition:7, metric:[  0. 150. 150.]
condition:8, metric:[  0. 150. 150.]
condition batch eval, img shape:(160, 160, 160), sx:1, sy:1, sz:1, num_conditions:2
condition:9, metric:[  0. 150. 150.]
condition:10, metric:[  0. 150. 150.]
condition batch eval, img shape:(160, 160, 160), sx:1, sy:1, sz:1, num_conditions:2
condition:11, metric:[  0. 150. 150.]
condition:12, metric:[  0. 150. 150.]
condition batch eval, img shape:(160, 160, 160), sx:1, sy:1, sz:1, num_conditions:2
condition:13, metric:[  0. 150. 150.]
condition:14, metric:[  0. 150. 150.]
condition batch eval, img shape:(160, 160, 160), sx:1, sy:1, sz:1, num_conditions:2
condition:15, metric:[  0. 150. 150.]
condition:16, metric:[  0. 150. 150.]
condition batch eval, img shape:(160, 160, 160), sx:1, sy:1, sz:1, num_conditions:2
condition:17, metric:[  0. 150. 150.]
condition:18, metric:[  0. 150. 150.]
condition batch eval, img shape:(160, 160, 160), sx:1, sy:1, sz:1, num_conditions:2
condition:19, metric:[  0. 150. 150.]
condition:20, metric:[  0. 150. 150.]
condition batch eval, img shape:(160, 160, 160), sx:1, sy:1, sz:1, num_conditions:2
condition:21, metric:[  0. 150. 150.]
condition:22, metric:[  0. 150. 150.]
condition batch eval, img shape:(160, 160, 160), sx:1, sy:1, sz:1, num_conditions:2
condition:23, metric:[  0. 150. 150.]
condition:24, metric:[  0. 150. 150.]
condition batch eval, img shape:(160, 160, 160), sx:1, sy:1, sz:1, num_conditions:2
condition:25, metric:[  0. 150. 150.]
condition:26, metric:[  0. 150. 150.]
condition batch eval, img shape:(160, 160, 160), sx:1, sy:1, sz:1, num_conditions:2
condition:27, metric:[  0. 150. 150.]
condition:28, metric:[  0. 150. 150.]
condition batch eval, img shape:(160, 160, 160), sx:1, sy:1, sz:1, num_conditions:2
condition:29, metric:[  0. 150. 150.]
condition:30, metric:[  0. 150. 150.]
condition batch eval, img shape:(160, 160, 160), sx:1, sy:1, sz:1, num_conditions:1
condition:31, metric:[  0. 150. 150.]
Validation end
avg metric shape: (31, 3)
iteration 15600 : model2_dice_score : 0.028748 model2_hd95 : 141.532258
save model to ../model/CellMap_202_CondBaseline_cond_baseline_cellmap_highres_SGD_SGD/unet_3D_old/model2_iter_15600.pth
iteration 15620 : loss : 0.113023  loss_ce : 0.170970  loss_dice : 0.055076
iteration 15640 : loss : 0.244511  loss_ce : 0.076870  loss_dice : 0.412151
iteration 15660 : loss : 0.077346  loss_ce : 0.121475  loss_dice : 0.033216
iteration 15680 : loss : 0.410364  loss_ce : 0.527297  loss_dice : 0.293431
iteration 15700 : loss : 0.288123  loss_ce : 0.419740  loss_dice : 0.156507
iteration 15720 : loss : 0.303050  loss_ce : 0.102952  loss_dice : 0.503148
iteration 15740 : loss : 0.389449  loss_ce : 0.506960  loss_dice : 0.271938
iteration 15760 : loss : 0.276232  loss_ce : 0.051543  loss_dice : 0.500921
iteration 15780 : loss : 0.108018  loss_ce : 0.162312  loss_dice : 0.053724
iteration 15800 : loss : 0.299455  loss_ce : 0.410490  loss_dice : 0.188421
iteration 15820 : loss : 0.367158  loss_ce : 0.365609  loss_dice : 0.368706
iteration 15840 : loss : 0.093177  loss_ce : 0.130349  loss_dice : 0.056005
iteration 15860 : loss : 0.231808  loss_ce : 0.326349  loss_dice : 0.137267
iteration 15880 : loss : 0.023311  loss_ce : 0.040592  loss_dice : 0.006029
iteration 15900 : loss : 0.235870  loss_ce : 0.316362  loss_dice : 0.155379
iteration 15920 : loss : 0.282018  loss_ce : 0.403668  loss_dice : 0.160369
iteration 15940 : loss : 0.253880  loss_ce : 0.323601  loss_dice : 0.184159
iteration 15960 : loss : 0.145545  loss_ce : 0.200598  loss_dice : 0.090491
iteration 15980 : loss : 0.236337  loss_ce : 0.327670  loss_dice : 0.145005
iteration 16000 : loss : 0.472988  loss_ce : 0.661007  loss_dice : 0.284968
began evaluation!
iteration 16000: validation sampled 4/17 cases
Total test images: 4
Validation begin
===>test image:/projects/weilab/liupeng/projects/frameworks/nnUNet/DATASET/nnUNet_preprocessed/Dataset200_Dataset101_CellMap_model_high_res/nnUNetPlans_3d_lowres_large_patch_test/jrc_hela-3_crop50.npy
condition batch eval, img shape:(256, 256, 256), sx:3, sy:3, sz:3, num_conditions:2
condition:1, metric:[0.31691451 0.         0.        ]
condition:2, metric:[  0. 150. 150.]
condition batch eval, img shape:(256, 256, 256), sx:3, sy:3, sz:3, num_conditions:2
condition:3, metric:[0.88814068 0.         0.        ]
condition:4, metric:[  0. 150. 150.]
condition batch eval, img shape:(256, 256, 256), sx:3, sy:3, sz:3, num_conditions:2
condition:5, metric:[  0. 150. 150.]
condition:6, metric:[  0. 150. 150.]
condition batch eval, img shape:(256, 256, 256), sx:3, sy:3, sz:3, num_conditions:2
condition:7, metric:[  0. 150. 150.]
condition:8, metric:[  0. 150. 150.]
condition batch eval, img shape:(256, 256, 256), sx:3, sy:3, sz:3, num_conditions:2
condition:9, metric:[  0. 150. 150.]
condition:10, metric:[  0. 150. 150.]
condition batch eval, img shape:(256, 256, 256), sx:3, sy:3, sz:3, num_conditions:2
condition:11, metric:[  0. 150. 150.]
condition:12, metric:[  0. 150. 150.]
condition batch eval, img shape:(256, 256, 256), sx:3, sy:3, sz:3, num_conditions:2
condition:13, metric:[  0. 150. 150.]
condition:14, metric:[  0. 150. 150.]
condition batch eval, img shape:(256, 256, 256), sx:3, sy:3, sz:3, num_conditions:2
condition:15, metric:[  0. 150. 150.]
condition:16, metric:[  0. 150. 150.]
condition batch eval, img shape:(256, 256, 256), sx:3, sy:3, sz:3, num_conditions:2
condition:17, metric:[  0. 150. 150.]
condition:18, metric:[  0. 150. 150.]
condition batch eval, img shape:(256, 256, 256), sx:3, sy:3, sz:3, num_conditions:2
condition:19, metric:[  0. 150. 150.]
condition:20, metric:[  0. 150. 150.]
condition batch eval, img shape:(256, 256, 256), sx:3, sy:3, sz:3, num_conditions:2
condition:21, metric:[  0. 150. 150.]
condition:22, metric:[  0. 150. 150.]
condition batch eval, img shape:(256, 256, 256), sx:3, sy:3, sz:3, num_conditions:2
condition:23, metric:[  0. 150. 150.]
condition:24, metric:[  0. 150. 150.]
condition batch eval, img shape:(256, 256, 256), sx:3, sy:3, sz:3, num_conditions:2
condition:25, metric:[  0. 150. 150.]
condition:26, metric:[  0. 150. 150.]
condition batch eval, img shape:(256, 256, 256), sx:3, sy:3, sz:3, num_conditions:2
condition:27, metric:[  0. 150. 150.]
condition:28, metric:[  0. 150. 150.]
condition batch eval, img shape:(256, 256, 256), sx:3, sy:3, sz:3, num_conditions:2
condition:29, metric:[  0. 150. 150.]
condition:30, metric:[  0. 150. 150.]
condition batch eval, img shape:(256, 256, 256), sx:3, sy:3, sz:3, num_conditions:1
condition:31, metric:[  0. 150. 150.]
===>test image:/projects/weilab/liupeng/projects/frameworks/nnUNet/DATASET/nnUNet_preprocessed/Dataset200_Dataset101_CellMap_model_high_res/nnUNetPlans_3d_lowres_large_patch_test/jrc_mus-liver_crop125.npy
condition batch eval, img shape:(400, 400, 400), sx:5, sy:5, sz:5, num_conditions:2
condition:1, metric:[0.76646046 0.         0.        ]
condition:2, metric:[  0. 150. 150.]
condition batch eval, img shape:(400, 400, 400), sx:5, sy:5, sz:5, num_conditions:2
condition:3, metric:[0.50334955 0.         0.        ]
condition:4, metric:[  0. 150. 150.]
condition batch eval, img shape:(400, 400, 400), sx:5, sy:5, sz:5, num_conditions:2
condition:5, metric:[  0. 150. 150.]
condition:6, metric:[  0. 150. 150.]
condition batch eval, img shape:(400, 400, 400), sx:5, sy:5, sz:5, num_conditions:2
condition:7, metric:[  0. 150. 150.]
condition:8, metric:[  0. 150. 150.]
condition batch eval, img shape:(400, 400, 400), sx:5, sy:5, sz:5, num_conditions:2
condition:9, metric:[  0. 150. 150.]
condition:10, metric:[  0. 150. 150.]
condition batch eval, img shape:(400, 400, 400), sx:5, sy:5, sz:5, num_conditions:2
condition:11, metric:[  0. 150. 150.]
condition:12, metric:[  0. 150. 150.]
condition batch eval, img shape:(400, 400, 400), sx:5, sy:5, sz:5, num_conditions:2
condition:13, metric:[  0. 150. 150.]
condition:14, metric:[  0. 150. 150.]
condition batch eval, img shape:(400, 400, 400), sx:5, sy:5, sz:5, num_conditions:2
condition:15, metric:[  0. 150. 150.]
condition:16, metric:[  0. 150. 150.]
condition batch eval, img shape:(400, 400, 400), sx:5, sy:5, sz:5, num_conditions:2
condition:17, metric:[  0. 150. 150.]
condition:18, metric:[  0. 150. 150.]
condition batch eval, img shape:(400, 400, 400), sx:5, sy:5, sz:5, num_conditions:2
condition:19, metric:[  0. 150. 150.]
condition:20, metric:[  0. 150. 150.]
condition batch eval, img shape:(400, 400, 400), sx:5, sy:5, sz:5, num_conditions:2
condition:21, metric:[  0. 150. 150.]
condition:22, metric:[  0. 150. 150.]
condition batch eval, img shape:(400, 400, 400), sx:5, sy:5, sz:5, num_conditions:2
condition:23, metric:[  0. 150. 150.]
condition:24, metric:[  0. 150. 150.]
condition batch eval, img shape:(400, 400, 400), sx:5, sy:5, sz:5, num_conditions:2
condition:25, metric:[  0. 150. 150.]
condition:26, metric:[  0. 150. 150.]
condition batch eval, img shape:(400, 400, 400), sx:5, sy:5, sz:5, num_conditions:2
condition:27, metric:[  0. 150. 150.]
condition:28, metric:[  0. 150. 150.]
condition batch eval, img shape:(400, 400, 400), sx:5, sy:5, sz:5, num_conditions:2
condition:29, metric:[  0. 150. 150.]
condition:30, metric:[  0. 150. 150.]
condition batch eval, img shape:(400, 400, 400), sx:5, sy:5, sz:5, num_conditions:1
condition:31, metric:[  0. 150. 150.]
===>test image:/projects/weilab/liupeng/projects/frameworks/nnUNet/DATASET/nnUNet_preprocessed/Dataset200_Dataset101_CellMap_model_high_res/nnUNetPlans_3d_lowres_large_patch_test/jrc_fly-vnc-1_crop174.npy
condition batch eval, img shape:(200, 200, 200), sx:2, sy:2, sz:2, num_conditions:2
condition:1, metric:[0.20594343 0.         0.        ]
condition:2, metric:[  0. 150. 150.]
condition batch eval, img shape:(200, 200, 200), sx:2, sy:2, sz:2, num_conditions:2
condition:3, metric:[0.6678054 0.        0.       ]
condition:4, metric:[  0. 150. 150.]
condition batch eval, img shape:(200, 200, 200), sx:2, sy:2, sz:2, num_conditions:2
condition:5, metric:[  0. 150. 150.]
condition:6, metric:[  0. 150. 150.]
condition batch eval, img shape:(200, 200, 200), sx:2, sy:2, sz:2, num_conditions:2
condition:7, metric:[  0. 150. 150.]
condition:8, metric:[  0. 150. 150.]
condition batch eval, img shape:(200, 200, 200), sx:2, sy:2, sz:2, num_conditions:2
condition:9, metric:[  0. 150. 150.]
condition:10, metric:[  0. 150. 150.]
condition batch eval, img shape:(200, 200, 200), sx:2, sy:2, sz:2, num_conditions:2
condition:11, metric:[  0. 150. 150.]
condition:12, metric:[  0. 150. 150.]
condition batch eval, img shape:(200, 200, 200), sx:2, sy:2, sz:2, num_conditions:2
condition:13, metric:[  0. 150. 150.]
condition:14, metric:[  0. 150. 150.]
condition batch eval, img shape:(200, 200, 200), sx:2, sy:2, sz:2, num_conditions:2
condition:15, metric:[  0. 150. 150.]
condition:16, metric:[  0. 150. 150.]
condition batch eval, img shape:(200, 200, 200), sx:2, sy:2, sz:2, num_conditions:2
condition:17, metric:[  0. 150. 150.]
condition:18, metric:[  0. 150. 150.]
condition batch eval, img shape:(200, 200, 200), sx:2, sy:2, sz:2, num_conditions:2
condition:19, metric:[  0. 150. 150.]
condition:20, metric:[  0. 150. 150.]
condition batch eval, img shape:(200, 200, 200), sx:2, sy:2, sz:2, num_conditions:2
condition:21, metric:[  0. 150. 150.]
condition:22, metric:[  0. 150. 150.]
condition batch eval, img shape:(200, 200, 200), sx:2, sy:2, sz:2, num_conditions:2
condition:23, metric:[  0. 150. 150.]
condition:24, metric:[  0. 150. 150.]
condition batch eval, img shape:(200, 200, 200), sx:2, sy:2, sz:2, num_conditions:2
condition:25, metric:[  0. 150. 150.]
condition:26, metric:[  0. 150. 150.]
condition batch eval, img shape:(200, 200, 200), sx:2, sy:2, sz:2, num_conditions:2
condition:27, metric:[  0. 150. 150.]
condition:28, metric:[  0. 150. 150.]
condition batch eval, img shape:(200, 200, 200), sx:2, sy:2, sz:2, num_conditions:2
condition:29, metric:[  0. 150. 150.]
condition:30, metric:[  0. 150. 150.]
condition batch eval, img shape:(200, 200, 200), sx:2, sy:2, sz:2, num_conditions:1
condition:31, metric:[  0. 150. 150.]
===>test image:/projects/weilab/liupeng/projects/frameworks/nnUNet/DATASET/nnUNet_preprocessed/Dataset200_Dataset101_CellMap_model_high_res/nnUNetPlans_3d_lowres_large_patch_test/jrc_mus-liver-zon-2_crop342.npy
condition batch eval, img shape:(400, 400, 400), sx:5, sy:5, sz:5, num_conditions:2
condition:1, metric:[0.46879293 0.         0.        ]
condition:2, metric:[  0. 150. 150.]
condition batch eval, img shape:(400, 400, 400), sx:5, sy:5, sz:5, num_conditions:2
condition:3, metric:[0.64380461 0.         0.        ]
condition:4, metric:[  0. 150. 150.]
condition batch eval, img shape:(400, 400, 400), sx:5, sy:5, sz:5, num_conditions:2
condition:5, metric:[  0. 150. 150.]
condition:6, metric:[  0. 150. 150.]
condition batch eval, img shape:(400, 400, 400), sx:5, sy:5, sz:5, num_conditions:2
condition:7, metric:[  0. 150. 150.]
condition:8, metric:[  0. 150. 150.]
condition batch eval, img shape:(400, 400, 400), sx:5, sy:5, sz:5, num_conditions:2
condition:9, metric:[  0. 150. 150.]
condition:10, metric:[  0. 150. 150.]
condition batch eval, img shape:(400, 400, 400), sx:5, sy:5, sz:5, num_conditions:2
condition:11, metric:[  0. 150. 150.]
condition:12, metric:[  0. 150. 150.]
condition batch eval, img shape:(400, 400, 400), sx:5, sy:5, sz:5, num_conditions:2
condition:13, metric:[  0. 150. 150.]
condition:14, metric:[  0. 150. 150.]
condition batch eval, img shape:(400, 400, 400), sx:5, sy:5, sz:5, num_conditions:2
condition:15, metric:[  0. 150. 150.]
condition:16, metric:[  0. 150. 150.]
condition batch eval, img shape:(400, 400, 400), sx:5, sy:5, sz:5, num_conditions:2
condition:17, metric:[  0. 150. 150.]
condition:18, metric:[  0. 150. 150.]
condition batch eval, img shape:(400, 400, 400), sx:5, sy:5, sz:5, num_conditions:2
condition:19, metric:[  0. 150. 150.]
condition:20, metric:[  0. 150. 150.]
condition batch eval, img shape:(400, 400, 400), sx:5, sy:5, sz:5, num_conditions:2
condition:21, metric:[  0. 150. 150.]
condition:22, metric:[  0. 150. 150.]
condition batch eval, img shape:(400, 400, 400), sx:5, sy:5, sz:5, num_conditions:2
condition:23, metric:[  0. 150. 150.]
condition:24, metric:[  0. 150. 150.]
condition batch eval, img shape:(400, 400, 400), sx:5, sy:5, sz:5, num_conditions:2
condition:25, metric:[  0. 150. 150.]
condition:26, metric:[  0. 150. 150.]
condition batch eval, img shape:(400, 400, 400), sx:5, sy:5, sz:5, num_conditions:2
condition:27, metric:[0.21524666 0.         0.        ]
condition:28, metric:[  0. 150. 150.]
condition batch eval, img shape:(400, 400, 400), sx:5, sy:5, sz:5, num_conditions:2
condition:29, metric:[  0. 150. 150.]
condition:30, metric:[  0. 150. 150.]
condition batch eval, img shape:(400, 400, 400), sx:5, sy:5, sz:5, num_conditions:1
condition:31, metric:[  0. 150. 150.]
Validation end
avg metric shape: (31, 3)
save model to ../model/CellMap_202_CondBaseline_cond_baseline_cellmap_highres_SGD_SGD/unet_3D_old/iter_16000_dice_0.0377
iteration 16000 : model2_dice_score : 0.037713 model2_hd95 : 139.112903
save model to ../model/CellMap_202_CondBaseline_cond_baseline_cellmap_highres_SGD_SGD/unet_3D_old/model2_iter_16000.pth
iteration 16020 : loss : 0.116714  loss_ce : 0.137670  loss_dice : 0.095759
iteration 16040 : loss : 0.309350  loss_ce : 0.270353  loss_dice : 0.348346
iteration 16060 : loss : 0.212225  loss_ce : 0.217759  loss_dice : 0.206691
iteration 16080 : loss : 0.297924  loss_ce : 0.411676  loss_dice : 0.184172
iteration 16100 : loss : 0.047796  loss_ce : 0.082475  loss_dice : 0.013117
iteration 16120 : loss : 0.258587  loss_ce : 0.286256  loss_dice : 0.230918
iteration 16140 : loss : 0.263221  loss_ce : 0.373276  loss_dice : 0.153166
iteration 16160 : loss : 0.200771  loss_ce : 0.304289  loss_dice : 0.097253
iteration 16180 : loss : 0.163857  loss_ce : 0.206562  loss_dice : 0.121151
iteration 16200 : loss : 0.246470  loss_ce : 0.351120  loss_dice : 0.141820
iteration 16220 : loss : 0.374606  loss_ce : 0.349585  loss_dice : 0.399626
iteration 16240 : loss : 0.131232  loss_ce : 0.195901  loss_dice : 0.066562
iteration 16260 : loss : 0.067647  loss_ce : 0.109027  loss_dice : 0.026268
iteration 16280 : loss : 0.227820  loss_ce : 0.126819  loss_dice : 0.328821
iteration 16300 : loss : 0.362701  loss_ce : 0.515161  loss_dice : 0.210240
iteration 16320 : loss : 0.246494  loss_ce : 0.348130  loss_dice : 0.144858
iteration 16340 : loss : 0.265972  loss_ce : 0.393026  loss_dice : 0.138918
iteration 16360 : loss : 0.446112  loss_ce : 0.571390  loss_dice : 0.320835
iteration 16380 : loss : 0.170779  loss_ce : 0.235721  loss_dice : 0.105837
iteration 16400 : loss : 0.249352  loss_ce : 0.205419  loss_dice : 0.293284
began evaluation!
iteration 16400: validation sampled 4/17 cases
Total test images: 4
Validation begin
===>test image:/projects/weilab/liupeng/projects/frameworks/nnUNet/DATASET/nnUNet_preprocessed/Dataset200_Dataset101_CellMap_model_high_res/nnUNetPlans_3d_lowres_large_patch_test/jrc_mus-liver-zon-1_crop266.npy
condition batch eval, img shape:(400, 400, 400), sx:5, sy:5, sz:5, num_conditions:2
condition:1, metric:[  0. 150. 150.]
condition:2, metric:[  0. 150. 150.]
condition batch eval, img shape:(400, 400, 400), sx:5, sy:5, sz:5, num_conditions:2
condition:3, metric:[0.68177423 0.         0.        ]
condition:4, metric:[  0. 150. 150.]
condition batch eval, img shape:(400, 400, 400), sx:5, sy:5, sz:5, num_conditions:2
condition:5, metric:[  0. 150. 150.]
condition:6, metric:[  0. 150. 150.]
condition batch eval, img shape:(400, 400, 400), sx:5, sy:5, sz:5, num_conditions:2
condition:7, metric:[  0. 150. 150.]
condition:8, metric:[  0. 150. 150.]
condition batch eval, img shape:(400, 400, 400), sx:5, sy:5, sz:5, num_conditions:2
condition:9, metric:[  0. 150. 150.]
condition:10, metric:[  0. 150. 150.]
condition batch eval, img shape:(400, 400, 400), sx:5, sy:5, sz:5, num_conditions:2
condition:11, metric:[  0. 150. 150.]
condition:12, metric:[  0. 150. 150.]
condition batch eval, img shape:(400, 400, 400), sx:5, sy:5, sz:5, num_conditions:2
condition:13, metric:[  0. 150. 150.]
condition:14, metric:[  0. 150. 150.]
condition batch eval, img shape:(400, 400, 400), sx:5, sy:5, sz:5, num_conditions:2
condition:15, metric:[  0. 150. 150.]
condition:16, metric:[  0. 150. 150.]
condition batch eval, img shape:(400, 400, 400), sx:5, sy:5, sz:5, num_conditions:2
condition:17, metric:[  0. 150. 150.]
condition:18, metric:[  0. 150. 150.]
condition batch eval, img shape:(400, 400, 400), sx:5, sy:5, sz:5, num_conditions:2
condition:19, metric:[  0. 150. 150.]
condition:20, metric:[  0. 150. 150.]
condition batch eval, img shape:(400, 400, 400), sx:5, sy:5, sz:5, num_conditions:2
condition:21, metric:[  0. 150. 150.]
condition:22, metric:[  0. 150. 150.]
condition batch eval, img shape:(400, 400, 400), sx:5, sy:5, sz:5, num_conditions:2
condition:23, metric:[  0. 150. 150.]
condition:24, metric:[  0. 150. 150.]
condition batch eval, img shape:(400, 400, 400), sx:5, sy:5, sz:5, num_conditions:2
condition:25, metric:[1.94201743e-06 0.00000000e+00 0.00000000e+00]
condition:26, metric:[  0. 150. 150.]
condition batch eval, img shape:(400, 400, 400), sx:5, sy:5, sz:5, num_conditions:2
condition:27, metric:[0.23586602 0.         0.        ]
condition:28, metric:[  0. 150. 150.]
condition batch eval, img shape:(400, 400, 400), sx:5, sy:5, sz:5, num_conditions:2
condition:29, metric:[  0. 150. 150.]
condition:30, metric:[  0. 150. 150.]
condition batch eval, img shape:(400, 400, 400), sx:5, sy:5, sz:5, num_conditions:1
condition:31, metric:[  0. 150. 150.]
===>test image:/projects/weilab/liupeng/projects/frameworks/nnUNet/DATASET/nnUNet_preprocessed/Dataset200_Dataset101_CellMap_model_high_res/nnUNetPlans_3d_lowres_large_patch_test/jrc_mus-liver-zon-2_crop342.npy
condition batch eval, img shape:(400, 400, 400), sx:5, sy:5, sz:5, num_conditions:2
condition:1, metric:[0.46087185 0.         0.        ]
condition:2, metric:[  0. 150. 150.]
condition batch eval, img shape:(400, 400, 400), sx:5, sy:5, sz:5, num_conditions:2
condition:3, metric:[0.58304571 0.         0.        ]
condition:4, metric:[  0. 150. 150.]
condition batch eval, img shape:(400, 400, 400), sx:5, sy:5, sz:5, num_conditions:2
condition:5, metric:[  0. 150. 150.]
condition:6, metric:[  0. 150. 150.]
condition batch eval, img shape:(400, 400, 400), sx:5, sy:5, sz:5, num_conditions:2
condition:7, metric:[  0. 150. 150.]
condition:8, metric:[  0. 150. 150.]
condition batch eval, img shape:(400, 400, 400), sx:5, sy:5, sz:5, num_conditions:2
condition:9, metric:[  0. 150. 150.]
condition:10, metric:[  0. 150. 150.]
condition batch eval, img shape:(400, 400, 400), sx:5, sy:5, sz:5, num_conditions:2
condition:11, metric:[  0. 150. 150.]
condition:12, metric:[  0. 150. 150.]
condition batch eval, img shape:(400, 400, 400), sx:5, sy:5, sz:5, num_conditions:2
condition:13, metric:[  0. 150. 150.]
condition:14, metric:[  0. 150. 150.]
condition batch eval, img shape:(400, 400, 400), sx:5, sy:5, sz:5, num_conditions:2
condition:15, metric:[  0. 150. 150.]
condition:16, metric:[  0. 150. 150.]
condition batch eval, img shape:(400, 400, 400), sx:5, sy:5, sz:5, num_conditions:2
condition:17, metric:[  0. 150. 150.]
condition:18, metric:[  0. 150. 150.]
condition batch eval, img shape:(400, 400, 400), sx:5, sy:5, sz:5, num_conditions:2
condition:19, metric:[  0. 150. 150.]
condition:20, metric:[  0. 150. 150.]
condition batch eval, img shape:(400, 400, 400), sx:5, sy:5, sz:5, num_conditions:2
condition:21, metric:[  0. 150. 150.]
condition:22, metric:[  0. 150. 150.]
condition batch eval, img shape:(400, 400, 400), sx:5, sy:5, sz:5, num_conditions:2
condition:23, metric:[  0. 150. 150.]
condition:24, metric:[  0. 150. 150.]
condition batch eval, img shape:(400, 400, 400), sx:5, sy:5, sz:5, num_conditions:2
condition:25, metric:[0. 0. 0.]
condition:26, metric:[  0. 150. 150.]
condition batch eval, img shape:(400, 400, 400), sx:5, sy:5, sz:5, num_conditions:2
condition:27, metric:[0.19678879 0.         0.        ]
condition:28, metric:[  0. 150. 150.]
condition batch eval, img shape:(400, 400, 400), sx:5, sy:5, sz:5, num_conditions:2
condition:29, metric:[  0. 150. 150.]
condition:30, metric:[  0. 150. 150.]
condition batch eval, img shape:(400, 400, 400), sx:5, sy:5, sz:5, num_conditions:1
condition:31, metric:[  0. 150. 150.]
===>test image:/projects/weilab/liupeng/projects/frameworks/nnUNet/DATASET/nnUNet_preprocessed/Dataset200_Dataset101_CellMap_model_high_res/nnUNetPlans_3d_lowres_large_patch_test/jrc_mus-liver_crop125.npy
condition batch eval, img shape:(400, 400, 400), sx:5, sy:5, sz:5, num_conditions:2
condition:1, metric:[0.76929481 0.         0.        ]
condition:2, metric:[  0. 150. 150.]
condition batch eval, img shape:(400, 400, 400), sx:5, sy:5, sz:5, num_conditions:2
condition:3, metric:[0.51455023 0.         0.        ]
condition:4, metric:[  0. 150. 150.]
condition batch eval, img shape:(400, 400, 400), sx:5, sy:5, sz:5, num_conditions:2
condition:5, metric:[0. 0. 0.]
condition:6, metric:[  0. 150. 150.]
condition batch eval, img shape:(400, 400, 400), sx:5, sy:5, sz:5, num_conditions:2
condition:7, metric:[  0. 150. 150.]
condition:8, metric:[  0. 150. 150.]
condition batch eval, img shape:(400, 400, 400), sx:5, sy:5, sz:5, num_conditions:2
condition:9, metric:[  0. 150. 150.]
condition:10, metric:[  0. 150. 150.]
condition batch eval, img shape:(400, 400, 400), sx:5, sy:5, sz:5, num_conditions:2
condition:11, metric:[  0. 150. 150.]
condition:12, metric:[  0. 150. 150.]
condition batch eval, img shape:(400, 400, 400), sx:5, sy:5, sz:5, num_conditions:2
condition:13, metric:[  0. 150. 150.]
condition:14, metric:[  0. 150. 150.]
condition batch eval, img shape:(400, 400, 400), sx:5, sy:5, sz:5, num_conditions:2
condition:15, metric:[  0. 150. 150.]
condition:16, metric:[  0. 150. 150.]
condition batch eval, img shape:(400, 400, 400), sx:5, sy:5, sz:5, num_conditions:2
condition:17, metric:[  0. 150. 150.]
condition:18, metric:[  0. 150. 150.]
condition batch eval, img shape:(400, 400, 400), sx:5, sy:5, sz:5, num_conditions:2
condition:19, metric:[  0. 150. 150.]
condition:20, metric:[  0. 150. 150.]
condition batch eval, img shape:(400, 400, 400), sx:5, sy:5, sz:5, num_conditions:2
condition:21, metric:[  0. 150. 150.]
condition:22, metric:[  0. 150. 150.]
condition batch eval, img shape:(400, 400, 400), sx:5, sy:5, sz:5, num_conditions:2
condition:23, metric:[  0. 150. 150.]
condition:24, metric:[  0. 150. 150.]
condition batch eval, img shape:(400, 400, 400), sx:5, sy:5, sz:5, num_conditions:2
condition:25, metric:[  0. 150. 150.]
condition:26, metric:[  0. 150. 150.]
condition batch eval, img shape:(400, 400, 400), sx:5, sy:5, sz:5, num_conditions:2
condition:27, metric:[  0. 150. 150.]
condition:28, metric:[  0. 150. 150.]
condition batch eval, img shape:(400, 400, 400), sx:5, sy:5, sz:5, num_conditions:2
condition:29, metric:[  0. 150. 150.]
condition:30, metric:[  0. 150. 150.]
condition batch eval, img shape:(400, 400, 400), sx:5, sy:5, sz:5, num_conditions:1
condition:31, metric:[  0. 150. 150.]
===>test image:/projects/weilab/liupeng/projects/frameworks/nnUNet/DATASET/nnUNet_preprocessed/Dataset200_Dataset101_CellMap_model_high_res/nnUNetPlans_3d_lowres_large_patch_test/jrc_hela-2_crop15.npy
condition batch eval, img shape:(160, 160, 160), sx:1, sy:1, sz:1, num_conditions:2
condition:1, metric:[  0. 150. 150.]
condition:2, metric:[  0. 150. 150.]
condition batch eval, img shape:(160, 160, 160), sx:1, sy:1, sz:1, num_conditions:2
condition:3, metric:[0.92912954 0.         0.        ]
condition:4, metric:[  0. 150. 150.]
condition batch eval, img shape:(160, 160, 160), sx:1, sy:1, sz:1, num_conditions:2
condition:5, metric:[  0. 150. 150.]
condition:6, metric:[  0. 150. 150.]
condition batch eval, img shape:(160, 160, 160), sx:1, sy:1, sz:1, num_conditions:2
condition:7, metric:[  0. 150. 150.]
condition:8, metric:[  0. 150. 150.]
condition batch eval, img shape:(160, 160, 160), sx:1, sy:1, sz:1, num_conditions:2
condition:9, metric:[  0. 150. 150.]
condition:10, metric:[  0. 150. 150.]
condition batch eval, img shape:(160, 160, 160), sx:1, sy:1, sz:1, num_conditions:2
condition:11, metric:[  0. 150. 150.]
condition:12, metric:[  0. 150. 150.]
condition batch eval, img shape:(160, 160, 160), sx:1, sy:1, sz:1, num_conditions:2
condition:13, metric:[  0. 150. 150.]
condition:14, metric:[  0. 150. 150.]
condition batch eval, img shape:(160, 160, 160), sx:1, sy:1, sz:1, num_conditions:2
condition:15, metric:[  0. 150. 150.]
condition:16, metric:[  0. 150. 150.]
condition batch eval, img shape:(160, 160, 160), sx:1, sy:1, sz:1, num_conditions:2
condition:17, metric:[  0. 150. 150.]
condition:18, metric:[  0. 150. 150.]
condition batch eval, img shape:(160, 160, 160), sx:1, sy:1, sz:1, num_conditions:2
condition:19, metric:[  0. 150. 150.]
condition:20, metric:[  0. 150. 150.]
condition batch eval, img shape:(160, 160, 160), sx:1, sy:1, sz:1, num_conditions:2
condition:21, metric:[  0. 150. 150.]
condition:22, metric:[  0. 150. 150.]
condition batch eval, img shape:(160, 160, 160), sx:1, sy:1, sz:1, num_conditions:2
condition:23, metric:[  0. 150. 150.]
condition:24, metric:[  0. 150. 150.]
condition batch eval, img shape:(160, 160, 160), sx:1, sy:1, sz:1, num_conditions:2
condition:25, metric:[  0. 150. 150.]
condition:26, metric:[  0. 150. 150.]
condition batch eval, img shape:(160, 160, 160), sx:1, sy:1, sz:1, num_conditions:2
condition:27, metric:[  0. 150. 150.]
condition:28, metric:[  0. 150. 150.]
condition batch eval, img shape:(160, 160, 160), sx:1, sy:1, sz:1, num_conditions:2
condition:29, metric:[  0. 150. 150.]
condition:30, metric:[  0. 150. 150.]
condition batch eval, img shape:(160, 160, 160), sx:1, sy:1, sz:1, num_conditions:1
condition:31, metric:[  0. 150. 150.]
Validation end
avg metric shape: (31, 3)
iteration 16400 : model2_dice_score : 0.035253 model2_hd95 : 136.693548
save model to ../model/CellMap_202_CondBaseline_cond_baseline_cellmap_highres_SGD_SGD/unet_3D_old/model2_iter_16400.pth
iteration 16420 : loss : 0.185444  loss_ce : 0.267132  loss_dice : 0.103757
iteration 16440 : loss : 0.273681  loss_ce : 0.271504  loss_dice : 0.275858
iteration 16460 : loss : 0.198957  loss_ce : 0.243562  loss_dice : 0.154352
iteration 16480 : loss : 0.309438  loss_ce : 0.420123  loss_dice : 0.198753
iteration 16500 : loss : 0.177504  loss_ce : 0.273070  loss_dice : 0.081939
iteration 16520 : loss : 0.204282  loss_ce : 0.267365  loss_dice : 0.141199
iteration 16540 : loss : 0.230475  loss_ce : 0.326047  loss_dice : 0.134903
iteration 16560 : loss : 0.174400  loss_ce : 0.131136  loss_dice : 0.217664
iteration 16580 : loss : 0.154292  loss_ce : 0.226320  loss_dice : 0.082264
iteration 16600 : loss : 0.217421  loss_ce : 0.310688  loss_dice : 0.124154
iteration 16620 : loss : 0.326304  loss_ce : 0.311221  loss_dice : 0.341388
iteration 16640 : loss : 0.071810  loss_ce : 0.116630  loss_dice : 0.026991
iteration 16660 : loss : 0.316372  loss_ce : 0.430029  loss_dice : 0.202716
iteration 16680 : loss : 0.222786  loss_ce : 0.268355  loss_dice : 0.177217
iteration 16700 : loss : 0.039149  loss_ce : 0.067559  loss_dice : 0.010740
iteration 16720 : loss : 0.117778  loss_ce : 0.172953  loss_dice : 0.062604
iteration 16740 : loss : 0.173285  loss_ce : 0.183942  loss_dice : 0.162627
iteration 16760 : loss : 0.210485  loss_ce : 0.312356  loss_dice : 0.108615
iteration 16780 : loss : 0.324818  loss_ce : 0.371565  loss_dice : 0.278070
iteration 16800 : loss : 0.178662  loss_ce : 0.257841  loss_dice : 0.099484
began evaluation!
iteration 16800: validation sampled 4/17 cases
Total test images: 4
Validation begin
===>test image:/projects/weilab/liupeng/projects/frameworks/nnUNet/DATASET/nnUNet_preprocessed/Dataset200_Dataset101_CellMap_model_high_res/nnUNetPlans_3d_lowres_large_patch_test/jrc_jurkat-1_crop126.npy
condition batch eval, img shape:(200, 200, 200), sx:2, sy:2, sz:2, num_conditions:2
condition:1, metric:[0.00579496 0.         0.        ]
condition:2, metric:[  0. 150. 150.]
condition batch eval, img shape:(200, 200, 200), sx:2, sy:2, sz:2, num_conditions:2
condition:3, metric:[0.63629965 0.         0.        ]
condition:4, metric:[0. 0. 0.]
condition batch eval, img shape:(200, 200, 200), sx:2, sy:2, sz:2, num_conditions:2
condition:5, metric:[0. 0. 0.]
condition:6, metric:[  0. 150. 150.]
condition batch eval, img shape:(200, 200, 200), sx:2, sy:2, sz:2, num_conditions:2
condition:7, metric:[  0. 150. 150.]
condition:8, metric:[  0. 150. 150.]
condition batch eval, img shape:(200, 200, 200), sx:2, sy:2, sz:2, num_conditions:2
condition:9, metric:[  0. 150. 150.]
condition:10, metric:[  0. 150. 150.]
condition batch eval, img shape:(200, 200, 200), sx:2, sy:2, sz:2, num_conditions:2
condition:11, metric:[  0. 150. 150.]
condition:12, metric:[  0. 150. 150.]
condition batch eval, img shape:(200, 200, 200), sx:2, sy:2, sz:2, num_conditions:2
condition:13, metric:[  0. 150. 150.]
condition:14, metric:[  0. 150. 150.]
condition batch eval, img shape:(200, 200, 200), sx:2, sy:2, sz:2, num_conditions:2
condition:15, metric:[  0. 150. 150.]
condition:16, metric:[  0. 150. 150.]
condition batch eval, img shape:(200, 200, 200), sx:2, sy:2, sz:2, num_conditions:2
condition:17, metric:[  0. 150. 150.]
condition:18, metric:[  0. 150. 150.]
condition batch eval, img shape:(200, 200, 200), sx:2, sy:2, sz:2, num_conditions:2
condition:19, metric:[  0. 150. 150.]
condition:20, metric:[  0. 150. 150.]
condition batch eval, img shape:(200, 200, 200), sx:2, sy:2, sz:2, num_conditions:2
condition:21, metric:[  0. 150. 150.]
condition:22, metric:[  0. 150. 150.]
condition batch eval, img shape:(200, 200, 200), sx:2, sy:2, sz:2, num_conditions:2
condition:23, metric:[  0. 150. 150.]
condition:24, metric:[  0. 150. 150.]
condition batch eval, img shape:(200, 200, 200), sx:2, sy:2, sz:2, num_conditions:2
condition:25, metric:[  0. 150. 150.]
condition:26, metric:[  0. 150. 150.]
condition batch eval, img shape:(200, 200, 200), sx:2, sy:2, sz:2, num_conditions:2
condition:27, metric:[  0. 150. 150.]
condition:28, metric:[  0. 150. 150.]
condition batch eval, img shape:(200, 200, 200), sx:2, sy:2, sz:2, num_conditions:2
condition:29, metric:[  0. 150. 150.]
condition:30, metric:[  0. 150. 150.]
condition batch eval, img shape:(200, 200, 200), sx:2, sy:2, sz:2, num_conditions:1
condition:31, metric:[  0. 150. 150.]
===>test image:/projects/weilab/liupeng/projects/frameworks/nnUNet/DATASET/nnUNet_preprocessed/Dataset200_Dataset101_CellMap_model_high_res/nnUNetPlans_3d_lowres_large_patch_test/jrc_mus-kidney_crop164.npy
condition batch eval, img shape:(200, 200, 200), sx:2, sy:2, sz:2, num_conditions:2
condition:1, metric:[0.03554399 0.         0.        ]
condition:2, metric:[  0. 150. 150.]
condition batch eval, img shape:(200, 200, 200), sx:2, sy:2, sz:2, num_conditions:2
condition:3, metric:[0.71538361 0.         0.        ]
condition:4, metric:[0.00354057 0.         0.        ]
condition batch eval, img shape:(200, 200, 200), sx:2, sy:2, sz:2, num_conditions:2
condition:5, metric:[0. 0. 0.]
condition:6, metric:[  0. 150. 150.]
condition batch eval, img shape:(200, 200, 200), sx:2, sy:2, sz:2, num_conditions:2
condition:7, metric:[0. 0. 0.]
condition:8, metric:[0. 0. 0.]
condition batch eval, img shape:(200, 200, 200), sx:2, sy:2, sz:2, num_conditions:2
condition:9, metric:[  0. 150. 150.]
condition:10, metric:[  0. 150. 150.]
condition batch eval, img shape:(200, 200, 200), sx:2, sy:2, sz:2, num_conditions:2
condition:11, metric:[  0. 150. 150.]
condition:12, metric:[  0. 150. 150.]
condition batch eval, img shape:(200, 200, 200), sx:2, sy:2, sz:2, num_conditions:2
condition:13, metric:[  0. 150. 150.]
condition:14, metric:[  0. 150. 150.]
condition batch eval, img shape:(200, 200, 200), sx:2, sy:2, sz:2, num_conditions:2
condition:15, metric:[  0. 150. 150.]
condition:16, metric:[  0. 150. 150.]
condition batch eval, img shape:(200, 200, 200), sx:2, sy:2, sz:2, num_conditions:2
condition:17, metric:[  0. 150. 150.]
condition:18, metric:[  0. 150. 150.]
condition batch eval, img shape:(200, 200, 200), sx:2, sy:2, sz:2, num_conditions:2
condition:19, metric:[  0. 150. 150.]
condition:20, metric:[  0. 150. 150.]
condition batch eval, img shape:(200, 200, 200), sx:2, sy:2, sz:2, num_conditions:2
condition:21, metric:[  0. 150. 150.]
condition:22, metric:[  0. 150. 150.]
condition batch eval, img shape:(200, 200, 200), sx:2, sy:2, sz:2, num_conditions:2
condition:23, metric:[  0. 150. 150.]
condition:24, metric:[  0. 150. 150.]
condition batch eval, img shape:(200, 200, 200), sx:2, sy:2, sz:2, num_conditions:2
condition:25, metric:[  0. 150. 150.]
condition:26, metric:[  0. 150. 150.]
condition batch eval, img shape:(200, 200, 200), sx:2, sy:2, sz:2, num_conditions:2
condition:27, metric:[  0. 150. 150.]
condition:28, metric:[  0. 150. 150.]
condition batch eval, img shape:(200, 200, 200), sx:2, sy:2, sz:2, num_conditions:2
condition:29, metric:[  0. 150. 150.]
condition:30, metric:[  0. 150. 150.]
condition batch eval, img shape:(200, 200, 200), sx:2, sy:2, sz:2, num_conditions:1
condition:31, metric:[  0. 150. 150.]
===>test image:/projects/weilab/liupeng/projects/frameworks/nnUNet/DATASET/nnUNet_preprocessed/Dataset200_Dataset101_CellMap_model_high_res/nnUNetPlans_3d_lowres_large_patch_test/jrc_sum159-1_crop20.npy
condition batch eval, img shape:(200, 200, 160), sx:2, sy:2, sz:1, num_conditions:2
condition:1, metric:[  0. 150. 150.]
condition:2, metric:[  0. 150. 150.]
condition batch eval, img shape:(200, 200, 160), sx:2, sy:2, sz:1, num_conditions:2
condition:3, metric:[0.63423093 0.         0.        ]
condition:4, metric:[  0. 150. 150.]
condition batch eval, img shape:(200, 200, 160), sx:2, sy:2, sz:1, num_conditions:2
condition:5, metric:[  0. 150. 150.]
condition:6, metric:[  0. 150. 150.]
condition batch eval, img shape:(200, 200, 160), sx:2, sy:2, sz:1, num_conditions:2
condition:7, metric:[  0. 150. 150.]
condition:8, metric:[  0. 150. 150.]
condition batch eval, img shape:(200, 200, 160), sx:2, sy:2, sz:1, num_conditions:2
condition:9, metric:[  0. 150. 150.]
condition:10, metric:[  0. 150. 150.]
condition batch eval, img shape:(200, 200, 160), sx:2, sy:2, sz:1, num_conditions:2
condition:11, metric:[  0. 150. 150.]
condition:12, metric:[  0. 150. 150.]
condition batch eval, img shape:(200, 200, 160), sx:2, sy:2, sz:1, num_conditions:2
condition:13, metric:[  0. 150. 150.]
condition:14, metric:[  0. 150. 150.]
condition batch eval, img shape:(200, 200, 160), sx:2, sy:2, sz:1, num_conditions:2
condition:15, metric:[  0. 150. 150.]
condition:16, metric:[0.05312867 0.         0.        ]
condition batch eval, img shape:(200, 200, 160), sx:2, sy:2, sz:1, num_conditions:2
condition:17, metric:[  0. 150. 150.]
condition:18, metric:[  0. 150. 150.]
condition batch eval, img shape:(200, 200, 160), sx:2, sy:2, sz:1, num_conditions:2
condition:19, metric:[  0. 150. 150.]
condition:20, metric:[  0. 150. 150.]
condition batch eval, img shape:(200, 200, 160), sx:2, sy:2, sz:1, num_conditions:2
condition:21, metric:[  0. 150. 150.]
condition:22, metric:[  0. 150. 150.]
condition batch eval, img shape:(200, 200, 160), sx:2, sy:2, sz:1, num_conditions:2
condition:23, metric:[  0. 150. 150.]
condition:24, metric:[  0. 150. 150.]
condition batch eval, img shape:(200, 200, 160), sx:2, sy:2, sz:1, num_conditions:2
condition:25, metric:[  0. 150. 150.]
condition:26, metric:[  0. 150. 150.]
condition batch eval, img shape:(200, 200, 160), sx:2, sy:2, sz:1, num_conditions:2
condition:27, metric:[  0. 150. 150.]
condition:28, metric:[  0. 150. 150.]
condition batch eval, img shape:(200, 200, 160), sx:2, sy:2, sz:1, num_conditions:2
condition:29, metric:[  0. 150. 150.]
condition:30, metric:[  0. 150. 150.]
condition batch eval, img shape:(200, 200, 160), sx:2, sy:2, sz:1, num_conditions:1
condition:31, metric:[  0. 150. 150.]
===>test image:/projects/weilab/liupeng/projects/frameworks/nnUNet/DATASET/nnUNet_preprocessed/Dataset200_Dataset101_CellMap_model_high_res/nnUNetPlans_3d_lowres_large_patch_test/jrc_ut21-1413-003_crop190.npy
condition batch eval, img shape:(400, 400, 400), sx:5, sy:5, sz:5, num_conditions:2
condition:1, metric:[0.50073195 0.         0.        ]
condition:2, metric:[  0. 150. 150.]
condition batch eval, img shape:(400, 400, 400), sx:5, sy:5, sz:5, num_conditions:2
condition:3, metric:[0.69619645 0.         0.        ]
condition:4, metric:[0. 0. 0.]
condition batch eval, img shape:(400, 400, 400), sx:5, sy:5, sz:5, num_conditions:2
condition:5, metric:[0. 0. 0.]
condition:6, metric:[  0. 150. 150.]
condition batch eval, img shape:(400, 400, 400), sx:5, sy:5, sz:5, num_conditions:2
condition:7, metric:[  0. 150. 150.]
condition:8, metric:[  0. 150. 150.]
condition batch eval, img shape:(400, 400, 400), sx:5, sy:5, sz:5, num_conditions:2
condition:9, metric:[  0. 150. 150.]
condition:10, metric:[  0. 150. 150.]
condition batch eval, img shape:(400, 400, 400), sx:5, sy:5, sz:5, num_conditions:2
condition:11, metric:[  0. 150. 150.]
condition:12, metric:[  0. 150. 150.]
condition batch eval, img shape:(400, 400, 400), sx:5, sy:5, sz:5, num_conditions:2
condition:13, metric:[  0. 150. 150.]
condition:14, metric:[  0. 150. 150.]
condition batch eval, img shape:(400, 400, 400), sx:5, sy:5, sz:5, num_conditions:2
condition:15, metric:[  0. 150. 150.]
condition:16, metric:[0.10826655 0.         0.        ]
condition batch eval, img shape:(400, 400, 400), sx:5, sy:5, sz:5, num_conditions:2
condition:17, metric:[  0. 150. 150.]
condition:18, metric:[  0. 150. 150.]
condition batch eval, img shape:(400, 400, 400), sx:5, sy:5, sz:5, num_conditions:2
condition:19, metric:[  0. 150. 150.]
condition:20, metric:[  0. 150. 150.]
condition batch eval, img shape:(400, 400, 400), sx:5, sy:5, sz:5, num_conditions:2
condition:21, metric:[  0. 150. 150.]
condition:22, metric:[  0. 150. 150.]
condition batch eval, img shape:(400, 400, 400), sx:5, sy:5, sz:5, num_conditions:2
condition:23, metric:[  0. 150. 150.]
condition:24, metric:[  0. 150. 150.]
condition batch eval, img shape:(400, 400, 400), sx:5, sy:5, sz:5, num_conditions:2
condition:25, metric:[  0. 150. 150.]
condition:26, metric:[  0. 150. 150.]
condition batch eval, img shape:(400, 400, 400), sx:5, sy:5, sz:5, num_conditions:2
condition:27, metric:[  0. 150. 150.]
condition:28, metric:[  0. 150. 150.]
condition batch eval, img shape:(400, 400, 400), sx:5, sy:5, sz:5, num_conditions:2
condition:29, metric:[  0. 150. 150.]
condition:30, metric:[  0. 150. 150.]
condition batch eval, img shape:(400, 400, 400), sx:5, sy:5, sz:5, num_conditions:1
condition:31, metric:[  0. 150. 150.]
Validation end
avg metric shape: (31, 3)
iteration 16800 : model2_dice_score : 0.027332 model2_hd95 : 129.435484
save model to ../model/CellMap_202_CondBaseline_cond_baseline_cellmap_highres_SGD_SGD/unet_3D_old/model2_iter_16800.pth
iteration 16820 : loss : 0.298934  loss_ce : 0.436242  loss_dice : 0.161626
iteration 16840 : loss : 0.212325  loss_ce : 0.307354  loss_dice : 0.117295
iteration 16860 : loss : 0.124746  loss_ce : 0.184275  loss_dice : 0.065217
iteration 16880 : loss : 0.272622  loss_ce : 0.350061  loss_dice : 0.195182
iteration 16900 : loss : 0.380813  loss_ce : 0.443632  loss_dice : 0.317994
iteration 16920 : loss : 0.244549  loss_ce : 0.333869  loss_dice : 0.155228
iteration 16940 : loss : 0.141058  loss_ce : 0.205991  loss_dice : 0.076126
iteration 16960 : loss : 0.097463  loss_ce : 0.154254  loss_dice : 0.040671
iteration 16980 : loss : 0.166025  loss_ce : 0.246360  loss_dice : 0.085690
iteration 17000 : loss : 0.240787  loss_ce : 0.348752  loss_dice : 0.132822
iteration 17020 : loss : 0.348886  loss_ce : 0.219768  loss_dice : 0.478004
iteration 17040 : loss : 0.412460  loss_ce : 0.400400  loss_dice : 0.424520
iteration 17060 : loss : 0.301021  loss_ce : 0.418706  loss_dice : 0.183336
iteration 17080 : loss : 0.231604  loss_ce : 0.297564  loss_dice : 0.165645
iteration 17100 : loss : 0.413921  loss_ce : 0.407787  loss_dice : 0.420054
iteration 17120 : loss : 0.102153  loss_ce : 0.155638  loss_dice : 0.048667
iteration 17140 : loss : 0.323405  loss_ce : 0.383020  loss_dice : 0.263789
iteration 17160 : loss : 0.077361  loss_ce : 0.121659  loss_dice : 0.033062
iteration 17180 : loss : 0.095735  loss_ce : 0.148403  loss_dice : 0.043067
iteration 17200 : loss : 0.143981  loss_ce : 0.216779  loss_dice : 0.071183
began evaluation!
iteration 17200: validation sampled 4/17 cases
Total test images: 4
Validation begin
===>test image:/projects/weilab/liupeng/projects/frameworks/nnUNet/DATASET/nnUNet_preprocessed/Dataset200_Dataset101_CellMap_model_high_res/nnUNetPlans_3d_lowres_large_patch_test/jrc_mus-liver-zon-2_crop342.npy
condition batch eval, img shape:(400, 400, 400), sx:5, sy:5, sz:5, num_conditions:2
condition:1, metric:[0.44520692 0.         0.        ]
condition:2, metric:[  0. 150. 150.]
condition batch eval, img shape:(400, 400, 400), sx:5, sy:5, sz:5, num_conditions:2
condition:3, metric:[0.58747542 0.         0.        ]
condition:4, metric:[  0. 150. 150.]
condition batch eval, img shape:(400, 400, 400), sx:5, sy:5, sz:5, num_conditions:2
condition:5, metric:[  0. 150. 150.]
condition:6, metric:[  0. 150. 150.]
condition batch eval, img shape:(400, 400, 400), sx:5, sy:5, sz:5, num_conditions:2
condition:7, metric:[  0. 150. 150.]
condition:8, metric:[  0. 150. 150.]
condition batch eval, img shape:(400, 400, 400), sx:5, sy:5, sz:5, num_conditions:2
condition:9, metric:[  0. 150. 150.]
condition:10, metric:[  0. 150. 150.]
condition batch eval, img shape:(400, 400, 400), sx:5, sy:5, sz:5, num_conditions:2
condition:11, metric:[  0. 150. 150.]
condition:12, metric:[  0. 150. 150.]
condition batch eval, img shape:(400, 400, 400), sx:5, sy:5, sz:5, num_conditions:2
condition:13, metric:[  0. 150. 150.]
condition:14, metric:[  0. 150. 150.]
condition batch eval, img shape:(400, 400, 400), sx:5, sy:5, sz:5, num_conditions:2
condition:15, metric:[  0. 150. 150.]
condition:16, metric:[  0. 150. 150.]
condition batch eval, img shape:(400, 400, 400), sx:5, sy:5, sz:5, num_conditions:2
condition:17, metric:[  0. 150. 150.]
condition:18, metric:[  0. 150. 150.]
condition batch eval, img shape:(400, 400, 400), sx:5, sy:5, sz:5, num_conditions:2
condition:19, metric:[  0. 150. 150.]
condition:20, metric:[  0. 150. 150.]
condition batch eval, img shape:(400, 400, 400), sx:5, sy:5, sz:5, num_conditions:2
condition:21, metric:[  0. 150. 150.]
condition:22, metric:[  0. 150. 150.]
condition batch eval, img shape:(400, 400, 400), sx:5, sy:5, sz:5, num_conditions:2
condition:23, metric:[  0. 150. 150.]
condition:24, metric:[  0. 150. 150.]
condition batch eval, img shape:(400, 400, 400), sx:5, sy:5, sz:5, num_conditions:2
condition:25, metric:[0.00587608 0.         0.        ]
condition:26, metric:[  0. 150. 150.]
condition batch eval, img shape:(400, 400, 400), sx:5, sy:5, sz:5, num_conditions:2
condition:27, metric:[0.29426583 0.         0.        ]
condition:28, metric:[  0. 150. 150.]
condition batch eval, img shape:(400, 400, 400), sx:5, sy:5, sz:5, num_conditions:2
condition:29, metric:[  0. 150. 150.]
condition:30, metric:[  0. 150. 150.]
condition batch eval, img shape:(400, 400, 400), sx:5, sy:5, sz:5, num_conditions:1
condition:31, metric:[  0. 150. 150.]
===>test image:/projects/weilab/liupeng/projects/frameworks/nnUNet/DATASET/nnUNet_preprocessed/Dataset200_Dataset101_CellMap_model_high_res/nnUNetPlans_3d_lowres_large_patch_test/jrc_ut21-1413-003_crop190.npy
condition batch eval, img shape:(400, 400, 400), sx:5, sy:5, sz:5, num_conditions:2
condition:1, metric:[0.52568115 0.         0.        ]
condition:2, metric:[  0. 150. 150.]
condition batch eval, img shape:(400, 400, 400), sx:5, sy:5, sz:5, num_conditions:2
condition:3, metric:[0.65391517 0.         0.        ]
condition:4, metric:[  0. 150. 150.]
condition batch eval, img shape:(400, 400, 400), sx:5, sy:5, sz:5, num_conditions:2
condition:5, metric:[  0. 150. 150.]
condition:6, metric:[  0. 150. 150.]
condition batch eval, img shape:(400, 400, 400), sx:5, sy:5, sz:5, num_conditions:2
condition:7, metric:[  0. 150. 150.]
condition:8, metric:[  0. 150. 150.]
condition batch eval, img shape:(400, 400, 400), sx:5, sy:5, sz:5, num_conditions:2
condition:9, metric:[  0. 150. 150.]
condition:10, metric:[  0. 150. 150.]
condition batch eval, img shape:(400, 400, 400), sx:5, sy:5, sz:5, num_conditions:2
condition:11, metric:[  0. 150. 150.]
condition:12, metric:[  0. 150. 150.]
condition batch eval, img shape:(400, 400, 400), sx:5, sy:5, sz:5, num_conditions:2
condition:13, metric:[  0. 150. 150.]
condition:14, metric:[  0. 150. 150.]
condition batch eval, img shape:(400, 400, 400), sx:5, sy:5, sz:5, num_conditions:2
condition:15, metric:[  0. 150. 150.]
condition:16, metric:[0.12327483 0.         0.        ]
condition batch eval, img shape:(400, 400, 400), sx:5, sy:5, sz:5, num_conditions:2
condition:17, metric:[  0. 150. 150.]
condition:18, metric:[  0. 150. 150.]
condition batch eval, img shape:(400, 400, 400), sx:5, sy:5, sz:5, num_conditions:2
condition:19, metric:[  0. 150. 150.]
condition:20, metric:[  0. 150. 150.]
condition batch eval, img shape:(400, 400, 400), sx:5, sy:5, sz:5, num_conditions:2
condition:21, metric:[  0. 150. 150.]
condition:22, metric:[  0. 150. 150.]
condition batch eval, img shape:(400, 400, 400), sx:5, sy:5, sz:5, num_conditions:2
condition:23, metric:[  0. 150. 150.]
condition:24, metric:[  0. 150. 150.]
condition batch eval, img shape:(400, 400, 400), sx:5, sy:5, sz:5, num_conditions:2
condition:25, metric:[  0. 150. 150.]
condition:26, metric:[  0. 150. 150.]
condition batch eval, img shape:(400, 400, 400), sx:5, sy:5, sz:5, num_conditions:2
condition:27, metric:[  0. 150. 150.]
condition:28, metric:[  0. 150. 150.]
condition batch eval, img shape:(400, 400, 400), sx:5, sy:5, sz:5, num_conditions:2
condition:29, metric:[  0. 150. 150.]
condition:30, metric:[  0. 150. 150.]
condition batch eval, img shape:(400, 400, 400), sx:5, sy:5, sz:5, num_conditions:1
condition:31, metric:[  0. 150. 150.]
===>test image:/projects/weilab/liupeng/projects/frameworks/nnUNet/DATASET/nnUNet_preprocessed/Dataset200_Dataset101_CellMap_model_high_res/nnUNetPlans_3d_lowres_large_patch_test/jrc_ctl-id8-1_crop118.npy
condition batch eval, img shape:(200, 200, 200), sx:2, sy:2, sz:2, num_conditions:2
condition:1, metric:[0.37474311 0.         0.        ]
condition:2, metric:[  0. 150. 150.]
condition batch eval, img shape:(200, 200, 200), sx:2, sy:2, sz:2, num_conditions:2
condition:3, metric:[0.85724882 0.         0.        ]
condition:4, metric:[  0. 150. 150.]
condition batch eval, img shape:(200, 200, 200), sx:2, sy:2, sz:2, num_conditions:2
condition:5, metric:[  0. 150. 150.]
condition:6, metric:[  0. 150. 150.]
condition batch eval, img shape:(200, 200, 200), sx:2, sy:2, sz:2, num_conditions:2
condition:7, metric:[  0. 150. 150.]
condition:8, metric:[  0. 150. 150.]
condition batch eval, img shape:(200, 200, 200), sx:2, sy:2, sz:2, num_conditions:2
condition:9, metric:[  0. 150. 150.]
condition:10, metric:[  0. 150. 150.]
condition batch eval, img shape:(200, 200, 200), sx:2, sy:2, sz:2, num_conditions:2
condition:11, metric:[  0. 150. 150.]
condition:12, metric:[  0. 150. 150.]
condition batch eval, img shape:(200, 200, 200), sx:2, sy:2, sz:2, num_conditions:2
condition:13, metric:[  0. 150. 150.]
condition:14, metric:[  0. 150. 150.]
condition batch eval, img shape:(200, 200, 200), sx:2, sy:2, sz:2, num_conditions:2
condition:15, metric:[  0. 150. 150.]
condition:16, metric:[  0. 150. 150.]
condition batch eval, img shape:(200, 200, 200), sx:2, sy:2, sz:2, num_conditions:2
condition:17, metric:[  0. 150. 150.]
condition:18, metric:[  0. 150. 150.]
condition batch eval, img shape:(200, 200, 200), sx:2, sy:2, sz:2, num_conditions:2
condition:19, metric:[  0. 150. 150.]
condition:20, metric:[  0. 150. 150.]
condition batch eval, img shape:(200, 200, 200), sx:2, sy:2, sz:2, num_conditions:2
condition:21, metric:[  0. 150. 150.]
condition:22, metric:[  0. 150. 150.]
condition batch eval, img shape:(200, 200, 200), sx:2, sy:2, sz:2, num_conditions:2
condition:23, metric:[  0. 150. 150.]
condition:24, metric:[  0. 150. 150.]
condition batch eval, img shape:(200, 200, 200), sx:2, sy:2, sz:2, num_conditions:2
condition:25, metric:[  0. 150. 150.]
condition:26, metric:[  0. 150. 150.]
condition batch eval, img shape:(200, 200, 200), sx:2, sy:2, sz:2, num_conditions:2
condition:27, metric:[  0. 150. 150.]
condition:28, metric:[  0. 150. 150.]
condition batch eval, img shape:(200, 200, 200), sx:2, sy:2, sz:2, num_conditions:2
condition:29, metric:[  0. 150. 150.]
condition:30, metric:[  0. 150. 150.]
condition batch eval, img shape:(200, 200, 200), sx:2, sy:2, sz:2, num_conditions:1
condition:31, metric:[  0. 150. 150.]
===>test image:/projects/weilab/liupeng/projects/frameworks/nnUNet/DATASET/nnUNet_preprocessed/Dataset200_Dataset101_CellMap_model_high_res/nnUNetPlans_3d_lowres_large_patch_test/jrc_mus-kidney_crop164.npy
condition batch eval, img shape:(200, 200, 200), sx:2, sy:2, sz:2, num_conditions:2
condition:1, metric:[0.03551394 0.         0.        ]
condition:2, metric:[  0. 150. 150.]
condition batch eval, img shape:(200, 200, 200), sx:2, sy:2, sz:2, num_conditions:2
condition:3, metric:[0.75414609 0.         0.        ]
condition:4, metric:[  0. 150. 150.]
condition batch eval, img shape:(200, 200, 200), sx:2, sy:2, sz:2, num_conditions:2
condition:5, metric:[  0. 150. 150.]
condition:6, metric:[  0. 150. 150.]
condition batch eval, img shape:(200, 200, 200), sx:2, sy:2, sz:2, num_conditions:2
condition:7, metric:[  0. 150. 150.]
condition:8, metric:[  0. 150. 150.]
condition batch eval, img shape:(200, 200, 200), sx:2, sy:2, sz:2, num_conditions:2
condition:9, metric:[  0. 150. 150.]
condition:10, metric:[  0. 150. 150.]
condition batch eval, img shape:(200, 200, 200), sx:2, sy:2, sz:2, num_conditions:2
condition:11, metric:[  0. 150. 150.]
condition:12, metric:[  0. 150. 150.]
condition batch eval, img shape:(200, 200, 200), sx:2, sy:2, sz:2, num_conditions:2
condition:13, metric:[  0. 150. 150.]
condition:14, metric:[  0. 150. 150.]
condition batch eval, img shape:(200, 200, 200), sx:2, sy:2, sz:2, num_conditions:2
condition:15, metric:[  0. 150. 150.]
condition:16, metric:[  0. 150. 150.]
condition batch eval, img shape:(200, 200, 200), sx:2, sy:2, sz:2, num_conditions:2
condition:17, metric:[  0. 150. 150.]
condition:18, metric:[  0. 150. 150.]
condition batch eval, img shape:(200, 200, 200), sx:2, sy:2, sz:2, num_conditions:2
condition:19, metric:[  0. 150. 150.]
condition:20, metric:[  0. 150. 150.]
condition batch eval, img shape:(200, 200, 200), sx:2, sy:2, sz:2, num_conditions:2
condition:21, metric:[  0. 150. 150.]
condition:22, metric:[  0. 150. 150.]
condition batch eval, img shape:(200, 200, 200), sx:2, sy:2, sz:2, num_conditions:2
condition:23, metric:[  0. 150. 150.]
condition:24, metric:[  0. 150. 150.]
condition batch eval, img shape:(200, 200, 200), sx:2, sy:2, sz:2, num_conditions:2
condition:25, metric:[  0. 150. 150.]
condition:26, metric:[  0. 150. 150.]
condition batch eval, img shape:(200, 200, 200), sx:2, sy:2, sz:2, num_conditions:2
condition:27, metric:[  0. 150. 150.]
condition:28, metric:[  0. 150. 150.]
condition batch eval, img shape:(200, 200, 200), sx:2, sy:2, sz:2, num_conditions:2
condition:29, metric:[  0. 150. 150.]
condition:30, metric:[  0. 150. 150.]
condition batch eval, img shape:(200, 200, 200), sx:2, sy:2, sz:2, num_conditions:1
condition:31, metric:[  0. 150. 150.]
Validation end
avg metric shape: (31, 3)
iteration 17200 : model2_dice_score : 0.037559 model2_hd95 : 136.693548
save model to ../model/CellMap_202_CondBaseline_cond_baseline_cellmap_highres_SGD_SGD/unet_3D_old/model2_iter_17200.pth
iteration 17220 : loss : 0.305922  loss_ce : 0.378547  loss_dice : 0.233298
iteration 17240 : loss : 0.347764  loss_ce : 0.446306  loss_dice : 0.249222
iteration 17260 : loss : 0.328029  loss_ce : 0.427365  loss_dice : 0.228693
iteration 17280 : loss : 0.075646  loss_ce : 0.117929  loss_dice : 0.033364
iteration 17300 : loss : 0.117858  loss_ce : 0.176598  loss_dice : 0.059117
iteration 17320 : loss : 0.041120  loss_ce : 0.070849  loss_dice : 0.011392
iteration 17340 : loss : 0.357742  loss_ce : 0.333228  loss_dice : 0.382256
iteration 17360 : loss : 0.261742  loss_ce : 0.220543  loss_dice : 0.302942
iteration 17380 : loss : 0.266995  loss_ce : 0.237986  loss_dice : 0.296004
iteration 17400 : loss : 0.323970  loss_ce : 0.460351  loss_dice : 0.187589
iteration 17420 : loss : 0.148761  loss_ce : 0.226223  loss_dice : 0.071299
iteration 17440 : loss : 0.249637  loss_ce : 0.067977  loss_dice : 0.431297
iteration 17460 : loss : 0.266467  loss_ce : 0.032525  loss_dice : 0.500409
iteration 17480 : loss : 0.202152  loss_ce : 0.132462  loss_dice : 0.271841
iteration 17500 : loss : 0.319812  loss_ce : 0.406877  loss_dice : 0.232747
iteration 17520 : loss : 0.236299  loss_ce : 0.342982  loss_dice : 0.129615
iteration 17540 : loss : 0.141295  loss_ce : 0.200659  loss_dice : 0.081930
iteration 17560 : loss : 0.252868  loss_ce : 0.326934  loss_dice : 0.178803
iteration 17580 : loss : 0.149504  loss_ce : 0.222663  loss_dice : 0.076346
iteration 17600 : loss : 0.213842  loss_ce : 0.298416  loss_dice : 0.129267
began evaluation!
iteration 17600: validation sampled 4/17 cases
Total test images: 4
Validation begin
===>test image:/projects/weilab/liupeng/projects/frameworks/nnUNet/DATASET/nnUNet_preprocessed/Dataset200_Dataset101_CellMap_model_high_res/nnUNetPlans_3d_lowres_large_patch_test/jrc_macrophage-2_crop31.npy
condition batch eval, img shape:(160, 160, 160), sx:1, sy:1, sz:1, num_conditions:2
condition:1, metric:[0.10265056 0.         0.        ]
condition:2, metric:[  0. 150. 150.]
condition batch eval, img shape:(160, 160, 160), sx:1, sy:1, sz:1, num_conditions:2
condition:3, metric:[0.80608363 0.         0.        ]
condition:4, metric:[  0. 150. 150.]
condition batch eval, img shape:(160, 160, 160), sx:1, sy:1, sz:1, num_conditions:2
condition:5, metric:[  0. 150. 150.]
condition:6, metric:[  0. 150. 150.]
condition batch eval, img shape:(160, 160, 160), sx:1, sy:1, sz:1, num_conditions:2
condition:7, metric:[  0. 150. 150.]
condition:8, metric:[  0. 150. 150.]
condition batch eval, img shape:(160, 160, 160), sx:1, sy:1, sz:1, num_conditions:2
condition:9, metric:[  0. 150. 150.]
condition:10, metric:[  0. 150. 150.]
condition batch eval, img shape:(160, 160, 160), sx:1, sy:1, sz:1, num_conditions:2
condition:11, metric:[  0. 150. 150.]
condition:12, metric:[  0. 150. 150.]
condition batch eval, img shape:(160, 160, 160), sx:1, sy:1, sz:1, num_conditions:2
condition:13, metric:[  0. 150. 150.]
condition:14, metric:[  0. 150. 150.]
condition batch eval, img shape:(160, 160, 160), sx:1, sy:1, sz:1, num_conditions:2
condition:15, metric:[  0. 150. 150.]
condition:16, metric:[  0. 150. 150.]
condition batch eval, img shape:(160, 160, 160), sx:1, sy:1, sz:1, num_conditions:2
condition:17, metric:[  0. 150. 150.]
condition:18, metric:[  0. 150. 150.]
condition batch eval, img shape:(160, 160, 160), sx:1, sy:1, sz:1, num_conditions:2
condition:19, metric:[  0. 150. 150.]
condition:20, metric:[  0. 150. 150.]
condition batch eval, img shape:(160, 160, 160), sx:1, sy:1, sz:1, num_conditions:2
condition:21, metric:[  0. 150. 150.]
condition:22, metric:[  0. 150. 150.]
condition batch eval, img shape:(160, 160, 160), sx:1, sy:1, sz:1, num_conditions:2
condition:23, metric:[  0. 150. 150.]
condition:24, metric:[  0. 150. 150.]
condition batch eval, img shape:(160, 160, 160), sx:1, sy:1, sz:1, num_conditions:2
condition:25, metric:[  0. 150. 150.]
condition:26, metric:[  0. 150. 150.]
condition batch eval, img shape:(160, 160, 160), sx:1, sy:1, sz:1, num_conditions:2
condition:27, metric:[  0. 150. 150.]
condition:28, metric:[  0. 150. 150.]
condition batch eval, img shape:(160, 160, 160), sx:1, sy:1, sz:1, num_conditions:2
condition:29, metric:[  0. 150. 150.]
condition:30, metric:[  0. 150. 150.]
condition batch eval, img shape:(160, 160, 160), sx:1, sy:1, sz:1, num_conditions:1
condition:31, metric:[  0. 150. 150.]
===>test image:/projects/weilab/liupeng/projects/frameworks/nnUNet/DATASET/nnUNet_preprocessed/Dataset200_Dataset101_CellMap_model_high_res/nnUNetPlans_3d_lowres_large_patch_test/jrc_jurkat-1_crop126.npy
condition batch eval, img shape:(200, 200, 200), sx:2, sy:2, sz:2, num_conditions:2
condition:1, metric:[0.00790753 0.         0.        ]
condition:2, metric:[  0. 150. 150.]
condition batch eval, img shape:(200, 200, 200), sx:2, sy:2, sz:2, num_conditions:2
condition:3, metric:[0.68142377 0.         0.        ]
condition:4, metric:[0. 0. 0.]
condition batch eval, img shape:(200, 200, 200), sx:2, sy:2, sz:2, num_conditions:2
condition:5, metric:[  0. 150. 150.]
condition:6, metric:[  0. 150. 150.]
condition batch eval, img shape:(200, 200, 200), sx:2, sy:2, sz:2, num_conditions:2
condition:7, metric:[  0. 150. 150.]
condition:8, metric:[  0. 150. 150.]
condition batch eval, img shape:(200, 200, 200), sx:2, sy:2, sz:2, num_conditions:2
condition:9, metric:[  0. 150. 150.]
condition:10, metric:[  0. 150. 150.]
condition batch eval, img shape:(200, 200, 200), sx:2, sy:2, sz:2, num_conditions:2
condition:11, metric:[  0. 150. 150.]
condition:12, metric:[  0. 150. 150.]
condition batch eval, img shape:(200, 200, 200), sx:2, sy:2, sz:2, num_conditions:2
condition:13, metric:[  0. 150. 150.]
condition:14, metric:[  0. 150. 150.]
condition batch eval, img shape:(200, 200, 200), sx:2, sy:2, sz:2, num_conditions:2
condition:15, metric:[  0. 150. 150.]
condition:16, metric:[  0. 150. 150.]
condition batch eval, img shape:(200, 200, 200), sx:2, sy:2, sz:2, num_conditions:2
condition:17, metric:[  0. 150. 150.]
condition:18, metric:[  0. 150. 150.]
condition batch eval, img shape:(200, 200, 200), sx:2, sy:2, sz:2, num_conditions:2
condition:19, metric:[  0. 150. 150.]
condition:20, metric:[  0. 150. 150.]
condition batch eval, img shape:(200, 200, 200), sx:2, sy:2, sz:2, num_conditions:2
condition:21, metric:[  0. 150. 150.]
condition:22, metric:[  0. 150. 150.]
condition batch eval, img shape:(200, 200, 200), sx:2, sy:2, sz:2, num_conditions:2
condition:23, metric:[  0. 150. 150.]
condition:24, metric:[  0. 150. 150.]
condition batch eval, img shape:(200, 200, 200), sx:2, sy:2, sz:2, num_conditions:2
condition:25, metric:[  0. 150. 150.]
condition:26, metric:[  0. 150. 150.]
condition batch eval, img shape:(200, 200, 200), sx:2, sy:2, sz:2, num_conditions:2
condition:27, metric:[  0. 150. 150.]
condition:28, metric:[  0. 150. 150.]
condition batch eval, img shape:(200, 200, 200), sx:2, sy:2, sz:2, num_conditions:2
condition:29, metric:[  0. 150. 150.]
condition:30, metric:[  0. 150. 150.]
condition batch eval, img shape:(200, 200, 200), sx:2, sy:2, sz:2, num_conditions:1
condition:31, metric:[  0. 150. 150.]
===>test image:/projects/weilab/liupeng/projects/frameworks/nnUNet/DATASET/nnUNet_preprocessed/Dataset200_Dataset101_CellMap_model_high_res/nnUNetPlans_3d_lowres_large_patch_test/jrc_hela-3_crop50.npy
condition batch eval, img shape:(256, 256, 256), sx:3, sy:3, sz:3, num_conditions:2
condition:1, metric:[0.33347203 0.         0.        ]
condition:2, metric:[  0. 150. 150.]
condition batch eval, img shape:(256, 256, 256), sx:3, sy:3, sz:3, num_conditions:2
condition:3, metric:[0.86972565 0.         0.        ]
condition:4, metric:[  0. 150. 150.]
condition batch eval, img shape:(256, 256, 256), sx:3, sy:3, sz:3, num_conditions:2
condition:5, metric:[  0. 150. 150.]
condition:6, metric:[  0. 150. 150.]
condition batch eval, img shape:(256, 256, 256), sx:3, sy:3, sz:3, num_conditions:2
condition:7, metric:[  0. 150. 150.]
condition:8, metric:[  0. 150. 150.]
condition batch eval, img shape:(256, 256, 256), sx:3, sy:3, sz:3, num_conditions:2
condition:9, metric:[  0. 150. 150.]
condition:10, metric:[  0. 150. 150.]
condition batch eval, img shape:(256, 256, 256), sx:3, sy:3, sz:3, num_conditions:2
condition:11, metric:[  0. 150. 150.]
condition:12, metric:[  0. 150. 150.]
condition batch eval, img shape:(256, 256, 256), sx:3, sy:3, sz:3, num_conditions:2
condition:13, metric:[  0. 150. 150.]
condition:14, metric:[  0. 150. 150.]
condition batch eval, img shape:(256, 256, 256), sx:3, sy:3, sz:3, num_conditions:2
condition:15, metric:[  0. 150. 150.]
condition:16, metric:[  0. 150. 150.]
condition batch eval, img shape:(256, 256, 256), sx:3, sy:3, sz:3, num_conditions:2
condition:17, metric:[  0. 150. 150.]
condition:18, metric:[  0. 150. 150.]
condition batch eval, img shape:(256, 256, 256), sx:3, sy:3, sz:3, num_conditions:2
condition:19, metric:[  0. 150. 150.]
condition:20, metric:[  0. 150. 150.]
condition batch eval, img shape:(256, 256, 256), sx:3, sy:3, sz:3, num_conditions:2
condition:21, metric:[  0. 150. 150.]
condition:22, metric:[  0. 150. 150.]
condition batch eval, img shape:(256, 256, 256), sx:3, sy:3, sz:3, num_conditions:2
condition:23, metric:[  0. 150. 150.]
condition:24, metric:[  0. 150. 150.]
condition batch eval, img shape:(256, 256, 256), sx:3, sy:3, sz:3, num_conditions:2
condition:25, metric:[  0. 150. 150.]
condition:26, metric:[  0. 150. 150.]
condition batch eval, img shape:(256, 256, 256), sx:3, sy:3, sz:3, num_conditions:2
condition:27, metric:[  0. 150. 150.]
condition:28, metric:[  0. 150. 150.]
condition batch eval, img shape:(256, 256, 256), sx:3, sy:3, sz:3, num_conditions:2
condition:29, metric:[  0. 150. 150.]
condition:30, metric:[  0. 150. 150.]
condition batch eval, img shape:(256, 256, 256), sx:3, sy:3, sz:3, num_conditions:1
condition:31, metric:[  0. 150. 150.]
===>test image:/projects/weilab/liupeng/projects/frameworks/nnUNet/DATASET/nnUNet_preprocessed/Dataset200_Dataset101_CellMap_model_high_res/nnUNetPlans_3d_lowres_large_patch_test/jrc_mus-liver_crop125.npy
condition batch eval, img shape:(400, 400, 400), sx:5, sy:5, sz:5, num_conditions:2
condition:1, metric:[0.81844178 0.         0.        ]
condition:2, metric:[  0. 150. 150.]
condition batch eval, img shape:(400, 400, 400), sx:5, sy:5, sz:5, num_conditions:2
condition:3, metric:[0.55735196 0.         0.        ]
condition:4, metric:[0. 0. 0.]
condition batch eval, img shape:(400, 400, 400), sx:5, sy:5, sz:5, num_conditions:2
condition:5, metric:[  0. 150. 150.]
condition:6, metric:[  0. 150. 150.]
condition batch eval, img shape:(400, 400, 400), sx:5, sy:5, sz:5, num_conditions:2
condition:7, metric:[  0. 150. 150.]
condition:8, metric:[  0. 150. 150.]
condition batch eval, img shape:(400, 400, 400), sx:5, sy:5, sz:5, num_conditions:2
condition:9, metric:[  0. 150. 150.]
condition:10, metric:[  0. 150. 150.]
condition batch eval, img shape:(400, 400, 400), sx:5, sy:5, sz:5, num_conditions:2
condition:11, metric:[  0. 150. 150.]
condition:12, metric:[  0. 150. 150.]
condition batch eval, img shape:(400, 400, 400), sx:5, sy:5, sz:5, num_conditions:2
condition:13, metric:[  0. 150. 150.]
condition:14, metric:[  0. 150. 150.]
condition batch eval, img shape:(400, 400, 400), sx:5, sy:5, sz:5, num_conditions:2
condition:15, metric:[  0. 150. 150.]
condition:16, metric:[  0. 150. 150.]
condition batch eval, img shape:(400, 400, 400), sx:5, sy:5, sz:5, num_conditions:2
condition:17, metric:[  0. 150. 150.]
condition:18, metric:[  0. 150. 150.]
condition batch eval, img shape:(400, 400, 400), sx:5, sy:5, sz:5, num_conditions:2
condition:19, metric:[  0. 150. 150.]
condition:20, metric:[  0. 150. 150.]
condition batch eval, img shape:(400, 400, 400), sx:5, sy:5, sz:5, num_conditions:2
condition:21, metric:[  0. 150. 150.]
condition:22, metric:[  0. 150. 150.]
condition batch eval, img shape:(400, 400, 400), sx:5, sy:5, sz:5, num_conditions:2
condition:23, metric:[  0. 150. 150.]
condition:24, metric:[  0. 150. 150.]
condition batch eval, img shape:(400, 400, 400), sx:5, sy:5, sz:5, num_conditions:2
condition:25, metric:[  0. 150. 150.]
condition:26, metric:[  0. 150. 150.]
condition batch eval, img shape:(400, 400, 400), sx:5, sy:5, sz:5, num_conditions:2
condition:27, metric:[  0. 150. 150.]
condition:28, metric:[  0. 150. 150.]
condition batch eval, img shape:(400, 400, 400), sx:5, sy:5, sz:5, num_conditions:2
condition:29, metric:[  0. 150. 150.]
condition:30, metric:[  0. 150. 150.]
condition batch eval, img shape:(400, 400, 400), sx:5, sy:5, sz:5, num_conditions:1
condition:31, metric:[  0. 150. 150.]
Validation end
avg metric shape: (31, 3)
iteration 17600 : model2_dice_score : 0.033686 model2_hd95 : 137.903226
save model to ../model/CellMap_202_CondBaseline_cond_baseline_cellmap_highres_SGD_SGD/unet_3D_old/model2_iter_17600.pth
iteration 17620 : loss : 0.321618  loss_ce : 0.464485  loss_dice : 0.178751
iteration 17640 : loss : 0.264787  loss_ce : 0.366179  loss_dice : 0.163395
iteration 17660 : loss : 0.290274  loss_ce : 0.383642  loss_dice : 0.196906
iteration 17680 : loss : 0.285769  loss_ce : 0.203519  loss_dice : 0.368019
iteration 17700 : loss : 0.138241  loss_ce : 0.184920  loss_dice : 0.091562
iteration 17720 : loss : 0.200910  loss_ce : 0.246379  loss_dice : 0.155440
iteration 17740 : loss : 0.284048  loss_ce : 0.336828  loss_dice : 0.231267
iteration 17760 : loss : 0.125441  loss_ce : 0.161712  loss_dice : 0.089169
iteration 17780 : loss : 0.259418  loss_ce : 0.370228  loss_dice : 0.148609
iteration 17800 : loss : 0.425996  loss_ce : 0.520228  loss_dice : 0.331765
iteration 17820 : loss : 0.229948  loss_ce : 0.229750  loss_dice : 0.230147
iteration 17840 : loss : 0.110115  loss_ce : 0.164206  loss_dice : 0.056024
iteration 17860 : loss : 0.117107  loss_ce : 0.179187  loss_dice : 0.055027
iteration 17880 : loss : 0.371273  loss_ce : 0.317789  loss_dice : 0.424758
iteration 17900 : loss : 0.280091  loss_ce : 0.276604  loss_dice : 0.283578
iteration 17920 : loss : 0.205903  loss_ce : 0.304931  loss_dice : 0.106875
iteration 17940 : loss : 0.062284  loss_ce : 0.103378  loss_dice : 0.021189
iteration 17960 : loss : 0.227592  loss_ce : 0.336674  loss_dice : 0.118510
iteration 17980 : loss : 0.223960  loss_ce : 0.325926  loss_dice : 0.121994
iteration 18000 : loss : 0.159209  loss_ce : 0.248052  loss_dice : 0.070366
began evaluation!
iteration 18000: validation sampled 4/17 cases
Total test images: 4
Validation begin
===>test image:/projects/weilab/liupeng/projects/frameworks/nnUNet/DATASET/nnUNet_preprocessed/Dataset200_Dataset101_CellMap_model_high_res/nnUNetPlans_3d_lowres_large_patch_test/jrc_ctl-id8-1_crop118.npy
condition batch eval, img shape:(200, 200, 200), sx:2, sy:2, sz:2, num_conditions:2
condition:1, metric:[0.38539214 0.         0.        ]
condition:2, metric:[  0. 150. 150.]
condition batch eval, img shape:(200, 200, 200), sx:2, sy:2, sz:2, num_conditions:2
condition:3, metric:[0.90226879 0.         0.        ]
condition:4, metric:[  0. 150. 150.]
condition batch eval, img shape:(200, 200, 200), sx:2, sy:2, sz:2, num_conditions:2
condition:5, metric:[  0. 150. 150.]
condition:6, metric:[  0. 150. 150.]
condition batch eval, img shape:(200, 200, 200), sx:2, sy:2, sz:2, num_conditions:2
condition:7, metric:[  0. 150. 150.]
condition:8, metric:[  0. 150. 150.]
condition batch eval, img shape:(200, 200, 200), sx:2, sy:2, sz:2, num_conditions:2
condition:9, metric:[  0. 150. 150.]
condition:10, metric:[  0. 150. 150.]
condition batch eval, img shape:(200, 200, 200), sx:2, sy:2, sz:2, num_conditions:2
condition:11, metric:[  0. 150. 150.]
condition:12, metric:[  0. 150. 150.]
condition batch eval, img shape:(200, 200, 200), sx:2, sy:2, sz:2, num_conditions:2
condition:13, metric:[  0. 150. 150.]
condition:14, metric:[  0. 150. 150.]
condition batch eval, img shape:(200, 200, 200), sx:2, sy:2, sz:2, num_conditions:2
condition:15, metric:[  0. 150. 150.]
condition:16, metric:[  0. 150. 150.]
condition batch eval, img shape:(200, 200, 200), sx:2, sy:2, sz:2, num_conditions:2
condition:17, metric:[  0. 150. 150.]
condition:18, metric:[  0. 150. 150.]
condition batch eval, img shape:(200, 200, 200), sx:2, sy:2, sz:2, num_conditions:2
condition:19, metric:[  0. 150. 150.]
condition:20, metric:[  0. 150. 150.]
condition batch eval, img shape:(200, 200, 200), sx:2, sy:2, sz:2, num_conditions:2
condition:21, metric:[  0. 150. 150.]
condition:22, metric:[  0. 150. 150.]
condition batch eval, img shape:(200, 200, 200), sx:2, sy:2, sz:2, num_conditions:2
condition:23, metric:[  0. 150. 150.]
condition:24, metric:[  0. 150. 150.]
condition batch eval, img shape:(200, 200, 200), sx:2, sy:2, sz:2, num_conditions:2
condition:25, metric:[  0. 150. 150.]
condition:26, metric:[  0. 150. 150.]
condition batch eval, img shape:(200, 200, 200), sx:2, sy:2, sz:2, num_conditions:2
condition:27, metric:[  0. 150. 150.]
condition:28, metric:[  0. 150. 150.]
condition batch eval, img shape:(200, 200, 200), sx:2, sy:2, sz:2, num_conditions:2
condition:29, metric:[  0. 150. 150.]
condition:30, metric:[  0. 150. 150.]
condition batch eval, img shape:(200, 200, 200), sx:2, sy:2, sz:2, num_conditions:1
condition:31, metric:[  0. 150. 150.]
===>test image:/projects/weilab/liupeng/projects/frameworks/nnUNet/DATASET/nnUNet_preprocessed/Dataset200_Dataset101_CellMap_model_high_res/nnUNetPlans_3d_lowres_large_patch_test/jrc_sum159-1_crop20.npy
condition batch eval, img shape:(200, 200, 160), sx:2, sy:2, sz:1, num_conditions:2
condition:1, metric:[  0. 150. 150.]
condition:2, metric:[  0. 150. 150.]
condition batch eval, img shape:(200, 200, 160), sx:2, sy:2, sz:1, num_conditions:2
condition:3, metric:[0.63562322 0.         0.        ]
condition:4, metric:[  0. 150. 150.]
condition batch eval, img shape:(200, 200, 160), sx:2, sy:2, sz:1, num_conditions:2
condition:5, metric:[  0. 150. 150.]
condition:6, metric:[  0. 150. 150.]
condition batch eval, img shape:(200, 200, 160), sx:2, sy:2, sz:1, num_conditions:2
condition:7, metric:[  0. 150. 150.]
condition:8, metric:[  0. 150. 150.]
condition batch eval, img shape:(200, 200, 160), sx:2, sy:2, sz:1, num_conditions:2
condition:9, metric:[  0. 150. 150.]
condition:10, metric:[  0. 150. 150.]
condition batch eval, img shape:(200, 200, 160), sx:2, sy:2, sz:1, num_conditions:2
condition:11, metric:[  0. 150. 150.]
condition:12, metric:[  0. 150. 150.]
condition batch eval, img shape:(200, 200, 160), sx:2, sy:2, sz:1, num_conditions:2
condition:13, metric:[  0. 150. 150.]
condition:14, metric:[  0. 150. 150.]
condition batch eval, img shape:(200, 200, 160), sx:2, sy:2, sz:1, num_conditions:2
condition:15, metric:[  0. 150. 150.]
condition:16, metric:[0.0527383 0.        0.       ]
condition batch eval, img shape:(200, 200, 160), sx:2, sy:2, sz:1, num_conditions:2
condition:17, metric:[  0. 150. 150.]
condition:18, metric:[  0. 150. 150.]
condition batch eval, img shape:(200, 200, 160), sx:2, sy:2, sz:1, num_conditions:2
condition:19, metric:[  0. 150. 150.]
condition:20, metric:[  0. 150. 150.]
condition batch eval, img shape:(200, 200, 160), sx:2, sy:2, sz:1, num_conditions:2
condition:21, metric:[  0. 150. 150.]
condition:22, metric:[  0. 150. 150.]
condition batch eval, img shape:(200, 200, 160), sx:2, sy:2, sz:1, num_conditions:2
condition:23, metric:[  0. 150. 150.]
condition:24, metric:[  0. 150. 150.]
condition batch eval, img shape:(200, 200, 160), sx:2, sy:2, sz:1, num_conditions:2
condition:25, metric:[  0. 150. 150.]
condition:26, metric:[  0. 150. 150.]
condition batch eval, img shape:(200, 200, 160), sx:2, sy:2, sz:1, num_conditions:2
condition:27, metric:[  0. 150. 150.]
condition:28, metric:[  0. 150. 150.]
condition batch eval, img shape:(200, 200, 160), sx:2, sy:2, sz:1, num_conditions:2
condition:29, metric:[  0. 150. 150.]
condition:30, metric:[  0. 150. 150.]
condition batch eval, img shape:(200, 200, 160), sx:2, sy:2, sz:1, num_conditions:1
condition:31, metric:[  0. 150. 150.]
===>test image:/projects/weilab/liupeng/projects/frameworks/nnUNet/DATASET/nnUNet_preprocessed/Dataset200_Dataset101_CellMap_model_high_res/nnUNetPlans_3d_lowres_large_patch_test/jrc_mus-liver-zon-1_crop268.npy
condition batch eval, img shape:(400, 400, 400), sx:5, sy:5, sz:5, num_conditions:2
condition:1, metric:[  0. 150. 150.]
condition:2, metric:[  0. 150. 150.]
condition batch eval, img shape:(400, 400, 400), sx:5, sy:5, sz:5, num_conditions:2
condition:3, metric:[0.87412519 0.         0.        ]
condition:4, metric:[  0. 150. 150.]
condition batch eval, img shape:(400, 400, 400), sx:5, sy:5, sz:5, num_conditions:2
condition:5, metric:[  0. 150. 150.]
condition:6, metric:[  0. 150. 150.]
condition batch eval, img shape:(400, 400, 400), sx:5, sy:5, sz:5, num_conditions:2
condition:7, metric:[  0. 150. 150.]
condition:8, metric:[  0. 150. 150.]
condition batch eval, img shape:(400, 400, 400), sx:5, sy:5, sz:5, num_conditions:2
condition:9, metric:[  0. 150. 150.]
condition:10, metric:[  0. 150. 150.]
condition batch eval, img shape:(400, 400, 400), sx:5, sy:5, sz:5, num_conditions:2
condition:11, metric:[  0. 150. 150.]
condition:12, metric:[  0. 150. 150.]
condition batch eval, img shape:(400, 400, 400), sx:5, sy:5, sz:5, num_conditions:2
condition:13, metric:[  0. 150. 150.]
condition:14, metric:[  0. 150. 150.]
condition batch eval, img shape:(400, 400, 400), sx:5, sy:5, sz:5, num_conditions:2
condition:15, metric:[  0. 150. 150.]
condition:16, metric:[  0. 150. 150.]
condition batch eval, img shape:(400, 400, 400), sx:5, sy:5, sz:5, num_conditions:2
condition:17, metric:[  0. 150. 150.]
condition:18, metric:[  0. 150. 150.]
condition batch eval, img shape:(400, 400, 400), sx:5, sy:5, sz:5, num_conditions:2
condition:19, metric:[  0. 150. 150.]
condition:20, metric:[  0. 150. 150.]
condition batch eval, img shape:(400, 400, 400), sx:5, sy:5, sz:5, num_conditions:2
condition:21, metric:[  0. 150. 150.]
condition:22, metric:[  0. 150. 150.]
condition batch eval, img shape:(400, 400, 400), sx:5, sy:5, sz:5, num_conditions:2
condition:23, metric:[  0. 150. 150.]
condition:24, metric:[  0. 150. 150.]
condition batch eval, img shape:(400, 400, 400), sx:5, sy:5, sz:5, num_conditions:2
condition:25, metric:[  0. 150. 150.]
condition:26, metric:[  0. 150. 150.]
condition batch eval, img shape:(400, 400, 400), sx:5, sy:5, sz:5, num_conditions:2
condition:27, metric:[  0. 150. 150.]
condition:28, metric:[  0. 150. 150.]
condition batch eval, img shape:(400, 400, 400), sx:5, sy:5, sz:5, num_conditions:2
condition:29, metric:[  0. 150. 150.]
condition:30, metric:[  0. 150. 150.]
condition batch eval, img shape:(400, 400, 400), sx:5, sy:5, sz:5, num_conditions:1
condition:31, metric:[  0. 150. 150.]
===>test image:/projects/weilab/liupeng/projects/frameworks/nnUNet/DATASET/nnUNet_preprocessed/Dataset200_Dataset101_CellMap_model_high_res/nnUNetPlans_3d_lowres_large_patch_test/jrc_cos7-1a_crop236.npy
condition batch eval, img shape:(200, 200, 200), sx:2, sy:2, sz:2, num_conditions:2
condition:1, metric:[  0. 150. 150.]
condition:2, metric:[  0. 150. 150.]
condition batch eval, img shape:(200, 200, 200), sx:2, sy:2, sz:2, num_conditions:2
condition:3, metric:[0.86794608 0.         0.        ]
condition:4, metric:[  0. 150. 150.]
condition batch eval, img shape:(200, 200, 200), sx:2, sy:2, sz:2, num_conditions:2
condition:5, metric:[  0. 150. 150.]
condition:6, metric:[  0. 150. 150.]
condition batch eval, img shape:(200, 200, 200), sx:2, sy:2, sz:2, num_conditions:2
condition:7, metric:[  0. 150. 150.]
condition:8, metric:[  0. 150. 150.]
condition batch eval, img shape:(200, 200, 200), sx:2, sy:2, sz:2, num_conditions:2
condition:9, metric:[  0. 150. 150.]
condition:10, metric:[  0. 150. 150.]
condition batch eval, img shape:(200, 200, 200), sx:2, sy:2, sz:2, num_conditions:2
condition:11, metric:[  0. 150. 150.]
condition:12, metric:[  0. 150. 150.]
condition batch eval, img shape:(200, 200, 200), sx:2, sy:2, sz:2, num_conditions:2
condition:13, metric:[  0. 150. 150.]
condition:14, metric:[  0. 150. 150.]
condition batch eval, img shape:(200, 200, 200), sx:2, sy:2, sz:2, num_conditions:2
condition:15, metric:[  0. 150. 150.]
condition:16, metric:[  0. 150. 150.]
condition batch eval, img shape:(200, 200, 200), sx:2, sy:2, sz:2, num_conditions:2
condition:17, metric:[  0. 150. 150.]
condition:18, metric:[  0. 150. 150.]
condition batch eval, img shape:(200, 200, 200), sx:2, sy:2, sz:2, num_conditions:2
condition:19, metric:[  0. 150. 150.]
condition:20, metric:[  0. 150. 150.]
condition batch eval, img shape:(200, 200, 200), sx:2, sy:2, sz:2, num_conditions:2
condition:21, metric:[  0. 150. 150.]
condition:22, metric:[  0. 150. 150.]
condition batch eval, img shape:(200, 200, 200), sx:2, sy:2, sz:2, num_conditions:2
condition:23, metric:[  0. 150. 150.]
condition:24, metric:[  0. 150. 150.]
condition batch eval, img shape:(200, 200, 200), sx:2, sy:2, sz:2, num_conditions:2
condition:25, metric:[  0. 150. 150.]
condition:26, metric:[  0. 150. 150.]
condition batch eval, img shape:(200, 200, 200), sx:2, sy:2, sz:2, num_conditions:2
condition:27, metric:[  0. 150. 150.]
condition:28, metric:[  0. 150. 150.]
condition batch eval, img shape:(200, 200, 200), sx:2, sy:2, sz:2, num_conditions:2
condition:29, metric:[  0. 150. 150.]
condition:30, metric:[  0. 150. 150.]
condition batch eval, img shape:(200, 200, 200), sx:2, sy:2, sz:2, num_conditions:1
condition:31, metric:[  0. 150. 150.]
Validation end
avg metric shape: (31, 3)
iteration 18000 : model2_dice_score : 0.029985 model2_hd95 : 142.741935
save model to ../model/CellMap_202_CondBaseline_cond_baseline_cellmap_highres_SGD_SGD/unet_3D_old/model2_iter_18000.pth
iteration 18020 : loss : 0.289551  loss_ce : 0.409077  loss_dice : 0.170026
iteration 18040 : loss : 0.237052  loss_ce : 0.324450  loss_dice : 0.149654
iteration 18060 : loss : 0.112911  loss_ce : 0.160599  loss_dice : 0.065222
iteration 18080 : loss : 0.409968  loss_ce : 0.589956  loss_dice : 0.229980
iteration 18100 : loss : 0.351191  loss_ce : 0.472196  loss_dice : 0.230187
iteration 18120 : loss : 0.260119  loss_ce : 0.159962  loss_dice : 0.360277
iteration 18140 : loss : 0.269359  loss_ce : 0.072488  loss_dice : 0.466230
iteration 18160 : loss : 0.090057  loss_ce : 0.140499  loss_dice : 0.039616
iteration 18180 : loss : 0.131556  loss_ce : 0.199181  loss_dice : 0.063931
iteration 18200 : loss : 0.330016  loss_ce : 0.416999  loss_dice : 0.243032
iteration 18220 : loss : 0.037809  loss_ce : 0.064972  loss_dice : 0.010646
iteration 18240 : loss : 0.203822  loss_ce : 0.261959  loss_dice : 0.145686
iteration 18260 : loss : 0.203274  loss_ce : 0.293053  loss_dice : 0.113496
iteration 18280 : loss : 0.266259  loss_ce : 0.032131  loss_dice : 0.500386
iteration 18300 : loss : 0.060349  loss_ce : 0.093717  loss_dice : 0.026981
iteration 18320 : loss : 0.262115  loss_ce : 0.356988  loss_dice : 0.167241
iteration 18340 : loss : 0.332398  loss_ce : 0.459310  loss_dice : 0.205486
iteration 18360 : loss : 0.320026  loss_ce : 0.328075  loss_dice : 0.311978
iteration 18380 : loss : 0.174228  loss_ce : 0.263038  loss_dice : 0.085418
iteration 18400 : loss : 0.265928  loss_ce : 0.031493  loss_dice : 0.500364
began evaluation!
iteration 18400: validation sampled 4/17 cases
Total test images: 4
Validation begin
===>test image:/projects/weilab/liupeng/projects/frameworks/nnUNet/DATASET/nnUNet_preprocessed/Dataset200_Dataset101_CellMap_model_high_res/nnUNetPlans_3d_lowres_large_patch_test/jrc_mus-liver-zon-1_crop266.npy
condition batch eval, img shape:(400, 400, 400), sx:5, sy:5, sz:5, num_conditions:2
condition:1, metric:[  0. 150. 150.]
condition:2, metric:[  0. 150. 150.]
condition batch eval, img shape:(400, 400, 400), sx:5, sy:5, sz:5, num_conditions:2
condition:3, metric:[0.64323502 0.         0.        ]
condition:4, metric:[  0. 150. 150.]
condition batch eval, img shape:(400, 400, 400), sx:5, sy:5, sz:5, num_conditions:2
condition:5, metric:[  0. 150. 150.]
condition:6, metric:[  0. 150. 150.]
condition batch eval, img shape:(400, 400, 400), sx:5, sy:5, sz:5, num_conditions:2
condition:7, metric:[  0. 150. 150.]
condition:8, metric:[  0. 150. 150.]
condition batch eval, img shape:(400, 400, 400), sx:5, sy:5, sz:5, num_conditions:2
condition:9, metric:[  0. 150. 150.]
condition:10, metric:[  0. 150. 150.]
condition batch eval, img shape:(400, 400, 400), sx:5, sy:5, sz:5, num_conditions:2
condition:11, metric:[  0. 150. 150.]
condition:12, metric:[  0. 150. 150.]
condition batch eval, img shape:(400, 400, 400), sx:5, sy:5, sz:5, num_conditions:2
condition:13, metric:[  0. 150. 150.]
condition:14, metric:[  0. 150. 150.]
condition batch eval, img shape:(400, 400, 400), sx:5, sy:5, sz:5, num_conditions:2
condition:15, metric:[  0. 150. 150.]
condition:16, metric:[  0. 150. 150.]
condition batch eval, img shape:(400, 400, 400), sx:5, sy:5, sz:5, num_conditions:2
condition:17, metric:[  0. 150. 150.]
condition:18, metric:[  0. 150. 150.]
condition batch eval, img shape:(400, 400, 400), sx:5, sy:5, sz:5, num_conditions:2
condition:19, metric:[  0. 150. 150.]
condition:20, metric:[  0. 150. 150.]
condition batch eval, img shape:(400, 400, 400), sx:5, sy:5, sz:5, num_conditions:2
condition:21, metric:[  0. 150. 150.]
condition:22, metric:[  0. 150. 150.]
condition batch eval, img shape:(400, 400, 400), sx:5, sy:5, sz:5, num_conditions:2
condition:23, metric:[  0. 150. 150.]
condition:24, metric:[  0. 150. 150.]
condition batch eval, img shape:(400, 400, 400), sx:5, sy:5, sz:5, num_conditions:2
condition:25, metric:[  0. 150. 150.]
condition:26, metric:[  0. 150. 150.]
condition batch eval, img shape:(400, 400, 400), sx:5, sy:5, sz:5, num_conditions:2
condition:27, metric:[0.63074694 0.         0.        ]
condition:28, metric:[  0. 150. 150.]
condition batch eval, img shape:(400, 400, 400), sx:5, sy:5, sz:5, num_conditions:2
condition:29, metric:[  0. 150. 150.]
condition:30, metric:[  0. 150. 150.]
condition batch eval, img shape:(400, 400, 400), sx:5, sy:5, sz:5, num_conditions:1
condition:31, metric:[  0. 150. 150.]
===>test image:/projects/weilab/liupeng/projects/frameworks/nnUNet/DATASET/nnUNet_preprocessed/Dataset200_Dataset101_CellMap_model_high_res/nnUNetPlans_3d_lowres_large_patch_test/jrc_ctl-id8-1_crop118.npy
condition batch eval, img shape:(200, 200, 200), sx:2, sy:2, sz:2, num_conditions:2
condition:1, metric:[0.37710892 0.         0.        ]
condition:2, metric:[  0. 150. 150.]
condition batch eval, img shape:(200, 200, 200), sx:2, sy:2, sz:2, num_conditions:2
condition:3, metric:[0.88143603 0.         0.        ]
condition:4, metric:[  0. 150. 150.]
condition batch eval, img shape:(200, 200, 200), sx:2, sy:2, sz:2, num_conditions:2
condition:5, metric:[  0. 150. 150.]
condition:6, metric:[  0. 150. 150.]
condition batch eval, img shape:(200, 200, 200), sx:2, sy:2, sz:2, num_conditions:2
condition:7, metric:[  0. 150. 150.]
condition:8, metric:[  0. 150. 150.]
condition batch eval, img shape:(200, 200, 200), sx:2, sy:2, sz:2, num_conditions:2
condition:9, metric:[  0. 150. 150.]
condition:10, metric:[  0. 150. 150.]
condition batch eval, img shape:(200, 200, 200), sx:2, sy:2, sz:2, num_conditions:2
condition:11, metric:[  0. 150. 150.]
condition:12, metric:[  0. 150. 150.]
condition batch eval, img shape:(200, 200, 200), sx:2, sy:2, sz:2, num_conditions:2
condition:13, metric:[  0. 150. 150.]
condition:14, metric:[  0. 150. 150.]
condition batch eval, img shape:(200, 200, 200), sx:2, sy:2, sz:2, num_conditions:2
condition:15, metric:[  0. 150. 150.]
condition:16, metric:[  0. 150. 150.]
condition batch eval, img shape:(200, 200, 200), sx:2, sy:2, sz:2, num_conditions:2
condition:17, metric:[  0. 150. 150.]
condition:18, metric:[  0. 150. 150.]
condition batch eval, img shape:(200, 200, 200), sx:2, sy:2, sz:2, num_conditions:2
condition:19, metric:[  0. 150. 150.]
condition:20, metric:[  0. 150. 150.]
condition batch eval, img shape:(200, 200, 200), sx:2, sy:2, sz:2, num_conditions:2
condition:21, metric:[  0. 150. 150.]
condition:22, metric:[  0. 150. 150.]
condition batch eval, img shape:(200, 200, 200), sx:2, sy:2, sz:2, num_conditions:2
condition:23, metric:[  0. 150. 150.]
condition:24, metric:[  0. 150. 150.]
condition batch eval, img shape:(200, 200, 200), sx:2, sy:2, sz:2, num_conditions:2
condition:25, metric:[  0. 150. 150.]
condition:26, metric:[  0. 150. 150.]
condition batch eval, img shape:(200, 200, 200), sx:2, sy:2, sz:2, num_conditions:2
condition:27, metric:[  0. 150. 150.]
condition:28, metric:[  0. 150. 150.]
condition batch eval, img shape:(200, 200, 200), sx:2, sy:2, sz:2, num_conditions:2
condition:29, metric:[  0. 150. 150.]
condition:30, metric:[  0. 150. 150.]
condition batch eval, img shape:(200, 200, 200), sx:2, sy:2, sz:2, num_conditions:1
condition:31, metric:[  0. 150. 150.]
===>test image:/projects/weilab/liupeng/projects/frameworks/nnUNet/DATASET/nnUNet_preprocessed/Dataset200_Dataset101_CellMap_model_high_res/nnUNetPlans_3d_lowres_large_patch_test/jrc_mus-liver_crop125.npy
condition batch eval, img shape:(400, 400, 400), sx:5, sy:5, sz:5, num_conditions:2
condition:1, metric:[0.7549787 0.        0.       ]
condition:2, metric:[  0. 150. 150.]
condition batch eval, img shape:(400, 400, 400), sx:5, sy:5, sz:5, num_conditions:2
condition:3, metric:[0.53139573 0.         0.        ]
condition:4, metric:[  0. 150. 150.]
condition batch eval, img shape:(400, 400, 400), sx:5, sy:5, sz:5, num_conditions:2
condition:5, metric:[  0. 150. 150.]
condition:6, metric:[  0. 150. 150.]
condition batch eval, img shape:(400, 400, 400), sx:5, sy:5, sz:5, num_conditions:2
condition:7, metric:[  0. 150. 150.]
condition:8, metric:[  0. 150. 150.]
condition batch eval, img shape:(400, 400, 400), sx:5, sy:5, sz:5, num_conditions:2
condition:9, metric:[  0. 150. 150.]
condition:10, metric:[  0. 150. 150.]
condition batch eval, img shape:(400, 400, 400), sx:5, sy:5, sz:5, num_conditions:2
condition:11, metric:[  0. 150. 150.]
condition:12, metric:[  0. 150. 150.]
condition batch eval, img shape:(400, 400, 400), sx:5, sy:5, sz:5, num_conditions:2
condition:13, metric:[  0. 150. 150.]
condition:14, metric:[  0. 150. 150.]
condition batch eval, img shape:(400, 400, 400), sx:5, sy:5, sz:5, num_conditions:2
condition:15, metric:[  0. 150. 150.]
condition:16, metric:[  0. 150. 150.]
condition batch eval, img shape:(400, 400, 400), sx:5, sy:5, sz:5, num_conditions:2
condition:17, metric:[  0. 150. 150.]
condition:18, metric:[  0. 150. 150.]
condition batch eval, img shape:(400, 400, 400), sx:5, sy:5, sz:5, num_conditions:2
condition:19, metric:[  0. 150. 150.]
condition:20, metric:[  0. 150. 150.]
condition batch eval, img shape:(400, 400, 400), sx:5, sy:5, sz:5, num_conditions:2
condition:21, metric:[  0. 150. 150.]
condition:22, metric:[  0. 150. 150.]
condition batch eval, img shape:(400, 400, 400), sx:5, sy:5, sz:5, num_conditions:2
condition:23, metric:[  0. 150. 150.]
condition:24, metric:[  0. 150. 150.]
condition batch eval, img shape:(400, 400, 400), sx:5, sy:5, sz:5, num_conditions:2
condition:25, metric:[  0. 150. 150.]
condition:26, metric:[  0. 150. 150.]
condition batch eval, img shape:(400, 400, 400), sx:5, sy:5, sz:5, num_conditions:2
condition:27, metric:[  0. 150. 150.]
condition:28, metric:[  0. 150. 150.]
condition batch eval, img shape:(400, 400, 400), sx:5, sy:5, sz:5, num_conditions:2
condition:29, metric:[  0. 150. 150.]
condition:30, metric:[  0. 150. 150.]
condition batch eval, img shape:(400, 400, 400), sx:5, sy:5, sz:5, num_conditions:1
condition:31, metric:[  0. 150. 150.]
===>test image:/projects/weilab/liupeng/projects/frameworks/nnUNet/DATASET/nnUNet_preprocessed/Dataset200_Dataset101_CellMap_model_high_res/nnUNetPlans_3d_lowres_large_patch_test/jrc_fly-vnc-1_crop174.npy
condition batch eval, img shape:(200, 200, 200), sx:2, sy:2, sz:2, num_conditions:2
condition:1, metric:[0.19169044 0.         0.        ]
condition:2, metric:[  0. 150. 150.]
condition batch eval, img shape:(200, 200, 200), sx:2, sy:2, sz:2, num_conditions:2
condition:3, metric:[0.66887859 0.         0.        ]
condition:4, metric:[  0. 150. 150.]
condition batch eval, img shape:(200, 200, 200), sx:2, sy:2, sz:2, num_conditions:2
condition:5, metric:[  0. 150. 150.]
condition:6, metric:[  0. 150. 150.]
condition batch eval, img shape:(200, 200, 200), sx:2, sy:2, sz:2, num_conditions:2
condition:7, metric:[  0. 150. 150.]
condition:8, metric:[  0. 150. 150.]
condition batch eval, img shape:(200, 200, 200), sx:2, sy:2, sz:2, num_conditions:2
condition:9, metric:[  0. 150. 150.]
condition:10, metric:[  0. 150. 150.]
condition batch eval, img shape:(200, 200, 200), sx:2, sy:2, sz:2, num_conditions:2
condition:11, metric:[  0. 150. 150.]
condition:12, metric:[  0. 150. 150.]
condition batch eval, img shape:(200, 200, 200), sx:2, sy:2, sz:2, num_conditions:2
condition:13, metric:[  0. 150. 150.]
condition:14, metric:[  0. 150. 150.]
condition batch eval, img shape:(200, 200, 200), sx:2, sy:2, sz:2, num_conditions:2
condition:15, metric:[  0. 150. 150.]
condition:16, metric:[  0. 150. 150.]
condition batch eval, img shape:(200, 200, 200), sx:2, sy:2, sz:2, num_conditions:2
condition:17, metric:[  0. 150. 150.]
condition:18, metric:[  0. 150. 150.]
condition batch eval, img shape:(200, 200, 200), sx:2, sy:2, sz:2, num_conditions:2
condition:19, metric:[  0. 150. 150.]
condition:20, metric:[  0. 150. 150.]
condition batch eval, img shape:(200, 200, 200), sx:2, sy:2, sz:2, num_conditions:2
condition:21, metric:[  0. 150. 150.]
condition:22, metric:[  0. 150. 150.]
condition batch eval, img shape:(200, 200, 200), sx:2, sy:2, sz:2, num_conditions:2
condition:23, metric:[  0. 150. 150.]
condition:24, metric:[  0. 150. 150.]
condition batch eval, img shape:(200, 200, 200), sx:2, sy:2, sz:2, num_conditions:2
condition:25, metric:[  0. 150. 150.]
condition:26, metric:[  0. 150. 150.]
condition batch eval, img shape:(200, 200, 200), sx:2, sy:2, sz:2, num_conditions:2
condition:27, metric:[  0. 150. 150.]
condition:28, metric:[  0. 150. 150.]
condition batch eval, img shape:(200, 200, 200), sx:2, sy:2, sz:2, num_conditions:2
condition:29, metric:[  0. 150. 150.]
condition:30, metric:[  0. 150. 150.]
condition batch eval, img shape:(200, 200, 200), sx:2, sy:2, sz:2, num_conditions:1
condition:31, metric:[  0. 150. 150.]
Validation end
avg metric shape: (31, 3)
save model to ../model/CellMap_202_CondBaseline_cond_baseline_cellmap_highres_SGD_SGD/unet_3D_old/iter_18400_dice_0.0377
iteration 18400 : model2_dice_score : 0.037738 model2_hd95 : 140.322581
save model to ../model/CellMap_202_CondBaseline_cond_baseline_cellmap_highres_SGD_SGD/unet_3D_old/model2_iter_18400.pth
iteration 18420 : loss : 0.287140  loss_ce : 0.257853  loss_dice : 0.316427
iteration 18440 : loss : 0.071587  loss_ce : 0.116949  loss_dice : 0.026224
iteration 18460 : loss : 0.170796  loss_ce : 0.237290  loss_dice : 0.104302
iteration 18480 : loss : 0.268312  loss_ce : 0.388544  loss_dice : 0.148081
iteration 18500 : loss : 0.061564  loss_ce : 0.100103  loss_dice : 0.023025
iteration 18520 : loss : 0.581655  loss_ce : 0.668689  loss_dice : 0.494620
iteration 18540 : loss : 0.156577  loss_ce : 0.171345  loss_dice : 0.141809
iteration 18560 : loss : 0.166735  loss_ce : 0.223254  loss_dice : 0.110217
iteration 18580 : loss : 0.416474  loss_ce : 0.553109  loss_dice : 0.279838
iteration 18600 : loss : 0.729136  loss_ce : 0.975443  loss_dice : 0.482829
iteration 18620 : loss : 0.390760  loss_ce : 0.431813  loss_dice : 0.349708
iteration 18640 : loss : 0.112026  loss_ce : 0.135609  loss_dice : 0.088443
iteration 18660 : loss : 0.136717  loss_ce : 0.162719  loss_dice : 0.110715
iteration 18680 : loss : 0.122192  loss_ce : 0.156915  loss_dice : 0.087470
iteration 18700 : loss : 0.295755  loss_ce : 0.143718  loss_dice : 0.447793
iteration 18720 : loss : 0.269556  loss_ce : 0.143498  loss_dice : 0.395615
iteration 18740 : loss : 0.222430  loss_ce : 0.315234  loss_dice : 0.129626
iteration 18760 : loss : 0.059992  loss_ce : 0.096492  loss_dice : 0.023493
iteration 18780 : loss : 0.234166  loss_ce : 0.303659  loss_dice : 0.164672
iteration 18800 : loss : 0.176648  loss_ce : 0.263936  loss_dice : 0.089360
began evaluation!
iteration 18800: validation sampled 4/17 cases
Total test images: 4
Validation begin
===>test image:/projects/weilab/liupeng/projects/frameworks/nnUNet/DATASET/nnUNet_preprocessed/Dataset200_Dataset101_CellMap_model_high_res/nnUNetPlans_3d_lowres_large_patch_test/jrc_sum159-4_crop219.npy
condition batch eval, img shape:(400, 400, 400), sx:5, sy:5, sz:5, num_conditions:2
condition:1, metric:[0.12962551 0.         0.        ]
condition:2, metric:[  0. 150. 150.]
condition batch eval, img shape:(400, 400, 400), sx:5, sy:5, sz:5, num_conditions:2
condition:3, metric:[0.80120492 0.         0.        ]
condition:4, metric:[  0. 150. 150.]
condition batch eval, img shape:(400, 400, 400), sx:5, sy:5, sz:5, num_conditions:2
condition:5, metric:[  0. 150. 150.]
condition:6, metric:[  0. 150. 150.]
condition batch eval, img shape:(400, 400, 400), sx:5, sy:5, sz:5, num_conditions:2
condition:7, metric:[  0. 150. 150.]
condition:8, metric:[0.0098485 0.        0.       ]
condition batch eval, img shape:(400, 400, 400), sx:5, sy:5, sz:5, num_conditions:2
condition:9, metric:[  0. 150. 150.]
condition:10, metric:[  0. 150. 150.]
condition batch eval, img shape:(400, 400, 400), sx:5, sy:5, sz:5, num_conditions:2
condition:11, metric:[  0. 150. 150.]
condition:12, metric:[  0. 150. 150.]
condition batch eval, img shape:(400, 400, 400), sx:5, sy:5, sz:5, num_conditions:2
condition:13, metric:[  0. 150. 150.]
condition:14, metric:[  0. 150. 150.]
condition batch eval, img shape:(400, 400, 400), sx:5, sy:5, sz:5, num_conditions:2
condition:15, metric:[  0. 150. 150.]
condition:16, metric:[0.01221103 0.         0.        ]
condition batch eval, img shape:(400, 400, 400), sx:5, sy:5, sz:5, num_conditions:2
condition:17, metric:[  0. 150. 150.]
condition:18, metric:[  0. 150. 150.]
condition batch eval, img shape:(400, 400, 400), sx:5, sy:5, sz:5, num_conditions:2
condition:19, metric:[  0. 150. 150.]
condition:20, metric:[  0. 150. 150.]
condition batch eval, img shape:(400, 400, 400), sx:5, sy:5, sz:5, num_conditions:2
condition:21, metric:[  0. 150. 150.]
condition:22, metric:[  0. 150. 150.]
condition batch eval, img shape:(400, 400, 400), sx:5, sy:5, sz:5, num_conditions:2
condition:23, metric:[  0. 150. 150.]
condition:24, metric:[  0. 150. 150.]
condition batch eval, img shape:(400, 400, 400), sx:5, sy:5, sz:5, num_conditions:2
condition:25, metric:[0.09405352 0.         0.        ]
condition:26, metric:[  0. 150. 150.]
condition batch eval, img shape:(400, 400, 400), sx:5, sy:5, sz:5, num_conditions:2
condition:27, metric:[0.00936414 0.         0.        ]
condition:28, metric:[  0. 150. 150.]
condition batch eval, img shape:(400, 400, 400), sx:5, sy:5, sz:5, num_conditions:2
condition:29, metric:[  0. 150. 150.]
condition:30, metric:[  0. 150. 150.]
condition batch eval, img shape:(400, 400, 400), sx:5, sy:5, sz:5, num_conditions:1
condition:31, metric:[  0. 150. 150.]
===>test image:/projects/weilab/liupeng/projects/frameworks/nnUNet/DATASET/nnUNet_preprocessed/Dataset200_Dataset101_CellMap_model_high_res/nnUNetPlans_3d_lowres_large_patch_test/jrc_mus-liver-zon-2_crop342.npy
condition batch eval, img shape:(400, 400, 400), sx:5, sy:5, sz:5, num_conditions:2
condition:1, metric:[0.45156573 0.         0.        ]
condition:2, metric:[  0. 150. 150.]
condition batch eval, img shape:(400, 400, 400), sx:5, sy:5, sz:5, num_conditions:2
condition:3, metric:[0.70089041 0.         0.        ]
condition:4, metric:[  0. 150. 150.]
condition batch eval, img shape:(400, 400, 400), sx:5, sy:5, sz:5, num_conditions:2
condition:5, metric:[  0. 150. 150.]
condition:6, metric:[  0. 150. 150.]
condition batch eval, img shape:(400, 400, 400), sx:5, sy:5, sz:5, num_conditions:2
condition:7, metric:[  0. 150. 150.]
condition:8, metric:[  0. 150. 150.]
condition batch eval, img shape:(400, 400, 400), sx:5, sy:5, sz:5, num_conditions:2
condition:9, metric:[  0. 150. 150.]
condition:10, metric:[  0. 150. 150.]
condition batch eval, img shape:(400, 400, 400), sx:5, sy:5, sz:5, num_conditions:2
condition:11, metric:[  0. 150. 150.]
condition:12, metric:[  0. 150. 150.]
condition batch eval, img shape:(400, 400, 400), sx:5, sy:5, sz:5, num_conditions:2
condition:13, metric:[  0. 150. 150.]
condition:14, metric:[  0. 150. 150.]
condition batch eval, img shape:(400, 400, 400), sx:5, sy:5, sz:5, num_conditions:2
condition:15, metric:[  0. 150. 150.]
condition:16, metric:[  0. 150. 150.]
condition batch eval, img shape:(400, 400, 400), sx:5, sy:5, sz:5, num_conditions:2
condition:17, metric:[  0. 150. 150.]
condition:18, metric:[  0. 150. 150.]
condition batch eval, img shape:(400, 400, 400), sx:5, sy:5, sz:5, num_conditions:2
condition:19, metric:[  0. 150. 150.]
condition:20, metric:[  0. 150. 150.]
condition batch eval, img shape:(400, 400, 400), sx:5, sy:5, sz:5, num_conditions:2
condition:21, metric:[  0. 150. 150.]
condition:22, metric:[  0. 150. 150.]
condition batch eval, img shape:(400, 400, 400), sx:5, sy:5, sz:5, num_conditions:2
condition:23, metric:[  0. 150. 150.]
condition:24, metric:[  0. 150. 150.]
condition batch eval, img shape:(400, 400, 400), sx:5, sy:5, sz:5, num_conditions:2
condition:25, metric:[3.81400297e-05 0.00000000e+00 0.00000000e+00]
condition:26, metric:[  0. 150. 150.]
condition batch eval, img shape:(400, 400, 400), sx:5, sy:5, sz:5, num_conditions:2
condition:27, metric:[0.38201971 0.         0.        ]
condition:28, metric:[  0. 150. 150.]
condition batch eval, img shape:(400, 400, 400), sx:5, sy:5, sz:5, num_conditions:2
condition:29, metric:[  0. 150. 150.]
condition:30, metric:[  0. 150. 150.]
condition batch eval, img shape:(400, 400, 400), sx:5, sy:5, sz:5, num_conditions:1
condition:31, metric:[  0. 150. 150.]
===>test image:/projects/weilab/liupeng/projects/frameworks/nnUNet/DATASET/nnUNet_preprocessed/Dataset200_Dataset101_CellMap_model_high_res/nnUNetPlans_3d_lowres_large_patch_test/jrc_ctl-id8-1_crop118.npy
condition batch eval, img shape:(200, 200, 200), sx:2, sy:2, sz:2, num_conditions:2
condition:1, metric:[0.41440948 0.         0.        ]
condition:2, metric:[  0. 150. 150.]
condition batch eval, img shape:(200, 200, 200), sx:2, sy:2, sz:2, num_conditions:2
condition:3, metric:[0.90422238 0.         0.        ]
condition:4, metric:[  0. 150. 150.]
condition batch eval, img shape:(200, 200, 200), sx:2, sy:2, sz:2, num_conditions:2
condition:5, metric:[  0. 150. 150.]
condition:6, metric:[  0. 150. 150.]
condition batch eval, img shape:(200, 200, 200), sx:2, sy:2, sz:2, num_conditions:2
condition:7, metric:[  0. 150. 150.]
condition:8, metric:[  0. 150. 150.]
condition batch eval, img shape:(200, 200, 200), sx:2, sy:2, sz:2, num_conditions:2
condition:9, metric:[  0. 150. 150.]
condition:10, metric:[  0. 150. 150.]
condition batch eval, img shape:(200, 200, 200), sx:2, sy:2, sz:2, num_conditions:2
condition:11, metric:[  0. 150. 150.]
condition:12, metric:[  0. 150. 150.]
condition batch eval, img shape:(200, 200, 200), sx:2, sy:2, sz:2, num_conditions:2
condition:13, metric:[  0. 150. 150.]
condition:14, metric:[  0. 150. 150.]
condition batch eval, img shape:(200, 200, 200), sx:2, sy:2, sz:2, num_conditions:2
condition:15, metric:[  0. 150. 150.]
condition:16, metric:[  0. 150. 150.]
condition batch eval, img shape:(200, 200, 200), sx:2, sy:2, sz:2, num_conditions:2
condition:17, metric:[  0. 150. 150.]
condition:18, metric:[  0. 150. 150.]
condition batch eval, img shape:(200, 200, 200), sx:2, sy:2, sz:2, num_conditions:2
condition:19, metric:[  0. 150. 150.]
condition:20, metric:[  0. 150. 150.]
condition batch eval, img shape:(200, 200, 200), sx:2, sy:2, sz:2, num_conditions:2
condition:21, metric:[  0. 150. 150.]
condition:22, metric:[  0. 150. 150.]
condition batch eval, img shape:(200, 200, 200), sx:2, sy:2, sz:2, num_conditions:2
condition:23, metric:[  0. 150. 150.]
condition:24, metric:[  0. 150. 150.]
condition batch eval, img shape:(200, 200, 200), sx:2, sy:2, sz:2, num_conditions:2
condition:25, metric:[  0. 150. 150.]
condition:26, metric:[  0. 150. 150.]
condition batch eval, img shape:(200, 200, 200), sx:2, sy:2, sz:2, num_conditions:2
condition:27, metric:[  0. 150. 150.]
condition:28, metric:[  0. 150. 150.]
condition batch eval, img shape:(200, 200, 200), sx:2, sy:2, sz:2, num_conditions:2
condition:29, metric:[  0. 150. 150.]
condition:30, metric:[  0. 150. 150.]
condition batch eval, img shape:(200, 200, 200), sx:2, sy:2, sz:2, num_conditions:1
condition:31, metric:[  0. 150. 150.]
===>test image:/projects/weilab/liupeng/projects/frameworks/nnUNet/DATASET/nnUNet_preprocessed/Dataset200_Dataset101_CellMap_model_high_res/nnUNetPlans_3d_lowres_large_patch_test/jrc_cos7-1a_crop236.npy
condition batch eval, img shape:(200, 200, 200), sx:2, sy:2, sz:2, num_conditions:2
condition:1, metric:[  0. 150. 150.]
condition:2, metric:[  0. 150. 150.]
condition batch eval, img shape:(200, 200, 200), sx:2, sy:2, sz:2, num_conditions:2
condition:3, metric:[0.93390779 0.         0.        ]
condition:4, metric:[  0. 150. 150.]
condition batch eval, img shape:(200, 200, 200), sx:2, sy:2, sz:2, num_conditions:2
condition:5, metric:[5.4246556e-06 0.0000000e+00 0.0000000e+00]
condition:6, metric:[  0. 150. 150.]
condition batch eval, img shape:(200, 200, 200), sx:2, sy:2, sz:2, num_conditions:2
condition:7, metric:[  0. 150. 150.]
condition:8, metric:[  0. 150. 150.]
condition batch eval, img shape:(200, 200, 200), sx:2, sy:2, sz:2, num_conditions:2
condition:9, metric:[  0. 150. 150.]
condition:10, metric:[  0. 150. 150.]
condition batch eval, img shape:(200, 200, 200), sx:2, sy:2, sz:2, num_conditions:2
condition:11, metric:[  0. 150. 150.]
condition:12, metric:[  0. 150. 150.]
condition batch eval, img shape:(200, 200, 200), sx:2, sy:2, sz:2, num_conditions:2
condition:13, metric:[  0. 150. 150.]
condition:14, metric:[  0. 150. 150.]
condition batch eval, img shape:(200, 200, 200), sx:2, sy:2, sz:2, num_conditions:2
condition:15, metric:[  0. 150. 150.]
condition:16, metric:[  0. 150. 150.]
condition batch eval, img shape:(200, 200, 200), sx:2, sy:2, sz:2, num_conditions:2
condition:17, metric:[  0. 150. 150.]
condition:18, metric:[  0. 150. 150.]
condition batch eval, img shape:(200, 200, 200), sx:2, sy:2, sz:2, num_conditions:2
condition:19, metric:[  0. 150. 150.]
condition:20, metric:[  0. 150. 150.]
condition batch eval, img shape:(200, 200, 200), sx:2, sy:2, sz:2, num_conditions:2
condition:21, metric:[  0. 150. 150.]
condition:22, metric:[  0. 150. 150.]
condition batch eval, img shape:(200, 200, 200), sx:2, sy:2, sz:2, num_conditions:2
condition:23, metric:[  0. 150. 150.]
condition:24, metric:[  0. 150. 150.]
condition batch eval, img shape:(200, 200, 200), sx:2, sy:2, sz:2, num_conditions:2
condition:25, metric:[  0. 150. 150.]
condition:26, metric:[  0. 150. 150.]
condition batch eval, img shape:(200, 200, 200), sx:2, sy:2, sz:2, num_conditions:2
condition:27, metric:[  0. 150. 150.]
condition:28, metric:[  0. 150. 150.]
condition batch eval, img shape:(200, 200, 200), sx:2, sy:2, sz:2, num_conditions:2
condition:29, metric:[  0. 150. 150.]
condition:30, metric:[  0. 150. 150.]
condition batch eval, img shape:(200, 200, 200), sx:2, sy:2, sz:2, num_conditions:1
condition:31, metric:[  0. 150. 150.]
Validation end
avg metric shape: (31, 3)
save model to ../model/CellMap_202_CondBaseline_cond_baseline_cellmap_highres_SGD_SGD/unet_3D_old/iter_18800_dice_0.0391
iteration 18800 : model2_dice_score : 0.039059 model2_hd95 : 133.064516
save model to ../model/CellMap_202_CondBaseline_cond_baseline_cellmap_highres_SGD_SGD/unet_3D_old/model2_iter_18800.pth
iteration 18820 : loss : 0.257169  loss_ce : 0.115068  loss_dice : 0.399270
iteration 18840 : loss : 0.124691  loss_ce : 0.183242  loss_dice : 0.066140
iteration 18860 : loss : 0.306204  loss_ce : 0.459463  loss_dice : 0.152946
iteration 18880 : loss : 0.220840  loss_ce : 0.138433  loss_dice : 0.303247
iteration 18900 : loss : 0.370504  loss_ce : 0.508140  loss_dice : 0.232867
iteration 18920 : loss : 0.294927  loss_ce : 0.437394  loss_dice : 0.152460
iteration 18940 : loss : 0.376505  loss_ce : 0.427988  loss_dice : 0.325023
iteration 18960 : loss : 0.299167  loss_ce : 0.401991  loss_dice : 0.196343
iteration 18980 : loss : 0.257794  loss_ce : 0.355500  loss_dice : 0.160088
iteration 19000 : loss : 0.102643  loss_ce : 0.151359  loss_dice : 0.053926
iteration 19020 : loss : 0.287669  loss_ce : 0.290798  loss_dice : 0.284540
iteration 19040 : loss : 0.275075  loss_ce : 0.049362  loss_dice : 0.500787
iteration 19060 : loss : 0.132190  loss_ce : 0.191393  loss_dice : 0.072987
iteration 19080 : loss : 0.311508  loss_ce : 0.440436  loss_dice : 0.182579
iteration 19100 : loss : 0.093484  loss_ce : 0.144686  loss_dice : 0.042281
iteration 19120 : loss : 0.029382  loss_ce : 0.053014  loss_dice : 0.005750
iteration 19140 : loss : 0.307129  loss_ce : 0.241257  loss_dice : 0.373001
iteration 19160 : loss : 0.054451  loss_ce : 0.092738  loss_dice : 0.016165
iteration 19180 : loss : 0.174217  loss_ce : 0.261378  loss_dice : 0.087055
iteration 19200 : loss : 0.364139  loss_ce : 0.511399  loss_dice : 0.216880
began evaluation!
iteration 19200: validation sampled 4/17 cases
Total test images: 4
Validation begin
===>test image:/projects/weilab/liupeng/projects/frameworks/nnUNet/DATASET/nnUNet_preprocessed/Dataset200_Dataset101_CellMap_model_high_res/nnUNetPlans_3d_lowres_large_patch_test/jrc_ut21-1413-003_crop190.npy
condition batch eval, img shape:(400, 400, 400), sx:5, sy:5, sz:5, num_conditions:2
condition:1, metric:[0.50099316 0.         0.        ]
condition:2, metric:[  0. 150. 150.]
condition batch eval, img shape:(400, 400, 400), sx:5, sy:5, sz:5, num_conditions:2
condition:3, metric:[0.62848521 0.         0.        ]
condition:4, metric:[  0. 150. 150.]
condition batch eval, img shape:(400, 400, 400), sx:5, sy:5, sz:5, num_conditions:2
condition:5, metric:[0. 0. 0.]
condition:6, metric:[  0. 150. 150.]
condition batch eval, img shape:(400, 400, 400), sx:5, sy:5, sz:5, num_conditions:2
condition:7, metric:[  0. 150. 150.]
condition:8, metric:[  0. 150. 150.]
condition batch eval, img shape:(400, 400, 400), sx:5, sy:5, sz:5, num_conditions:2
condition:9, metric:[  0. 150. 150.]
condition:10, metric:[  0. 150. 150.]
condition batch eval, img shape:(400, 400, 400), sx:5, sy:5, sz:5, num_conditions:2
condition:11, metric:[  0. 150. 150.]
condition:12, metric:[  0. 150. 150.]
condition batch eval, img shape:(400, 400, 400), sx:5, sy:5, sz:5, num_conditions:2
condition:13, metric:[  0. 150. 150.]
condition:14, metric:[  0. 150. 150.]
condition batch eval, img shape:(400, 400, 400), sx:5, sy:5, sz:5, num_conditions:2
condition:15, metric:[  0. 150. 150.]
condition:16, metric:[0.07908851 0.         0.        ]
condition batch eval, img shape:(400, 400, 400), sx:5, sy:5, sz:5, num_conditions:2
condition:17, metric:[  0. 150. 150.]
condition:18, metric:[  0. 150. 150.]
condition batch eval, img shape:(400, 400, 400), sx:5, sy:5, sz:5, num_conditions:2
condition:19, metric:[  0. 150. 150.]
condition:20, metric:[  0. 150. 150.]
condition batch eval, img shape:(400, 400, 400), sx:5, sy:5, sz:5, num_conditions:2
condition:21, metric:[  0. 150. 150.]
condition:22, metric:[  0. 150. 150.]
condition batch eval, img shape:(400, 400, 400), sx:5, sy:5, sz:5, num_conditions:2
condition:23, metric:[  0. 150. 150.]
condition:24, metric:[  0. 150. 150.]
condition batch eval, img shape:(400, 400, 400), sx:5, sy:5, sz:5, num_conditions:2
condition:25, metric:[  0. 150. 150.]
condition:26, metric:[  0. 150. 150.]
condition batch eval, img shape:(400, 400, 400), sx:5, sy:5, sz:5, num_conditions:2
condition:27, metric:[  0. 150. 150.]
condition:28, metric:[  0. 150. 150.]
condition batch eval, img shape:(400, 400, 400), sx:5, sy:5, sz:5, num_conditions:2
condition:29, metric:[  0. 150. 150.]
condition:30, metric:[  0. 150. 150.]
condition batch eval, img shape:(400, 400, 400), sx:5, sy:5, sz:5, num_conditions:1
condition:31, metric:[  0. 150. 150.]
===>test image:/projects/weilab/liupeng/projects/frameworks/nnUNet/DATASET/nnUNet_preprocessed/Dataset200_Dataset101_CellMap_model_high_res/nnUNetPlans_3d_lowres_large_patch_test/jrc_mus-liver-zon-2_crop342.npy
condition batch eval, img shape:(400, 400, 400), sx:5, sy:5, sz:5, num_conditions:2
condition:1, metric:[0.44659424 0.         0.        ]
condition:2, metric:[  0. 150. 150.]
condition batch eval, img shape:(400, 400, 400), sx:5, sy:5, sz:5, num_conditions:2
condition:3, metric:[0.72547437 0.         0.        ]
condition:4, metric:[  0. 150. 150.]
condition batch eval, img shape:(400, 400, 400), sx:5, sy:5, sz:5, num_conditions:2
condition:5, metric:[0. 0. 0.]
condition:6, metric:[  0. 150. 150.]
condition batch eval, img shape:(400, 400, 400), sx:5, sy:5, sz:5, num_conditions:2
condition:7, metric:[  0. 150. 150.]
condition:8, metric:[  0. 150. 150.]
condition batch eval, img shape:(400, 400, 400), sx:5, sy:5, sz:5, num_conditions:2
condition:9, metric:[  0. 150. 150.]
condition:10, metric:[  0. 150. 150.]
condition batch eval, img shape:(400, 400, 400), sx:5, sy:5, sz:5, num_conditions:2
condition:11, metric:[  0. 150. 150.]
condition:12, metric:[  0. 150. 150.]
condition batch eval, img shape:(400, 400, 400), sx:5, sy:5, sz:5, num_conditions:2
condition:13, metric:[  0. 150. 150.]
condition:14, metric:[  0. 150. 150.]
condition batch eval, img shape:(400, 400, 400), sx:5, sy:5, sz:5, num_conditions:2
condition:15, metric:[  0. 150. 150.]
condition:16, metric:[  0. 150. 150.]
condition batch eval, img shape:(400, 400, 400), sx:5, sy:5, sz:5, num_conditions:2
condition:17, metric:[  0. 150. 150.]
condition:18, metric:[  0. 150. 150.]
condition batch eval, img shape:(400, 400, 400), sx:5, sy:5, sz:5, num_conditions:2
condition:19, metric:[  0. 150. 150.]
condition:20, metric:[  0. 150. 150.]
condition batch eval, img shape:(400, 400, 400), sx:5, sy:5, sz:5, num_conditions:2
condition:21, metric:[  0. 150. 150.]
condition:22, metric:[  0. 150. 150.]
condition batch eval, img shape:(400, 400, 400), sx:5, sy:5, sz:5, num_conditions:2
condition:23, metric:[  0. 150. 150.]
condition:24, metric:[  0. 150. 150.]
condition batch eval, img shape:(400, 400, 400), sx:5, sy:5, sz:5, num_conditions:2
condition:25, metric:[0. 0. 0.]
condition:26, metric:[  0. 150. 150.]
condition batch eval, img shape:(400, 400, 400), sx:5, sy:5, sz:5, num_conditions:2
condition:27, metric:[0.27339434 0.         0.        ]
condition:28, metric:[  0. 150. 150.]
condition batch eval, img shape:(400, 400, 400), sx:5, sy:5, sz:5, num_conditions:2
condition:29, metric:[  0. 150. 150.]
condition:30, metric:[  0. 150. 150.]
condition batch eval, img shape:(400, 400, 400), sx:5, sy:5, sz:5, num_conditions:1
condition:31, metric:[  0. 150. 150.]
===>test image:/projects/weilab/liupeng/projects/frameworks/nnUNet/DATASET/nnUNet_preprocessed/Dataset200_Dataset101_CellMap_model_high_res/nnUNetPlans_3d_lowres_large_patch_test/jrc_fly-mb-1a_crop121.npy
condition batch eval, img shape:(200, 200, 200), sx:2, sy:2, sz:2, num_conditions:2
condition:1, metric:[0.08356474 0.         0.        ]
condition:2, metric:[  0. 150. 150.]
condition batch eval, img shape:(200, 200, 200), sx:2, sy:2, sz:2, num_conditions:2
condition:3, metric:[0.37522072 0.         0.        ]
condition:4, metric:[  0. 150. 150.]
condition batch eval, img shape:(200, 200, 200), sx:2, sy:2, sz:2, num_conditions:2
condition:5, metric:[0. 0. 0.]
condition:6, metric:[  0. 150. 150.]
condition batch eval, img shape:(200, 200, 200), sx:2, sy:2, sz:2, num_conditions:2
condition:7, metric:[  0. 150. 150.]
condition:8, metric:[  0. 150. 150.]
condition batch eval, img shape:(200, 200, 200), sx:2, sy:2, sz:2, num_conditions:2
condition:9, metric:[  0. 150. 150.]
condition:10, metric:[  0. 150. 150.]
condition batch eval, img shape:(200, 200, 200), sx:2, sy:2, sz:2, num_conditions:2
condition:11, metric:[  0. 150. 150.]
condition:12, metric:[  0. 150. 150.]
condition batch eval, img shape:(200, 200, 200), sx:2, sy:2, sz:2, num_conditions:2
condition:13, metric:[  0. 150. 150.]
condition:14, metric:[  0. 150. 150.]
condition batch eval, img shape:(200, 200, 200), sx:2, sy:2, sz:2, num_conditions:2
condition:15, metric:[  0. 150. 150.]
condition:16, metric:[  0. 150. 150.]
condition batch eval, img shape:(200, 200, 200), sx:2, sy:2, sz:2, num_conditions:2
condition:17, metric:[  0. 150. 150.]
condition:18, metric:[  0. 150. 150.]
condition batch eval, img shape:(200, 200, 200), sx:2, sy:2, sz:2, num_conditions:2
condition:19, metric:[  0. 150. 150.]
condition:20, metric:[  0. 150. 150.]
condition batch eval, img shape:(200, 200, 200), sx:2, sy:2, sz:2, num_conditions:2
condition:21, metric:[  0. 150. 150.]
condition:22, metric:[  0. 150. 150.]
condition batch eval, img shape:(200, 200, 200), sx:2, sy:2, sz:2, num_conditions:2
condition:23, metric:[  0. 150. 150.]
condition:24, metric:[  0. 150. 150.]
condition batch eval, img shape:(200, 200, 200), sx:2, sy:2, sz:2, num_conditions:2
condition:25, metric:[  0. 150. 150.]
condition:26, metric:[  0. 150. 150.]
condition batch eval, img shape:(200, 200, 200), sx:2, sy:2, sz:2, num_conditions:2
condition:27, metric:[  0. 150. 150.]
condition:28, metric:[  0. 150. 150.]
condition batch eval, img shape:(200, 200, 200), sx:2, sy:2, sz:2, num_conditions:2
condition:29, metric:[  0. 150. 150.]
condition:30, metric:[  0. 150. 150.]
condition batch eval, img shape:(200, 200, 200), sx:2, sy:2, sz:2, num_conditions:1
condition:31, metric:[  0. 150. 150.]
===>test image:/projects/weilab/liupeng/projects/frameworks/nnUNet/DATASET/nnUNet_preprocessed/Dataset200_Dataset101_CellMap_model_high_res/nnUNetPlans_3d_lowres_large_patch_test/jrc_mus-liver-zon-1_crop266.npy
condition batch eval, img shape:(400, 400, 400), sx:5, sy:5, sz:5, num_conditions:2
condition:1, metric:[  0. 150. 150.]
condition:2, metric:[  0. 150. 150.]
condition batch eval, img shape:(400, 400, 400), sx:5, sy:5, sz:5, num_conditions:2
condition:3, metric:[0.76903493 0.         0.        ]
condition:4, metric:[  0. 150. 150.]
condition batch eval, img shape:(400, 400, 400), sx:5, sy:5, sz:5, num_conditions:2
condition:5, metric:[0. 0. 0.]
condition:6, metric:[  0. 150. 150.]
condition batch eval, img shape:(400, 400, 400), sx:5, sy:5, sz:5, num_conditions:2
condition:7, metric:[  0. 150. 150.]
condition:8, metric:[  0. 150. 150.]
condition batch eval, img shape:(400, 400, 400), sx:5, sy:5, sz:5, num_conditions:2
condition:9, metric:[  0. 150. 150.]
condition:10, metric:[  0. 150. 150.]
condition batch eval, img shape:(400, 400, 400), sx:5, sy:5, sz:5, num_conditions:2
condition:11, metric:[  0. 150. 150.]
condition:12, metric:[  0. 150. 150.]
condition batch eval, img shape:(400, 400, 400), sx:5, sy:5, sz:5, num_conditions:2
condition:13, metric:[  0. 150. 150.]
condition:14, metric:[  0. 150. 150.]
condition batch eval, img shape:(400, 400, 400), sx:5, sy:5, sz:5, num_conditions:2
condition:15, metric:[  0. 150. 150.]
condition:16, metric:[  0. 150. 150.]
condition batch eval, img shape:(400, 400, 400), sx:5, sy:5, sz:5, num_conditions:2
condition:17, metric:[  0. 150. 150.]
condition:18, metric:[  0. 150. 150.]
condition batch eval, img shape:(400, 400, 400), sx:5, sy:5, sz:5, num_conditions:2
condition:19, metric:[  0. 150. 150.]
condition:20, metric:[  0. 150. 150.]
condition batch eval, img shape:(400, 400, 400), sx:5, sy:5, sz:5, num_conditions:2
condition:21, metric:[  0. 150. 150.]
condition:22, metric:[  0. 150. 150.]
condition batch eval, img shape:(400, 400, 400), sx:5, sy:5, sz:5, num_conditions:2
condition:23, metric:[  0. 150. 150.]
condition:24, metric:[  0. 150. 150.]
condition batch eval, img shape:(400, 400, 400), sx:5, sy:5, sz:5, num_conditions:2
condition:25, metric:[0.00042603 0.         0.        ]
condition:26, metric:[  0. 150. 150.]
condition batch eval, img shape:(400, 400, 400), sx:5, sy:5, sz:5, num_conditions:2
condition:27, metric:[0.59705959 0.         0.        ]
condition:28, metric:[  0. 150. 150.]
condition batch eval, img shape:(400, 400, 400), sx:5, sy:5, sz:5, num_conditions:2
condition:29, metric:[  0. 150. 150.]
condition:30, metric:[  0. 150. 150.]
condition batch eval, img shape:(400, 400, 400), sx:5, sy:5, sz:5, num_conditions:1
condition:31, metric:[  0. 150. 150.]
Validation end
avg metric shape: (31, 3)
iteration 19200 : model2_dice_score : 0.036124 model2_hd95 : 130.645161
save model to ../model/CellMap_202_CondBaseline_cond_baseline_cellmap_highres_SGD_SGD/unet_3D_old/model2_iter_19200.pth
iteration 19220 : loss : 0.330271  loss_ce : 0.287498  loss_dice : 0.373045
iteration 19240 : loss : 0.313633  loss_ce : 0.333077  loss_dice : 0.294189
iteration 19260 : loss : 0.346808  loss_ce : 0.497653  loss_dice : 0.195962
iteration 19280 : loss : 0.172669  loss_ce : 0.250091  loss_dice : 0.095247
iteration 19300 : loss : 0.248067  loss_ce : 0.064381  loss_dice : 0.431752
iteration 19320 : loss : 0.137541  loss_ce : 0.169655  loss_dice : 0.105427
iteration 19340 : loss : 0.443955  loss_ce : 0.579442  loss_dice : 0.308468
iteration 19360 : loss : 0.338449  loss_ce : 0.465398  loss_dice : 0.211500
iteration 19380 : loss : 0.193724  loss_ce : 0.281681  loss_dice : 0.105766
iteration 19400 : loss : 0.371436  loss_ce : 0.529023  loss_dice : 0.213850
iteration 19420 : loss : 0.244972  loss_ce : 0.321536  loss_dice : 0.168407
iteration 19440 : loss : 0.180848  loss_ce : 0.269512  loss_dice : 0.092184
iteration 19460 : loss : 0.256792  loss_ce : 0.313112  loss_dice : 0.200471
iteration 19480 : loss : 0.246789  loss_ce : 0.355942  loss_dice : 0.137637
iteration 19500 : loss : 0.250521  loss_ce : 0.112466  loss_dice : 0.388576
iteration 19520 : loss : 0.146666  loss_ce : 0.223564  loss_dice : 0.069768
iteration 19540 : loss : 0.281689  loss_ce : 0.128508  loss_dice : 0.434870
iteration 19560 : loss : 0.308864  loss_ce : 0.377684  loss_dice : 0.240044
iteration 19580 : loss : 0.111807  loss_ce : 0.155906  loss_dice : 0.067707
iteration 19600 : loss : 0.243870  loss_ce : 0.290566  loss_dice : 0.197173
began evaluation!
iteration 19600: validation sampled 4/17 cases
Total test images: 4
Validation begin
===>test image:/projects/weilab/liupeng/projects/frameworks/nnUNet/DATASET/nnUNet_preprocessed/Dataset200_Dataset101_CellMap_model_high_res/nnUNetPlans_3d_lowres_large_patch_test/jrc_sum159-1_crop20.npy
condition batch eval, img shape:(200, 200, 160), sx:2, sy:2, sz:1, num_conditions:2
condition:1, metric:[  0. 150. 150.]
condition:2, metric:[  0. 150. 150.]
condition batch eval, img shape:(200, 200, 160), sx:2, sy:2, sz:1, num_conditions:2
condition:3, metric:[0.63326133 0.         0.        ]
condition:4, metric:[  0. 150. 150.]
condition batch eval, img shape:(200, 200, 160), sx:2, sy:2, sz:1, num_conditions:2
condition:5, metric:[0.00097886 0.         0.        ]
condition:6, metric:[  0. 150. 150.]
condition batch eval, img shape:(200, 200, 160), sx:2, sy:2, sz:1, num_conditions:2
condition:7, metric:[  0. 150. 150.]
condition:8, metric:[  0. 150. 150.]
condition batch eval, img shape:(200, 200, 160), sx:2, sy:2, sz:1, num_conditions:2
condition:9, metric:[  0. 150. 150.]
condition:10, metric:[  0. 150. 150.]
condition batch eval, img shape:(200, 200, 160), sx:2, sy:2, sz:1, num_conditions:2
condition:11, metric:[  0. 150. 150.]
condition:12, metric:[  0. 150. 150.]
condition batch eval, img shape:(200, 200, 160), sx:2, sy:2, sz:1, num_conditions:2
condition:13, metric:[  0. 150. 150.]
condition:14, metric:[  0. 150. 150.]
condition batch eval, img shape:(200, 200, 160), sx:2, sy:2, sz:1, num_conditions:2
condition:15, metric:[  0. 150. 150.]
condition:16, metric:[0.01651536 0.         0.        ]
condition batch eval, img shape:(200, 200, 160), sx:2, sy:2, sz:1, num_conditions:2
condition:17, metric:[  0. 150. 150.]
condition:18, metric:[  0. 150. 150.]
condition batch eval, img shape:(200, 200, 160), sx:2, sy:2, sz:1, num_conditions:2
condition:19, metric:[  0. 150. 150.]
condition:20, metric:[  0. 150. 150.]
condition batch eval, img shape:(200, 200, 160), sx:2, sy:2, sz:1, num_conditions:2
condition:21, metric:[  0. 150. 150.]
condition:22, metric:[  0. 150. 150.]
condition batch eval, img shape:(200, 200, 160), sx:2, sy:2, sz:1, num_conditions:2
condition:23, metric:[  0. 150. 150.]
condition:24, metric:[  0. 150. 150.]
condition batch eval, img shape:(200, 200, 160), sx:2, sy:2, sz:1, num_conditions:2
condition:25, metric:[  0. 150. 150.]
condition:26, metric:[  0. 150. 150.]
condition batch eval, img shape:(200, 200, 160), sx:2, sy:2, sz:1, num_conditions:2
condition:27, metric:[  0. 150. 150.]
condition:28, metric:[  0. 150. 150.]
condition batch eval, img shape:(200, 200, 160), sx:2, sy:2, sz:1, num_conditions:2
condition:29, metric:[  0. 150. 150.]
condition:30, metric:[  0. 150. 150.]
condition batch eval, img shape:(200, 200, 160), sx:2, sy:2, sz:1, num_conditions:1
condition:31, metric:[  0. 150. 150.]
===>test image:/projects/weilab/liupeng/projects/frameworks/nnUNet/DATASET/nnUNet_preprocessed/Dataset200_Dataset101_CellMap_model_high_res/nnUNetPlans_3d_lowres_large_patch_test/jrc_fly-mb-1a_crop121.npy
condition batch eval, img shape:(200, 200, 200), sx:2, sy:2, sz:2, num_conditions:2
condition:1, metric:[0.08954821 0.         0.        ]
condition:2, metric:[  0. 150. 150.]
condition batch eval, img shape:(200, 200, 200), sx:2, sy:2, sz:2, num_conditions:2
condition:3, metric:[0.6984963 0.        0.       ]
condition:4, metric:[  0. 150. 150.]
condition batch eval, img shape:(200, 200, 200), sx:2, sy:2, sz:2, num_conditions:2
condition:5, metric:[0. 0. 0.]
condition:6, metric:[  0. 150. 150.]
condition batch eval, img shape:(200, 200, 200), sx:2, sy:2, sz:2, num_conditions:2
condition:7, metric:[  0. 150. 150.]
condition:8, metric:[  0. 150. 150.]
condition batch eval, img shape:(200, 200, 200), sx:2, sy:2, sz:2, num_conditions:2
condition:9, metric:[  0. 150. 150.]
condition:10, metric:[  0. 150. 150.]
condition batch eval, img shape:(200, 200, 200), sx:2, sy:2, sz:2, num_conditions:2
condition:11, metric:[  0. 150. 150.]
condition:12, metric:[  0. 150. 150.]
condition batch eval, img shape:(200, 200, 200), sx:2, sy:2, sz:2, num_conditions:2
condition:13, metric:[  0. 150. 150.]
condition:14, metric:[  0. 150. 150.]
condition batch eval, img shape:(200, 200, 200), sx:2, sy:2, sz:2, num_conditions:2
condition:15, metric:[  0. 150. 150.]
condition:16, metric:[  0. 150. 150.]
condition batch eval, img shape:(200, 200, 200), sx:2, sy:2, sz:2, num_conditions:2
condition:17, metric:[  0. 150. 150.]
condition:18, metric:[  0. 150. 150.]
condition batch eval, img shape:(200, 200, 200), sx:2, sy:2, sz:2, num_conditions:2
condition:19, metric:[  0. 150. 150.]
condition:20, metric:[  0. 150. 150.]
condition batch eval, img shape:(200, 200, 200), sx:2, sy:2, sz:2, num_conditions:2
condition:21, metric:[  0. 150. 150.]
condition:22, metric:[  0. 150. 150.]
condition batch eval, img shape:(200, 200, 200), sx:2, sy:2, sz:2, num_conditions:2
condition:23, metric:[  0. 150. 150.]
condition:24, metric:[  0. 150. 150.]
condition batch eval, img shape:(200, 200, 200), sx:2, sy:2, sz:2, num_conditions:2
condition:25, metric:[  0. 150. 150.]
condition:26, metric:[  0. 150. 150.]
condition batch eval, img shape:(200, 200, 200), sx:2, sy:2, sz:2, num_conditions:2
condition:27, metric:[  0. 150. 150.]
condition:28, metric:[  0. 150. 150.]
condition batch eval, img shape:(200, 200, 200), sx:2, sy:2, sz:2, num_conditions:2
condition:29, metric:[  0. 150. 150.]
condition:30, metric:[  0. 150. 150.]
condition batch eval, img shape:(200, 200, 200), sx:2, sy:2, sz:2, num_conditions:1
condition:31, metric:[  0. 150. 150.]
===>test image:/projects/weilab/liupeng/projects/frameworks/nnUNet/DATASET/nnUNet_preprocessed/Dataset200_Dataset101_CellMap_model_high_res/nnUNetPlans_3d_lowres_large_patch_test/jrc_mus-liver-zon-1_crop266.npy
condition batch eval, img shape:(400, 400, 400), sx:5, sy:5, sz:5, num_conditions:2
condition:1, metric:[  0. 150. 150.]
condition:2, metric:[  0. 150. 150.]
condition batch eval, img shape:(400, 400, 400), sx:5, sy:5, sz:5, num_conditions:2
condition:3, metric:[0.61079366 0.         0.        ]
condition:4, metric:[0. 0. 0.]
condition batch eval, img shape:(400, 400, 400), sx:5, sy:5, sz:5, num_conditions:2
condition:5, metric:[0.00011598 0.         0.        ]
condition:6, metric:[  0. 150. 150.]
condition batch eval, img shape:(400, 400, 400), sx:5, sy:5, sz:5, num_conditions:2
condition:7, metric:[  0. 150. 150.]
condition:8, metric:[  0. 150. 150.]
condition batch eval, img shape:(400, 400, 400), sx:5, sy:5, sz:5, num_conditions:2
condition:9, metric:[  0. 150. 150.]
condition:10, metric:[  0. 150. 150.]
condition batch eval, img shape:(400, 400, 400), sx:5, sy:5, sz:5, num_conditions:2
condition:11, metric:[  0. 150. 150.]
condition:12, metric:[  0. 150. 150.]
condition batch eval, img shape:(400, 400, 400), sx:5, sy:5, sz:5, num_conditions:2
condition:13, metric:[  0. 150. 150.]
condition:14, metric:[  0. 150. 150.]
condition batch eval, img shape:(400, 400, 400), sx:5, sy:5, sz:5, num_conditions:2
condition:15, metric:[  0. 150. 150.]
condition:16, metric:[  0. 150. 150.]
condition batch eval, img shape:(400, 400, 400), sx:5, sy:5, sz:5, num_conditions:2
condition:17, metric:[  0. 150. 150.]
condition:18, metric:[  0. 150. 150.]
condition batch eval, img shape:(400, 400, 400), sx:5, sy:5, sz:5, num_conditions:2
condition:19, metric:[  0. 150. 150.]
condition:20, metric:[  0. 150. 150.]
condition batch eval, img shape:(400, 400, 400), sx:5, sy:5, sz:5, num_conditions:2
condition:21, metric:[  0. 150. 150.]
condition:22, metric:[  0. 150. 150.]
condition batch eval, img shape:(400, 400, 400), sx:5, sy:5, sz:5, num_conditions:2
condition:23, metric:[  0. 150. 150.]
condition:24, metric:[  0. 150. 150.]
condition batch eval, img shape:(400, 400, 400), sx:5, sy:5, sz:5, num_conditions:2
condition:25, metric:[0.04707534 0.         0.        ]
condition:26, metric:[  0. 150. 150.]
condition batch eval, img shape:(400, 400, 400), sx:5, sy:5, sz:5, num_conditions:2
condition:27, metric:[0.56781211 0.         0.        ]
condition:28, metric:[  0. 150. 150.]
condition batch eval, img shape:(400, 400, 400), sx:5, sy:5, sz:5, num_conditions:2
condition:29, metric:[  0. 150. 150.]
condition:30, metric:[  0. 150. 150.]
condition batch eval, img shape:(400, 400, 400), sx:5, sy:5, sz:5, num_conditions:1
condition:31, metric:[  0. 150. 150.]
===>test image:/projects/weilab/liupeng/projects/frameworks/nnUNet/DATASET/nnUNet_preprocessed/Dataset200_Dataset101_CellMap_model_high_res/nnUNetPlans_3d_lowres_large_patch_test/jrc_sum159-4_crop219.npy
condition batch eval, img shape:(400, 400, 400), sx:5, sy:5, sz:5, num_conditions:2
condition:1, metric:[0.15471131 0.         0.        ]
condition:2, metric:[  0. 150. 150.]
condition batch eval, img shape:(400, 400, 400), sx:5, sy:5, sz:5, num_conditions:2
condition:3, metric:[0.80625698 0.         0.        ]
condition:4, metric:[  0. 150. 150.]
condition batch eval, img shape:(400, 400, 400), sx:5, sy:5, sz:5, num_conditions:2
condition:5, metric:[0. 0. 0.]
condition:6, metric:[  0. 150. 150.]
condition batch eval, img shape:(400, 400, 400), sx:5, sy:5, sz:5, num_conditions:2
condition:7, metric:[  0. 150. 150.]
condition:8, metric:[0.02965065 0.         0.        ]
condition batch eval, img shape:(400, 400, 400), sx:5, sy:5, sz:5, num_conditions:2
condition:9, metric:[  0. 150. 150.]
condition:10, metric:[  0. 150. 150.]
condition batch eval, img shape:(400, 400, 400), sx:5, sy:5, sz:5, num_conditions:2
condition:11, metric:[  0. 150. 150.]
condition:12, metric:[  0. 150. 150.]
condition batch eval, img shape:(400, 400, 400), sx:5, sy:5, sz:5, num_conditions:2
condition:13, metric:[  0. 150. 150.]
condition:14, metric:[  0. 150. 150.]
condition batch eval, img shape:(400, 400, 400), sx:5, sy:5, sz:5, num_conditions:2
condition:15, metric:[  0. 150. 150.]
condition:16, metric:[0.00023353 0.         0.        ]
condition batch eval, img shape:(400, 400, 400), sx:5, sy:5, sz:5, num_conditions:2
condition:17, metric:[  0. 150. 150.]
condition:18, metric:[  0. 150. 150.]
condition batch eval, img shape:(400, 400, 400), sx:5, sy:5, sz:5, num_conditions:2
condition:19, metric:[  0. 150. 150.]
condition:20, metric:[  0. 150. 150.]
condition batch eval, img shape:(400, 400, 400), sx:5, sy:5, sz:5, num_conditions:2
condition:21, metric:[  0. 150. 150.]
condition:22, metric:[  0. 150. 150.]
condition batch eval, img shape:(400, 400, 400), sx:5, sy:5, sz:5, num_conditions:2
condition:23, metric:[  0. 150. 150.]
condition:24, metric:[  0. 150. 150.]
condition batch eval, img shape:(400, 400, 400), sx:5, sy:5, sz:5, num_conditions:2
condition:25, metric:[0.11035168 0.         0.        ]
condition:26, metric:[  0. 150. 150.]
condition batch eval, img shape:(400, 400, 400), sx:5, sy:5, sz:5, num_conditions:2
condition:27, metric:[0.00586906 0.         0.        ]
condition:28, metric:[  0. 150. 150.]
condition batch eval, img shape:(400, 400, 400), sx:5, sy:5, sz:5, num_conditions:2
condition:29, metric:[  0. 150. 150.]
condition:30, metric:[  0. 150. 150.]
condition batch eval, img shape:(400, 400, 400), sx:5, sy:5, sz:5, num_conditions:1
condition:31, metric:[  0. 150. 150.]
Validation end
avg metric shape: (31, 3)
iteration 19600 : model2_dice_score : 0.030417 model2_hd95 : 128.225806
save model to ../model/CellMap_202_CondBaseline_cond_baseline_cellmap_highres_SGD_SGD/unet_3D_old/model2_iter_19600.pth
iteration 19620 : loss : 0.276786  loss_ce : 0.196893  loss_dice : 0.356679
iteration 19640 : loss : 0.287751  loss_ce : 0.373534  loss_dice : 0.201969
iteration 19660 : loss : 0.239305  loss_ce : 0.345790  loss_dice : 0.132820
iteration 19680 : loss : 0.609507  loss_ce : 0.693415  loss_dice : 0.525600
iteration 19700 : loss : 0.201861  loss_ce : 0.297868  loss_dice : 0.105854
iteration 19720 : loss : 0.330884  loss_ce : 0.447291  loss_dice : 0.214477
iteration 19740 : loss : 0.370565  loss_ce : 0.408310  loss_dice : 0.332820
iteration 19760 : loss : 0.289920  loss_ce : 0.313214  loss_dice : 0.266626
iteration 19780 : loss : 0.394796  loss_ce : 0.529445  loss_dice : 0.260146
iteration 19800 : loss : 0.076480  loss_ce : 0.124389  loss_dice : 0.028571
iteration 19820 : loss : 0.338990  loss_ce : 0.297897  loss_dice : 0.380082
iteration 19840 : loss : 0.404450  loss_ce : 0.560537  loss_dice : 0.248363
iteration 19860 : loss : 0.272435  loss_ce : 0.044219  loss_dice : 0.500651
iteration 19880 : loss : 0.128386  loss_ce : 0.190288  loss_dice : 0.066485
iteration 19900 : loss : 0.311119  loss_ce : 0.186016  loss_dice : 0.436222
iteration 19920 : loss : 0.220835  loss_ce : 0.317383  loss_dice : 0.124287
iteration 19940 : loss : 0.251704  loss_ce : 0.127393  loss_dice : 0.376014
iteration 19960 : loss : 0.181384  loss_ce : 0.252276  loss_dice : 0.110492
iteration 19980 : loss : 0.248882  loss_ce : 0.362152  loss_dice : 0.135611
iteration 20000 : loss : 0.350515  loss_ce : 0.427594  loss_dice : 0.273436
began evaluation!
iteration 20000: validation sampled 4/17 cases
Total test images: 4
Validation begin
===>test image:/projects/weilab/liupeng/projects/frameworks/nnUNet/DATASET/nnUNet_preprocessed/Dataset200_Dataset101_CellMap_model_high_res/nnUNetPlans_3d_lowres_large_patch_test/jrc_mus-kidney_crop164.npy
condition batch eval, img shape:(200, 200, 200), sx:2, sy:2, sz:2, num_conditions:2
condition:1, metric:[0.02136187 0.         0.        ]
condition:2, metric:[  0. 150. 150.]
condition batch eval, img shape:(200, 200, 200), sx:2, sy:2, sz:2, num_conditions:2
condition:3, metric:[0.84176463 0.         0.        ]
condition:4, metric:[  0. 150. 150.]
condition batch eval, img shape:(200, 200, 200), sx:2, sy:2, sz:2, num_conditions:2
condition:5, metric:[0. 0. 0.]
condition:6, metric:[  0. 150. 150.]
condition batch eval, img shape:(200, 200, 200), sx:2, sy:2, sz:2, num_conditions:2
condition:7, metric:[  0. 150. 150.]
condition:8, metric:[0.01681903 0.         0.        ]
condition batch eval, img shape:(200, 200, 200), sx:2, sy:2, sz:2, num_conditions:2
condition:9, metric:[  0. 150. 150.]
condition:10, metric:[  0. 150. 150.]
condition batch eval, img shape:(200, 200, 200), sx:2, sy:2, sz:2, num_conditions:2
condition:11, metric:[  0. 150. 150.]
condition:12, metric:[  0. 150. 150.]
condition batch eval, img shape:(200, 200, 200), sx:2, sy:2, sz:2, num_conditions:2
condition:13, metric:[  0. 150. 150.]
condition:14, metric:[  0. 150. 150.]
condition batch eval, img shape:(200, 200, 200), sx:2, sy:2, sz:2, num_conditions:2
condition:15, metric:[  0. 150. 150.]
condition:16, metric:[  0. 150. 150.]
condition batch eval, img shape:(200, 200, 200), sx:2, sy:2, sz:2, num_conditions:2
condition:17, metric:[  0. 150. 150.]
condition:18, metric:[  0. 150. 150.]
condition batch eval, img shape:(200, 200, 200), sx:2, sy:2, sz:2, num_conditions:2
condition:19, metric:[  0. 150. 150.]
condition:20, metric:[  0. 150. 150.]
condition batch eval, img shape:(200, 200, 200), sx:2, sy:2, sz:2, num_conditions:2
condition:21, metric:[  0. 150. 150.]
condition:22, metric:[  0. 150. 150.]
condition batch eval, img shape:(200, 200, 200), sx:2, sy:2, sz:2, num_conditions:2
condition:23, metric:[  0. 150. 150.]
condition:24, metric:[  0. 150. 150.]
condition batch eval, img shape:(200, 200, 200), sx:2, sy:2, sz:2, num_conditions:2
condition:25, metric:[  0. 150. 150.]
condition:26, metric:[  0. 150. 150.]
condition batch eval, img shape:(200, 200, 200), sx:2, sy:2, sz:2, num_conditions:2
condition:27, metric:[  0. 150. 150.]
condition:28, metric:[  0. 150. 150.]
condition batch eval, img shape:(200, 200, 200), sx:2, sy:2, sz:2, num_conditions:2
condition:29, metric:[  0. 150. 150.]
condition:30, metric:[  0. 150. 150.]
condition batch eval, img shape:(200, 200, 200), sx:2, sy:2, sz:2, num_conditions:1
condition:31, metric:[  0. 150. 150.]
===>test image:/projects/weilab/liupeng/projects/frameworks/nnUNet/DATASET/nnUNet_preprocessed/Dataset200_Dataset101_CellMap_model_high_res/nnUNetPlans_3d_lowres_large_patch_test/jrc_cos7-1b_crop235.npy
condition batch eval, img shape:(200, 200, 200), sx:2, sy:2, sz:2, num_conditions:2
condition:1, metric:[0.01773744 0.         0.        ]
condition:2, metric:[  0. 150. 150.]
condition batch eval, img shape:(200, 200, 200), sx:2, sy:2, sz:2, num_conditions:2
condition:3, metric:[0.93097888 0.         0.        ]
condition:4, metric:[  0. 150. 150.]
condition batch eval, img shape:(200, 200, 200), sx:2, sy:2, sz:2, num_conditions:2
condition:5, metric:[  0. 150. 150.]
condition:6, metric:[  0. 150. 150.]
condition batch eval, img shape:(200, 200, 200), sx:2, sy:2, sz:2, num_conditions:2
condition:7, metric:[  0. 150. 150.]
condition:8, metric:[  0. 150. 150.]
condition batch eval, img shape:(200, 200, 200), sx:2, sy:2, sz:2, num_conditions:2
condition:9, metric:[  0. 150. 150.]
condition:10, metric:[  0. 150. 150.]
condition batch eval, img shape:(200, 200, 200), sx:2, sy:2, sz:2, num_conditions:2
condition:11, metric:[  0. 150. 150.]
condition:12, metric:[  0. 150. 150.]
condition batch eval, img shape:(200, 200, 200), sx:2, sy:2, sz:2, num_conditions:2
condition:13, metric:[  0. 150. 150.]
condition:14, metric:[  0. 150. 150.]
condition batch eval, img shape:(200, 200, 200), sx:2, sy:2, sz:2, num_conditions:2
condition:15, metric:[  0. 150. 150.]
condition:16, metric:[  0. 150. 150.]
condition batch eval, img shape:(200, 200, 200), sx:2, sy:2, sz:2, num_conditions:2
condition:17, metric:[  0. 150. 150.]
condition:18, metric:[  0. 150. 150.]
condition batch eval, img shape:(200, 200, 200), sx:2, sy:2, sz:2, num_conditions:2
condition:19, metric:[  0. 150. 150.]
condition:20, metric:[  0. 150. 150.]
condition batch eval, img shape:(200, 200, 200), sx:2, sy:2, sz:2, num_conditions:2
condition:21, metric:[  0. 150. 150.]
condition:22, metric:[  0. 150. 150.]
condition batch eval, img shape:(200, 200, 200), sx:2, sy:2, sz:2, num_conditions:2
condition:23, metric:[  0. 150. 150.]
condition:24, metric:[  0. 150. 150.]
condition batch eval, img shape:(200, 200, 200), sx:2, sy:2, sz:2, num_conditions:2
condition:25, metric:[  0. 150. 150.]
condition:26, metric:[  0. 150. 150.]
condition batch eval, img shape:(200, 200, 200), sx:2, sy:2, sz:2, num_conditions:2
condition:27, metric:[  0. 150. 150.]
condition:28, metric:[  0. 150. 150.]
condition batch eval, img shape:(200, 200, 200), sx:2, sy:2, sz:2, num_conditions:2
condition:29, metric:[  0. 150. 150.]
condition:30, metric:[  0. 150. 150.]
condition batch eval, img shape:(200, 200, 200), sx:2, sy:2, sz:2, num_conditions:1
condition:31, metric:[  0. 150. 150.]
===>test image:/projects/weilab/liupeng/projects/frameworks/nnUNet/DATASET/nnUNet_preprocessed/Dataset200_Dataset101_CellMap_model_high_res/nnUNetPlans_3d_lowres_large_patch_test/jrc_jurkat-1_crop126.npy
condition batch eval, img shape:(200, 200, 200), sx:2, sy:2, sz:2, num_conditions:2
condition:1, metric:[0.00734148 0.         0.        ]
condition:2, metric:[  0. 150. 150.]
condition batch eval, img shape:(200, 200, 200), sx:2, sy:2, sz:2, num_conditions:2
condition:3, metric:[0.62298342 0.         0.        ]
condition:4, metric:[  0. 150. 150.]
condition batch eval, img shape:(200, 200, 200), sx:2, sy:2, sz:2, num_conditions:2
condition:5, metric:[0.11240291 0.         0.        ]
condition:6, metric:[  0. 150. 150.]
condition batch eval, img shape:(200, 200, 200), sx:2, sy:2, sz:2, num_conditions:2
condition:7, metric:[  0. 150. 150.]
condition:8, metric:[  0. 150. 150.]
condition batch eval, img shape:(200, 200, 200), sx:2, sy:2, sz:2, num_conditions:2
condition:9, metric:[  0. 150. 150.]
condition:10, metric:[  0. 150. 150.]
condition batch eval, img shape:(200, 200, 200), sx:2, sy:2, sz:2, num_conditions:2
condition:11, metric:[  0. 150. 150.]
condition:12, metric:[  0. 150. 150.]
condition batch eval, img shape:(200, 200, 200), sx:2, sy:2, sz:2, num_conditions:2
condition:13, metric:[  0. 150. 150.]
condition:14, metric:[  0. 150. 150.]
condition batch eval, img shape:(200, 200, 200), sx:2, sy:2, sz:2, num_conditions:2
condition:15, metric:[  0. 150. 150.]
condition:16, metric:[  0. 150. 150.]
condition batch eval, img shape:(200, 200, 200), sx:2, sy:2, sz:2, num_conditions:2
condition:17, metric:[  0. 150. 150.]
condition:18, metric:[  0. 150. 150.]
condition batch eval, img shape:(200, 200, 200), sx:2, sy:2, sz:2, num_conditions:2
condition:19, metric:[  0. 150. 150.]
condition:20, metric:[  0. 150. 150.]
condition batch eval, img shape:(200, 200, 200), sx:2, sy:2, sz:2, num_conditions:2
condition:21, metric:[  0. 150. 150.]
condition:22, metric:[  0. 150. 150.]
condition batch eval, img shape:(200, 200, 200), sx:2, sy:2, sz:2, num_conditions:2
condition:23, metric:[  0. 150. 150.]
condition:24, metric:[  0. 150. 150.]
condition batch eval, img shape:(200, 200, 200), sx:2, sy:2, sz:2, num_conditions:2
condition:25, metric:[  0. 150. 150.]
condition:26, metric:[  0. 150. 150.]
condition batch eval, img shape:(200, 200, 200), sx:2, sy:2, sz:2, num_conditions:2
condition:27, metric:[  0. 150. 150.]
condition:28, metric:[  0. 150. 150.]
condition batch eval, img shape:(200, 200, 200), sx:2, sy:2, sz:2, num_conditions:2
condition:29, metric:[  0. 150. 150.]
condition:30, metric:[  0. 150. 150.]
condition batch eval, img shape:(200, 200, 200), sx:2, sy:2, sz:2, num_conditions:1
condition:31, metric:[  0. 150. 150.]
===>test image:/projects/weilab/liupeng/projects/frameworks/nnUNet/DATASET/nnUNet_preprocessed/Dataset200_Dataset101_CellMap_model_high_res/nnUNetPlans_3d_lowres_large_patch_test/jrc_mus-liver-zon-2_crop342.npy
condition batch eval, img shape:(400, 400, 400), sx:5, sy:5, sz:5, num_conditions:2
condition:1, metric:[0.49274331 0.         0.        ]
condition:2, metric:[  0. 150. 150.]
condition batch eval, img shape:(400, 400, 400), sx:5, sy:5, sz:5, num_conditions:2
condition:3, metric:[0.6262124 0.        0.       ]
condition:4, metric:[  0. 150. 150.]
condition batch eval, img shape:(400, 400, 400), sx:5, sy:5, sz:5, num_conditions:2
condition:5, metric:[0. 0. 0.]
condition:6, metric:[  0. 150. 150.]
condition batch eval, img shape:(400, 400, 400), sx:5, sy:5, sz:5, num_conditions:2
condition:7, metric:[  0. 150. 150.]
condition:8, metric:[  0. 150. 150.]
condition batch eval, img shape:(400, 400, 400), sx:5, sy:5, sz:5, num_conditions:2
condition:9, metric:[  0. 150. 150.]
condition:10, metric:[  0. 150. 150.]
condition batch eval, img shape:(400, 400, 400), sx:5, sy:5, sz:5, num_conditions:2
condition:11, metric:[  0. 150. 150.]
condition:12, metric:[  0. 150. 150.]
condition batch eval, img shape:(400, 400, 400), sx:5, sy:5, sz:5, num_conditions:2
condition:13, metric:[  0. 150. 150.]
condition:14, metric:[  0. 150. 150.]
condition batch eval, img shape:(400, 400, 400), sx:5, sy:5, sz:5, num_conditions:2
condition:15, metric:[  0. 150. 150.]
condition:16, metric:[  0. 150. 150.]
condition batch eval, img shape:(400, 400, 400), sx:5, sy:5, sz:5, num_conditions:2
condition:17, metric:[  0. 150. 150.]
condition:18, metric:[  0. 150. 150.]
condition batch eval, img shape:(400, 400, 400), sx:5, sy:5, sz:5, num_conditions:2
condition:19, metric:[  0. 150. 150.]
condition:20, metric:[  0. 150. 150.]
condition batch eval, img shape:(400, 400, 400), sx:5, sy:5, sz:5, num_conditions:2
condition:21, metric:[  0. 150. 150.]
condition:22, metric:[  0. 150. 150.]
condition batch eval, img shape:(400, 400, 400), sx:5, sy:5, sz:5, num_conditions:2
condition:23, metric:[  0. 150. 150.]
condition:24, metric:[  0. 150. 150.]
condition batch eval, img shape:(400, 400, 400), sx:5, sy:5, sz:5, num_conditions:2
condition:25, metric:[0. 0. 0.]
condition:26, metric:[  0. 150. 150.]
condition batch eval, img shape:(400, 400, 400), sx:5, sy:5, sz:5, num_conditions:2
condition:27, metric:[0.345153 0.       0.      ]
condition:28, metric:[  0. 150. 150.]
condition batch eval, img shape:(400, 400, 400), sx:5, sy:5, sz:5, num_conditions:2
condition:29, metric:[  0. 150. 150.]
condition:30, metric:[  0. 150. 150.]
condition batch eval, img shape:(400, 400, 400), sx:5, sy:5, sz:5, num_conditions:1
condition:31, metric:[  0. 150. 150.]
Validation end
avg metric shape: (31, 3)
iteration 20000 : model2_dice_score : 0.032544 model2_hd95 : 133.064516
save model to ../model/CellMap_202_CondBaseline_cond_baseline_cellmap_highres_SGD_SGD/unet_3D_old/model2_iter_20000.pth
iteration 20020 : loss : 0.170662  loss_ce : 0.249031  loss_dice : 0.092293
iteration 20040 : loss : 0.125951  loss_ce : 0.188123  loss_dice : 0.063779
iteration 20060 : loss : 0.307926  loss_ce : 0.414719  loss_dice : 0.201134
iteration 20080 : loss : 0.168101  loss_ce : 0.246177  loss_dice : 0.090025
iteration 20100 : loss : 0.176647  loss_ce : 0.267396  loss_dice : 0.085898
iteration 20120 : loss : 0.370493  loss_ce : 0.531848  loss_dice : 0.209137
iteration 20140 : loss : 0.067233  loss_ce : 0.102747  loss_dice : 0.031719
iteration 20160 : loss : 0.328140  loss_ce : 0.366983  loss_dice : 0.289296
iteration 20180 : loss : 0.039055  loss_ce : 0.068144  loss_dice : 0.009965
iteration 20200 : loss : 0.374949  loss_ce : 0.290035  loss_dice : 0.459862
iteration 20220 : loss : 0.165263  loss_ce : 0.243466  loss_dice : 0.087060
iteration 20240 : loss : 0.123084  loss_ce : 0.182686  loss_dice : 0.063483
iteration 20260 : loss : 0.334646  loss_ce : 0.459214  loss_dice : 0.210079
iteration 20280 : loss : 0.327866  loss_ce : 0.307191  loss_dice : 0.348541
iteration 20300 : loss : 0.045977  loss_ce : 0.075951  loss_dice : 0.016003
iteration 20320 : loss : 0.266591  loss_ce : 0.032699  loss_dice : 0.500483
iteration 20340 : loss : 0.265436  loss_ce : 0.030505  loss_dice : 0.500368
iteration 20360 : loss : 0.260700  loss_ce : 0.264213  loss_dice : 0.257187
iteration 20380 : loss : 0.254885  loss_ce : 0.369295  loss_dice : 0.140476
iteration 20400 : loss : 0.270336  loss_ce : 0.105630  loss_dice : 0.435042
began evaluation!
iteration 20400: validation sampled 4/17 cases
Total test images: 4
Validation begin
===>test image:/projects/weilab/liupeng/projects/frameworks/nnUNet/DATASET/nnUNet_preprocessed/Dataset200_Dataset101_CellMap_model_high_res/nnUNetPlans_3d_lowres_large_patch_test/jrc_hela-3_crop50.npy
condition batch eval, img shape:(256, 256, 256), sx:3, sy:3, sz:3, num_conditions:2
condition:1, metric:[0.31208753 0.         0.        ]
condition:2, metric:[  0. 150. 150.]
condition batch eval, img shape:(256, 256, 256), sx:3, sy:3, sz:3, num_conditions:2
condition:3, metric:[0.90566294 0.         0.        ]
condition:4, metric:[  0. 150. 150.]
condition batch eval, img shape:(256, 256, 256), sx:3, sy:3, sz:3, num_conditions:2
condition:5, metric:[  0. 150. 150.]
condition:6, metric:[  0. 150. 150.]
condition batch eval, img shape:(256, 256, 256), sx:3, sy:3, sz:3, num_conditions:2
condition:7, metric:[  0. 150. 150.]
condition:8, metric:[  0. 150. 150.]
condition batch eval, img shape:(256, 256, 256), sx:3, sy:3, sz:3, num_conditions:2
condition:9, metric:[  0. 150. 150.]
condition:10, metric:[  0. 150. 150.]
condition batch eval, img shape:(256, 256, 256), sx:3, sy:3, sz:3, num_conditions:2
condition:11, metric:[  0. 150. 150.]
condition:12, metric:[  0. 150. 150.]
condition batch eval, img shape:(256, 256, 256), sx:3, sy:3, sz:3, num_conditions:2
condition:13, metric:[  0. 150. 150.]
condition:14, metric:[  0. 150. 150.]
condition batch eval, img shape:(256, 256, 256), sx:3, sy:3, sz:3, num_conditions:2
condition:15, metric:[  0. 150. 150.]
condition:16, metric:[  0. 150. 150.]
condition batch eval, img shape:(256, 256, 256), sx:3, sy:3, sz:3, num_conditions:2
condition:17, metric:[  0. 150. 150.]
condition:18, metric:[  0. 150. 150.]
condition batch eval, img shape:(256, 256, 256), sx:3, sy:3, sz:3, num_conditions:2
condition:19, metric:[  0. 150. 150.]
condition:20, metric:[  0. 150. 150.]
condition batch eval, img shape:(256, 256, 256), sx:3, sy:3, sz:3, num_conditions:2
condition:21, metric:[  0. 150. 150.]
condition:22, metric:[  0. 150. 150.]
condition batch eval, img shape:(256, 256, 256), sx:3, sy:3, sz:3, num_conditions:2
condition:23, metric:[  0. 150. 150.]
condition:24, metric:[  0. 150. 150.]
condition batch eval, img shape:(256, 256, 256), sx:3, sy:3, sz:3, num_conditions:2
condition:25, metric:[  0. 150. 150.]
condition:26, metric:[  0. 150. 150.]
condition batch eval, img shape:(256, 256, 256), sx:3, sy:3, sz:3, num_conditions:2
condition:27, metric:[  0. 150. 150.]
condition:28, metric:[  0. 150. 150.]
condition batch eval, img shape:(256, 256, 256), sx:3, sy:3, sz:3, num_conditions:2
condition:29, metric:[  0. 150. 150.]
condition:30, metric:[  0. 150. 150.]
condition batch eval, img shape:(256, 256, 256), sx:3, sy:3, sz:3, num_conditions:1
condition:31, metric:[  0. 150. 150.]
===>test image:/projects/weilab/liupeng/projects/frameworks/nnUNet/DATASET/nnUNet_preprocessed/Dataset200_Dataset101_CellMap_model_high_res/nnUNetPlans_3d_lowres_large_patch_test/jrc_mus-liver-zon-1_crop268.npy
condition batch eval, img shape:(400, 400, 400), sx:5, sy:5, sz:5, num_conditions:2
condition:1, metric:[  0. 150. 150.]
condition:2, metric:[  0. 150. 150.]
condition batch eval, img shape:(400, 400, 400), sx:5, sy:5, sz:5, num_conditions:2
condition:3, metric:[0.88112341 0.         0.        ]
condition:4, metric:[  0. 150. 150.]
condition batch eval, img shape:(400, 400, 400), sx:5, sy:5, sz:5, num_conditions:2
condition:5, metric:[0.00527889 0.         0.        ]
condition:6, metric:[  0. 150. 150.]
condition batch eval, img shape:(400, 400, 400), sx:5, sy:5, sz:5, num_conditions:2
condition:7, metric:[  0. 150. 150.]
condition:8, metric:[  0. 150. 150.]
condition batch eval, img shape:(400, 400, 400), sx:5, sy:5, sz:5, num_conditions:2
condition:9, metric:[  0. 150. 150.]
condition:10, metric:[  0. 150. 150.]
condition batch eval, img shape:(400, 400, 400), sx:5, sy:5, sz:5, num_conditions:2
condition:11, metric:[  0. 150. 150.]
condition:12, metric:[  0. 150. 150.]
condition batch eval, img shape:(400, 400, 400), sx:5, sy:5, sz:5, num_conditions:2
condition:13, metric:[  0. 150. 150.]
condition:14, metric:[  0. 150. 150.]
condition batch eval, img shape:(400, 400, 400), sx:5, sy:5, sz:5, num_conditions:2
condition:15, metric:[  0. 150. 150.]
condition:16, metric:[  0. 150. 150.]
condition batch eval, img shape:(400, 400, 400), sx:5, sy:5, sz:5, num_conditions:2
condition:17, metric:[  0. 150. 150.]
condition:18, metric:[  0. 150. 150.]
condition batch eval, img shape:(400, 400, 400), sx:5, sy:5, sz:5, num_conditions:2
condition:19, metric:[  0. 150. 150.]
condition:20, metric:[  0. 150. 150.]
condition batch eval, img shape:(400, 400, 400), sx:5, sy:5, sz:5, num_conditions:2
condition:21, metric:[  0. 150. 150.]
condition:22, metric:[  0. 150. 150.]
condition batch eval, img shape:(400, 400, 400), sx:5, sy:5, sz:5, num_conditions:2
condition:23, metric:[  0. 150. 150.]
condition:24, metric:[  0. 150. 150.]
condition batch eval, img shape:(400, 400, 400), sx:5, sy:5, sz:5, num_conditions:2
condition:25, metric:[  0. 150. 150.]
condition:26, metric:[  0. 150. 150.]
condition batch eval, img shape:(400, 400, 400), sx:5, sy:5, sz:5, num_conditions:2
condition:27, metric:[  0. 150. 150.]
condition:28, metric:[  0. 150. 150.]
condition batch eval, img shape:(400, 400, 400), sx:5, sy:5, sz:5, num_conditions:2
condition:29, metric:[  0. 150. 150.]
condition:30, metric:[  0. 150. 150.]
condition batch eval, img shape:(400, 400, 400), sx:5, sy:5, sz:5, num_conditions:1
condition:31, metric:[  0. 150. 150.]
===>test image:/projects/weilab/liupeng/projects/frameworks/nnUNet/DATASET/nnUNet_preprocessed/Dataset200_Dataset101_CellMap_model_high_res/nnUNetPlans_3d_lowres_large_patch_test/jrc_macrophage-2_crop31.npy
condition batch eval, img shape:(160, 160, 160), sx:1, sy:1, sz:1, num_conditions:2
condition:1, metric:[0.09818507 0.         0.        ]
condition:2, metric:[  0. 150. 150.]
condition batch eval, img shape:(160, 160, 160), sx:1, sy:1, sz:1, num_conditions:2
condition:3, metric:[0.82106286 0.         0.        ]
condition:4, metric:[  0. 150. 150.]
condition batch eval, img shape:(160, 160, 160), sx:1, sy:1, sz:1, num_conditions:2
condition:5, metric:[0.29270951 0.         0.        ]
condition:6, metric:[  0. 150. 150.]
condition batch eval, img shape:(160, 160, 160), sx:1, sy:1, sz:1, num_conditions:2
condition:7, metric:[  0. 150. 150.]
condition:8, metric:[  0. 150. 150.]
condition batch eval, img shape:(160, 160, 160), sx:1, sy:1, sz:1, num_conditions:2
condition:9, metric:[  0. 150. 150.]
condition:10, metric:[  0. 150. 150.]
condition batch eval, img shape:(160, 160, 160), sx:1, sy:1, sz:1, num_conditions:2
condition:11, metric:[  0. 150. 150.]
condition:12, metric:[  0. 150. 150.]
condition batch eval, img shape:(160, 160, 160), sx:1, sy:1, sz:1, num_conditions:2
condition:13, metric:[  0. 150. 150.]
condition:14, metric:[  0. 150. 150.]
condition batch eval, img shape:(160, 160, 160), sx:1, sy:1, sz:1, num_conditions:2
condition:15, metric:[  0. 150. 150.]
condition:16, metric:[  0. 150. 150.]
condition batch eval, img shape:(160, 160, 160), sx:1, sy:1, sz:1, num_conditions:2
condition:17, metric:[  0. 150. 150.]
condition:18, metric:[  0. 150. 150.]
condition batch eval, img shape:(160, 160, 160), sx:1, sy:1, sz:1, num_conditions:2
condition:19, metric:[  0. 150. 150.]
condition:20, metric:[  0. 150. 150.]
condition batch eval, img shape:(160, 160, 160), sx:1, sy:1, sz:1, num_conditions:2
condition:21, metric:[  0. 150. 150.]
condition:22, metric:[  0. 150. 150.]
condition batch eval, img shape:(160, 160, 160), sx:1, sy:1, sz:1, num_conditions:2
condition:23, metric:[  0. 150. 150.]
condition:24, metric:[  0. 150. 150.]
condition batch eval, img shape:(160, 160, 160), sx:1, sy:1, sz:1, num_conditions:2
condition:25, metric:[  0. 150. 150.]
condition:26, metric:[  0. 150. 150.]
condition batch eval, img shape:(160, 160, 160), sx:1, sy:1, sz:1, num_conditions:2
condition:27, metric:[  0. 150. 150.]
condition:28, metric:[  0. 150. 150.]
condition batch eval, img shape:(160, 160, 160), sx:1, sy:1, sz:1, num_conditions:2
condition:29, metric:[  0. 150. 150.]
condition:30, metric:[  0. 150. 150.]
condition batch eval, img shape:(160, 160, 160), sx:1, sy:1, sz:1, num_conditions:1
condition:31, metric:[  0. 150. 150.]
===>test image:/projects/weilab/liupeng/projects/frameworks/nnUNet/DATASET/nnUNet_preprocessed/Dataset200_Dataset101_CellMap_model_high_res/nnUNetPlans_3d_lowres_large_patch_test/jrc_hela-2_crop15.npy
condition batch eval, img shape:(160, 160, 160), sx:1, sy:1, sz:1, num_conditions:2
condition:1, metric:[  0. 150. 150.]
condition:2, metric:[  0. 150. 150.]
condition batch eval, img shape:(160, 160, 160), sx:1, sy:1, sz:1, num_conditions:2
condition:3, metric:[0.92777208 0.         0.        ]
condition:4, metric:[  0. 150. 150.]
condition batch eval, img shape:(160, 160, 160), sx:1, sy:1, sz:1, num_conditions:2
condition:5, metric:[  0. 150. 150.]
condition:6, metric:[  0. 150. 150.]
condition batch eval, img shape:(160, 160, 160), sx:1, sy:1, sz:1, num_conditions:2
condition:7, metric:[  0. 150. 150.]
condition:8, metric:[  0. 150. 150.]
condition batch eval, img shape:(160, 160, 160), sx:1, sy:1, sz:1, num_conditions:2
condition:9, metric:[  0. 150. 150.]
condition:10, metric:[  0. 150. 150.]
condition batch eval, img shape:(160, 160, 160), sx:1, sy:1, sz:1, num_conditions:2
condition:11, metric:[  0. 150. 150.]
condition:12, metric:[  0. 150. 150.]
condition batch eval, img shape:(160, 160, 160), sx:1, sy:1, sz:1, num_conditions:2
condition:13, metric:[  0. 150. 150.]
condition:14, metric:[  0. 150. 150.]
condition batch eval, img shape:(160, 160, 160), sx:1, sy:1, sz:1, num_conditions:2
condition:15, metric:[  0. 150. 150.]
condition:16, metric:[  0. 150. 150.]
condition batch eval, img shape:(160, 160, 160), sx:1, sy:1, sz:1, num_conditions:2
condition:17, metric:[  0. 150. 150.]
condition:18, metric:[  0. 150. 150.]
condition batch eval, img shape:(160, 160, 160), sx:1, sy:1, sz:1, num_conditions:2
condition:19, metric:[  0. 150. 150.]
condition:20, metric:[  0. 150. 150.]
condition batch eval, img shape:(160, 160, 160), sx:1, sy:1, sz:1, num_conditions:2
condition:21, metric:[  0. 150. 150.]
condition:22, metric:[  0. 150. 150.]
condition batch eval, img shape:(160, 160, 160), sx:1, sy:1, sz:1, num_conditions:2
condition:23, metric:[  0. 150. 150.]
condition:24, metric:[  0. 150. 150.]
condition batch eval, img shape:(160, 160, 160), sx:1, sy:1, sz:1, num_conditions:2
condition:25, metric:[  0. 150. 150.]
condition:26, metric:[  0. 150. 150.]
condition batch eval, img shape:(160, 160, 160), sx:1, sy:1, sz:1, num_conditions:2
condition:27, metric:[  0. 150. 150.]
condition:28, metric:[  0. 150. 150.]
condition batch eval, img shape:(160, 160, 160), sx:1, sy:1, sz:1, num_conditions:2
condition:29, metric:[  0. 150. 150.]
condition:30, metric:[  0. 150. 150.]
condition batch eval, img shape:(160, 160, 160), sx:1, sy:1, sz:1, num_conditions:1
condition:31, metric:[  0. 150. 150.]
Validation end
avg metric shape: (31, 3)
iteration 20400 : model2_dice_score : 0.034225 model2_hd95 : 140.322581
save model to ../model/CellMap_202_CondBaseline_cond_baseline_cellmap_highres_SGD_SGD/unet_3D_old/model2_iter_20400.pth
iteration 20420 : loss : 0.265776  loss_ce : 0.247547  loss_dice : 0.284006
iteration 20440 : loss : 0.283140  loss_ce : 0.380931  loss_dice : 0.185348
iteration 20460 : loss : 0.097260  loss_ce : 0.149713  loss_dice : 0.044806
iteration 20480 : loss : 0.316119  loss_ce : 0.259988  loss_dice : 0.372249
iteration 20500 : loss : 0.464304  loss_ce : 0.590586  loss_dice : 0.338022
iteration 20520 : loss : 0.090104  loss_ce : 0.129883  loss_dice : 0.050324
iteration 20540 : loss : 0.036569  loss_ce : 0.059574  loss_dice : 0.013564
iteration 20560 : loss : 0.239883  loss_ce : 0.274367  loss_dice : 0.205399
iteration 20580 : loss : 0.190312  loss_ce : 0.233890  loss_dice : 0.146734
iteration 20600 : loss : 0.095461  loss_ce : 0.146299  loss_dice : 0.044624
iteration 20620 : loss : 0.239346  loss_ce : 0.348175  loss_dice : 0.130517
iteration 20640 : loss : 0.507661  loss_ce : 0.677108  loss_dice : 0.338213
iteration 20660 : loss : 0.393098  loss_ce : 0.502724  loss_dice : 0.283471
iteration 20680 : loss : 0.368668  loss_ce : 0.400142  loss_dice : 0.337194
iteration 20700 : loss : 0.219022  loss_ce : 0.289774  loss_dice : 0.148270
iteration 20720 : loss : 0.081366  loss_ce : 0.122148  loss_dice : 0.040585
iteration 20740 : loss : 0.119086  loss_ce : 0.172758  loss_dice : 0.065413
iteration 20760 : loss : 0.161010  loss_ce : 0.193726  loss_dice : 0.128294
iteration 20780 : loss : 0.448933  loss_ce : 0.634121  loss_dice : 0.263744
iteration 20800 : loss : 0.211047  loss_ce : 0.075680  loss_dice : 0.346413
began evaluation!
iteration 20800: validation sampled 4/17 cases
Total test images: 4
Validation begin
===>test image:/projects/weilab/liupeng/projects/frameworks/nnUNet/DATASET/nnUNet_preprocessed/Dataset200_Dataset101_CellMap_model_high_res/nnUNetPlans_3d_lowres_large_patch_test/jrc_macrophage-2_crop31.npy
condition batch eval, img shape:(160, 160, 160), sx:1, sy:1, sz:1, num_conditions:2
condition:1, metric:[0.10356712 0.         0.        ]
condition:2, metric:[  0. 150. 150.]
condition batch eval, img shape:(160, 160, 160), sx:1, sy:1, sz:1, num_conditions:2
condition:3, metric:[0.81501995 0.         0.        ]
condition:4, metric:[  0. 150. 150.]
condition batch eval, img shape:(160, 160, 160), sx:1, sy:1, sz:1, num_conditions:2
condition:5, metric:[0.4031057 0.        0.       ]
condition:6, metric:[  0. 150. 150.]
condition batch eval, img shape:(160, 160, 160), sx:1, sy:1, sz:1, num_conditions:2
condition:7, metric:[  0. 150. 150.]
condition:8, metric:[  0. 150. 150.]
condition batch eval, img shape:(160, 160, 160), sx:1, sy:1, sz:1, num_conditions:2
condition:9, metric:[  0. 150. 150.]
condition:10, metric:[  0. 150. 150.]
condition batch eval, img shape:(160, 160, 160), sx:1, sy:1, sz:1, num_conditions:2
condition:11, metric:[  0. 150. 150.]
condition:12, metric:[  0. 150. 150.]
condition batch eval, img shape:(160, 160, 160), sx:1, sy:1, sz:1, num_conditions:2
condition:13, metric:[  0. 150. 150.]
condition:14, metric:[  0. 150. 150.]
condition batch eval, img shape:(160, 160, 160), sx:1, sy:1, sz:1, num_conditions:2
condition:15, metric:[  0. 150. 150.]
condition:16, metric:[  0. 150. 150.]
condition batch eval, img shape:(160, 160, 160), sx:1, sy:1, sz:1, num_conditions:2
condition:17, metric:[  0. 150. 150.]
condition:18, metric:[  0. 150. 150.]
condition batch eval, img shape:(160, 160, 160), sx:1, sy:1, sz:1, num_conditions:2
condition:19, metric:[  0. 150. 150.]
condition:20, metric:[  0. 150. 150.]
condition batch eval, img shape:(160, 160, 160), sx:1, sy:1, sz:1, num_conditions:2
condition:21, metric:[  0. 150. 150.]
condition:22, metric:[  0. 150. 150.]
condition batch eval, img shape:(160, 160, 160), sx:1, sy:1, sz:1, num_conditions:2
condition:23, metric:[  0. 150. 150.]
condition:24, metric:[  0. 150. 150.]
condition batch eval, img shape:(160, 160, 160), sx:1, sy:1, sz:1, num_conditions:2
condition:25, metric:[  0. 150. 150.]
condition:26, metric:[  0. 150. 150.]
condition batch eval, img shape:(160, 160, 160), sx:1, sy:1, sz:1, num_conditions:2
condition:27, metric:[  0. 150. 150.]
condition:28, metric:[  0. 150. 150.]
condition batch eval, img shape:(160, 160, 160), sx:1, sy:1, sz:1, num_conditions:2
condition:29, metric:[  0. 150. 150.]
condition:30, metric:[  0. 150. 150.]
condition batch eval, img shape:(160, 160, 160), sx:1, sy:1, sz:1, num_conditions:1
condition:31, metric:[  0. 150. 150.]
===>test image:/projects/weilab/liupeng/projects/frameworks/nnUNet/DATASET/nnUNet_preprocessed/Dataset200_Dataset101_CellMap_model_high_res/nnUNetPlans_3d_lowres_large_patch_test/jrc_fly-mb-1a_crop121.npy
condition batch eval, img shape:(200, 200, 200), sx:2, sy:2, sz:2, num_conditions:2
condition:1, metric:[0.08313372 0.         0.        ]
condition:2, metric:[  0. 150. 150.]
condition batch eval, img shape:(200, 200, 200), sx:2, sy:2, sz:2, num_conditions:2
condition:3, metric:[0.78809484 0.         0.        ]
condition:4, metric:[  0. 150. 150.]
condition batch eval, img shape:(200, 200, 200), sx:2, sy:2, sz:2, num_conditions:2
condition:5, metric:[  0. 150. 150.]
condition:6, metric:[  0. 150. 150.]
condition batch eval, img shape:(200, 200, 200), sx:2, sy:2, sz:2, num_conditions:2
condition:7, metric:[  0. 150. 150.]
condition:8, metric:[  0. 150. 150.]
condition batch eval, img shape:(200, 200, 200), sx:2, sy:2, sz:2, num_conditions:2
condition:9, metric:[  0. 150. 150.]
condition:10, metric:[  0. 150. 150.]
condition batch eval, img shape:(200, 200, 200), sx:2, sy:2, sz:2, num_conditions:2
condition:11, metric:[  0. 150. 150.]
condition:12, metric:[  0. 150. 150.]
condition batch eval, img shape:(200, 200, 200), sx:2, sy:2, sz:2, num_conditions:2
condition:13, metric:[  0. 150. 150.]
condition:14, metric:[  0. 150. 150.]
condition batch eval, img shape:(200, 200, 200), sx:2, sy:2, sz:2, num_conditions:2
condition:15, metric:[  0. 150. 150.]
condition:16, metric:[  0. 150. 150.]
condition batch eval, img shape:(200, 200, 200), sx:2, sy:2, sz:2, num_conditions:2
condition:17, metric:[  0. 150. 150.]
condition:18, metric:[  0. 150. 150.]
condition batch eval, img shape:(200, 200, 200), sx:2, sy:2, sz:2, num_conditions:2
condition:19, metric:[  0. 150. 150.]
condition:20, metric:[  0. 150. 150.]
condition batch eval, img shape:(200, 200, 200), sx:2, sy:2, sz:2, num_conditions:2
condition:21, metric:[  0. 150. 150.]
condition:22, metric:[  0. 150. 150.]
condition batch eval, img shape:(200, 200, 200), sx:2, sy:2, sz:2, num_conditions:2
condition:23, metric:[  0. 150. 150.]
condition:24, metric:[  0. 150. 150.]
condition batch eval, img shape:(200, 200, 200), sx:2, sy:2, sz:2, num_conditions:2
condition:25, metric:[  0. 150. 150.]
condition:26, metric:[  0. 150. 150.]
condition batch eval, img shape:(200, 200, 200), sx:2, sy:2, sz:2, num_conditions:2
condition:27, metric:[  0. 150. 150.]
condition:28, metric:[  0. 150. 150.]
condition batch eval, img shape:(200, 200, 200), sx:2, sy:2, sz:2, num_conditions:2
condition:29, metric:[  0. 150. 150.]
condition:30, metric:[  0. 150. 150.]
condition batch eval, img shape:(200, 200, 200), sx:2, sy:2, sz:2, num_conditions:1
condition:31, metric:[  0. 150. 150.]
===>test image:/projects/weilab/liupeng/projects/frameworks/nnUNet/DATASET/nnUNet_preprocessed/Dataset200_Dataset101_CellMap_model_high_res/nnUNetPlans_3d_lowres_large_patch_test/jrc_mus-liver-zon-1_crop266.npy
condition batch eval, img shape:(400, 400, 400), sx:5, sy:5, sz:5, num_conditions:2
condition:1, metric:[  0. 150. 150.]
condition:2, metric:[  0. 150. 150.]
condition batch eval, img shape:(400, 400, 400), sx:5, sy:5, sz:5, num_conditions:2
condition:3, metric:[0.59201681 0.         0.        ]
condition:4, metric:[  0. 150. 150.]
condition batch eval, img shape:(400, 400, 400), sx:5, sy:5, sz:5, num_conditions:2
condition:5, metric:[  0. 150. 150.]
condition:6, metric:[  0. 150. 150.]
condition batch eval, img shape:(400, 400, 400), sx:5, sy:5, sz:5, num_conditions:2
condition:7, metric:[  0. 150. 150.]
condition:8, metric:[  0. 150. 150.]
condition batch eval, img shape:(400, 400, 400), sx:5, sy:5, sz:5, num_conditions:2
condition:9, metric:[  0. 150. 150.]
condition:10, metric:[  0. 150. 150.]
condition batch eval, img shape:(400, 400, 400), sx:5, sy:5, sz:5, num_conditions:2
condition:11, metric:[  0. 150. 150.]
condition:12, metric:[  0. 150. 150.]
condition batch eval, img shape:(400, 400, 400), sx:5, sy:5, sz:5, num_conditions:2
condition:13, metric:[  0. 150. 150.]
condition:14, metric:[  0. 150. 150.]
condition batch eval, img shape:(400, 400, 400), sx:5, sy:5, sz:5, num_conditions:2
condition:15, metric:[  0. 150. 150.]
condition:16, metric:[  0. 150. 150.]
condition batch eval, img shape:(400, 400, 400), sx:5, sy:5, sz:5, num_conditions:2
condition:17, metric:[  0. 150. 150.]
condition:18, metric:[  0. 150. 150.]
condition batch eval, img shape:(400, 400, 400), sx:5, sy:5, sz:5, num_conditions:2
condition:19, metric:[  0. 150. 150.]
condition:20, metric:[  0. 150. 150.]
condition batch eval, img shape:(400, 400, 400), sx:5, sy:5, sz:5, num_conditions:2
condition:21, metric:[  0. 150. 150.]
condition:22, metric:[  0. 150. 150.]
condition batch eval, img shape:(400, 400, 400), sx:5, sy:5, sz:5, num_conditions:2
condition:23, metric:[  0. 150. 150.]
condition:24, metric:[  0. 150. 150.]
condition batch eval, img shape:(400, 400, 400), sx:5, sy:5, sz:5, num_conditions:2
condition:25, metric:[0.11081223 0.         0.        ]
condition:26, metric:[  0. 150. 150.]
condition batch eval, img shape:(400, 400, 400), sx:5, sy:5, sz:5, num_conditions:2
condition:27, metric:[0.65102545 0.         0.        ]
condition:28, metric:[  0. 150. 150.]
condition batch eval, img shape:(400, 400, 400), sx:5, sy:5, sz:5, num_conditions:2
condition:29, metric:[  0. 150. 150.]
condition:30, metric:[  0. 150. 150.]
condition batch eval, img shape:(400, 400, 400), sx:5, sy:5, sz:5, num_conditions:1
condition:31, metric:[  0. 150. 150.]
===>test image:/projects/weilab/liupeng/projects/frameworks/nnUNet/DATASET/nnUNet_preprocessed/Dataset200_Dataset101_CellMap_model_high_res/nnUNetPlans_3d_lowres_large_patch_test/jrc_mus-liver_crop125.npy
condition batch eval, img shape:(400, 400, 400), sx:5, sy:5, sz:5, num_conditions:2
condition:1, metric:[0.78295377 0.         0.        ]
condition:2, metric:[  0. 150. 150.]
condition batch eval, img shape:(400, 400, 400), sx:5, sy:5, sz:5, num_conditions:2
condition:3, metric:[0.4515956 0.        0.       ]
condition:4, metric:[  0. 150. 150.]
condition batch eval, img shape:(400, 400, 400), sx:5, sy:5, sz:5, num_conditions:2
condition:5, metric:[0. 0. 0.]
condition:6, metric:[  0. 150. 150.]
condition batch eval, img shape:(400, 400, 400), sx:5, sy:5, sz:5, num_conditions:2
condition:7, metric:[  0. 150. 150.]
condition:8, metric:[  0. 150. 150.]
condition batch eval, img shape:(400, 400, 400), sx:5, sy:5, sz:5, num_conditions:2
condition:9, metric:[  0. 150. 150.]
condition:10, metric:[  0. 150. 150.]
condition batch eval, img shape:(400, 400, 400), sx:5, sy:5, sz:5, num_conditions:2
condition:11, metric:[  0. 150. 150.]
condition:12, metric:[  0. 150. 150.]
condition batch eval, img shape:(400, 400, 400), sx:5, sy:5, sz:5, num_conditions:2
condition:13, metric:[  0. 150. 150.]
condition:14, metric:[  0. 150. 150.]
condition batch eval, img shape:(400, 400, 400), sx:5, sy:5, sz:5, num_conditions:2
condition:15, metric:[  0. 150. 150.]
condition:16, metric:[  0. 150. 150.]
condition batch eval, img shape:(400, 400, 400), sx:5, sy:5, sz:5, num_conditions:2
condition:17, metric:[  0. 150. 150.]
condition:18, metric:[  0. 150. 150.]
condition batch eval, img shape:(400, 400, 400), sx:5, sy:5, sz:5, num_conditions:2
condition:19, metric:[  0. 150. 150.]
condition:20, metric:[  0. 150. 150.]
condition batch eval, img shape:(400, 400, 400), sx:5, sy:5, sz:5, num_conditions:2
condition:21, metric:[  0. 150. 150.]
condition:22, metric:[  0. 150. 150.]
condition batch eval, img shape:(400, 400, 400), sx:5, sy:5, sz:5, num_conditions:2
condition:23, metric:[  0. 150. 150.]
condition:24, metric:[  0. 150. 150.]
condition batch eval, img shape:(400, 400, 400), sx:5, sy:5, sz:5, num_conditions:2
condition:25, metric:[  0. 150. 150.]
condition:26, metric:[  0. 150. 150.]
condition batch eval, img shape:(400, 400, 400), sx:5, sy:5, sz:5, num_conditions:2
condition:27, metric:[  0. 150. 150.]
condition:28, metric:[  0. 150. 150.]
condition batch eval, img shape:(400, 400, 400), sx:5, sy:5, sz:5, num_conditions:2
condition:29, metric:[  0. 150. 150.]
condition:30, metric:[  0. 150. 150.]
condition batch eval, img shape:(400, 400, 400), sx:5, sy:5, sz:5, num_conditions:1
condition:31, metric:[  0. 150. 150.]
Validation end
avg metric shape: (31, 3)
iteration 20800 : model2_dice_score : 0.038559 model2_hd95 : 136.693548
save model to ../model/CellMap_202_CondBaseline_cond_baseline_cellmap_highres_SGD_SGD/unet_3D_old/model2_iter_20800.pth
iteration 20820 : loss : 0.241091  loss_ce : 0.339396  loss_dice : 0.142786
iteration 20840 : loss : 0.395806  loss_ce : 0.527731  loss_dice : 0.263881
iteration 20860 : loss : 0.237047  loss_ce : 0.343140  loss_dice : 0.130954
iteration 20880 : loss : 0.390592  loss_ce : 0.554169  loss_dice : 0.227014
iteration 20900 : loss : 0.180368  loss_ce : 0.242988  loss_dice : 0.117748
iteration 20920 : loss : 0.252037  loss_ce : 0.338392  loss_dice : 0.165681
iteration 20940 : loss : 0.213399  loss_ce : 0.281108  loss_dice : 0.145689
iteration 20960 : loss : 0.500650  loss_ce : 0.503477  loss_dice : 0.497822
iteration 20980 : loss : 0.196701  loss_ce : 0.273238  loss_dice : 0.120163
iteration 21000 : loss : 0.157319  loss_ce : 0.208971  loss_dice : 0.105667
iteration 21020 : loss : 0.448795  loss_ce : 0.617133  loss_dice : 0.280456
iteration 21040 : loss : 0.331797  loss_ce : 0.332570  loss_dice : 0.331024
iteration 21060 : loss : 0.354856  loss_ce : 0.396040  loss_dice : 0.313672
iteration 21080 : loss : 0.241827  loss_ce : 0.326145  loss_dice : 0.157509
iteration 21100 : loss : 0.212078  loss_ce : 0.270291  loss_dice : 0.153865
iteration 21120 : loss : 0.233815  loss_ce : 0.325387  loss_dice : 0.142244
iteration 21140 : loss : 0.180317  loss_ce : 0.192635  loss_dice : 0.167998
iteration 21160 : loss : 0.598304  loss_ce : 0.674622  loss_dice : 0.521986
iteration 21180 : loss : 0.470871  loss_ce : 0.493969  loss_dice : 0.447773
iteration 21200 : loss : 0.309032  loss_ce : 0.417197  loss_dice : 0.200868
began evaluation!
iteration 21200: validation sampled 4/17 cases
Total test images: 4
Validation begin
===>test image:/projects/weilab/liupeng/projects/frameworks/nnUNet/DATASET/nnUNet_preprocessed/Dataset200_Dataset101_CellMap_model_high_res/nnUNetPlans_3d_lowres_large_patch_test/jrc_fly-vnc-1_crop174.npy
condition batch eval, img shape:(200, 200, 200), sx:2, sy:2, sz:2, num_conditions:2
condition:1, metric:[0.20880972 0.         0.        ]
condition:2, metric:[  0. 150. 150.]
condition batch eval, img shape:(200, 200, 200), sx:2, sy:2, sz:2, num_conditions:2
condition:3, metric:[0.57839802 0.         0.        ]
condition:4, metric:[  0. 150. 150.]
condition batch eval, img shape:(200, 200, 200), sx:2, sy:2, sz:2, num_conditions:2
condition:5, metric:[0.00894129 0.         0.        ]
condition:6, metric:[  0. 150. 150.]
condition batch eval, img shape:(200, 200, 200), sx:2, sy:2, sz:2, num_conditions:2
condition:7, metric:[  0. 150. 150.]
condition:8, metric:[  0. 150. 150.]
condition batch eval, img shape:(200, 200, 200), sx:2, sy:2, sz:2, num_conditions:2
condition:9, metric:[  0. 150. 150.]
condition:10, metric:[  0. 150. 150.]
condition batch eval, img shape:(200, 200, 200), sx:2, sy:2, sz:2, num_conditions:2
condition:11, metric:[  0. 150. 150.]
condition:12, metric:[  0. 150. 150.]
condition batch eval, img shape:(200, 200, 200), sx:2, sy:2, sz:2, num_conditions:2
condition:13, metric:[  0. 150. 150.]
condition:14, metric:[  0. 150. 150.]
condition batch eval, img shape:(200, 200, 200), sx:2, sy:2, sz:2, num_conditions:2
condition:15, metric:[  0. 150. 150.]
condition:16, metric:[  0. 150. 150.]
condition batch eval, img shape:(200, 200, 200), sx:2, sy:2, sz:2, num_conditions:2
condition:17, metric:[  0. 150. 150.]
condition:18, metric:[  0. 150. 150.]
condition batch eval, img shape:(200, 200, 200), sx:2, sy:2, sz:2, num_conditions:2
condition:19, metric:[  0. 150. 150.]
condition:20, metric:[  0. 150. 150.]
condition batch eval, img shape:(200, 200, 200), sx:2, sy:2, sz:2, num_conditions:2
condition:21, metric:[  0. 150. 150.]
condition:22, metric:[  0. 150. 150.]
condition batch eval, img shape:(200, 200, 200), sx:2, sy:2, sz:2, num_conditions:2
condition:23, metric:[  0. 150. 150.]
condition:24, metric:[  0. 150. 150.]
condition batch eval, img shape:(200, 200, 200), sx:2, sy:2, sz:2, num_conditions:2
condition:25, metric:[  0. 150. 150.]
condition:26, metric:[  0. 150. 150.]
condition batch eval, img shape:(200, 200, 200), sx:2, sy:2, sz:2, num_conditions:2
condition:27, metric:[  0. 150. 150.]
condition:28, metric:[  0. 150. 150.]
condition batch eval, img shape:(200, 200, 200), sx:2, sy:2, sz:2, num_conditions:2
condition:29, metric:[  0. 150. 150.]
condition:30, metric:[  0. 150. 150.]
condition batch eval, img shape:(200, 200, 200), sx:2, sy:2, sz:2, num_conditions:1
condition:31, metric:[  0. 150. 150.]
===>test image:/projects/weilab/liupeng/projects/frameworks/nnUNet/DATASET/nnUNet_preprocessed/Dataset200_Dataset101_CellMap_model_high_res/nnUNetPlans_3d_lowres_large_patch_test/jrc_cos7-1b_crop235.npy
condition batch eval, img shape:(200, 200, 200), sx:2, sy:2, sz:2, num_conditions:2
condition:1, metric:[0.01824972 0.         0.        ]
condition:2, metric:[  0. 150. 150.]
condition batch eval, img shape:(200, 200, 200), sx:2, sy:2, sz:2, num_conditions:2
condition:3, metric:[0.92950877 0.         0.        ]
condition:4, metric:[  0. 150. 150.]
condition batch eval, img shape:(200, 200, 200), sx:2, sy:2, sz:2, num_conditions:2
condition:5, metric:[  0. 150. 150.]
condition:6, metric:[  0. 150. 150.]
condition batch eval, img shape:(200, 200, 200), sx:2, sy:2, sz:2, num_conditions:2
condition:7, metric:[  0. 150. 150.]
condition:8, metric:[  0. 150. 150.]
condition batch eval, img shape:(200, 200, 200), sx:2, sy:2, sz:2, num_conditions:2
condition:9, metric:[  0. 150. 150.]
condition:10, metric:[  0. 150. 150.]
condition batch eval, img shape:(200, 200, 200), sx:2, sy:2, sz:2, num_conditions:2
condition:11, metric:[  0. 150. 150.]
condition:12, metric:[  0. 150. 150.]
condition batch eval, img shape:(200, 200, 200), sx:2, sy:2, sz:2, num_conditions:2
condition:13, metric:[  0. 150. 150.]
condition:14, metric:[  0. 150. 150.]
condition batch eval, img shape:(200, 200, 200), sx:2, sy:2, sz:2, num_conditions:2
condition:15, metric:[  0. 150. 150.]
condition:16, metric:[  0. 150. 150.]
condition batch eval, img shape:(200, 200, 200), sx:2, sy:2, sz:2, num_conditions:2
condition:17, metric:[  0. 150. 150.]
condition:18, metric:[  0. 150. 150.]
condition batch eval, img shape:(200, 200, 200), sx:2, sy:2, sz:2, num_conditions:2
condition:19, metric:[  0. 150. 150.]
condition:20, metric:[  0. 150. 150.]
condition batch eval, img shape:(200, 200, 200), sx:2, sy:2, sz:2, num_conditions:2
condition:21, metric:[  0. 150. 150.]
condition:22, metric:[  0. 150. 150.]
condition batch eval, img shape:(200, 200, 200), sx:2, sy:2, sz:2, num_conditions:2
condition:23, metric:[  0. 150. 150.]
condition:24, metric:[  0. 150. 150.]
condition batch eval, img shape:(200, 200, 200), sx:2, sy:2, sz:2, num_conditions:2
condition:25, metric:[  0. 150. 150.]
condition:26, metric:[  0. 150. 150.]
condition batch eval, img shape:(200, 200, 200), sx:2, sy:2, sz:2, num_conditions:2
condition:27, metric:[  0. 150. 150.]
condition:28, metric:[  0. 150. 150.]
condition batch eval, img shape:(200, 200, 200), sx:2, sy:2, sz:2, num_conditions:2
condition:29, metric:[  0. 150. 150.]
condition:30, metric:[  0. 150. 150.]
condition batch eval, img shape:(200, 200, 200), sx:2, sy:2, sz:2, num_conditions:1
condition:31, metric:[  0. 150. 150.]
===>test image:/projects/weilab/liupeng/projects/frameworks/nnUNet/DATASET/nnUNet_preprocessed/Dataset200_Dataset101_CellMap_model_high_res/nnUNetPlans_3d_lowres_large_patch_test/jrc_mus-liver-zon-1_crop266.npy
condition batch eval, img shape:(400, 400, 400), sx:5, sy:5, sz:5, num_conditions:2
condition:1, metric:[  0. 150. 150.]
condition:2, metric:[  0. 150. 150.]
condition batch eval, img shape:(400, 400, 400), sx:5, sy:5, sz:5, num_conditions:2
condition:3, metric:[0.76746776 0.         0.        ]
condition:4, metric:[  0. 150. 150.]
condition batch eval, img shape:(400, 400, 400), sx:5, sy:5, sz:5, num_conditions:2
condition:5, metric:[  0. 150. 150.]
condition:6, metric:[  0. 150. 150.]
condition batch eval, img shape:(400, 400, 400), sx:5, sy:5, sz:5, num_conditions:2
condition:7, metric:[  0. 150. 150.]
condition:8, metric:[  0. 150. 150.]
condition batch eval, img shape:(400, 400, 400), sx:5, sy:5, sz:5, num_conditions:2
condition:9, metric:[  0. 150. 150.]
condition:10, metric:[  0. 150. 150.]
condition batch eval, img shape:(400, 400, 400), sx:5, sy:5, sz:5, num_conditions:2
condition:11, metric:[  0. 150. 150.]
condition:12, metric:[  0. 150. 150.]
condition batch eval, img shape:(400, 400, 400), sx:5, sy:5, sz:5, num_conditions:2
condition:13, metric:[  0. 150. 150.]
condition:14, metric:[  0. 150. 150.]
condition batch eval, img shape:(400, 400, 400), sx:5, sy:5, sz:5, num_conditions:2
condition:15, metric:[  0. 150. 150.]
condition:16, metric:[  0. 150. 150.]
condition batch eval, img shape:(400, 400, 400), sx:5, sy:5, sz:5, num_conditions:2
condition:17, metric:[  0. 150. 150.]
condition:18, metric:[  0. 150. 150.]
condition batch eval, img shape:(400, 400, 400), sx:5, sy:5, sz:5, num_conditions:2
condition:19, metric:[  0. 150. 150.]
condition:20, metric:[  0. 150. 150.]
condition batch eval, img shape:(400, 400, 400), sx:5, sy:5, sz:5, num_conditions:2
condition:21, metric:[  0. 150. 150.]
condition:22, metric:[  0. 150. 150.]
condition batch eval, img shape:(400, 400, 400), sx:5, sy:5, sz:5, num_conditions:2
condition:23, metric:[  0. 150. 150.]
condition:24, metric:[  0. 150. 150.]
condition batch eval, img shape:(400, 400, 400), sx:5, sy:5, sz:5, num_conditions:2
condition:25, metric:[3.9204815e-05 0.0000000e+00 0.0000000e+00]
condition:26, metric:[  0. 150. 150.]
condition batch eval, img shape:(400, 400, 400), sx:5, sy:5, sz:5, num_conditions:2
condition:27, metric:[0.62316309 0.         0.        ]
condition:28, metric:[  0. 150. 150.]
condition batch eval, img shape:(400, 400, 400), sx:5, sy:5, sz:5, num_conditions:2
condition:29, metric:[  0. 150. 150.]
condition:30, metric:[  0. 150. 150.]
condition batch eval, img shape:(400, 400, 400), sx:5, sy:5, sz:5, num_conditions:1
condition:31, metric:[  0. 150. 150.]
===>test image:/projects/weilab/liupeng/projects/frameworks/nnUNet/DATASET/nnUNet_preprocessed/Dataset200_Dataset101_CellMap_model_high_res/nnUNetPlans_3d_lowres_large_patch_test/jrc_macrophage-2_crop31.npy
condition batch eval, img shape:(160, 160, 160), sx:1, sy:1, sz:1, num_conditions:2
condition:1, metric:[0.10947784 0.         0.        ]
condition:2, metric:[  0. 150. 150.]
condition batch eval, img shape:(160, 160, 160), sx:1, sy:1, sz:1, num_conditions:2
condition:3, metric:[0.81085038 0.         0.        ]
condition:4, metric:[  0. 150. 150.]
condition batch eval, img shape:(160, 160, 160), sx:1, sy:1, sz:1, num_conditions:2
condition:5, metric:[0.07163341 0.         0.        ]
condition:6, metric:[  0. 150. 150.]
condition batch eval, img shape:(160, 160, 160), sx:1, sy:1, sz:1, num_conditions:2
condition:7, metric:[  0. 150. 150.]
condition:8, metric:[  0. 150. 150.]
condition batch eval, img shape:(160, 160, 160), sx:1, sy:1, sz:1, num_conditions:2
condition:9, metric:[  0. 150. 150.]
condition:10, metric:[  0. 150. 150.]
condition batch eval, img shape:(160, 160, 160), sx:1, sy:1, sz:1, num_conditions:2
condition:11, metric:[  0. 150. 150.]
condition:12, metric:[  0. 150. 150.]
condition batch eval, img shape:(160, 160, 160), sx:1, sy:1, sz:1, num_conditions:2
condition:13, metric:[  0. 150. 150.]
condition:14, metric:[  0. 150. 150.]
condition batch eval, img shape:(160, 160, 160), sx:1, sy:1, sz:1, num_conditions:2
condition:15, metric:[  0. 150. 150.]
condition:16, metric:[  0. 150. 150.]
condition batch eval, img shape:(160, 160, 160), sx:1, sy:1, sz:1, num_conditions:2
condition:17, metric:[  0. 150. 150.]
condition:18, metric:[  0. 150. 150.]
condition batch eval, img shape:(160, 160, 160), sx:1, sy:1, sz:1, num_conditions:2
condition:19, metric:[  0. 150. 150.]
condition:20, metric:[  0. 150. 150.]
condition batch eval, img shape:(160, 160, 160), sx:1, sy:1, sz:1, num_conditions:2
condition:21, metric:[  0. 150. 150.]
condition:22, metric:[  0. 150. 150.]
condition batch eval, img shape:(160, 160, 160), sx:1, sy:1, sz:1, num_conditions:2
condition:23, metric:[  0. 150. 150.]
condition:24, metric:[  0. 150. 150.]
condition batch eval, img shape:(160, 160, 160), sx:1, sy:1, sz:1, num_conditions:2
condition:25, metric:[  0. 150. 150.]
condition:26, metric:[  0. 150. 150.]
condition batch eval, img shape:(160, 160, 160), sx:1, sy:1, sz:1, num_conditions:2
condition:27, metric:[  0. 150. 150.]
condition:28, metric:[  0. 150. 150.]
condition batch eval, img shape:(160, 160, 160), sx:1, sy:1, sz:1, num_conditions:2
condition:29, metric:[  0. 150. 150.]
condition:30, metric:[  0. 150. 150.]
condition batch eval, img shape:(160, 160, 160), sx:1, sy:1, sz:1, num_conditions:1
condition:31, metric:[  0. 150. 150.]
Validation end
avg metric shape: (31, 3)
iteration 21200 : model2_dice_score : 0.033279 model2_hd95 : 136.693548
save model to ../model/CellMap_202_CondBaseline_cond_baseline_cellmap_highres_SGD_SGD/unet_3D_old/model2_iter_21200.pth
iteration 21220 : loss : 0.128566  loss_ce : 0.161967  loss_dice : 0.095165
iteration 21240 : loss : 0.166012  loss_ce : 0.243511  loss_dice : 0.088514
iteration 21260 : loss : 0.367314  loss_ce : 0.238716  loss_dice : 0.495912
iteration 21280 : loss : 0.258676  loss_ce : 0.346742  loss_dice : 0.170610
iteration 21300 : loss : 0.142905  loss_ce : 0.215816  loss_dice : 0.069995
iteration 21320 : loss : 0.024229  loss_ce : 0.044491  loss_dice : 0.003966
iteration 21340 : loss : 0.686212  loss_ce : 0.942037  loss_dice : 0.430387
iteration 21360 : loss : 0.185525  loss_ce : 0.264683  loss_dice : 0.106366
iteration 21380 : loss : 0.108064  loss_ce : 0.162390  loss_dice : 0.053738
iteration 21400 : loss : 0.286904  loss_ce : 0.412854  loss_dice : 0.160954
iteration 21420 : loss : 0.097644  loss_ce : 0.151425  loss_dice : 0.043862
iteration 21440 : loss : 0.365298  loss_ce : 0.513123  loss_dice : 0.217472
iteration 21460 : loss : 0.090888  loss_ce : 0.143142  loss_dice : 0.038635
iteration 21480 : loss : 0.284525  loss_ce : 0.410118  loss_dice : 0.158932
iteration 21500 : loss : 0.127218  loss_ce : 0.186363  loss_dice : 0.068074
iteration 21520 : loss : 0.212735  loss_ce : 0.239867  loss_dice : 0.185603
iteration 21540 : loss : 0.175839  loss_ce : 0.260510  loss_dice : 0.091167
iteration 21560 : loss : 0.213243  loss_ce : 0.192210  loss_dice : 0.234276
iteration 21580 : loss : 0.525671  loss_ce : 0.562243  loss_dice : 0.489098
iteration 21600 : loss : 0.053246  loss_ce : 0.082231  loss_dice : 0.024262
began evaluation!
iteration 21600: validation sampled 4/17 cases
Total test images: 4
Validation begin
===>test image:/projects/weilab/liupeng/projects/frameworks/nnUNet/DATASET/nnUNet_preprocessed/Dataset200_Dataset101_CellMap_model_high_res/nnUNetPlans_3d_lowres_large_patch_test/jrc_sum159-4_crop219.npy
condition batch eval, img shape:(400, 400, 400), sx:5, sy:5, sz:5, num_conditions:2
condition:1, metric:[0.1313614 0.        0.       ]
condition:2, metric:[  0. 150. 150.]
condition batch eval, img shape:(400, 400, 400), sx:5, sy:5, sz:5, num_conditions:2
condition:3, metric:[0.72965773 0.         0.        ]
condition:4, metric:[  0. 150. 150.]
condition batch eval, img shape:(400, 400, 400), sx:5, sy:5, sz:5, num_conditions:2
condition:5, metric:[0. 0. 0.]
condition:6, metric:[  0. 150. 150.]
condition batch eval, img shape:(400, 400, 400), sx:5, sy:5, sz:5, num_conditions:2
condition:7, metric:[  0. 150. 150.]
condition:8, metric:[8.3333664e-05 0.0000000e+00 0.0000000e+00]
condition batch eval, img shape:(400, 400, 400), sx:5, sy:5, sz:5, num_conditions:2
condition:9, metric:[  0. 150. 150.]
condition:10, metric:[  0. 150. 150.]
condition batch eval, img shape:(400, 400, 400), sx:5, sy:5, sz:5, num_conditions:2
condition:11, metric:[  0. 150. 150.]
condition:12, metric:[  0. 150. 150.]
condition batch eval, img shape:(400, 400, 400), sx:5, sy:5, sz:5, num_conditions:2
condition:13, metric:[  0. 150. 150.]
condition:14, metric:[  0. 150. 150.]
condition batch eval, img shape:(400, 400, 400), sx:5, sy:5, sz:5, num_conditions:2
condition:15, metric:[  0. 150. 150.]
condition:16, metric:[0.00880142 0.         0.        ]
condition batch eval, img shape:(400, 400, 400), sx:5, sy:5, sz:5, num_conditions:2
condition:17, metric:[  0. 150. 150.]
condition:18, metric:[  0. 150. 150.]
condition batch eval, img shape:(400, 400, 400), sx:5, sy:5, sz:5, num_conditions:2
condition:19, metric:[  0. 150. 150.]
condition:20, metric:[  0. 150. 150.]
condition batch eval, img shape:(400, 400, 400), sx:5, sy:5, sz:5, num_conditions:2
condition:21, metric:[  0. 150. 150.]
condition:22, metric:[  0. 150. 150.]
condition batch eval, img shape:(400, 400, 400), sx:5, sy:5, sz:5, num_conditions:2
condition:23, metric:[  0. 150. 150.]
condition:24, metric:[  0. 150. 150.]
condition batch eval, img shape:(400, 400, 400), sx:5, sy:5, sz:5, num_conditions:2
condition:25, metric:[0.05476056 0.         0.        ]
condition:26, metric:[  0. 150. 150.]
condition batch eval, img shape:(400, 400, 400), sx:5, sy:5, sz:5, num_conditions:2
condition:27, metric:[0.01842317 0.         0.        ]
condition:28, metric:[  0. 150. 150.]
condition batch eval, img shape:(400, 400, 400), sx:5, sy:5, sz:5, num_conditions:2
condition:29, metric:[  0. 150. 150.]
condition:30, metric:[  0. 150. 150.]
condition batch eval, img shape:(400, 400, 400), sx:5, sy:5, sz:5, num_conditions:1
condition:31, metric:[  0. 150. 150.]
===>test image:/projects/weilab/liupeng/projects/frameworks/nnUNet/DATASET/nnUNet_preprocessed/Dataset200_Dataset101_CellMap_model_high_res/nnUNetPlans_3d_lowres_large_patch_test/jrc_mus-kidney_crop164.npy
condition batch eval, img shape:(200, 200, 200), sx:2, sy:2, sz:2, num_conditions:2
condition:1, metric:[0.03849409 0.         0.        ]
condition:2, metric:[  0. 150. 150.]
condition batch eval, img shape:(200, 200, 200), sx:2, sy:2, sz:2, num_conditions:2
condition:3, metric:[0.82911462 0.         0.        ]
condition:4, metric:[  0. 150. 150.]
condition batch eval, img shape:(200, 200, 200), sx:2, sy:2, sz:2, num_conditions:2
condition:5, metric:[  0. 150. 150.]
condition:6, metric:[  0. 150. 150.]
condition batch eval, img shape:(200, 200, 200), sx:2, sy:2, sz:2, num_conditions:2
condition:7, metric:[  0. 150. 150.]
condition:8, metric:[5.51657347e-05 0.00000000e+00 0.00000000e+00]
condition batch eval, img shape:(200, 200, 200), sx:2, sy:2, sz:2, num_conditions:2
condition:9, metric:[  0. 150. 150.]
condition:10, metric:[  0. 150. 150.]
condition batch eval, img shape:(200, 200, 200), sx:2, sy:2, sz:2, num_conditions:2
condition:11, metric:[  0. 150. 150.]
condition:12, metric:[  0. 150. 150.]
condition batch eval, img shape:(200, 200, 200), sx:2, sy:2, sz:2, num_conditions:2
condition:13, metric:[  0. 150. 150.]
condition:14, metric:[  0. 150. 150.]
condition batch eval, img shape:(200, 200, 200), sx:2, sy:2, sz:2, num_conditions:2
condition:15, metric:[  0. 150. 150.]
condition:16, metric:[  0. 150. 150.]
condition batch eval, img shape:(200, 200, 200), sx:2, sy:2, sz:2, num_conditions:2
condition:17, metric:[  0. 150. 150.]
condition:18, metric:[  0. 150. 150.]
condition batch eval, img shape:(200, 200, 200), sx:2, sy:2, sz:2, num_conditions:2
condition:19, metric:[  0. 150. 150.]
condition:20, metric:[  0. 150. 150.]
condition batch eval, img shape:(200, 200, 200), sx:2, sy:2, sz:2, num_conditions:2
condition:21, metric:[  0. 150. 150.]
condition:22, metric:[  0. 150. 150.]
condition batch eval, img shape:(200, 200, 200), sx:2, sy:2, sz:2, num_conditions:2
condition:23, metric:[  0. 150. 150.]
condition:24, metric:[  0. 150. 150.]
condition batch eval, img shape:(200, 200, 200), sx:2, sy:2, sz:2, num_conditions:2
condition:25, metric:[  0. 150. 150.]
condition:26, metric:[  0. 150. 150.]
condition batch eval, img shape:(200, 200, 200), sx:2, sy:2, sz:2, num_conditions:2
condition:27, metric:[  0. 150. 150.]
condition:28, metric:[  0. 150. 150.]
condition batch eval, img shape:(200, 200, 200), sx:2, sy:2, sz:2, num_conditions:2
condition:29, metric:[  0. 150. 150.]
condition:30, metric:[  0. 150. 150.]
condition batch eval, img shape:(200, 200, 200), sx:2, sy:2, sz:2, num_conditions:1
condition:31, metric:[  0. 150. 150.]
===>test image:/projects/weilab/liupeng/projects/frameworks/nnUNet/DATASET/nnUNet_preprocessed/Dataset200_Dataset101_CellMap_model_high_res/nnUNetPlans_3d_lowres_large_patch_test/jrc_cos7-1a_crop236.npy
condition batch eval, img shape:(200, 200, 200), sx:2, sy:2, sz:2, num_conditions:2
condition:1, metric:[  0. 150. 150.]
condition:2, metric:[  0. 150. 150.]
condition batch eval, img shape:(200, 200, 200), sx:2, sy:2, sz:2, num_conditions:2
condition:3, metric:[0.93757438 0.         0.        ]
condition:4, metric:[0. 0. 0.]
condition batch eval, img shape:(200, 200, 200), sx:2, sy:2, sz:2, num_conditions:2
condition:5, metric:[  0. 150. 150.]
condition:6, metric:[  0. 150. 150.]
condition batch eval, img shape:(200, 200, 200), sx:2, sy:2, sz:2, num_conditions:2
condition:7, metric:[  0. 150. 150.]
condition:8, metric:[  0. 150. 150.]
condition batch eval, img shape:(200, 200, 200), sx:2, sy:2, sz:2, num_conditions:2
condition:9, metric:[  0. 150. 150.]
condition:10, metric:[  0. 150. 150.]
condition batch eval, img shape:(200, 200, 200), sx:2, sy:2, sz:2, num_conditions:2
condition:11, metric:[  0. 150. 150.]
condition:12, metric:[  0. 150. 150.]
condition batch eval, img shape:(200, 200, 200), sx:2, sy:2, sz:2, num_conditions:2
condition:13, metric:[  0. 150. 150.]
condition:14, metric:[  0. 150. 150.]
condition batch eval, img shape:(200, 200, 200), sx:2, sy:2, sz:2, num_conditions:2
condition:15, metric:[  0. 150. 150.]
condition:16, metric:[  0. 150. 150.]
condition batch eval, img shape:(200, 200, 200), sx:2, sy:2, sz:2, num_conditions:2
condition:17, metric:[  0. 150. 150.]
condition:18, metric:[  0. 150. 150.]
condition batch eval, img shape:(200, 200, 200), sx:2, sy:2, sz:2, num_conditions:2
condition:19, metric:[  0. 150. 150.]
condition:20, metric:[  0. 150. 150.]
condition batch eval, img shape:(200, 200, 200), sx:2, sy:2, sz:2, num_conditions:2
condition:21, metric:[  0. 150. 150.]
condition:22, metric:[  0. 150. 150.]
condition batch eval, img shape:(200, 200, 200), sx:2, sy:2, sz:2, num_conditions:2
condition:23, metric:[  0. 150. 150.]
condition:24, metric:[  0. 150. 150.]
condition batch eval, img shape:(200, 200, 200), sx:2, sy:2, sz:2, num_conditions:2
condition:25, metric:[  0. 150. 150.]
condition:26, metric:[  0. 150. 150.]
condition batch eval, img shape:(200, 200, 200), sx:2, sy:2, sz:2, num_conditions:2
condition:27, metric:[  0. 150. 150.]
condition:28, metric:[  0. 150. 150.]
condition batch eval, img shape:(200, 200, 200), sx:2, sy:2, sz:2, num_conditions:2
condition:29, metric:[  0. 150. 150.]
condition:30, metric:[  0. 150. 150.]
condition batch eval, img shape:(200, 200, 200), sx:2, sy:2, sz:2, num_conditions:1
condition:31, metric:[  0. 150. 150.]
===>test image:/projects/weilab/liupeng/projects/frameworks/nnUNet/DATASET/nnUNet_preprocessed/Dataset200_Dataset101_CellMap_model_high_res/nnUNetPlans_3d_lowres_large_patch_test/jrc_ctl-id8-1_crop118.npy
condition batch eval, img shape:(200, 200, 200), sx:2, sy:2, sz:2, num_conditions:2
condition:1, metric:[0.49601388 0.         0.        ]
condition:2, metric:[  0. 150. 150.]
condition batch eval, img shape:(200, 200, 200), sx:2, sy:2, sz:2, num_conditions:2
condition:3, metric:[0.90861084 0.         0.        ]
condition:4, metric:[  0. 150. 150.]
condition batch eval, img shape:(200, 200, 200), sx:2, sy:2, sz:2, num_conditions:2
condition:5, metric:[  0. 150. 150.]
condition:6, metric:[  0. 150. 150.]
condition batch eval, img shape:(200, 200, 200), sx:2, sy:2, sz:2, num_conditions:2
condition:7, metric:[  0. 150. 150.]
condition:8, metric:[  0. 150. 150.]
condition batch eval, img shape:(200, 200, 200), sx:2, sy:2, sz:2, num_conditions:2
condition:9, metric:[  0. 150. 150.]
condition:10, metric:[  0. 150. 150.]
condition batch eval, img shape:(200, 200, 200), sx:2, sy:2, sz:2, num_conditions:2
condition:11, metric:[  0. 150. 150.]
condition:12, metric:[  0. 150. 150.]
condition batch eval, img shape:(200, 200, 200), sx:2, sy:2, sz:2, num_conditions:2
condition:13, metric:[  0. 150. 150.]
condition:14, metric:[  0. 150. 150.]
condition batch eval, img shape:(200, 200, 200), sx:2, sy:2, sz:2, num_conditions:2
condition:15, metric:[  0. 150. 150.]
condition:16, metric:[  0. 150. 150.]
condition batch eval, img shape:(200, 200, 200), sx:2, sy:2, sz:2, num_conditions:2
condition:17, metric:[  0. 150. 150.]
condition:18, metric:[  0. 150. 150.]
condition batch eval, img shape:(200, 200, 200), sx:2, sy:2, sz:2, num_conditions:2
condition:19, metric:[  0. 150. 150.]
condition:20, metric:[  0. 150. 150.]
condition batch eval, img shape:(200, 200, 200), sx:2, sy:2, sz:2, num_conditions:2
condition:21, metric:[  0. 150. 150.]
condition:22, metric:[  0. 150. 150.]
condition batch eval, img shape:(200, 200, 200), sx:2, sy:2, sz:2, num_conditions:2
condition:23, metric:[  0. 150. 150.]
condition:24, metric:[  0. 150. 150.]
condition batch eval, img shape:(200, 200, 200), sx:2, sy:2, sz:2, num_conditions:2
condition:25, metric:[  0. 150. 150.]
condition:26, metric:[  0. 150. 150.]
condition batch eval, img shape:(200, 200, 200), sx:2, sy:2, sz:2, num_conditions:2
condition:27, metric:[  0. 150. 150.]
condition:28, metric:[  0. 150. 150.]
condition batch eval, img shape:(200, 200, 200), sx:2, sy:2, sz:2, num_conditions:2
condition:29, metric:[  0. 150. 150.]
condition:30, metric:[  0. 150. 150.]
condition batch eval, img shape:(200, 200, 200), sx:2, sy:2, sz:2, num_conditions:1
condition:31, metric:[  0. 150. 150.]
Validation end
avg metric shape: (31, 3)
iteration 21600 : model2_dice_score : 0.033492 model2_hd95 : 133.064516
save model to ../model/CellMap_202_CondBaseline_cond_baseline_cellmap_highres_SGD_SGD/unet_3D_old/model2_iter_21600.pth
iteration 21620 : loss : 0.189912  loss_ce : 0.247673  loss_dice : 0.132152
iteration 21640 : loss : 0.030950  loss_ce : 0.053518  loss_dice : 0.008381
iteration 21660 : loss : 0.111905  loss_ce : 0.140709  loss_dice : 0.083101
iteration 21680 : loss : 0.218426  loss_ce : 0.287948  loss_dice : 0.148903
iteration 21700 : loss : 0.250633  loss_ce : 0.323771  loss_dice : 0.177496
iteration 21720 : loss : 0.269910  loss_ce : 0.390843  loss_dice : 0.148978
iteration 21740 : loss : 0.344026  loss_ce : 0.429708  loss_dice : 0.258343
iteration 21760 : loss : 0.203465  loss_ce : 0.284358  loss_dice : 0.122571
iteration 21780 : loss : 0.233779  loss_ce : 0.343861  loss_dice : 0.123696
iteration 21800 : loss : 0.081920  loss_ce : 0.121057  loss_dice : 0.042784
iteration 21820 : loss : 0.271957  loss_ce : 0.336870  loss_dice : 0.207044
iteration 21840 : loss : 0.332157  loss_ce : 0.257847  loss_dice : 0.406466
iteration 21860 : loss : 0.294935  loss_ce : 0.383089  loss_dice : 0.206782
iteration 21880 : loss : 0.125955  loss_ce : 0.180187  loss_dice : 0.071723
iteration 21900 : loss : 0.347444  loss_ce : 0.420942  loss_dice : 0.273947
iteration 21920 : loss : 0.240996  loss_ce : 0.192397  loss_dice : 0.289596
iteration 21940 : loss : 0.122038  loss_ce : 0.183872  loss_dice : 0.060204
iteration 21960 : loss : 0.269402  loss_ce : 0.237547  loss_dice : 0.301257
iteration 21980 : loss : 0.048595  loss_ce : 0.080631  loss_dice : 0.016559
iteration 22000 : loss : 0.255967  loss_ce : 0.180181  loss_dice : 0.331754
began evaluation!
iteration 22000: validation sampled 4/17 cases
Total test images: 4
Validation begin
===>test image:/projects/weilab/liupeng/projects/frameworks/nnUNet/DATASET/nnUNet_preprocessed/Dataset200_Dataset101_CellMap_model_high_res/nnUNetPlans_3d_lowres_large_patch_test/jrc_fly-vnc-1_crop174.npy
condition batch eval, img shape:(200, 200, 200), sx:2, sy:2, sz:2, num_conditions:2
condition:1, metric:[0.23698879 0.         0.        ]
condition:2, metric:[  0. 150. 150.]
condition batch eval, img shape:(200, 200, 200), sx:2, sy:2, sz:2, num_conditions:2
condition:3, metric:[0.74597837 0.         0.        ]
condition:4, metric:[  0. 150. 150.]
condition batch eval, img shape:(200, 200, 200), sx:2, sy:2, sz:2, num_conditions:2
condition:5, metric:[  0. 150. 150.]
condition:6, metric:[  0. 150. 150.]
condition batch eval, img shape:(200, 200, 200), sx:2, sy:2, sz:2, num_conditions:2
condition:7, metric:[  0. 150. 150.]
condition:8, metric:[  0. 150. 150.]
condition batch eval, img shape:(200, 200, 200), sx:2, sy:2, sz:2, num_conditions:2
condition:9, metric:[  0. 150. 150.]
condition:10, metric:[  0. 150. 150.]
condition batch eval, img shape:(200, 200, 200), sx:2, sy:2, sz:2, num_conditions:2
condition:11, metric:[  0. 150. 150.]
condition:12, metric:[  0. 150. 150.]
condition batch eval, img shape:(200, 200, 200), sx:2, sy:2, sz:2, num_conditions:2
condition:13, metric:[  0. 150. 150.]
condition:14, metric:[  0. 150. 150.]
condition batch eval, img shape:(200, 200, 200), sx:2, sy:2, sz:2, num_conditions:2
condition:15, metric:[  0. 150. 150.]
condition:16, metric:[  0. 150. 150.]
condition batch eval, img shape:(200, 200, 200), sx:2, sy:2, sz:2, num_conditions:2
condition:17, metric:[  0. 150. 150.]
condition:18, metric:[  0. 150. 150.]
condition batch eval, img shape:(200, 200, 200), sx:2, sy:2, sz:2, num_conditions:2
condition:19, metric:[  0. 150. 150.]
condition:20, metric:[  0. 150. 150.]
condition batch eval, img shape:(200, 200, 200), sx:2, sy:2, sz:2, num_conditions:2
condition:21, metric:[  0. 150. 150.]
condition:22, metric:[  0. 150. 150.]
condition batch eval, img shape:(200, 200, 200), sx:2, sy:2, sz:2, num_conditions:2
condition:23, metric:[  0. 150. 150.]
condition:24, metric:[  0. 150. 150.]
condition batch eval, img shape:(200, 200, 200), sx:2, sy:2, sz:2, num_conditions:2
condition:25, metric:[  0. 150. 150.]
condition:26, metric:[  0. 150. 150.]
condition batch eval, img shape:(200, 200, 200), sx:2, sy:2, sz:2, num_conditions:2
condition:27, metric:[  0. 150. 150.]
condition:28, metric:[  0. 150. 150.]
condition batch eval, img shape:(200, 200, 200), sx:2, sy:2, sz:2, num_conditions:2
condition:29, metric:[  0. 150. 150.]
condition:30, metric:[  0. 150. 150.]
condition batch eval, img shape:(200, 200, 200), sx:2, sy:2, sz:2, num_conditions:1
condition:31, metric:[  0. 150. 150.]
===>test image:/projects/weilab/liupeng/projects/frameworks/nnUNet/DATASET/nnUNet_preprocessed/Dataset200_Dataset101_CellMap_model_high_res/nnUNetPlans_3d_lowres_large_patch_test/jrc_sum159-1_crop20.npy
condition batch eval, img shape:(200, 200, 160), sx:2, sy:2, sz:1, num_conditions:2
condition:1, metric:[  0. 150. 150.]
condition:2, metric:[  0. 150. 150.]
condition batch eval, img shape:(200, 200, 160), sx:2, sy:2, sz:1, num_conditions:2
condition:3, metric:[0.63902811 0.         0.        ]
condition:4, metric:[  0. 150. 150.]
condition batch eval, img shape:(200, 200, 160), sx:2, sy:2, sz:1, num_conditions:2
condition:5, metric:[0.00076879 0.         0.        ]
condition:6, metric:[  0. 150. 150.]
condition batch eval, img shape:(200, 200, 160), sx:2, sy:2, sz:1, num_conditions:2
condition:7, metric:[  0. 150. 150.]
condition:8, metric:[  0. 150. 150.]
condition batch eval, img shape:(200, 200, 160), sx:2, sy:2, sz:1, num_conditions:2
condition:9, metric:[  0. 150. 150.]
condition:10, metric:[  0. 150. 150.]
condition batch eval, img shape:(200, 200, 160), sx:2, sy:2, sz:1, num_conditions:2
condition:11, metric:[  0. 150. 150.]
condition:12, metric:[  0. 150. 150.]
condition batch eval, img shape:(200, 200, 160), sx:2, sy:2, sz:1, num_conditions:2
condition:13, metric:[  0. 150. 150.]
condition:14, metric:[  0. 150. 150.]
condition batch eval, img shape:(200, 200, 160), sx:2, sy:2, sz:1, num_conditions:2
condition:15, metric:[  0. 150. 150.]
condition:16, metric:[0.06662266 0.         0.        ]
condition batch eval, img shape:(200, 200, 160), sx:2, sy:2, sz:1, num_conditions:2
condition:17, metric:[  0. 150. 150.]
condition:18, metric:[  0. 150. 150.]
condition batch eval, img shape:(200, 200, 160), sx:2, sy:2, sz:1, num_conditions:2
condition:19, metric:[  0. 150. 150.]
condition:20, metric:[  0. 150. 150.]
condition batch eval, img shape:(200, 200, 160), sx:2, sy:2, sz:1, num_conditions:2
condition:21, metric:[  0. 150. 150.]
condition:22, metric:[  0. 150. 150.]
condition batch eval, img shape:(200, 200, 160), sx:2, sy:2, sz:1, num_conditions:2
condition:23, metric:[  0. 150. 150.]
condition:24, metric:[  0. 150. 150.]
condition batch eval, img shape:(200, 200, 160), sx:2, sy:2, sz:1, num_conditions:2
condition:25, metric:[  0. 150. 150.]
condition:26, metric:[  0. 150. 150.]
condition batch eval, img shape:(200, 200, 160), sx:2, sy:2, sz:1, num_conditions:2
condition:27, metric:[  0. 150. 150.]
condition:28, metric:[  0. 150. 150.]
condition batch eval, img shape:(200, 200, 160), sx:2, sy:2, sz:1, num_conditions:2
condition:29, metric:[  0. 150. 150.]
condition:30, metric:[  0. 150. 150.]
condition batch eval, img shape:(200, 200, 160), sx:2, sy:2, sz:1, num_conditions:1
condition:31, metric:[  0. 150. 150.]
===>test image:/projects/weilab/liupeng/projects/frameworks/nnUNet/DATASET/nnUNet_preprocessed/Dataset200_Dataset101_CellMap_model_high_res/nnUNetPlans_3d_lowres_large_patch_test/jrc_cos7-1b_crop235.npy
condition batch eval, img shape:(200, 200, 200), sx:2, sy:2, sz:2, num_conditions:2
condition:1, metric:[0.03164735 0.         0.        ]
condition:2, metric:[  0. 150. 150.]
condition batch eval, img shape:(200, 200, 200), sx:2, sy:2, sz:2, num_conditions:2
condition:3, metric:[0.92832816 0.         0.        ]
condition:4, metric:[  0. 150. 150.]
condition batch eval, img shape:(200, 200, 200), sx:2, sy:2, sz:2, num_conditions:2
condition:5, metric:[  0. 150. 150.]
condition:6, metric:[  0. 150. 150.]
condition batch eval, img shape:(200, 200, 200), sx:2, sy:2, sz:2, num_conditions:2
condition:7, metric:[  0. 150. 150.]
condition:8, metric:[  0. 150. 150.]
condition batch eval, img shape:(200, 200, 200), sx:2, sy:2, sz:2, num_conditions:2
condition:9, metric:[  0. 150. 150.]
condition:10, metric:[  0. 150. 150.]
condition batch eval, img shape:(200, 200, 200), sx:2, sy:2, sz:2, num_conditions:2
condition:11, metric:[  0. 150. 150.]
condition:12, metric:[  0. 150. 150.]
condition batch eval, img shape:(200, 200, 200), sx:2, sy:2, sz:2, num_conditions:2
condition:13, metric:[  0. 150. 150.]
condition:14, metric:[  0. 150. 150.]
condition batch eval, img shape:(200, 200, 200), sx:2, sy:2, sz:2, num_conditions:2
condition:15, metric:[  0. 150. 150.]
condition:16, metric:[  0. 150. 150.]
condition batch eval, img shape:(200, 200, 200), sx:2, sy:2, sz:2, num_conditions:2
condition:17, metric:[  0. 150. 150.]
condition:18, metric:[  0. 150. 150.]
condition batch eval, img shape:(200, 200, 200), sx:2, sy:2, sz:2, num_conditions:2
condition:19, metric:[  0. 150. 150.]
condition:20, metric:[  0. 150. 150.]
condition batch eval, img shape:(200, 200, 200), sx:2, sy:2, sz:2, num_conditions:2
condition:21, metric:[  0. 150. 150.]
condition:22, metric:[  0. 150. 150.]
condition batch eval, img shape:(200, 200, 200), sx:2, sy:2, sz:2, num_conditions:2
condition:23, metric:[  0. 150. 150.]
condition:24, metric:[  0. 150. 150.]
condition batch eval, img shape:(200, 200, 200), sx:2, sy:2, sz:2, num_conditions:2
condition:25, metric:[  0. 150. 150.]
condition:26, metric:[  0. 150. 150.]
condition batch eval, img shape:(200, 200, 200), sx:2, sy:2, sz:2, num_conditions:2
condition:27, metric:[  0. 150. 150.]
condition:28, metric:[  0. 150. 150.]
condition batch eval, img shape:(200, 200, 200), sx:2, sy:2, sz:2, num_conditions:2
condition:29, metric:[  0. 150. 150.]
condition:30, metric:[  0. 150. 150.]
condition batch eval, img shape:(200, 200, 200), sx:2, sy:2, sz:2, num_conditions:1
condition:31, metric:[  0. 150. 150.]
===>test image:/projects/weilab/liupeng/projects/frameworks/nnUNet/DATASET/nnUNet_preprocessed/Dataset200_Dataset101_CellMap_model_high_res/nnUNetPlans_3d_lowres_large_patch_test/jrc_mus-liver_crop125.npy
condition batch eval, img shape:(400, 400, 400), sx:5, sy:5, sz:5, num_conditions:2
condition:1, metric:[0.80275975 0.         0.        ]
condition:2, metric:[  0. 150. 150.]
condition batch eval, img shape:(400, 400, 400), sx:5, sy:5, sz:5, num_conditions:2
condition:3, metric:[0.51139189 0.         0.        ]
condition:4, metric:[  0. 150. 150.]
condition batch eval, img shape:(400, 400, 400), sx:5, sy:5, sz:5, num_conditions:2
condition:5, metric:[  0. 150. 150.]
condition:6, metric:[  0. 150. 150.]
condition batch eval, img shape:(400, 400, 400), sx:5, sy:5, sz:5, num_conditions:2
condition:7, metric:[  0. 150. 150.]
condition:8, metric:[  0. 150. 150.]
condition batch eval, img shape:(400, 400, 400), sx:5, sy:5, sz:5, num_conditions:2
condition:9, metric:[  0. 150. 150.]
condition:10, metric:[  0. 150. 150.]
condition batch eval, img shape:(400, 400, 400), sx:5, sy:5, sz:5, num_conditions:2
condition:11, metric:[  0. 150. 150.]
condition:12, metric:[  0. 150. 150.]
condition batch eval, img shape:(400, 400, 400), sx:5, sy:5, sz:5, num_conditions:2
condition:13, metric:[  0. 150. 150.]
condition:14, metric:[  0. 150. 150.]
condition batch eval, img shape:(400, 400, 400), sx:5, sy:5, sz:5, num_conditions:2
condition:15, metric:[  0. 150. 150.]
condition:16, metric:[  0. 150. 150.]
condition batch eval, img shape:(400, 400, 400), sx:5, sy:5, sz:5, num_conditions:2
condition:17, metric:[  0. 150. 150.]
condition:18, metric:[  0. 150. 150.]
condition batch eval, img shape:(400, 400, 400), sx:5, sy:5, sz:5, num_conditions:2
condition:19, metric:[  0. 150. 150.]
condition:20, metric:[  0. 150. 150.]
condition batch eval, img shape:(400, 400, 400), sx:5, sy:5, sz:5, num_conditions:2
condition:21, metric:[  0. 150. 150.]
condition:22, metric:[  0. 150. 150.]
condition batch eval, img shape:(400, 400, 400), sx:5, sy:5, sz:5, num_conditions:2
condition:23, metric:[  0. 150. 150.]
condition:24, metric:[  0. 150. 150.]
condition batch eval, img shape:(400, 400, 400), sx:5, sy:5, sz:5, num_conditions:2
condition:25, metric:[  0. 150. 150.]
condition:26, metric:[  0. 150. 150.]
condition batch eval, img shape:(400, 400, 400), sx:5, sy:5, sz:5, num_conditions:2
condition:27, metric:[  0. 150. 150.]
condition:28, metric:[  0. 150. 150.]
condition batch eval, img shape:(400, 400, 400), sx:5, sy:5, sz:5, num_conditions:2
condition:29, metric:[  0. 150. 150.]
condition:30, metric:[  0. 150. 150.]
condition batch eval, img shape:(400, 400, 400), sx:5, sy:5, sz:5, num_conditions:1
condition:31, metric:[  0. 150. 150.]
Validation end
avg metric shape: (31, 3)
iteration 22000 : model2_dice_score : 0.031964 model2_hd95 : 139.112903
save model to ../model/CellMap_202_CondBaseline_cond_baseline_cellmap_highres_SGD_SGD/unet_3D_old/model2_iter_22000.pth
iteration 22020 : loss : 0.190452  loss_ce : 0.251274  loss_dice : 0.129629
iteration 22040 : loss : 0.307779  loss_ce : 0.257646  loss_dice : 0.357913
iteration 22060 : loss : 0.177533  loss_ce : 0.261197  loss_dice : 0.093869
iteration 22080 : loss : 0.204841  loss_ce : 0.248451  loss_dice : 0.161231
iteration 22100 : loss : 0.269249  loss_ce : 0.037988  loss_dice : 0.500511
iteration 22120 : loss : 0.080791  loss_ce : 0.127429  loss_dice : 0.034154
iteration 22140 : loss : 0.135038  loss_ce : 0.180946  loss_dice : 0.089130
iteration 22160 : loss : 0.210359  loss_ce : 0.301970  loss_dice : 0.118749
iteration 22180 : loss : 0.172476  loss_ce : 0.228675  loss_dice : 0.116277
iteration 22200 : loss : 0.249481  loss_ce : 0.277825  loss_dice : 0.221137
iteration 22220 : loss : 0.242600  loss_ce : 0.340596  loss_dice : 0.144604
iteration 22240 : loss : 0.230261  loss_ce : 0.276620  loss_dice : 0.183902
iteration 22260 : loss : 0.250753  loss_ce : 0.290144  loss_dice : 0.211361
iteration 22280 : loss : 0.084177  loss_ce : 0.132530  loss_dice : 0.035824
iteration 22300 : loss : 0.216538  loss_ce : 0.303724  loss_dice : 0.129351
iteration 22320 : loss : 0.035165  loss_ce : 0.060660  loss_dice : 0.009671
iteration 22340 : loss : 0.076215  loss_ce : 0.118931  loss_dice : 0.033498
iteration 22360 : loss : 0.206568  loss_ce : 0.291797  loss_dice : 0.121339
iteration 22380 : loss : 0.212269  loss_ce : 0.297873  loss_dice : 0.126665
iteration 22400 : loss : 0.146644  loss_ce : 0.219867  loss_dice : 0.073421
began evaluation!
iteration 22400: validation sampled 4/17 cases
Total test images: 4
Validation begin
===>test image:/projects/weilab/liupeng/projects/frameworks/nnUNet/DATASET/nnUNet_preprocessed/Dataset200_Dataset101_CellMap_model_high_res/nnUNetPlans_3d_lowres_large_patch_test/jrc_sum159-4_crop219.npy
condition batch eval, img shape:(400, 400, 400), sx:5, sy:5, sz:5, num_conditions:2
condition:1, metric:[0.19887423 0.         0.        ]
condition:2, metric:[  0. 150. 150.]
condition batch eval, img shape:(400, 400, 400), sx:5, sy:5, sz:5, num_conditions:2
condition:3, metric:[0.82595788 0.         0.        ]
condition:4, metric:[  0. 150. 150.]
condition batch eval, img shape:(400, 400, 400), sx:5, sy:5, sz:5, num_conditions:2
condition:5, metric:[  0. 150. 150.]
condition:6, metric:[  0. 150. 150.]
condition batch eval, img shape:(400, 400, 400), sx:5, sy:5, sz:5, num_conditions:2
condition:7, metric:[  0. 150. 150.]
condition:8, metric:[7.94948105e-05 0.00000000e+00 0.00000000e+00]
condition batch eval, img shape:(400, 400, 400), sx:5, sy:5, sz:5, num_conditions:2
condition:9, metric:[  0. 150. 150.]
condition:10, metric:[  0. 150. 150.]
condition batch eval, img shape:(400, 400, 400), sx:5, sy:5, sz:5, num_conditions:2
condition:11, metric:[  0. 150. 150.]
condition:12, metric:[  0. 150. 150.]
condition batch eval, img shape:(400, 400, 400), sx:5, sy:5, sz:5, num_conditions:2
condition:13, metric:[  0. 150. 150.]
condition:14, metric:[  0. 150. 150.]
condition batch eval, img shape:(400, 400, 400), sx:5, sy:5, sz:5, num_conditions:2
condition:15, metric:[  0. 150. 150.]
condition:16, metric:[0.00836951 0.         0.        ]
condition batch eval, img shape:(400, 400, 400), sx:5, sy:5, sz:5, num_conditions:2
condition:17, metric:[  0. 150. 150.]
condition:18, metric:[  0. 150. 150.]
condition batch eval, img shape:(400, 400, 400), sx:5, sy:5, sz:5, num_conditions:2
condition:19, metric:[  0. 150. 150.]
condition:20, metric:[  0. 150. 150.]
condition batch eval, img shape:(400, 400, 400), sx:5, sy:5, sz:5, num_conditions:2
condition:21, metric:[  0. 150. 150.]
condition:22, metric:[  0. 150. 150.]
condition batch eval, img shape:(400, 400, 400), sx:5, sy:5, sz:5, num_conditions:2
condition:23, metric:[  0. 150. 150.]
condition:24, metric:[  0. 150. 150.]
condition batch eval, img shape:(400, 400, 400), sx:5, sy:5, sz:5, num_conditions:2
condition:25, metric:[0.00453812 0.         0.        ]
condition:26, metric:[  0. 150. 150.]
condition batch eval, img shape:(400, 400, 400), sx:5, sy:5, sz:5, num_conditions:2
condition:27, metric:[0.00099635 0.         0.        ]
condition:28, metric:[  0. 150. 150.]
condition batch eval, img shape:(400, 400, 400), sx:5, sy:5, sz:5, num_conditions:2
condition:29, metric:[  0. 150. 150.]
condition:30, metric:[  0. 150. 150.]
condition batch eval, img shape:(400, 400, 400), sx:5, sy:5, sz:5, num_conditions:1
condition:31, metric:[  0. 150. 150.]
===>test image:/projects/weilab/liupeng/projects/frameworks/nnUNet/DATASET/nnUNet_preprocessed/Dataset200_Dataset101_CellMap_model_high_res/nnUNetPlans_3d_lowres_large_patch_test/jrc_sum159-1_crop20.npy
condition batch eval, img shape:(200, 200, 160), sx:2, sy:2, sz:1, num_conditions:2
condition:1, metric:[  0. 150. 150.]
condition:2, metric:[  0. 150. 150.]
condition batch eval, img shape:(200, 200, 160), sx:2, sy:2, sz:1, num_conditions:2
condition:3, metric:[0.63710463 0.         0.        ]
condition:4, metric:[  0. 150. 150.]
condition batch eval, img shape:(200, 200, 160), sx:2, sy:2, sz:1, num_conditions:2
condition:5, metric:[  0. 150. 150.]
condition:6, metric:[  0. 150. 150.]
condition batch eval, img shape:(200, 200, 160), sx:2, sy:2, sz:1, num_conditions:2
condition:7, metric:[  0. 150. 150.]
condition:8, metric:[  0. 150. 150.]
condition batch eval, img shape:(200, 200, 160), sx:2, sy:2, sz:1, num_conditions:2
condition:9, metric:[  0. 150. 150.]
condition:10, metric:[  0. 150. 150.]
condition batch eval, img shape:(200, 200, 160), sx:2, sy:2, sz:1, num_conditions:2
condition:11, metric:[  0. 150. 150.]
condition:12, metric:[  0. 150. 150.]
condition batch eval, img shape:(200, 200, 160), sx:2, sy:2, sz:1, num_conditions:2
condition:13, metric:[  0. 150. 150.]
condition:14, metric:[  0. 150. 150.]
condition batch eval, img shape:(200, 200, 160), sx:2, sy:2, sz:1, num_conditions:2
condition:15, metric:[  0. 150. 150.]
condition:16, metric:[0.03709681 0.         0.        ]
condition batch eval, img shape:(200, 200, 160), sx:2, sy:2, sz:1, num_conditions:2
condition:17, metric:[  0. 150. 150.]
condition:18, metric:[  0. 150. 150.]
condition batch eval, img shape:(200, 200, 160), sx:2, sy:2, sz:1, num_conditions:2
condition:19, metric:[  0. 150. 150.]
condition:20, metric:[  0. 150. 150.]
condition batch eval, img shape:(200, 200, 160), sx:2, sy:2, sz:1, num_conditions:2
condition:21, metric:[  0. 150. 150.]
condition:22, metric:[  0. 150. 150.]
condition batch eval, img shape:(200, 200, 160), sx:2, sy:2, sz:1, num_conditions:2
condition:23, metric:[  0. 150. 150.]
condition:24, metric:[  0. 150. 150.]
condition batch eval, img shape:(200, 200, 160), sx:2, sy:2, sz:1, num_conditions:2
condition:25, metric:[  0. 150. 150.]
condition:26, metric:[  0. 150. 150.]
condition batch eval, img shape:(200, 200, 160), sx:2, sy:2, sz:1, num_conditions:2
condition:27, metric:[  0. 150. 150.]
condition:28, metric:[  0. 150. 150.]
condition batch eval, img shape:(200, 200, 160), sx:2, sy:2, sz:1, num_conditions:2
condition:29, metric:[  0. 150. 150.]
condition:30, metric:[  0. 150. 150.]
condition batch eval, img shape:(200, 200, 160), sx:2, sy:2, sz:1, num_conditions:1
condition:31, metric:[  0. 150. 150.]
===>test image:/projects/weilab/liupeng/projects/frameworks/nnUNet/DATASET/nnUNet_preprocessed/Dataset200_Dataset101_CellMap_model_high_res/nnUNetPlans_3d_lowres_large_patch_test/jrc_mus-liver-zon-1_crop268.npy
condition batch eval, img shape:(400, 400, 400), sx:5, sy:5, sz:5, num_conditions:2
condition:1, metric:[  0. 150. 150.]
condition:2, metric:[  0. 150. 150.]
condition batch eval, img shape:(400, 400, 400), sx:5, sy:5, sz:5, num_conditions:2
condition:3, metric:[0.88102364 0.         0.        ]
condition:4, metric:[  0. 150. 150.]
condition batch eval, img shape:(400, 400, 400), sx:5, sy:5, sz:5, num_conditions:2
condition:5, metric:[  0. 150. 150.]
condition:6, metric:[  0. 150. 150.]
condition batch eval, img shape:(400, 400, 400), sx:5, sy:5, sz:5, num_conditions:2
condition:7, metric:[  0. 150. 150.]
condition:8, metric:[  0. 150. 150.]
condition batch eval, img shape:(400, 400, 400), sx:5, sy:5, sz:5, num_conditions:2
condition:9, metric:[  0. 150. 150.]
condition:10, metric:[  0. 150. 150.]
condition batch eval, img shape:(400, 400, 400), sx:5, sy:5, sz:5, num_conditions:2
condition:11, metric:[  0. 150. 150.]
condition:12, metric:[  0. 150. 150.]
condition batch eval, img shape:(400, 400, 400), sx:5, sy:5, sz:5, num_conditions:2
condition:13, metric:[  0. 150. 150.]
condition:14, metric:[  0. 150. 150.]
condition batch eval, img shape:(400, 400, 400), sx:5, sy:5, sz:5, num_conditions:2
condition:15, metric:[  0. 150. 150.]
condition:16, metric:[  0. 150. 150.]
condition batch eval, img shape:(400, 400, 400), sx:5, sy:5, sz:5, num_conditions:2
condition:17, metric:[  0. 150. 150.]
condition:18, metric:[  0. 150. 150.]
condition batch eval, img shape:(400, 400, 400), sx:5, sy:5, sz:5, num_conditions:2
condition:19, metric:[  0. 150. 150.]
condition:20, metric:[  0. 150. 150.]
condition batch eval, img shape:(400, 400, 400), sx:5, sy:5, sz:5, num_conditions:2
condition:21, metric:[  0. 150. 150.]
condition:22, metric:[  0. 150. 150.]
condition batch eval, img shape:(400, 400, 400), sx:5, sy:5, sz:5, num_conditions:2
condition:23, metric:[  0. 150. 150.]
condition:24, metric:[  0. 150. 150.]
condition batch eval, img shape:(400, 400, 400), sx:5, sy:5, sz:5, num_conditions:2
condition:25, metric:[  0. 150. 150.]
condition:26, metric:[  0. 150. 150.]
condition batch eval, img shape:(400, 400, 400), sx:5, sy:5, sz:5, num_conditions:2
condition:27, metric:[  0. 150. 150.]
condition:28, metric:[  0. 150. 150.]
condition batch eval, img shape:(400, 400, 400), sx:5, sy:5, sz:5, num_conditions:2
condition:29, metric:[  0. 150. 150.]
condition:30, metric:[  0. 150. 150.]
condition batch eval, img shape:(400, 400, 400), sx:5, sy:5, sz:5, num_conditions:1
condition:31, metric:[  0. 150. 150.]
===>test image:/projects/weilab/liupeng/projects/frameworks/nnUNet/DATASET/nnUNet_preprocessed/Dataset200_Dataset101_CellMap_model_high_res/nnUNetPlans_3d_lowres_large_patch_test/jrc_ut21-1413-003_crop190.npy
condition batch eval, img shape:(400, 400, 400), sx:5, sy:5, sz:5, num_conditions:2
condition:1, metric:[0.60529813 0.         0.        ]
condition:2, metric:[  0. 150. 150.]
condition batch eval, img shape:(400, 400, 400), sx:5, sy:5, sz:5, num_conditions:2
condition:3, metric:[0.75626851 0.         0.        ]
condition:4, metric:[  0. 150. 150.]
condition batch eval, img shape:(400, 400, 400), sx:5, sy:5, sz:5, num_conditions:2
condition:5, metric:[  0. 150. 150.]
condition:6, metric:[  0. 150. 150.]
condition batch eval, img shape:(400, 400, 400), sx:5, sy:5, sz:5, num_conditions:2
condition:7, metric:[  0. 150. 150.]
condition:8, metric:[  0. 150. 150.]
condition batch eval, img shape:(400, 400, 400), sx:5, sy:5, sz:5, num_conditions:2
condition:9, metric:[  0. 150. 150.]
condition:10, metric:[  0. 150. 150.]
condition batch eval, img shape:(400, 400, 400), sx:5, sy:5, sz:5, num_conditions:2
condition:11, metric:[  0. 150. 150.]
condition:12, metric:[  0. 150. 150.]
condition batch eval, img shape:(400, 400, 400), sx:5, sy:5, sz:5, num_conditions:2
condition:13, metric:[  0. 150. 150.]
condition:14, metric:[  0. 150. 150.]
condition batch eval, img shape:(400, 400, 400), sx:5, sy:5, sz:5, num_conditions:2
condition:15, metric:[  0. 150. 150.]
condition:16, metric:[0.11395012 0.         0.        ]
condition batch eval, img shape:(400, 400, 400), sx:5, sy:5, sz:5, num_conditions:2
condition:17, metric:[  0. 150. 150.]
condition:18, metric:[  0. 150. 150.]
condition batch eval, img shape:(400, 400, 400), sx:5, sy:5, sz:5, num_conditions:2
condition:19, metric:[  0. 150. 150.]
condition:20, metric:[  0. 150. 150.]
condition batch eval, img shape:(400, 400, 400), sx:5, sy:5, sz:5, num_conditions:2
condition:21, metric:[  0. 150. 150.]
condition:22, metric:[  0. 150. 150.]
condition batch eval, img shape:(400, 400, 400), sx:5, sy:5, sz:5, num_conditions:2
condition:23, metric:[  0. 150. 150.]
condition:24, metric:[  0. 150. 150.]
condition batch eval, img shape:(400, 400, 400), sx:5, sy:5, sz:5, num_conditions:2
condition:25, metric:[  0. 150. 150.]
condition:26, metric:[  0. 150. 150.]
condition batch eval, img shape:(400, 400, 400), sx:5, sy:5, sz:5, num_conditions:2
condition:27, metric:[  0. 150. 150.]
condition:28, metric:[  0. 150. 150.]
condition batch eval, img shape:(400, 400, 400), sx:5, sy:5, sz:5, num_conditions:2
condition:29, metric:[  0. 150. 150.]
condition:30, metric:[  0. 150. 150.]
condition batch eval, img shape:(400, 400, 400), sx:5, sy:5, sz:5, num_conditions:1
condition:31, metric:[  0. 150. 150.]
Validation end
avg metric shape: (31, 3)
iteration 22400 : model2_dice_score : 0.032819 model2_hd95 : 135.483871
save model to ../model/CellMap_202_CondBaseline_cond_baseline_cellmap_highres_SGD_SGD/unet_3D_old/model2_iter_22400.pth
iteration 22420 : loss : 0.212984  loss_ce : 0.295378  loss_dice : 0.130589
iteration 22440 : loss : 0.307645  loss_ce : 0.315838  loss_dice : 0.299452
iteration 22460 : loss : 0.064598  loss_ce : 0.103732  loss_dice : 0.025465
iteration 22480 : loss : 0.168263  loss_ce : 0.232334  loss_dice : 0.104192
iteration 22500 : loss : 0.241562  loss_ce : 0.163445  loss_dice : 0.319680
iteration 22520 : loss : 0.156921  loss_ce : 0.199057  loss_dice : 0.114785
iteration 22540 : loss : 0.305975  loss_ce : 0.337202  loss_dice : 0.274748
iteration 22560 : loss : 0.058825  loss_ce : 0.094284  loss_dice : 0.023366
iteration 22580 : loss : 0.309129  loss_ce : 0.265437  loss_dice : 0.352822
iteration 22600 : loss : 0.025716  loss_ce : 0.046498  loss_dice : 0.004934
iteration 22620 : loss : 0.520580  loss_ce : 0.565140  loss_dice : 0.476021
iteration 22640 : loss : 0.192046  loss_ce : 0.280475  loss_dice : 0.103616
iteration 22660 : loss : 0.161724  loss_ce : 0.223992  loss_dice : 0.099455
iteration 22680 : loss : 0.356895  loss_ce : 0.352423  loss_dice : 0.361368
iteration 22700 : loss : 0.333000  loss_ce : 0.464465  loss_dice : 0.201535
iteration 22720 : loss : 0.096449  loss_ce : 0.140067  loss_dice : 0.052830
iteration 22740 : loss : 0.156178  loss_ce : 0.233248  loss_dice : 0.079107
iteration 22760 : loss : 0.060577  loss_ce : 0.096934  loss_dice : 0.024221
iteration 22780 : loss : 0.268476  loss_ce : 0.090552  loss_dice : 0.446401
iteration 22800 : loss : 0.187766  loss_ce : 0.280878  loss_dice : 0.094655
began evaluation!
iteration 22800: validation sampled 4/17 cases
Total test images: 4
Validation begin
===>test image:/projects/weilab/liupeng/projects/frameworks/nnUNet/DATASET/nnUNet_preprocessed/Dataset200_Dataset101_CellMap_model_high_res/nnUNetPlans_3d_lowres_large_patch_test/jrc_cos7-1a_crop236.npy
condition batch eval, img shape:(200, 200, 200), sx:2, sy:2, sz:2, num_conditions:2
condition:1, metric:[  0. 150. 150.]
condition:2, metric:[  0. 150. 150.]
condition batch eval, img shape:(200, 200, 200), sx:2, sy:2, sz:2, num_conditions:2
condition:3, metric:[0.95054223 0.         0.        ]
condition:4, metric:[  0. 150. 150.]
condition batch eval, img shape:(200, 200, 200), sx:2, sy:2, sz:2, num_conditions:2
condition:5, metric:[0.07930078 0.         0.        ]
condition:6, metric:[  0. 150. 150.]
condition batch eval, img shape:(200, 200, 200), sx:2, sy:2, sz:2, num_conditions:2
condition:7, metric:[  0. 150. 150.]
condition:8, metric:[  0. 150. 150.]
condition batch eval, img shape:(200, 200, 200), sx:2, sy:2, sz:2, num_conditions:2
condition:9, metric:[  0. 150. 150.]
condition:10, metric:[  0. 150. 150.]
condition batch eval, img shape:(200, 200, 200), sx:2, sy:2, sz:2, num_conditions:2
condition:11, metric:[  0. 150. 150.]
condition:12, metric:[  0. 150. 150.]
condition batch eval, img shape:(200, 200, 200), sx:2, sy:2, sz:2, num_conditions:2
condition:13, metric:[  0. 150. 150.]
condition:14, metric:[  0. 150. 150.]
condition batch eval, img shape:(200, 200, 200), sx:2, sy:2, sz:2, num_conditions:2
condition:15, metric:[  0. 150. 150.]
condition:16, metric:[  0. 150. 150.]
condition batch eval, img shape:(200, 200, 200), sx:2, sy:2, sz:2, num_conditions:2
condition:17, metric:[  0. 150. 150.]
condition:18, metric:[  0. 150. 150.]
condition batch eval, img shape:(200, 200, 200), sx:2, sy:2, sz:2, num_conditions:2
condition:19, metric:[  0. 150. 150.]
condition:20, metric:[  0. 150. 150.]
condition batch eval, img shape:(200, 200, 200), sx:2, sy:2, sz:2, num_conditions:2
condition:21, metric:[  0. 150. 150.]
condition:22, metric:[  0. 150. 150.]
condition batch eval, img shape:(200, 200, 200), sx:2, sy:2, sz:2, num_conditions:2
condition:23, metric:[  0. 150. 150.]
condition:24, metric:[  0. 150. 150.]
condition batch eval, img shape:(200, 200, 200), sx:2, sy:2, sz:2, num_conditions:2
condition:25, metric:[  0. 150. 150.]
condition:26, metric:[  0. 150. 150.]
condition batch eval, img shape:(200, 200, 200), sx:2, sy:2, sz:2, num_conditions:2
condition:27, metric:[  0. 150. 150.]
condition:28, metric:[  0. 150. 150.]
condition batch eval, img shape:(200, 200, 200), sx:2, sy:2, sz:2, num_conditions:2
condition:29, metric:[  0. 150. 150.]
condition:30, metric:[  0. 150. 150.]
condition batch eval, img shape:(200, 200, 200), sx:2, sy:2, sz:2, num_conditions:1
condition:31, metric:[  0. 150. 150.]
===>test image:/projects/weilab/liupeng/projects/frameworks/nnUNet/DATASET/nnUNet_preprocessed/Dataset200_Dataset101_CellMap_model_high_res/nnUNetPlans_3d_lowres_large_patch_test/jrc_hela-2_crop15.npy
condition batch eval, img shape:(160, 160, 160), sx:1, sy:1, sz:1, num_conditions:2
condition:1, metric:[  0. 150. 150.]
condition:2, metric:[  0. 150. 150.]
condition batch eval, img shape:(160, 160, 160), sx:1, sy:1, sz:1, num_conditions:2
condition:3, metric:[0.93341965 0.         0.        ]
condition:4, metric:[  0. 150. 150.]
condition batch eval, img shape:(160, 160, 160), sx:1, sy:1, sz:1, num_conditions:2
condition:5, metric:[  0. 150. 150.]
condition:6, metric:[  0. 150. 150.]
condition batch eval, img shape:(160, 160, 160), sx:1, sy:1, sz:1, num_conditions:2
condition:7, metric:[  0. 150. 150.]
condition:8, metric:[  0. 150. 150.]
condition batch eval, img shape:(160, 160, 160), sx:1, sy:1, sz:1, num_conditions:2
condition:9, metric:[  0. 150. 150.]
condition:10, metric:[  0. 150. 150.]
condition batch eval, img shape:(160, 160, 160), sx:1, sy:1, sz:1, num_conditions:2
condition:11, metric:[  0. 150. 150.]
condition:12, metric:[  0. 150. 150.]
condition batch eval, img shape:(160, 160, 160), sx:1, sy:1, sz:1, num_conditions:2
condition:13, metric:[  0. 150. 150.]
condition:14, metric:[  0. 150. 150.]
condition batch eval, img shape:(160, 160, 160), sx:1, sy:1, sz:1, num_conditions:2
condition:15, metric:[  0. 150. 150.]
condition:16, metric:[  0. 150. 150.]
condition batch eval, img shape:(160, 160, 160), sx:1, sy:1, sz:1, num_conditions:2
condition:17, metric:[  0. 150. 150.]
condition:18, metric:[  0. 150. 150.]
condition batch eval, img shape:(160, 160, 160), sx:1, sy:1, sz:1, num_conditions:2
condition:19, metric:[  0. 150. 150.]
condition:20, metric:[  0. 150. 150.]
condition batch eval, img shape:(160, 160, 160), sx:1, sy:1, sz:1, num_conditions:2
condition:21, metric:[  0. 150. 150.]
condition:22, metric:[  0. 150. 150.]
condition batch eval, img shape:(160, 160, 160), sx:1, sy:1, sz:1, num_conditions:2
condition:23, metric:[  0. 150. 150.]
condition:24, metric:[  0. 150. 150.]
condition batch eval, img shape:(160, 160, 160), sx:1, sy:1, sz:1, num_conditions:2
condition:25, metric:[  0. 150. 150.]
condition:26, metric:[  0. 150. 150.]
condition batch eval, img shape:(160, 160, 160), sx:1, sy:1, sz:1, num_conditions:2
condition:27, metric:[  0. 150. 150.]
condition:28, metric:[  0. 150. 150.]
condition batch eval, img shape:(160, 160, 160), sx:1, sy:1, sz:1, num_conditions:2
condition:29, metric:[  0. 150. 150.]
condition:30, metric:[  0. 150. 150.]
condition batch eval, img shape:(160, 160, 160), sx:1, sy:1, sz:1, num_conditions:1
condition:31, metric:[  0. 150. 150.]
===>test image:/projects/weilab/liupeng/projects/frameworks/nnUNet/DATASET/nnUNet_preprocessed/Dataset200_Dataset101_CellMap_model_high_res/nnUNetPlans_3d_lowres_large_patch_test/jrc_mus-liver-zon-2_crop342.npy
condition batch eval, img shape:(400, 400, 400), sx:5, sy:5, sz:5, num_conditions:2
condition:1, metric:[0.54408722 0.         0.        ]
condition:2, metric:[  0. 150. 150.]
condition batch eval, img shape:(400, 400, 400), sx:5, sy:5, sz:5, num_conditions:2
condition:3, metric:[0.7437888 0.        0.       ]
condition:4, metric:[  0. 150. 150.]
condition batch eval, img shape:(400, 400, 400), sx:5, sy:5, sz:5, num_conditions:2
condition:5, metric:[0. 0. 0.]
condition:6, metric:[  0. 150. 150.]
condition batch eval, img shape:(400, 400, 400), sx:5, sy:5, sz:5, num_conditions:2
condition:7, metric:[  0. 150. 150.]
condition:8, metric:[  0. 150. 150.]
condition batch eval, img shape:(400, 400, 400), sx:5, sy:5, sz:5, num_conditions:2
condition:9, metric:[  0. 150. 150.]
condition:10, metric:[  0. 150. 150.]
condition batch eval, img shape:(400, 400, 400), sx:5, sy:5, sz:5, num_conditions:2
condition:11, metric:[  0. 150. 150.]
condition:12, metric:[  0. 150. 150.]
condition batch eval, img shape:(400, 400, 400), sx:5, sy:5, sz:5, num_conditions:2
condition:13, metric:[  0. 150. 150.]
condition:14, metric:[  0. 150. 150.]
condition batch eval, img shape:(400, 400, 400), sx:5, sy:5, sz:5, num_conditions:2
condition:15, metric:[  0. 150. 150.]
condition:16, metric:[  0. 150. 150.]
condition batch eval, img shape:(400, 400, 400), sx:5, sy:5, sz:5, num_conditions:2
condition:17, metric:[  0. 150. 150.]
condition:18, metric:[  0. 150. 150.]
condition batch eval, img shape:(400, 400, 400), sx:5, sy:5, sz:5, num_conditions:2
condition:19, metric:[  0. 150. 150.]
condition:20, metric:[  0. 150. 150.]
condition batch eval, img shape:(400, 400, 400), sx:5, sy:5, sz:5, num_conditions:2
condition:21, metric:[  0. 150. 150.]
condition:22, metric:[  0. 150. 150.]
condition batch eval, img shape:(400, 400, 400), sx:5, sy:5, sz:5, num_conditions:2
condition:23, metric:[  0. 150. 150.]
condition:24, metric:[  0. 150. 150.]
condition batch eval, img shape:(400, 400, 400), sx:5, sy:5, sz:5, num_conditions:2
condition:25, metric:[0. 0. 0.]
condition:26, metric:[  0. 150. 150.]
condition batch eval, img shape:(400, 400, 400), sx:5, sy:5, sz:5, num_conditions:2
condition:27, metric:[0.34917173 0.         0.        ]
condition:28, metric:[  0. 150. 150.]
condition batch eval, img shape:(400, 400, 400), sx:5, sy:5, sz:5, num_conditions:2
condition:29, metric:[  0. 150. 150.]
condition:30, metric:[  0. 150. 150.]
condition batch eval, img shape:(400, 400, 400), sx:5, sy:5, sz:5, num_conditions:1
condition:31, metric:[  0. 150. 150.]
===>test image:/projects/weilab/liupeng/projects/frameworks/nnUNet/DATASET/nnUNet_preprocessed/Dataset200_Dataset101_CellMap_model_high_res/nnUNetPlans_3d_lowres_large_patch_test/jrc_fly-mb-1a_crop121.npy
condition batch eval, img shape:(200, 200, 200), sx:2, sy:2, sz:2, num_conditions:2
condition:1, metric:[0.08380125 0.         0.        ]
condition:2, metric:[  0. 150. 150.]
condition batch eval, img shape:(200, 200, 200), sx:2, sy:2, sz:2, num_conditions:2
condition:3, metric:[0.82634101 0.         0.        ]
condition:4, metric:[  0. 150. 150.]
condition batch eval, img shape:(200, 200, 200), sx:2, sy:2, sz:2, num_conditions:2
condition:5, metric:[0. 0. 0.]
condition:6, metric:[  0. 150. 150.]
condition batch eval, img shape:(200, 200, 200), sx:2, sy:2, sz:2, num_conditions:2
condition:7, metric:[  0. 150. 150.]
condition:8, metric:[  0. 150. 150.]
condition batch eval, img shape:(200, 200, 200), sx:2, sy:2, sz:2, num_conditions:2
condition:9, metric:[  0. 150. 150.]
condition:10, metric:[  0. 150. 150.]
condition batch eval, img shape:(200, 200, 200), sx:2, sy:2, sz:2, num_conditions:2
condition:11, metric:[  0. 150. 150.]
condition:12, metric:[  0. 150. 150.]
condition batch eval, img shape:(200, 200, 200), sx:2, sy:2, sz:2, num_conditions:2
condition:13, metric:[  0. 150. 150.]
condition:14, metric:[  0. 150. 150.]
condition batch eval, img shape:(200, 200, 200), sx:2, sy:2, sz:2, num_conditions:2
condition:15, metric:[  0. 150. 150.]
condition:16, metric:[  0. 150. 150.]
condition batch eval, img shape:(200, 200, 200), sx:2, sy:2, sz:2, num_conditions:2
condition:17, metric:[  0. 150. 150.]
condition:18, metric:[  0. 150. 150.]
condition batch eval, img shape:(200, 200, 200), sx:2, sy:2, sz:2, num_conditions:2
condition:19, metric:[  0. 150. 150.]
condition:20, metric:[  0. 150. 150.]
condition batch eval, img shape:(200, 200, 200), sx:2, sy:2, sz:2, num_conditions:2
condition:21, metric:[  0. 150. 150.]
condition:22, metric:[  0. 150. 150.]
condition batch eval, img shape:(200, 200, 200), sx:2, sy:2, sz:2, num_conditions:2
condition:23, metric:[  0. 150. 150.]
condition:24, metric:[  0. 150. 150.]
condition batch eval, img shape:(200, 200, 200), sx:2, sy:2, sz:2, num_conditions:2
condition:25, metric:[  0. 150. 150.]
condition:26, metric:[  0. 150. 150.]
condition batch eval, img shape:(200, 200, 200), sx:2, sy:2, sz:2, num_conditions:2
condition:27, metric:[  0. 150. 150.]
condition:28, metric:[  0. 150. 150.]
condition batch eval, img shape:(200, 200, 200), sx:2, sy:2, sz:2, num_conditions:2
condition:29, metric:[  0. 150. 150.]
condition:30, metric:[  0. 150. 150.]
condition batch eval, img shape:(200, 200, 200), sx:2, sy:2, sz:2, num_conditions:1
condition:31, metric:[  0. 150. 150.]
Validation end
avg metric shape: (31, 3)
iteration 22800 : model2_dice_score : 0.036375 model2_hd95 : 136.693548
save model to ../model/CellMap_202_CondBaseline_cond_baseline_cellmap_highres_SGD_SGD/unet_3D_old/model2_iter_22800.pth
iteration 22820 : loss : 0.225338  loss_ce : 0.314904  loss_dice : 0.135772
iteration 22840 : loss : 0.160281  loss_ce : 0.208037  loss_dice : 0.112525
iteration 22860 : loss : 0.168832  loss_ce : 0.245096  loss_dice : 0.092569
iteration 22880 : loss : 0.198522  loss_ce : 0.257895  loss_dice : 0.139149
iteration 22900 : loss : 0.174940  loss_ce : 0.255126  loss_dice : 0.094754
iteration 22920 : loss : 0.367822  loss_ce : 0.446476  loss_dice : 0.289168
iteration 22940 : loss : 0.132598  loss_ce : 0.189843  loss_dice : 0.075354
iteration 22960 : loss : 0.224069  loss_ce : 0.322496  loss_dice : 0.125643
iteration 22980 : loss : 0.102351  loss_ce : 0.156183  loss_dice : 0.048518
iteration 23000 : loss : 0.211108  loss_ce : 0.283853  loss_dice : 0.138364
iteration 23020 : loss : 0.248186  loss_ce : 0.356455  loss_dice : 0.139917
iteration 23040 : loss : 0.014165  loss_ce : 0.025501  loss_dice : 0.002829
iteration 23060 : loss : 0.372829  loss_ce : 0.529198  loss_dice : 0.216459
iteration 23080 : loss : 0.180652  loss_ce : 0.218183  loss_dice : 0.143121
iteration 23100 : loss : 0.199862  loss_ce : 0.273395  loss_dice : 0.126330
iteration 23120 : loss : 0.182440  loss_ce : 0.262268  loss_dice : 0.102613
iteration 23140 : loss : 0.248158  loss_ce : 0.117475  loss_dice : 0.378842
iteration 23160 : loss : 0.198639  loss_ce : 0.182825  loss_dice : 0.214454
iteration 23180 : loss : 0.030230  loss_ce : 0.049796  loss_dice : 0.010664
iteration 23200 : loss : 0.192292  loss_ce : 0.292788  loss_dice : 0.091797
began evaluation!
iteration 23200: validation sampled 4/17 cases
Total test images: 4
Validation begin
===>test image:/projects/weilab/liupeng/projects/frameworks/nnUNet/DATASET/nnUNet_preprocessed/Dataset200_Dataset101_CellMap_model_high_res/nnUNetPlans_3d_lowres_large_patch_test/jrc_hela-2_crop15.npy
condition batch eval, img shape:(160, 160, 160), sx:1, sy:1, sz:1, num_conditions:2
condition:1, metric:[  0. 150. 150.]
condition:2, metric:[  0. 150. 150.]
condition batch eval, img shape:(160, 160, 160), sx:1, sy:1, sz:1, num_conditions:2
condition:3, metric:[0.93283955 0.         0.        ]
condition:4, metric:[  0. 150. 150.]
condition batch eval, img shape:(160, 160, 160), sx:1, sy:1, sz:1, num_conditions:2
condition:5, metric:[  0. 150. 150.]
condition:6, metric:[  0. 150. 150.]
condition batch eval, img shape:(160, 160, 160), sx:1, sy:1, sz:1, num_conditions:2
condition:7, metric:[  0. 150. 150.]
condition:8, metric:[  0. 150. 150.]
condition batch eval, img shape:(160, 160, 160), sx:1, sy:1, sz:1, num_conditions:2
condition:9, metric:[  0. 150. 150.]
condition:10, metric:[  0. 150. 150.]
condition batch eval, img shape:(160, 160, 160), sx:1, sy:1, sz:1, num_conditions:2
condition:11, metric:[  0. 150. 150.]
condition:12, metric:[  0. 150. 150.]
condition batch eval, img shape:(160, 160, 160), sx:1, sy:1, sz:1, num_conditions:2
condition:13, metric:[  0. 150. 150.]
condition:14, metric:[  0. 150. 150.]
condition batch eval, img shape:(160, 160, 160), sx:1, sy:1, sz:1, num_conditions:2
condition:15, metric:[  0. 150. 150.]
condition:16, metric:[  0. 150. 150.]
condition batch eval, img shape:(160, 160, 160), sx:1, sy:1, sz:1, num_conditions:2
condition:17, metric:[  0. 150. 150.]
condition:18, metric:[  0. 150. 150.]
condition batch eval, img shape:(160, 160, 160), sx:1, sy:1, sz:1, num_conditions:2
condition:19, metric:[  0. 150. 150.]
condition:20, metric:[  0. 150. 150.]
condition batch eval, img shape:(160, 160, 160), sx:1, sy:1, sz:1, num_conditions:2
condition:21, metric:[  0. 150. 150.]
condition:22, metric:[  0. 150. 150.]
condition batch eval, img shape:(160, 160, 160), sx:1, sy:1, sz:1, num_conditions:2
condition:23, metric:[  0. 150. 150.]
condition:24, metric:[  0. 150. 150.]
condition batch eval, img shape:(160, 160, 160), sx:1, sy:1, sz:1, num_conditions:2
condition:25, metric:[  0. 150. 150.]
condition:26, metric:[  0. 150. 150.]
condition batch eval, img shape:(160, 160, 160), sx:1, sy:1, sz:1, num_conditions:2
condition:27, metric:[  0. 150. 150.]
condition:28, metric:[  0. 150. 150.]
condition batch eval, img shape:(160, 160, 160), sx:1, sy:1, sz:1, num_conditions:2
condition:29, metric:[  0. 150. 150.]
condition:30, metric:[  0. 150. 150.]
condition batch eval, img shape:(160, 160, 160), sx:1, sy:1, sz:1, num_conditions:1
condition:31, metric:[  0. 150. 150.]
===>test image:/projects/weilab/liupeng/projects/frameworks/nnUNet/DATASET/nnUNet_preprocessed/Dataset200_Dataset101_CellMap_model_high_res/nnUNetPlans_3d_lowres_large_patch_test/jrc_jurkat-1_crop126.npy
condition batch eval, img shape:(200, 200, 200), sx:2, sy:2, sz:2, num_conditions:2
condition:1, metric:[0.00834779 0.         0.        ]
condition:2, metric:[  0. 150. 150.]
condition batch eval, img shape:(200, 200, 200), sx:2, sy:2, sz:2, num_conditions:2
condition:3, metric:[0.64843339 0.         0.        ]
condition:4, metric:[  0. 150. 150.]
condition batch eval, img shape:(200, 200, 200), sx:2, sy:2, sz:2, num_conditions:2
condition:5, metric:[  0. 150. 150.]
condition:6, metric:[  0. 150. 150.]
condition batch eval, img shape:(200, 200, 200), sx:2, sy:2, sz:2, num_conditions:2
condition:7, metric:[  0. 150. 150.]
condition:8, metric:[  0. 150. 150.]
condition batch eval, img shape:(200, 200, 200), sx:2, sy:2, sz:2, num_conditions:2
condition:9, metric:[  0. 150. 150.]
condition:10, metric:[  0. 150. 150.]
condition batch eval, img shape:(200, 200, 200), sx:2, sy:2, sz:2, num_conditions:2
condition:11, metric:[  0. 150. 150.]
condition:12, metric:[  0. 150. 150.]
condition batch eval, img shape:(200, 200, 200), sx:2, sy:2, sz:2, num_conditions:2
condition:13, metric:[  0. 150. 150.]
condition:14, metric:[  0. 150. 150.]
condition batch eval, img shape:(200, 200, 200), sx:2, sy:2, sz:2, num_conditions:2
condition:15, metric:[  0. 150. 150.]
condition:16, metric:[  0. 150. 150.]
condition batch eval, img shape:(200, 200, 200), sx:2, sy:2, sz:2, num_conditions:2
condition:17, metric:[  0. 150. 150.]
condition:18, metric:[  0. 150. 150.]
condition batch eval, img shape:(200, 200, 200), sx:2, sy:2, sz:2, num_conditions:2
condition:19, metric:[  0. 150. 150.]
condition:20, metric:[  0. 150. 150.]
condition batch eval, img shape:(200, 200, 200), sx:2, sy:2, sz:2, num_conditions:2
condition:21, metric:[  0. 150. 150.]
condition:22, metric:[  0. 150. 150.]
condition batch eval, img shape:(200, 200, 200), sx:2, sy:2, sz:2, num_conditions:2
condition:23, metric:[  0. 150. 150.]
condition:24, metric:[  0. 150. 150.]
condition batch eval, img shape:(200, 200, 200), sx:2, sy:2, sz:2, num_conditions:2
condition:25, metric:[  0. 150. 150.]
condition:26, metric:[  0. 150. 150.]
condition batch eval, img shape:(200, 200, 200), sx:2, sy:2, sz:2, num_conditions:2
condition:27, metric:[  0. 150. 150.]
condition:28, metric:[  0. 150. 150.]
condition batch eval, img shape:(200, 200, 200), sx:2, sy:2, sz:2, num_conditions:2
condition:29, metric:[  0. 150. 150.]
condition:30, metric:[  0. 150. 150.]
condition batch eval, img shape:(200, 200, 200), sx:2, sy:2, sz:2, num_conditions:1
condition:31, metric:[  0. 150. 150.]
===>test image:/projects/weilab/liupeng/projects/frameworks/nnUNet/DATASET/nnUNet_preprocessed/Dataset200_Dataset101_CellMap_model_high_res/nnUNetPlans_3d_lowres_large_patch_test/jrc_mus-liver-zon-2_crop342.npy
condition batch eval, img shape:(400, 400, 400), sx:5, sy:5, sz:5, num_conditions:2
condition:1, metric:[0.61494471 0.         0.        ]
condition:2, metric:[  0. 150. 150.]
condition batch eval, img shape:(400, 400, 400), sx:5, sy:5, sz:5, num_conditions:2
condition:3, metric:[0.77449499 0.         0.        ]
condition:4, metric:[  0. 150. 150.]
condition batch eval, img shape:(400, 400, 400), sx:5, sy:5, sz:5, num_conditions:2
condition:5, metric:[  0. 150. 150.]
condition:6, metric:[  0. 150. 150.]
condition batch eval, img shape:(400, 400, 400), sx:5, sy:5, sz:5, num_conditions:2
condition:7, metric:[  0. 150. 150.]
condition:8, metric:[  0. 150. 150.]
condition batch eval, img shape:(400, 400, 400), sx:5, sy:5, sz:5, num_conditions:2
condition:9, metric:[  0. 150. 150.]
condition:10, metric:[  0. 150. 150.]
condition batch eval, img shape:(400, 400, 400), sx:5, sy:5, sz:5, num_conditions:2
condition:11, metric:[  0. 150. 150.]
condition:12, metric:[  0. 150. 150.]
condition batch eval, img shape:(400, 400, 400), sx:5, sy:5, sz:5, num_conditions:2
condition:13, metric:[  0. 150. 150.]
condition:14, metric:[  0. 150. 150.]
condition batch eval, img shape:(400, 400, 400), sx:5, sy:5, sz:5, num_conditions:2
condition:15, metric:[  0. 150. 150.]
condition:16, metric:[  0. 150. 150.]
condition batch eval, img shape:(400, 400, 400), sx:5, sy:5, sz:5, num_conditions:2
condition:17, metric:[  0. 150. 150.]
condition:18, metric:[  0. 150. 150.]
condition batch eval, img shape:(400, 400, 400), sx:5, sy:5, sz:5, num_conditions:2
condition:19, metric:[  0. 150. 150.]
condition:20, metric:[  0. 150. 150.]
condition batch eval, img shape:(400, 400, 400), sx:5, sy:5, sz:5, num_conditions:2
condition:21, metric:[  0. 150. 150.]
condition:22, metric:[  0. 150. 150.]
condition batch eval, img shape:(400, 400, 400), sx:5, sy:5, sz:5, num_conditions:2
condition:23, metric:[  0. 150. 150.]
condition:24, metric:[  0. 150. 150.]
condition batch eval, img shape:(400, 400, 400), sx:5, sy:5, sz:5, num_conditions:2
condition:25, metric:[0. 0. 0.]
condition:26, metric:[  0. 150. 150.]
condition batch eval, img shape:(400, 400, 400), sx:5, sy:5, sz:5, num_conditions:2
condition:27, metric:[0.29568055 0.         0.        ]
condition:28, metric:[  0. 150. 150.]
condition batch eval, img shape:(400, 400, 400), sx:5, sy:5, sz:5, num_conditions:2
condition:29, metric:[  0. 150. 150.]
condition:30, metric:[  0. 150. 150.]
condition batch eval, img shape:(400, 400, 400), sx:5, sy:5, sz:5, num_conditions:1
condition:31, metric:[  0. 150. 150.]
===>test image:/projects/weilab/liupeng/projects/frameworks/nnUNet/DATASET/nnUNet_preprocessed/Dataset200_Dataset101_CellMap_model_high_res/nnUNetPlans_3d_lowres_large_patch_test/jrc_fly-mb-1a_crop121.npy
condition batch eval, img shape:(200, 200, 200), sx:2, sy:2, sz:2, num_conditions:2
condition:1, metric:[0.08776154 0.         0.        ]
condition:2, metric:[  0. 150. 150.]
condition batch eval, img shape:(200, 200, 200), sx:2, sy:2, sz:2, num_conditions:2
condition:3, metric:[0.76975067 0.         0.        ]
condition:4, metric:[  0. 150. 150.]
condition batch eval, img shape:(200, 200, 200), sx:2, sy:2, sz:2, num_conditions:2
condition:5, metric:[  0. 150. 150.]
condition:6, metric:[  0. 150. 150.]
condition batch eval, img shape:(200, 200, 200), sx:2, sy:2, sz:2, num_conditions:2
condition:7, metric:[  0. 150. 150.]
condition:8, metric:[  0. 150. 150.]
condition batch eval, img shape:(200, 200, 200), sx:2, sy:2, sz:2, num_conditions:2
condition:9, metric:[  0. 150. 150.]
condition:10, metric:[  0. 150. 150.]
condition batch eval, img shape:(200, 200, 200), sx:2, sy:2, sz:2, num_conditions:2
condition:11, metric:[  0. 150. 150.]
condition:12, metric:[  0. 150. 150.]
condition batch eval, img shape:(200, 200, 200), sx:2, sy:2, sz:2, num_conditions:2
condition:13, metric:[  0. 150. 150.]
condition:14, metric:[  0. 150. 150.]
condition batch eval, img shape:(200, 200, 200), sx:2, sy:2, sz:2, num_conditions:2
condition:15, metric:[  0. 150. 150.]
condition:16, metric:[  0. 150. 150.]
condition batch eval, img shape:(200, 200, 200), sx:2, sy:2, sz:2, num_conditions:2
condition:17, metric:[  0. 150. 150.]
condition:18, metric:[  0. 150. 150.]
condition batch eval, img shape:(200, 200, 200), sx:2, sy:2, sz:2, num_conditions:2
condition:19, metric:[  0. 150. 150.]
condition:20, metric:[  0. 150. 150.]
condition batch eval, img shape:(200, 200, 200), sx:2, sy:2, sz:2, num_conditions:2
condition:21, metric:[  0. 150. 150.]
condition:22, metric:[  0. 150. 150.]
condition batch eval, img shape:(200, 200, 200), sx:2, sy:2, sz:2, num_conditions:2
condition:23, metric:[  0. 150. 150.]
condition:24, metric:[  0. 150. 150.]
condition batch eval, img shape:(200, 200, 200), sx:2, sy:2, sz:2, num_conditions:2
condition:25, metric:[  0. 150. 150.]
condition:26, metric:[  0. 150. 150.]
condition batch eval, img shape:(200, 200, 200), sx:2, sy:2, sz:2, num_conditions:2
condition:27, metric:[  0. 150. 150.]
condition:28, metric:[  0. 150. 150.]
condition batch eval, img shape:(200, 200, 200), sx:2, sy:2, sz:2, num_conditions:2
condition:29, metric:[  0. 150. 150.]
condition:30, metric:[  0. 150. 150.]
condition batch eval, img shape:(200, 200, 200), sx:2, sy:2, sz:2, num_conditions:1
condition:31, metric:[  0. 150. 150.]
Validation end
avg metric shape: (31, 3)
iteration 23200 : model2_dice_score : 0.033325 model2_hd95 : 139.112903
save model to ../model/CellMap_202_CondBaseline_cond_baseline_cellmap_highres_SGD_SGD/unet_3D_old/model2_iter_23200.pth
iteration 23220 : loss : 0.026788  loss_ce : 0.045974  loss_dice : 0.007602
iteration 23240 : loss : 0.053870  loss_ce : 0.086609  loss_dice : 0.021132
iteration 23260 : loss : 0.224369  loss_ce : 0.327266  loss_dice : 0.121471
iteration 23280 : loss : 0.098789  loss_ce : 0.148741  loss_dice : 0.048838
iteration 23300 : loss : 0.448147  loss_ce : 0.623006  loss_dice : 0.273287
iteration 23320 : loss : 0.265339  loss_ce : 0.030296  loss_dice : 0.500383
iteration 23340 : loss : 0.392320  loss_ce : 0.547988  loss_dice : 0.236651
iteration 23360 : loss : 0.268787  loss_ce : 0.370491  loss_dice : 0.167083
iteration 23380 : loss : 0.265296  loss_ce : 0.124321  loss_dice : 0.406271
iteration 23400 : loss : 0.324593  loss_ce : 0.322250  loss_dice : 0.326935
iteration 23420 : loss : 0.336720  loss_ce : 0.323511  loss_dice : 0.349928
iteration 23440 : loss : 0.215554  loss_ce : 0.116130  loss_dice : 0.314978
iteration 23460 : loss : 0.343184  loss_ce : 0.286018  loss_dice : 0.400349
iteration 23480 : loss : 0.182973  loss_ce : 0.231267  loss_dice : 0.134679
iteration 23500 : loss : 0.180745  loss_ce : 0.251402  loss_dice : 0.110088
iteration 23520 : loss : 0.244253  loss_ce : 0.166682  loss_dice : 0.321825
iteration 23540 : loss : 0.132557  loss_ce : 0.108322  loss_dice : 0.156793
iteration 23560 : loss : 0.112672  loss_ce : 0.173185  loss_dice : 0.052159
iteration 23580 : loss : 0.128746  loss_ce : 0.184419  loss_dice : 0.073072
iteration 23600 : loss : 0.520056  loss_ce : 0.734079  loss_dice : 0.306032
began evaluation!
iteration 23600: validation sampled 4/17 cases
Total test images: 4
Validation begin
===>test image:/projects/weilab/liupeng/projects/frameworks/nnUNet/DATASET/nnUNet_preprocessed/Dataset200_Dataset101_CellMap_model_high_res/nnUNetPlans_3d_lowres_large_patch_test/jrc_cos7-1b_crop235.npy
condition batch eval, img shape:(200, 200, 200), sx:2, sy:2, sz:2, num_conditions:2
condition:1, metric:[0.02606641 0.         0.        ]
condition:2, metric:[  0. 150. 150.]
condition batch eval, img shape:(200, 200, 200), sx:2, sy:2, sz:2, num_conditions:2
condition:3, metric:[0.93714606 0.         0.        ]
condition:4, metric:[  0. 150. 150.]
condition batch eval, img shape:(200, 200, 200), sx:2, sy:2, sz:2, num_conditions:2
condition:5, metric:[  0. 150. 150.]
condition:6, metric:[  0. 150. 150.]
condition batch eval, img shape:(200, 200, 200), sx:2, sy:2, sz:2, num_conditions:2
condition:7, metric:[  0. 150. 150.]
condition:8, metric:[  0. 150. 150.]
condition batch eval, img shape:(200, 200, 200), sx:2, sy:2, sz:2, num_conditions:2
condition:9, metric:[  0. 150. 150.]
condition:10, metric:[  0. 150. 150.]
condition batch eval, img shape:(200, 200, 200), sx:2, sy:2, sz:2, num_conditions:2
condition:11, metric:[  0. 150. 150.]
condition:12, metric:[  0. 150. 150.]
condition batch eval, img shape:(200, 200, 200), sx:2, sy:2, sz:2, num_conditions:2
condition:13, metric:[  0. 150. 150.]
condition:14, metric:[  0. 150. 150.]
condition batch eval, img shape:(200, 200, 200), sx:2, sy:2, sz:2, num_conditions:2
condition:15, metric:[  0. 150. 150.]
condition:16, metric:[  0. 150. 150.]
condition batch eval, img shape:(200, 200, 200), sx:2, sy:2, sz:2, num_conditions:2
condition:17, metric:[  0. 150. 150.]
condition:18, metric:[  0. 150. 150.]
condition batch eval, img shape:(200, 200, 200), sx:2, sy:2, sz:2, num_conditions:2
condition:19, metric:[  0. 150. 150.]
condition:20, metric:[  0. 150. 150.]
condition batch eval, img shape:(200, 200, 200), sx:2, sy:2, sz:2, num_conditions:2
condition:21, metric:[  0. 150. 150.]
condition:22, metric:[  0. 150. 150.]
condition batch eval, img shape:(200, 200, 200), sx:2, sy:2, sz:2, num_conditions:2
condition:23, metric:[  0. 150. 150.]
condition:24, metric:[  0. 150. 150.]
condition batch eval, img shape:(200, 200, 200), sx:2, sy:2, sz:2, num_conditions:2
condition:25, metric:[  0. 150. 150.]
condition:26, metric:[  0. 150. 150.]
condition batch eval, img shape:(200, 200, 200), sx:2, sy:2, sz:2, num_conditions:2
condition:27, metric:[  0. 150. 150.]
condition:28, metric:[  0. 150. 150.]
condition batch eval, img shape:(200, 200, 200), sx:2, sy:2, sz:2, num_conditions:2
condition:29, metric:[  0. 150. 150.]
condition:30, metric:[  0. 150. 150.]
condition batch eval, img shape:(200, 200, 200), sx:2, sy:2, sz:2, num_conditions:1
condition:31, metric:[  0. 150. 150.]
===>test image:/projects/weilab/liupeng/projects/frameworks/nnUNet/DATASET/nnUNet_preprocessed/Dataset200_Dataset101_CellMap_model_high_res/nnUNetPlans_3d_lowres_large_patch_test/jrc_sum159-1_crop20.npy
condition batch eval, img shape:(200, 200, 160), sx:2, sy:2, sz:1, num_conditions:2
condition:1, metric:[  0. 150. 150.]
condition:2, metric:[  0. 150. 150.]
condition batch eval, img shape:(200, 200, 160), sx:2, sy:2, sz:1, num_conditions:2
condition:3, metric:[0.63921199 0.         0.        ]
condition:4, metric:[  0. 150. 150.]
condition batch eval, img shape:(200, 200, 160), sx:2, sy:2, sz:1, num_conditions:2
condition:5, metric:[0.00332478 0.         0.        ]
condition:6, metric:[  0. 150. 150.]
condition batch eval, img shape:(200, 200, 160), sx:2, sy:2, sz:1, num_conditions:2
condition:7, metric:[  0. 150. 150.]
condition:8, metric:[  0. 150. 150.]
condition batch eval, img shape:(200, 200, 160), sx:2, sy:2, sz:1, num_conditions:2
condition:9, metric:[  0. 150. 150.]
condition:10, metric:[  0. 150. 150.]
condition batch eval, img shape:(200, 200, 160), sx:2, sy:2, sz:1, num_conditions:2
condition:11, metric:[  0. 150. 150.]
condition:12, metric:[  0. 150. 150.]
condition batch eval, img shape:(200, 200, 160), sx:2, sy:2, sz:1, num_conditions:2
condition:13, metric:[  0. 150. 150.]
condition:14, metric:[  0. 150. 150.]
condition batch eval, img shape:(200, 200, 160), sx:2, sy:2, sz:1, num_conditions:2
condition:15, metric:[  0. 150. 150.]
condition:16, metric:[0.03345557 0.         0.        ]
condition batch eval, img shape:(200, 200, 160), sx:2, sy:2, sz:1, num_conditions:2
condition:17, metric:[  0. 150. 150.]
condition:18, metric:[  0. 150. 150.]
condition batch eval, img shape:(200, 200, 160), sx:2, sy:2, sz:1, num_conditions:2
condition:19, metric:[  0. 150. 150.]
condition:20, metric:[  0. 150. 150.]
condition batch eval, img shape:(200, 200, 160), sx:2, sy:2, sz:1, num_conditions:2
condition:21, metric:[  0. 150. 150.]
condition:22, metric:[  0. 150. 150.]
condition batch eval, img shape:(200, 200, 160), sx:2, sy:2, sz:1, num_conditions:2
condition:23, metric:[  0. 150. 150.]
condition:24, metric:[  0. 150. 150.]
condition batch eval, img shape:(200, 200, 160), sx:2, sy:2, sz:1, num_conditions:2
condition:25, metric:[  0. 150. 150.]
condition:26, metric:[  0. 150. 150.]
condition batch eval, img shape:(200, 200, 160), sx:2, sy:2, sz:1, num_conditions:2
condition:27, metric:[  0. 150. 150.]
condition:28, metric:[  0. 150. 150.]
condition batch eval, img shape:(200, 200, 160), sx:2, sy:2, sz:1, num_conditions:2
condition:29, metric:[  0. 150. 150.]
condition:30, metric:[  0. 150. 150.]
condition batch eval, img shape:(200, 200, 160), sx:2, sy:2, sz:1, num_conditions:1
condition:31, metric:[  0. 150. 150.]
===>test image:/projects/weilab/liupeng/projects/frameworks/nnUNet/DATASET/nnUNet_preprocessed/Dataset200_Dataset101_CellMap_model_high_res/nnUNetPlans_3d_lowres_large_patch_test/jrc_jurkat-1_crop126.npy
condition batch eval, img shape:(200, 200, 200), sx:2, sy:2, sz:2, num_conditions:2
condition:1, metric:[0.00731993 0.         0.        ]
condition:2, metric:[  0. 150. 150.]
condition batch eval, img shape:(200, 200, 200), sx:2, sy:2, sz:2, num_conditions:2
condition:3, metric:[0.68226334 0.         0.        ]
condition:4, metric:[  0. 150. 150.]
condition batch eval, img shape:(200, 200, 200), sx:2, sy:2, sz:2, num_conditions:2
condition:5, metric:[  0. 150. 150.]
condition:6, metric:[  0. 150. 150.]
condition batch eval, img shape:(200, 200, 200), sx:2, sy:2, sz:2, num_conditions:2
condition:7, metric:[  0. 150. 150.]
condition:8, metric:[  0. 150. 150.]
condition batch eval, img shape:(200, 200, 200), sx:2, sy:2, sz:2, num_conditions:2
condition:9, metric:[  0. 150. 150.]
condition:10, metric:[  0. 150. 150.]
condition batch eval, img shape:(200, 200, 200), sx:2, sy:2, sz:2, num_conditions:2
condition:11, metric:[  0. 150. 150.]
condition:12, metric:[  0. 150. 150.]
condition batch eval, img shape:(200, 200, 200), sx:2, sy:2, sz:2, num_conditions:2
condition:13, metric:[  0. 150. 150.]
condition:14, metric:[  0. 150. 150.]
condition batch eval, img shape:(200, 200, 200), sx:2, sy:2, sz:2, num_conditions:2
condition:15, metric:[  0. 150. 150.]
condition:16, metric:[  0. 150. 150.]
condition batch eval, img shape:(200, 200, 200), sx:2, sy:2, sz:2, num_conditions:2
condition:17, metric:[  0. 150. 150.]
condition:18, metric:[  0. 150. 150.]
condition batch eval, img shape:(200, 200, 200), sx:2, sy:2, sz:2, num_conditions:2
condition:19, metric:[  0. 150. 150.]
condition:20, metric:[  0. 150. 150.]
condition batch eval, img shape:(200, 200, 200), sx:2, sy:2, sz:2, num_conditions:2
condition:21, metric:[  0. 150. 150.]
condition:22, metric:[  0. 150. 150.]
condition batch eval, img shape:(200, 200, 200), sx:2, sy:2, sz:2, num_conditions:2
condition:23, metric:[  0. 150. 150.]
condition:24, metric:[  0. 150. 150.]
condition batch eval, img shape:(200, 200, 200), sx:2, sy:2, sz:2, num_conditions:2
condition:25, metric:[  0. 150. 150.]
condition:26, metric:[  0. 150. 150.]
condition batch eval, img shape:(200, 200, 200), sx:2, sy:2, sz:2, num_conditions:2
condition:27, metric:[  0. 150. 150.]
condition:28, metric:[  0. 150. 150.]
condition batch eval, img shape:(200, 200, 200), sx:2, sy:2, sz:2, num_conditions:2
condition:29, metric:[  0. 150. 150.]
condition:30, metric:[  0. 150. 150.]
condition batch eval, img shape:(200, 200, 200), sx:2, sy:2, sz:2, num_conditions:1
condition:31, metric:[  0. 150. 150.]
===>test image:/projects/weilab/liupeng/projects/frameworks/nnUNet/DATASET/nnUNet_preprocessed/Dataset200_Dataset101_CellMap_model_high_res/nnUNetPlans_3d_lowres_large_patch_test/jrc_mus-liver-zon-1_crop268.npy
condition batch eval, img shape:(400, 400, 400), sx:5, sy:5, sz:5, num_conditions:2
condition:1, metric:[  0. 150. 150.]
condition:2, metric:[  0. 150. 150.]
condition batch eval, img shape:(400, 400, 400), sx:5, sy:5, sz:5, num_conditions:2
condition:3, metric:[0.87895087 0.         0.        ]
condition:4, metric:[  0. 150. 150.]
condition batch eval, img shape:(400, 400, 400), sx:5, sy:5, sz:5, num_conditions:2
condition:5, metric:[3.30930447e-05 0.00000000e+00 0.00000000e+00]
condition:6, metric:[  0. 150. 150.]
condition batch eval, img shape:(400, 400, 400), sx:5, sy:5, sz:5, num_conditions:2
condition:7, metric:[  0. 150. 150.]
condition:8, metric:[  0. 150. 150.]
condition batch eval, img shape:(400, 400, 400), sx:5, sy:5, sz:5, num_conditions:2
condition:9, metric:[  0. 150. 150.]
condition:10, metric:[  0. 150. 150.]
condition batch eval, img shape:(400, 400, 400), sx:5, sy:5, sz:5, num_conditions:2
condition:11, metric:[  0. 150. 150.]
condition:12, metric:[  0. 150. 150.]
condition batch eval, img shape:(400, 400, 400), sx:5, sy:5, sz:5, num_conditions:2
condition:13, metric:[  0. 150. 150.]
condition:14, metric:[  0. 150. 150.]
condition batch eval, img shape:(400, 400, 400), sx:5, sy:5, sz:5, num_conditions:2
condition:15, metric:[  0. 150. 150.]
condition:16, metric:[  0. 150. 150.]
condition batch eval, img shape:(400, 400, 400), sx:5, sy:5, sz:5, num_conditions:2
condition:17, metric:[  0. 150. 150.]
condition:18, metric:[  0. 150. 150.]
condition batch eval, img shape:(400, 400, 400), sx:5, sy:5, sz:5, num_conditions:2
condition:19, metric:[  0. 150. 150.]
condition:20, metric:[  0. 150. 150.]
condition batch eval, img shape:(400, 400, 400), sx:5, sy:5, sz:5, num_conditions:2
condition:21, metric:[  0. 150. 150.]
condition:22, metric:[  0. 150. 150.]
condition batch eval, img shape:(400, 400, 400), sx:5, sy:5, sz:5, num_conditions:2
condition:23, metric:[  0. 150. 150.]
condition:24, metric:[  0. 150. 150.]
condition batch eval, img shape:(400, 400, 400), sx:5, sy:5, sz:5, num_conditions:2
condition:25, metric:[  0. 150. 150.]
condition:26, metric:[  0. 150. 150.]
condition batch eval, img shape:(400, 400, 400), sx:5, sy:5, sz:5, num_conditions:2
condition:27, metric:[  0. 150. 150.]
condition:28, metric:[  0. 150. 150.]
condition batch eval, img shape:(400, 400, 400), sx:5, sy:5, sz:5, num_conditions:2
condition:29, metric:[  0. 150. 150.]
condition:30, metric:[  0. 150. 150.]
condition batch eval, img shape:(400, 400, 400), sx:5, sy:5, sz:5, num_conditions:1
condition:31, metric:[  0. 150. 150.]
Validation end
avg metric shape: (31, 3)
iteration 23600 : model2_dice_score : 0.025869 model2_hd95 : 139.112903
save model to ../model/CellMap_202_CondBaseline_cond_baseline_cellmap_highres_SGD_SGD/unet_3D_old/model2_iter_23600.pth
iteration 23620 : loss : 0.273010  loss_ce : 0.045024  loss_dice : 0.500996
iteration 23640 : loss : 0.073767  loss_ce : 0.113609  loss_dice : 0.033925
iteration 23660 : loss : 0.073297  loss_ce : 0.116395  loss_dice : 0.030199
iteration 23680 : loss : 0.413132  loss_ce : 0.552200  loss_dice : 0.274064
iteration 23700 : loss : 0.268355  loss_ce : 0.382896  loss_dice : 0.153813
iteration 23720 : loss : 0.241872  loss_ce : 0.119547  loss_dice : 0.364196
iteration 23740 : loss : 0.285941  loss_ce : 0.322920  loss_dice : 0.248963
iteration 23760 : loss : 0.407167  loss_ce : 0.304255  loss_dice : 0.510079
iteration 23780 : loss : 0.295094  loss_ce : 0.123076  loss_dice : 0.467111
iteration 23800 : loss : 0.304728  loss_ce : 0.438469  loss_dice : 0.170988
iteration 23820 : loss : 0.164629  loss_ce : 0.247785  loss_dice : 0.081472
iteration 23840 : loss : 0.119618  loss_ce : 0.147338  loss_dice : 0.091899
iteration 23860 : loss : 0.274603  loss_ce : 0.394640  loss_dice : 0.154566
iteration 23880 : loss : 0.320055  loss_ce : 0.401283  loss_dice : 0.238827
iteration 23900 : loss : 0.517639  loss_ce : 0.629234  loss_dice : 0.406044
iteration 23920 : loss : 0.231055  loss_ce : 0.168098  loss_dice : 0.294011
iteration 23940 : loss : 0.129170  loss_ce : 0.189370  loss_dice : 0.068970
iteration 23960 : loss : 0.400725  loss_ce : 0.353157  loss_dice : 0.448293
iteration 23980 : loss : 0.419844  loss_ce : 0.394541  loss_dice : 0.445147
iteration 24000 : loss : 0.092020  loss_ce : 0.134685  loss_dice : 0.049355
began evaluation!
iteration 24000: validation sampled 4/17 cases
Total test images: 4
Validation begin
===>test image:/projects/weilab/liupeng/projects/frameworks/nnUNet/DATASET/nnUNet_preprocessed/Dataset200_Dataset101_CellMap_model_high_res/nnUNetPlans_3d_lowres_large_patch_test/jrc_mus-liver-zon-2_crop342.npy
condition batch eval, img shape:(400, 400, 400), sx:5, sy:5, sz:5, num_conditions:2
condition:1, metric:[0.59496591 0.         0.        ]
condition:2, metric:[  0. 150. 150.]
condition batch eval, img shape:(400, 400, 400), sx:5, sy:5, sz:5, num_conditions:2
condition:3, metric:[0.70351344 0.         0.        ]
condition:4, metric:[  0. 150. 150.]
condition batch eval, img shape:(400, 400, 400), sx:5, sy:5, sz:5, num_conditions:2
condition:5, metric:[0. 0. 0.]
condition:6, metric:[  0. 150. 150.]
condition batch eval, img shape:(400, 400, 400), sx:5, sy:5, sz:5, num_conditions:2
condition:7, metric:[  0. 150. 150.]
condition:8, metric:[  0. 150. 150.]
condition batch eval, img shape:(400, 400, 400), sx:5, sy:5, sz:5, num_conditions:2
condition:9, metric:[  0. 150. 150.]
condition:10, metric:[  0. 150. 150.]
condition batch eval, img shape:(400, 400, 400), sx:5, sy:5, sz:5, num_conditions:2
condition:11, metric:[  0. 150. 150.]
condition:12, metric:[  0. 150. 150.]
condition batch eval, img shape:(400, 400, 400), sx:5, sy:5, sz:5, num_conditions:2
condition:13, metric:[  0. 150. 150.]
condition:14, metric:[  0. 150. 150.]
condition batch eval, img shape:(400, 400, 400), sx:5, sy:5, sz:5, num_conditions:2
condition:15, metric:[  0. 150. 150.]
condition:16, metric:[  0. 150. 150.]
condition batch eval, img shape:(400, 400, 400), sx:5, sy:5, sz:5, num_conditions:2
condition:17, metric:[  0. 150. 150.]
condition:18, metric:[  0. 150. 150.]
condition batch eval, img shape:(400, 400, 400), sx:5, sy:5, sz:5, num_conditions:2
condition:19, metric:[  0. 150. 150.]
condition:20, metric:[  0. 150. 150.]
condition batch eval, img shape:(400, 400, 400), sx:5, sy:5, sz:5, num_conditions:2
condition:21, metric:[  0. 150. 150.]
condition:22, metric:[  0. 150. 150.]
condition batch eval, img shape:(400, 400, 400), sx:5, sy:5, sz:5, num_conditions:2
condition:23, metric:[  0. 150. 150.]
condition:24, metric:[  0. 150. 150.]
condition batch eval, img shape:(400, 400, 400), sx:5, sy:5, sz:5, num_conditions:2
condition:25, metric:[0. 0. 0.]
condition:26, metric:[  0. 150. 150.]
condition batch eval, img shape:(400, 400, 400), sx:5, sy:5, sz:5, num_conditions:2
condition:27, metric:[0.33358593 0.         0.        ]
condition:28, metric:[  0. 150. 150.]
condition batch eval, img shape:(400, 400, 400), sx:5, sy:5, sz:5, num_conditions:2
condition:29, metric:[  0. 150. 150.]
condition:30, metric:[  0. 150. 150.]
condition batch eval, img shape:(400, 400, 400), sx:5, sy:5, sz:5, num_conditions:1
condition:31, metric:[  0. 150. 150.]
===>test image:/projects/weilab/liupeng/projects/frameworks/nnUNet/DATASET/nnUNet_preprocessed/Dataset200_Dataset101_CellMap_model_high_res/nnUNetPlans_3d_lowres_large_patch_test/jrc_mus-kidney_crop164.npy
condition batch eval, img shape:(200, 200, 200), sx:2, sy:2, sz:2, num_conditions:2
condition:1, metric:[0.04527846 0.         0.        ]
condition:2, metric:[  0. 150. 150.]
condition batch eval, img shape:(200, 200, 200), sx:2, sy:2, sz:2, num_conditions:2
condition:3, metric:[0.79675355 0.         0.        ]
condition:4, metric:[  0. 150. 150.]
condition batch eval, img shape:(200, 200, 200), sx:2, sy:2, sz:2, num_conditions:2
condition:5, metric:[0. 0. 0.]
condition:6, metric:[  0. 150. 150.]
condition batch eval, img shape:(200, 200, 200), sx:2, sy:2, sz:2, num_conditions:2
condition:7, metric:[  0. 150. 150.]
condition:8, metric:[0.11139057 0.         0.        ]
condition batch eval, img shape:(200, 200, 200), sx:2, sy:2, sz:2, num_conditions:2
condition:9, metric:[  0. 150. 150.]
condition:10, metric:[  0. 150. 150.]
condition batch eval, img shape:(200, 200, 200), sx:2, sy:2, sz:2, num_conditions:2
condition:11, metric:[  0. 150. 150.]
condition:12, metric:[  0. 150. 150.]
condition batch eval, img shape:(200, 200, 200), sx:2, sy:2, sz:2, num_conditions:2
condition:13, metric:[  0. 150. 150.]
condition:14, metric:[  0. 150. 150.]
condition batch eval, img shape:(200, 200, 200), sx:2, sy:2, sz:2, num_conditions:2
condition:15, metric:[  0. 150. 150.]
condition:16, metric:[  0. 150. 150.]
condition batch eval, img shape:(200, 200, 200), sx:2, sy:2, sz:2, num_conditions:2
condition:17, metric:[  0. 150. 150.]
condition:18, metric:[  0. 150. 150.]
condition batch eval, img shape:(200, 200, 200), sx:2, sy:2, sz:2, num_conditions:2
condition:19, metric:[  0. 150. 150.]
condition:20, metric:[  0. 150. 150.]
condition batch eval, img shape:(200, 200, 200), sx:2, sy:2, sz:2, num_conditions:2
condition:21, metric:[  0. 150. 150.]
condition:22, metric:[  0. 150. 150.]
condition batch eval, img shape:(200, 200, 200), sx:2, sy:2, sz:2, num_conditions:2
condition:23, metric:[  0. 150. 150.]
condition:24, metric:[  0. 150. 150.]
condition batch eval, img shape:(200, 200, 200), sx:2, sy:2, sz:2, num_conditions:2
condition:25, metric:[  0. 150. 150.]
condition:26, metric:[  0. 150. 150.]
condition batch eval, img shape:(200, 200, 200), sx:2, sy:2, sz:2, num_conditions:2
condition:27, metric:[  0. 150. 150.]
condition:28, metric:[  0. 150. 150.]
condition batch eval, img shape:(200, 200, 200), sx:2, sy:2, sz:2, num_conditions:2
condition:29, metric:[  0. 150. 150.]
condition:30, metric:[  0. 150. 150.]
condition batch eval, img shape:(200, 200, 200), sx:2, sy:2, sz:2, num_conditions:1
condition:31, metric:[  0. 150. 150.]
===>test image:/projects/weilab/liupeng/projects/frameworks/nnUNet/DATASET/nnUNet_preprocessed/Dataset200_Dataset101_CellMap_model_high_res/nnUNetPlans_3d_lowres_large_patch_test/jrc_ut21-1413-003_crop190.npy
condition batch eval, img shape:(400, 400, 400), sx:5, sy:5, sz:5, num_conditions:2
condition:1, metric:[0.6025706 0.        0.       ]
condition:2, metric:[  0. 150. 150.]
condition batch eval, img shape:(400, 400, 400), sx:5, sy:5, sz:5, num_conditions:2
condition:3, metric:[0.78388814 0.         0.        ]
condition:4, metric:[  0. 150. 150.]
condition batch eval, img shape:(400, 400, 400), sx:5, sy:5, sz:5, num_conditions:2
condition:5, metric:[0.00231836 0.         0.        ]
condition:6, metric:[  0. 150. 150.]
condition batch eval, img shape:(400, 400, 400), sx:5, sy:5, sz:5, num_conditions:2
condition:7, metric:[  0. 150. 150.]
condition:8, metric:[  0. 150. 150.]
condition batch eval, img shape:(400, 400, 400), sx:5, sy:5, sz:5, num_conditions:2
condition:9, metric:[  0. 150. 150.]
condition:10, metric:[  0. 150. 150.]
condition batch eval, img shape:(400, 400, 400), sx:5, sy:5, sz:5, num_conditions:2
condition:11, metric:[  0. 150. 150.]
condition:12, metric:[  0. 150. 150.]
condition batch eval, img shape:(400, 400, 400), sx:5, sy:5, sz:5, num_conditions:2
condition:13, metric:[  0. 150. 150.]
condition:14, metric:[  0. 150. 150.]
condition batch eval, img shape:(400, 400, 400), sx:5, sy:5, sz:5, num_conditions:2
condition:15, metric:[  0. 150. 150.]
condition:16, metric:[0.11364328 0.         0.        ]
condition batch eval, img shape:(400, 400, 400), sx:5, sy:5, sz:5, num_conditions:2
condition:17, metric:[  0. 150. 150.]
condition:18, metric:[  0. 150. 150.]
condition batch eval, img shape:(400, 400, 400), sx:5, sy:5, sz:5, num_conditions:2
condition:19, metric:[  0. 150. 150.]
condition:20, metric:[  0. 150. 150.]
condition batch eval, img shape:(400, 400, 400), sx:5, sy:5, sz:5, num_conditions:2
condition:21, metric:[  0. 150. 150.]
condition:22, metric:[  0. 150. 150.]
condition batch eval, img shape:(400, 400, 400), sx:5, sy:5, sz:5, num_conditions:2
condition:23, metric:[  0. 150. 150.]
condition:24, metric:[  0. 150. 150.]
condition batch eval, img shape:(400, 400, 400), sx:5, sy:5, sz:5, num_conditions:2
condition:25, metric:[  0. 150. 150.]
condition:26, metric:[  0. 150. 150.]
condition batch eval, img shape:(400, 400, 400), sx:5, sy:5, sz:5, num_conditions:2
condition:27, metric:[  0. 150. 150.]
condition:28, metric:[  0. 150. 150.]
condition batch eval, img shape:(400, 400, 400), sx:5, sy:5, sz:5, num_conditions:2
condition:29, metric:[  0. 150. 150.]
condition:30, metric:[  0. 150. 150.]
condition batch eval, img shape:(400, 400, 400), sx:5, sy:5, sz:5, num_conditions:1
condition:31, metric:[  0. 150. 150.]
===>test image:/projects/weilab/liupeng/projects/frameworks/nnUNet/DATASET/nnUNet_preprocessed/Dataset200_Dataset101_CellMap_model_high_res/nnUNetPlans_3d_lowres_large_patch_test/jrc_hela-2_crop15.npy
condition batch eval, img shape:(160, 160, 160), sx:1, sy:1, sz:1, num_conditions:2
condition:1, metric:[  0. 150. 150.]
condition:2, metric:[  0. 150. 150.]
condition batch eval, img shape:(160, 160, 160), sx:1, sy:1, sz:1, num_conditions:2
condition:3, metric:[0.93037178 0.         0.        ]
condition:4, metric:[  0. 150. 150.]
condition batch eval, img shape:(160, 160, 160), sx:1, sy:1, sz:1, num_conditions:2
condition:5, metric:[  0. 150. 150.]
condition:6, metric:[  0. 150. 150.]
condition batch eval, img shape:(160, 160, 160), sx:1, sy:1, sz:1, num_conditions:2
condition:7, metric:[  0. 150. 150.]
condition:8, metric:[  0. 150. 150.]
condition batch eval, img shape:(160, 160, 160), sx:1, sy:1, sz:1, num_conditions:2
condition:9, metric:[  0. 150. 150.]
condition:10, metric:[  0. 150. 150.]
condition batch eval, img shape:(160, 160, 160), sx:1, sy:1, sz:1, num_conditions:2
condition:11, metric:[  0. 150. 150.]
condition:12, metric:[  0. 150. 150.]
condition batch eval, img shape:(160, 160, 160), sx:1, sy:1, sz:1, num_conditions:2
condition:13, metric:[  0. 150. 150.]
condition:14, metric:[  0. 150. 150.]
condition batch eval, img shape:(160, 160, 160), sx:1, sy:1, sz:1, num_conditions:2
condition:15, metric:[  0. 150. 150.]
condition:16, metric:[  0. 150. 150.]
condition batch eval, img shape:(160, 160, 160), sx:1, sy:1, sz:1, num_conditions:2
condition:17, metric:[  0. 150. 150.]
condition:18, metric:[  0. 150. 150.]
condition batch eval, img shape:(160, 160, 160), sx:1, sy:1, sz:1, num_conditions:2
condition:19, metric:[  0. 150. 150.]
condition:20, metric:[  0. 150. 150.]
condition batch eval, img shape:(160, 160, 160), sx:1, sy:1, sz:1, num_conditions:2
condition:21, metric:[  0. 150. 150.]
condition:22, metric:[  0. 150. 150.]
condition batch eval, img shape:(160, 160, 160), sx:1, sy:1, sz:1, num_conditions:2
condition:23, metric:[  0. 150. 150.]
condition:24, metric:[  0. 150. 150.]
condition batch eval, img shape:(160, 160, 160), sx:1, sy:1, sz:1, num_conditions:2
condition:25, metric:[  0. 150. 150.]
condition:26, metric:[  0. 150. 150.]
condition batch eval, img shape:(160, 160, 160), sx:1, sy:1, sz:1, num_conditions:2
condition:27, metric:[  0. 150. 150.]
condition:28, metric:[  0. 150. 150.]
condition batch eval, img shape:(160, 160, 160), sx:1, sy:1, sz:1, num_conditions:2
condition:29, metric:[  0. 150. 150.]
condition:30, metric:[  0. 150. 150.]
condition batch eval, img shape:(160, 160, 160), sx:1, sy:1, sz:1, num_conditions:1
condition:31, metric:[  0. 150. 150.]
Validation end
avg metric shape: (31, 3)
save model to ../model/CellMap_202_CondBaseline_cond_baseline_cellmap_highres_SGD_SGD/unet_3D_old/iter_24000_dice_0.0405
iteration 24000 : model2_dice_score : 0.040470 model2_hd95 : 133.064516
save model to ../model/CellMap_202_CondBaseline_cond_baseline_cellmap_highres_SGD_SGD/unet_3D_old/model2_iter_24000.pth
iteration 24020 : loss : 0.288315  loss_ce : 0.258834  loss_dice : 0.317796
iteration 24040 : loss : 0.204825  loss_ce : 0.301546  loss_dice : 0.108103
iteration 24060 : loss : 0.239475  loss_ce : 0.161746  loss_dice : 0.317203
iteration 24080 : loss : 0.289038  loss_ce : 0.422925  loss_dice : 0.155151
iteration 24100 : loss : 0.262047  loss_ce : 0.023858  loss_dice : 0.500237
iteration 24120 : loss : 0.128373  loss_ce : 0.177690  loss_dice : 0.079056
iteration 24140 : loss : 0.014895  loss_ce : 0.026257  loss_dice : 0.003532
iteration 24160 : loss : 0.225729  loss_ce : 0.324695  loss_dice : 0.126763
iteration 24180 : loss : 0.138841  loss_ce : 0.200211  loss_dice : 0.077472
iteration 24200 : loss : 0.316869  loss_ce : 0.272220  loss_dice : 0.361519
iteration 24220 : loss : 0.270272  loss_ce : 0.365764  loss_dice : 0.174781
iteration 24240 : loss : 0.207410  loss_ce : 0.243386  loss_dice : 0.171435
iteration 24260 : loss : 0.256455  loss_ce : 0.342621  loss_dice : 0.170289
iteration 24280 : loss : 0.155074  loss_ce : 0.219833  loss_dice : 0.090316
iteration 24300 : loss : 0.328831  loss_ce : 0.464220  loss_dice : 0.193442
iteration 24320 : loss : 0.106144  loss_ce : 0.162174  loss_dice : 0.050114
iteration 24340 : loss : 0.244487  loss_ce : 0.298749  loss_dice : 0.190226
iteration 24360 : loss : 0.259845  loss_ce : 0.362742  loss_dice : 0.156949
iteration 24380 : loss : 0.350410  loss_ce : 0.477544  loss_dice : 0.223277
iteration 24400 : loss : 0.085388  loss_ce : 0.123828  loss_dice : 0.046948
began evaluation!
iteration 24400: validation sampled 4/17 cases
Total test images: 4
Validation begin
===>test image:/projects/weilab/liupeng/projects/frameworks/nnUNet/DATASET/nnUNet_preprocessed/Dataset200_Dataset101_CellMap_model_high_res/nnUNetPlans_3d_lowres_large_patch_test/jrc_cos7-1a_crop236.npy
condition batch eval, img shape:(200, 200, 200), sx:2, sy:2, sz:2, num_conditions:2
condition:1, metric:[  0. 150. 150.]
condition:2, metric:[  0. 150. 150.]
condition batch eval, img shape:(200, 200, 200), sx:2, sy:2, sz:2, num_conditions:2
condition:3, metric:[0.94421454 0.         0.        ]
condition:4, metric:[0. 0. 0.]
condition batch eval, img shape:(200, 200, 200), sx:2, sy:2, sz:2, num_conditions:2
condition:5, metric:[0.00039591 0.         0.        ]
condition:6, metric:[  0. 150. 150.]
condition batch eval, img shape:(200, 200, 200), sx:2, sy:2, sz:2, num_conditions:2
condition:7, metric:[  0. 150. 150.]
condition:8, metric:[  0. 150. 150.]
condition batch eval, img shape:(200, 200, 200), sx:2, sy:2, sz:2, num_conditions:2
condition:9, metric:[  0. 150. 150.]
condition:10, metric:[  0. 150. 150.]
condition batch eval, img shape:(200, 200, 200), sx:2, sy:2, sz:2, num_conditions:2
condition:11, metric:[  0. 150. 150.]
condition:12, metric:[  0. 150. 150.]
condition batch eval, img shape:(200, 200, 200), sx:2, sy:2, sz:2, num_conditions:2
condition:13, metric:[  0. 150. 150.]
condition:14, metric:[  0. 150. 150.]
condition batch eval, img shape:(200, 200, 200), sx:2, sy:2, sz:2, num_conditions:2
condition:15, metric:[  0. 150. 150.]
condition:16, metric:[  0. 150. 150.]
condition batch eval, img shape:(200, 200, 200), sx:2, sy:2, sz:2, num_conditions:2
condition:17, metric:[  0. 150. 150.]
condition:18, metric:[  0. 150. 150.]
condition batch eval, img shape:(200, 200, 200), sx:2, sy:2, sz:2, num_conditions:2
condition:19, metric:[  0. 150. 150.]
condition:20, metric:[  0. 150. 150.]
condition batch eval, img shape:(200, 200, 200), sx:2, sy:2, sz:2, num_conditions:2
condition:21, metric:[  0. 150. 150.]
condition:22, metric:[  0. 150. 150.]
condition batch eval, img shape:(200, 200, 200), sx:2, sy:2, sz:2, num_conditions:2
condition:23, metric:[  0. 150. 150.]
condition:24, metric:[  0. 150. 150.]
condition batch eval, img shape:(200, 200, 200), sx:2, sy:2, sz:2, num_conditions:2
condition:25, metric:[  0. 150. 150.]
condition:26, metric:[  0. 150. 150.]
condition batch eval, img shape:(200, 200, 200), sx:2, sy:2, sz:2, num_conditions:2
condition:27, metric:[  0. 150. 150.]
condition:28, metric:[  0. 150. 150.]
condition batch eval, img shape:(200, 200, 200), sx:2, sy:2, sz:2, num_conditions:2
condition:29, metric:[  0. 150. 150.]
condition:30, metric:[  0. 150. 150.]
condition batch eval, img shape:(200, 200, 200), sx:2, sy:2, sz:2, num_conditions:1
condition:31, metric:[  0. 150. 150.]
===>test image:/projects/weilab/liupeng/projects/frameworks/nnUNet/DATASET/nnUNet_preprocessed/Dataset200_Dataset101_CellMap_model_high_res/nnUNetPlans_3d_lowres_large_patch_test/jrc_mus-liver_crop125.npy
condition batch eval, img shape:(400, 400, 400), sx:5, sy:5, sz:5, num_conditions:2
condition:1, metric:[0.87281671 0.         0.        ]
condition:2, metric:[  0. 150. 150.]
condition batch eval, img shape:(400, 400, 400), sx:5, sy:5, sz:5, num_conditions:2
condition:3, metric:[0.68141639 0.         0.        ]
condition:4, metric:[0. 0. 0.]
condition batch eval, img shape:(400, 400, 400), sx:5, sy:5, sz:5, num_conditions:2
condition:5, metric:[0. 0. 0.]
condition:6, metric:[  0. 150. 150.]
condition batch eval, img shape:(400, 400, 400), sx:5, sy:5, sz:5, num_conditions:2
condition:7, metric:[  0. 150. 150.]
condition:8, metric:[  0. 150. 150.]
condition batch eval, img shape:(400, 400, 400), sx:5, sy:5, sz:5, num_conditions:2
condition:9, metric:[  0. 150. 150.]
condition:10, metric:[  0. 150. 150.]
condition batch eval, img shape:(400, 400, 400), sx:5, sy:5, sz:5, num_conditions:2
condition:11, metric:[  0. 150. 150.]
condition:12, metric:[  0. 150. 150.]
condition batch eval, img shape:(400, 400, 400), sx:5, sy:5, sz:5, num_conditions:2
condition:13, metric:[  0. 150. 150.]
condition:14, metric:[  0. 150. 150.]
condition batch eval, img shape:(400, 400, 400), sx:5, sy:5, sz:5, num_conditions:2
condition:15, metric:[  0. 150. 150.]
condition:16, metric:[  0. 150. 150.]
condition batch eval, img shape:(400, 400, 400), sx:5, sy:5, sz:5, num_conditions:2
condition:17, metric:[  0. 150. 150.]
condition:18, metric:[  0. 150. 150.]
condition batch eval, img shape:(400, 400, 400), sx:5, sy:5, sz:5, num_conditions:2
condition:19, metric:[  0. 150. 150.]
condition:20, metric:[  0. 150. 150.]
condition batch eval, img shape:(400, 400, 400), sx:5, sy:5, sz:5, num_conditions:2
condition:21, metric:[  0. 150. 150.]
condition:22, metric:[  0. 150. 150.]
condition batch eval, img shape:(400, 400, 400), sx:5, sy:5, sz:5, num_conditions:2
condition:23, metric:[  0. 150. 150.]
condition:24, metric:[  0. 150. 150.]
condition batch eval, img shape:(400, 400, 400), sx:5, sy:5, sz:5, num_conditions:2
condition:25, metric:[  0. 150. 150.]
condition:26, metric:[  0. 150. 150.]
condition batch eval, img shape:(400, 400, 400), sx:5, sy:5, sz:5, num_conditions:2
condition:27, metric:[  0. 150. 150.]
condition:28, metric:[  0. 150. 150.]
condition batch eval, img shape:(400, 400, 400), sx:5, sy:5, sz:5, num_conditions:2
condition:29, metric:[  0. 150. 150.]
condition:30, metric:[  0. 150. 150.]
condition batch eval, img shape:(400, 400, 400), sx:5, sy:5, sz:5, num_conditions:1
condition:31, metric:[  0. 150. 150.]
===>test image:/projects/weilab/liupeng/projects/frameworks/nnUNet/DATASET/nnUNet_preprocessed/Dataset200_Dataset101_CellMap_model_high_res/nnUNetPlans_3d_lowres_large_patch_test/jrc_hela-2_crop15.npy
condition batch eval, img shape:(160, 160, 160), sx:1, sy:1, sz:1, num_conditions:2
condition:1, metric:[  0. 150. 150.]
condition:2, metric:[  0. 150. 150.]
condition batch eval, img shape:(160, 160, 160), sx:1, sy:1, sz:1, num_conditions:2
condition:3, metric:[0.93274969 0.         0.        ]
condition:4, metric:[  0. 150. 150.]
condition batch eval, img shape:(160, 160, 160), sx:1, sy:1, sz:1, num_conditions:2
condition:5, metric:[  0. 150. 150.]
condition:6, metric:[  0. 150. 150.]
condition batch eval, img shape:(160, 160, 160), sx:1, sy:1, sz:1, num_conditions:2
condition:7, metric:[  0. 150. 150.]
condition:8, metric:[  0. 150. 150.]
condition batch eval, img shape:(160, 160, 160), sx:1, sy:1, sz:1, num_conditions:2
condition:9, metric:[  0. 150. 150.]
condition:10, metric:[  0. 150. 150.]
condition batch eval, img shape:(160, 160, 160), sx:1, sy:1, sz:1, num_conditions:2
condition:11, metric:[  0. 150. 150.]
condition:12, metric:[  0. 150. 150.]
condition batch eval, img shape:(160, 160, 160), sx:1, sy:1, sz:1, num_conditions:2
condition:13, metric:[  0. 150. 150.]
condition:14, metric:[  0. 150. 150.]
condition batch eval, img shape:(160, 160, 160), sx:1, sy:1, sz:1, num_conditions:2
condition:15, metric:[  0. 150. 150.]
condition:16, metric:[  0. 150. 150.]
condition batch eval, img shape:(160, 160, 160), sx:1, sy:1, sz:1, num_conditions:2
condition:17, metric:[  0. 150. 150.]
condition:18, metric:[  0. 150. 150.]
condition batch eval, img shape:(160, 160, 160), sx:1, sy:1, sz:1, num_conditions:2
condition:19, metric:[  0. 150. 150.]
condition:20, metric:[  0. 150. 150.]
condition batch eval, img shape:(160, 160, 160), sx:1, sy:1, sz:1, num_conditions:2
condition:21, metric:[  0. 150. 150.]
condition:22, metric:[  0. 150. 150.]
condition batch eval, img shape:(160, 160, 160), sx:1, sy:1, sz:1, num_conditions:2
condition:23, metric:[  0. 150. 150.]
condition:24, metric:[  0. 150. 150.]
condition batch eval, img shape:(160, 160, 160), sx:1, sy:1, sz:1, num_conditions:2
condition:25, metric:[  0. 150. 150.]
condition:26, metric:[  0. 150. 150.]
condition batch eval, img shape:(160, 160, 160), sx:1, sy:1, sz:1, num_conditions:2
condition:27, metric:[  0. 150. 150.]
condition:28, metric:[  0. 150. 150.]
condition batch eval, img shape:(160, 160, 160), sx:1, sy:1, sz:1, num_conditions:2
condition:29, metric:[  0. 150. 150.]
condition:30, metric:[  0. 150. 150.]
condition batch eval, img shape:(160, 160, 160), sx:1, sy:1, sz:1, num_conditions:1
condition:31, metric:[  0. 150. 150.]
===>test image:/projects/weilab/liupeng/projects/frameworks/nnUNet/DATASET/nnUNet_preprocessed/Dataset200_Dataset101_CellMap_model_high_res/nnUNetPlans_3d_lowres_large_patch_test/jrc_mus-liver-zon-2_crop342.npy
condition batch eval, img shape:(400, 400, 400), sx:5, sy:5, sz:5, num_conditions:2
condition:1, metric:[0.64506786 0.         0.        ]
condition:2, metric:[  0. 150. 150.]
condition batch eval, img shape:(400, 400, 400), sx:5, sy:5, sz:5, num_conditions:2
condition:3, metric:[0.81313992 0.         0.        ]
condition:4, metric:[0. 0. 0.]
condition batch eval, img shape:(400, 400, 400), sx:5, sy:5, sz:5, num_conditions:2
condition:5, metric:[0. 0. 0.]
condition:6, metric:[  0. 150. 150.]
condition batch eval, img shape:(400, 400, 400), sx:5, sy:5, sz:5, num_conditions:2
condition:7, metric:[  0. 150. 150.]
condition:8, metric:[  0. 150. 150.]
condition batch eval, img shape:(400, 400, 400), sx:5, sy:5, sz:5, num_conditions:2
condition:9, metric:[  0. 150. 150.]
condition:10, metric:[  0. 150. 150.]
condition batch eval, img shape:(400, 400, 400), sx:5, sy:5, sz:5, num_conditions:2
condition:11, metric:[  0. 150. 150.]
condition:12, metric:[  0. 150. 150.]
condition batch eval, img shape:(400, 400, 400), sx:5, sy:5, sz:5, num_conditions:2
condition:13, metric:[  0. 150. 150.]
condition:14, metric:[  0. 150. 150.]
condition batch eval, img shape:(400, 400, 400), sx:5, sy:5, sz:5, num_conditions:2
condition:15, metric:[  0. 150. 150.]
condition:16, metric:[  0. 150. 150.]
condition batch eval, img shape:(400, 400, 400), sx:5, sy:5, sz:5, num_conditions:2
condition:17, metric:[  0. 150. 150.]
condition:18, metric:[  0. 150. 150.]
condition batch eval, img shape:(400, 400, 400), sx:5, sy:5, sz:5, num_conditions:2
condition:19, metric:[  0. 150. 150.]
condition:20, metric:[  0. 150. 150.]
condition batch eval, img shape:(400, 400, 400), sx:5, sy:5, sz:5, num_conditions:2
condition:21, metric:[  0. 150. 150.]
condition:22, metric:[  0. 150. 150.]
condition batch eval, img shape:(400, 400, 400), sx:5, sy:5, sz:5, num_conditions:2
condition:23, metric:[  0. 150. 150.]
condition:24, metric:[  0. 150. 150.]
condition batch eval, img shape:(400, 400, 400), sx:5, sy:5, sz:5, num_conditions:2
condition:25, metric:[2.18625623e-06 0.00000000e+00 0.00000000e+00]
condition:26, metric:[  0. 150. 150.]
condition batch eval, img shape:(400, 400, 400), sx:5, sy:5, sz:5, num_conditions:2
condition:27, metric:[0.32425332 0.         0.        ]
condition:28, metric:[  0. 150. 150.]
condition batch eval, img shape:(400, 400, 400), sx:5, sy:5, sz:5, num_conditions:2
condition:29, metric:[  0. 150. 150.]
condition:30, metric:[  0. 150. 150.]
condition batch eval, img shape:(400, 400, 400), sx:5, sy:5, sz:5, num_conditions:1
condition:31, metric:[  0. 150. 150.]
Validation end
avg metric shape: (31, 3)
save model to ../model/CellMap_202_CondBaseline_cond_baseline_cellmap_highres_SGD_SGD/unet_3D_old/iter_24400_dice_0.042
iteration 24400 : model2_dice_score : 0.042049 model2_hd95 : 133.064516
save model to ../model/CellMap_202_CondBaseline_cond_baseline_cellmap_highres_SGD_SGD/unet_3D_old/model2_iter_24400.pth
iteration 24420 : loss : 0.137785  loss_ce : 0.194607  loss_dice : 0.080962
iteration 24440 : loss : 0.283953  loss_ce : 0.166157  loss_dice : 0.401749
iteration 24460 : loss : 0.128401  loss_ce : 0.168765  loss_dice : 0.088036
iteration 24480 : loss : 0.268369  loss_ce : 0.036258  loss_dice : 0.500480
iteration 24500 : loss : 0.326209  loss_ce : 0.272967  loss_dice : 0.379451
iteration 24520 : loss : 0.277552  loss_ce : 0.372382  loss_dice : 0.182722
iteration 24540 : loss : 0.252802  loss_ce : 0.337652  loss_dice : 0.167951
iteration 24560 : loss : 0.383719  loss_ce : 0.541082  loss_dice : 0.226356
iteration 24580 : loss : 0.255552  loss_ce : 0.311286  loss_dice : 0.199818
iteration 24600 : loss : 0.253376  loss_ce : 0.184611  loss_dice : 0.322141
iteration 24620 : loss : 0.177647  loss_ce : 0.261584  loss_dice : 0.093711
iteration 24640 : loss : 0.214306  loss_ce : 0.244097  loss_dice : 0.184515
iteration 24660 : loss : 0.266329  loss_ce : 0.079956  loss_dice : 0.452702
iteration 24680 : loss : 0.037875  loss_ce : 0.061151  loss_dice : 0.014599
iteration 24700 : loss : 0.160905  loss_ce : 0.172713  loss_dice : 0.149098
iteration 24720 : loss : 0.218183  loss_ce : 0.267744  loss_dice : 0.168622
iteration 24740 : loss : 0.054323  loss_ce : 0.085742  loss_dice : 0.022903
iteration 24760 : loss : 0.313664  loss_ce : 0.454527  loss_dice : 0.172802
iteration 24780 : loss : 0.073678  loss_ce : 0.115940  loss_dice : 0.031416
iteration 24800 : loss : 0.302858  loss_ce : 0.253082  loss_dice : 0.352635
began evaluation!
iteration 24800: validation sampled 4/17 cases
Total test images: 4
Validation begin
===>test image:/projects/weilab/liupeng/projects/frameworks/nnUNet/DATASET/nnUNet_preprocessed/Dataset200_Dataset101_CellMap_model_high_res/nnUNetPlans_3d_lowres_large_patch_test/jrc_fly-mb-1a_crop121.npy
condition batch eval, img shape:(200, 200, 200), sx:2, sy:2, sz:2, num_conditions:2
condition:1, metric:[0.08359107 0.         0.        ]
condition:2, metric:[  0. 150. 150.]
condition batch eval, img shape:(200, 200, 200), sx:2, sy:2, sz:2, num_conditions:2
condition:3, metric:[0.79739412 0.         0.        ]
condition:4, metric:[  0. 150. 150.]
condition batch eval, img shape:(200, 200, 200), sx:2, sy:2, sz:2, num_conditions:2
condition:5, metric:[0. 0. 0.]
condition:6, metric:[  0. 150. 150.]
condition batch eval, img shape:(200, 200, 200), sx:2, sy:2, sz:2, num_conditions:2
condition:7, metric:[  0. 150. 150.]
condition:8, metric:[  0. 150. 150.]
condition batch eval, img shape:(200, 200, 200), sx:2, sy:2, sz:2, num_conditions:2
condition:9, metric:[  0. 150. 150.]
condition:10, metric:[  0. 150. 150.]
condition batch eval, img shape:(200, 200, 200), sx:2, sy:2, sz:2, num_conditions:2
condition:11, metric:[  0. 150. 150.]
condition:12, metric:[  0. 150. 150.]
condition batch eval, img shape:(200, 200, 200), sx:2, sy:2, sz:2, num_conditions:2
condition:13, metric:[  0. 150. 150.]
condition:14, metric:[  0. 150. 150.]
condition batch eval, img shape:(200, 200, 200), sx:2, sy:2, sz:2, num_conditions:2
condition:15, metric:[  0. 150. 150.]
condition:16, metric:[  0. 150. 150.]
condition batch eval, img shape:(200, 200, 200), sx:2, sy:2, sz:2, num_conditions:2
condition:17, metric:[  0. 150. 150.]
condition:18, metric:[  0. 150. 150.]
condition batch eval, img shape:(200, 200, 200), sx:2, sy:2, sz:2, num_conditions:2
condition:19, metric:[  0. 150. 150.]
condition:20, metric:[  0. 150. 150.]
condition batch eval, img shape:(200, 200, 200), sx:2, sy:2, sz:2, num_conditions:2
condition:21, metric:[  0. 150. 150.]
condition:22, metric:[  0. 150. 150.]
condition batch eval, img shape:(200, 200, 200), sx:2, sy:2, sz:2, num_conditions:2
condition:23, metric:[  0. 150. 150.]
condition:24, metric:[  0. 150. 150.]
condition batch eval, img shape:(200, 200, 200), sx:2, sy:2, sz:2, num_conditions:2
condition:25, metric:[  0. 150. 150.]
condition:26, metric:[  0. 150. 150.]
condition batch eval, img shape:(200, 200, 200), sx:2, sy:2, sz:2, num_conditions:2
condition:27, metric:[  0. 150. 150.]
condition:28, metric:[  0. 150. 150.]
condition batch eval, img shape:(200, 200, 200), sx:2, sy:2, sz:2, num_conditions:2
condition:29, metric:[  0. 150. 150.]
condition:30, metric:[  0. 150. 150.]
condition batch eval, img shape:(200, 200, 200), sx:2, sy:2, sz:2, num_conditions:1
condition:31, metric:[  0. 150. 150.]
===>test image:/projects/weilab/liupeng/projects/frameworks/nnUNet/DATASET/nnUNet_preprocessed/Dataset200_Dataset101_CellMap_model_high_res/nnUNetPlans_3d_lowres_large_patch_test/jrc_hela-2_crop15.npy
condition batch eval, img shape:(160, 160, 160), sx:1, sy:1, sz:1, num_conditions:2
condition:1, metric:[  0. 150. 150.]
condition:2, metric:[  0. 150. 150.]
condition batch eval, img shape:(160, 160, 160), sx:1, sy:1, sz:1, num_conditions:2
condition:3, metric:[0.93100761 0.         0.        ]
condition:4, metric:[  0. 150. 150.]
condition batch eval, img shape:(160, 160, 160), sx:1, sy:1, sz:1, num_conditions:2
condition:5, metric:[  0. 150. 150.]
condition:6, metric:[  0. 150. 150.]
condition batch eval, img shape:(160, 160, 160), sx:1, sy:1, sz:1, num_conditions:2
condition:7, metric:[  0. 150. 150.]
condition:8, metric:[  0. 150. 150.]
condition batch eval, img shape:(160, 160, 160), sx:1, sy:1, sz:1, num_conditions:2
condition:9, metric:[  0. 150. 150.]
condition:10, metric:[  0. 150. 150.]
condition batch eval, img shape:(160, 160, 160), sx:1, sy:1, sz:1, num_conditions:2
condition:11, metric:[  0. 150. 150.]
condition:12, metric:[  0. 150. 150.]
condition batch eval, img shape:(160, 160, 160), sx:1, sy:1, sz:1, num_conditions:2
condition:13, metric:[  0. 150. 150.]
condition:14, metric:[  0. 150. 150.]
condition batch eval, img shape:(160, 160, 160), sx:1, sy:1, sz:1, num_conditions:2
condition:15, metric:[  0. 150. 150.]
condition:16, metric:[  0. 150. 150.]
condition batch eval, img shape:(160, 160, 160), sx:1, sy:1, sz:1, num_conditions:2
condition:17, metric:[  0. 150. 150.]
condition:18, metric:[  0. 150. 150.]
condition batch eval, img shape:(160, 160, 160), sx:1, sy:1, sz:1, num_conditions:2
condition:19, metric:[  0. 150. 150.]
condition:20, metric:[  0. 150. 150.]
condition batch eval, img shape:(160, 160, 160), sx:1, sy:1, sz:1, num_conditions:2
condition:21, metric:[  0. 150. 150.]
condition:22, metric:[  0. 150. 150.]
condition batch eval, img shape:(160, 160, 160), sx:1, sy:1, sz:1, num_conditions:2
condition:23, metric:[  0. 150. 150.]
condition:24, metric:[  0. 150. 150.]
condition batch eval, img shape:(160, 160, 160), sx:1, sy:1, sz:1, num_conditions:2
condition:25, metric:[  0. 150. 150.]
condition:26, metric:[  0. 150. 150.]
condition batch eval, img shape:(160, 160, 160), sx:1, sy:1, sz:1, num_conditions:2
condition:27, metric:[  0. 150. 150.]
condition:28, metric:[  0. 150. 150.]
condition batch eval, img shape:(160, 160, 160), sx:1, sy:1, sz:1, num_conditions:2
condition:29, metric:[  0. 150. 150.]
condition:30, metric:[  0. 150. 150.]
condition batch eval, img shape:(160, 160, 160), sx:1, sy:1, sz:1, num_conditions:1
condition:31, metric:[  0. 150. 150.]
===>test image:/projects/weilab/liupeng/projects/frameworks/nnUNet/DATASET/nnUNet_preprocessed/Dataset200_Dataset101_CellMap_model_high_res/nnUNetPlans_3d_lowres_large_patch_test/jrc_cos7-1b_crop235.npy
condition batch eval, img shape:(200, 200, 200), sx:2, sy:2, sz:2, num_conditions:2
condition:1, metric:[0.03313663 0.         0.        ]
condition:2, metric:[  0. 150. 150.]
condition batch eval, img shape:(200, 200, 200), sx:2, sy:2, sz:2, num_conditions:2
condition:3, metric:[0.92950767 0.         0.        ]
condition:4, metric:[  0. 150. 150.]
condition batch eval, img shape:(200, 200, 200), sx:2, sy:2, sz:2, num_conditions:2
condition:5, metric:[  0. 150. 150.]
condition:6, metric:[  0. 150. 150.]
condition batch eval, img shape:(200, 200, 200), sx:2, sy:2, sz:2, num_conditions:2
condition:7, metric:[  0. 150. 150.]
condition:8, metric:[  0. 150. 150.]
condition batch eval, img shape:(200, 200, 200), sx:2, sy:2, sz:2, num_conditions:2
condition:9, metric:[  0. 150. 150.]
condition:10, metric:[  0. 150. 150.]
condition batch eval, img shape:(200, 200, 200), sx:2, sy:2, sz:2, num_conditions:2
condition:11, metric:[  0. 150. 150.]
condition:12, metric:[  0. 150. 150.]
condition batch eval, img shape:(200, 200, 200), sx:2, sy:2, sz:2, num_conditions:2
condition:13, metric:[  0. 150. 150.]
condition:14, metric:[  0. 150. 150.]
condition batch eval, img shape:(200, 200, 200), sx:2, sy:2, sz:2, num_conditions:2
condition:15, metric:[  0. 150. 150.]
condition:16, metric:[  0. 150. 150.]
condition batch eval, img shape:(200, 200, 200), sx:2, sy:2, sz:2, num_conditions:2
condition:17, metric:[  0. 150. 150.]
condition:18, metric:[  0. 150. 150.]
condition batch eval, img shape:(200, 200, 200), sx:2, sy:2, sz:2, num_conditions:2
condition:19, metric:[  0. 150. 150.]
condition:20, metric:[  0. 150. 150.]
condition batch eval, img shape:(200, 200, 200), sx:2, sy:2, sz:2, num_conditions:2
condition:21, metric:[  0. 150. 150.]
condition:22, metric:[  0. 150. 150.]
condition batch eval, img shape:(200, 200, 200), sx:2, sy:2, sz:2, num_conditions:2
condition:23, metric:[  0. 150. 150.]
condition:24, metric:[  0. 150. 150.]
condition batch eval, img shape:(200, 200, 200), sx:2, sy:2, sz:2, num_conditions:2
condition:25, metric:[  0. 150. 150.]
condition:26, metric:[  0. 150. 150.]
condition batch eval, img shape:(200, 200, 200), sx:2, sy:2, sz:2, num_conditions:2
condition:27, metric:[  0. 150. 150.]
condition:28, metric:[  0. 150. 150.]
condition batch eval, img shape:(200, 200, 200), sx:2, sy:2, sz:2, num_conditions:2
condition:29, metric:[  0. 150. 150.]
condition:30, metric:[  0. 150. 150.]
condition batch eval, img shape:(200, 200, 200), sx:2, sy:2, sz:2, num_conditions:1
condition:31, metric:[  0. 150. 150.]
===>test image:/projects/weilab/liupeng/projects/frameworks/nnUNet/DATASET/nnUNet_preprocessed/Dataset200_Dataset101_CellMap_model_high_res/nnUNetPlans_3d_lowres_large_patch_test/jrc_mus-liver-zon-1_crop268.npy
condition batch eval, img shape:(400, 400, 400), sx:5, sy:5, sz:5, num_conditions:2
condition:1, metric:[  0. 150. 150.]
condition:2, metric:[  0. 150. 150.]
condition batch eval, img shape:(400, 400, 400), sx:5, sy:5, sz:5, num_conditions:2
condition:3, metric:[0.88131985 0.         0.        ]
condition:4, metric:[2.60815371e-05 0.00000000e+00 0.00000000e+00]
condition batch eval, img shape:(400, 400, 400), sx:5, sy:5, sz:5, num_conditions:2
condition:5, metric:[0.00057248 0.         0.        ]
condition:6, metric:[  0. 150. 150.]
condition batch eval, img shape:(400, 400, 400), sx:5, sy:5, sz:5, num_conditions:2
condition:7, metric:[  0. 150. 150.]
condition:8, metric:[  0. 150. 150.]
condition batch eval, img shape:(400, 400, 400), sx:5, sy:5, sz:5, num_conditions:2
condition:9, metric:[  0. 150. 150.]
condition:10, metric:[  0. 150. 150.]
condition batch eval, img shape:(400, 400, 400), sx:5, sy:5, sz:5, num_conditions:2
condition:11, metric:[  0. 150. 150.]
condition:12, metric:[  0. 150. 150.]
condition batch eval, img shape:(400, 400, 400), sx:5, sy:5, sz:5, num_conditions:2
condition:13, metric:[  0. 150. 150.]
condition:14, metric:[  0. 150. 150.]
condition batch eval, img shape:(400, 400, 400), sx:5, sy:5, sz:5, num_conditions:2
condition:15, metric:[  0. 150. 150.]
condition:16, metric:[  0. 150. 150.]
condition batch eval, img shape:(400, 400, 400), sx:5, sy:5, sz:5, num_conditions:2
condition:17, metric:[0. 0. 0.]
condition:18, metric:[0. 0. 0.]
condition batch eval, img shape:(400, 400, 400), sx:5, sy:5, sz:5, num_conditions:2
condition:19, metric:[  0. 150. 150.]
condition:20, metric:[  0. 150. 150.]
condition batch eval, img shape:(400, 400, 400), sx:5, sy:5, sz:5, num_conditions:2
condition:21, metric:[  0. 150. 150.]
condition:22, metric:[  0. 150. 150.]
condition batch eval, img shape:(400, 400, 400), sx:5, sy:5, sz:5, num_conditions:2
condition:23, metric:[  0. 150. 150.]
condition:24, metric:[  0. 150. 150.]
condition batch eval, img shape:(400, 400, 400), sx:5, sy:5, sz:5, num_conditions:2
condition:25, metric:[  0. 150. 150.]
condition:26, metric:[  0. 150. 150.]
condition batch eval, img shape:(400, 400, 400), sx:5, sy:5, sz:5, num_conditions:2
condition:27, metric:[  0. 150. 150.]
condition:28, metric:[  0. 150. 150.]
condition batch eval, img shape:(400, 400, 400), sx:5, sy:5, sz:5, num_conditions:2
condition:29, metric:[  0. 150. 150.]
condition:30, metric:[  0. 150. 150.]
condition batch eval, img shape:(400, 400, 400), sx:5, sy:5, sz:5, num_conditions:1
condition:31, metric:[  0. 150. 150.]
Validation end
avg metric shape: (31, 3)
iteration 24800 : model2_dice_score : 0.029488 model2_hd95 : 136.693548
save model to ../model/CellMap_202_CondBaseline_cond_baseline_cellmap_highres_SGD_SGD/unet_3D_old/model2_iter_24800.pth
iteration 24820 : loss : 0.058875  loss_ce : 0.093098  loss_dice : 0.024651
iteration 24840 : loss : 0.264051  loss_ce : 0.282751  loss_dice : 0.245350
iteration 24860 : loss : 0.138318  loss_ce : 0.208124  loss_dice : 0.068512
iteration 24880 : loss : 0.040291  loss_ce : 0.065711  loss_dice : 0.014872
iteration 24900 : loss : 0.264233  loss_ce : 0.381993  loss_dice : 0.146473
iteration 24920 : loss : 0.194808  loss_ce : 0.285683  loss_dice : 0.103933
iteration 24940 : loss : 0.103057  loss_ce : 0.161108  loss_dice : 0.045006
iteration 24960 : loss : 0.305660  loss_ce : 0.275127  loss_dice : 0.336193
iteration 24980 : loss : 0.252608  loss_ce : 0.196512  loss_dice : 0.308704
iteration 25000 : loss : 0.234636  loss_ce : 0.349186  loss_dice : 0.120086
iteration 25020 : loss : 0.260973  loss_ce : 0.021745  loss_dice : 0.500202
iteration 25040 : loss : 0.170311  loss_ce : 0.238088  loss_dice : 0.102533
iteration 25060 : loss : 0.260955  loss_ce : 0.190696  loss_dice : 0.331213
iteration 25080 : loss : 0.260496  loss_ce : 0.020812  loss_dice : 0.500180
iteration 25100 : loss : 0.173042  loss_ce : 0.234945  loss_dice : 0.111139
iteration 25120 : loss : 0.162949  loss_ce : 0.216390  loss_dice : 0.109508
iteration 25140 : loss : 0.265329  loss_ce : 0.366908  loss_dice : 0.163750
iteration 25160 : loss : 0.172605  loss_ce : 0.243002  loss_dice : 0.102208
iteration 25180 : loss : 0.262860  loss_ce : 0.340067  loss_dice : 0.185653
iteration 25200 : loss : 0.049977  loss_ce : 0.082564  loss_dice : 0.017390
began evaluation!
iteration 25200: validation sampled 4/17 cases
Total test images: 4
Validation begin
===>test image:/projects/weilab/liupeng/projects/frameworks/nnUNet/DATASET/nnUNet_preprocessed/Dataset200_Dataset101_CellMap_model_high_res/nnUNetPlans_3d_lowres_large_patch_test/jrc_cos7-1a_crop236.npy
condition batch eval, img shape:(200, 200, 200), sx:2, sy:2, sz:2, num_conditions:2
condition:1, metric:[  0. 150. 150.]
condition:2, metric:[  0. 150. 150.]
condition batch eval, img shape:(200, 200, 200), sx:2, sy:2, sz:2, num_conditions:2
condition:3, metric:[0.94697727 0.         0.        ]
condition:4, metric:[  0. 150. 150.]
condition batch eval, img shape:(200, 200, 200), sx:2, sy:2, sz:2, num_conditions:2
condition:5, metric:[0.00050166 0.         0.        ]
condition:6, metric:[  0. 150. 150.]
condition batch eval, img shape:(200, 200, 200), sx:2, sy:2, sz:2, num_conditions:2
condition:7, metric:[  0. 150. 150.]
condition:8, metric:[  0. 150. 150.]
condition batch eval, img shape:(200, 200, 200), sx:2, sy:2, sz:2, num_conditions:2
condition:9, metric:[  0. 150. 150.]
condition:10, metric:[  0. 150. 150.]
condition batch eval, img shape:(200, 200, 200), sx:2, sy:2, sz:2, num_conditions:2
condition:11, metric:[  0. 150. 150.]
condition:12, metric:[  0. 150. 150.]
condition batch eval, img shape:(200, 200, 200), sx:2, sy:2, sz:2, num_conditions:2
condition:13, metric:[  0. 150. 150.]
condition:14, metric:[  0. 150. 150.]
condition batch eval, img shape:(200, 200, 200), sx:2, sy:2, sz:2, num_conditions:2
condition:15, metric:[  0. 150. 150.]
condition:16, metric:[  0. 150. 150.]
condition batch eval, img shape:(200, 200, 200), sx:2, sy:2, sz:2, num_conditions:2
condition:17, metric:[  0. 150. 150.]
condition:18, metric:[  0. 150. 150.]
condition batch eval, img shape:(200, 200, 200), sx:2, sy:2, sz:2, num_conditions:2
condition:19, metric:[  0. 150. 150.]
condition:20, metric:[  0. 150. 150.]
condition batch eval, img shape:(200, 200, 200), sx:2, sy:2, sz:2, num_conditions:2
condition:21, metric:[  0. 150. 150.]
condition:22, metric:[  0. 150. 150.]
condition batch eval, img shape:(200, 200, 200), sx:2, sy:2, sz:2, num_conditions:2
condition:23, metric:[  0. 150. 150.]
condition:24, metric:[  0. 150. 150.]
condition batch eval, img shape:(200, 200, 200), sx:2, sy:2, sz:2, num_conditions:2
condition:25, metric:[  0. 150. 150.]
condition:26, metric:[  0. 150. 150.]
condition batch eval, img shape:(200, 200, 200), sx:2, sy:2, sz:2, num_conditions:2
condition:27, metric:[  0. 150. 150.]
condition:28, metric:[  0. 150. 150.]
condition batch eval, img shape:(200, 200, 200), sx:2, sy:2, sz:2, num_conditions:2
condition:29, metric:[  0. 150. 150.]
condition:30, metric:[  0. 150. 150.]
condition batch eval, img shape:(200, 200, 200), sx:2, sy:2, sz:2, num_conditions:1
condition:31, metric:[  0. 150. 150.]
===>test image:/projects/weilab/liupeng/projects/frameworks/nnUNet/DATASET/nnUNet_preprocessed/Dataset200_Dataset101_CellMap_model_high_res/nnUNetPlans_3d_lowres_large_patch_test/jrc_mus-kidney_crop164.npy
condition batch eval, img shape:(200, 200, 200), sx:2, sy:2, sz:2, num_conditions:2
condition:1, metric:[0.03862654 0.         0.        ]
condition:2, metric:[  0. 150. 150.]
condition batch eval, img shape:(200, 200, 200), sx:2, sy:2, sz:2, num_conditions:2
condition:3, metric:[0.81731964 0.         0.        ]
condition:4, metric:[  0. 150. 150.]
condition batch eval, img shape:(200, 200, 200), sx:2, sy:2, sz:2, num_conditions:2
condition:5, metric:[  0. 150. 150.]
condition:6, metric:[  0. 150. 150.]
condition batch eval, img shape:(200, 200, 200), sx:2, sy:2, sz:2, num_conditions:2
condition:7, metric:[  0. 150. 150.]
condition:8, metric:[0.04988194 0.         0.        ]
condition batch eval, img shape:(200, 200, 200), sx:2, sy:2, sz:2, num_conditions:2
condition:9, metric:[  0. 150. 150.]
condition:10, metric:[  0. 150. 150.]
condition batch eval, img shape:(200, 200, 200), sx:2, sy:2, sz:2, num_conditions:2
condition:11, metric:[  0. 150. 150.]
condition:12, metric:[  0. 150. 150.]
condition batch eval, img shape:(200, 200, 200), sx:2, sy:2, sz:2, num_conditions:2
condition:13, metric:[  0. 150. 150.]
condition:14, metric:[  0. 150. 150.]
condition batch eval, img shape:(200, 200, 200), sx:2, sy:2, sz:2, num_conditions:2
condition:15, metric:[  0. 150. 150.]
condition:16, metric:[  0. 150. 150.]
condition batch eval, img shape:(200, 200, 200), sx:2, sy:2, sz:2, num_conditions:2
condition:17, metric:[  0. 150. 150.]
condition:18, metric:[  0. 150. 150.]
condition batch eval, img shape:(200, 200, 200), sx:2, sy:2, sz:2, num_conditions:2
condition:19, metric:[  0. 150. 150.]
condition:20, metric:[  0. 150. 150.]
condition batch eval, img shape:(200, 200, 200), sx:2, sy:2, sz:2, num_conditions:2
condition:21, metric:[  0. 150. 150.]
condition:22, metric:[  0. 150. 150.]
condition batch eval, img shape:(200, 200, 200), sx:2, sy:2, sz:2, num_conditions:2
condition:23, metric:[  0. 150. 150.]
condition:24, metric:[  0. 150. 150.]
condition batch eval, img shape:(200, 200, 200), sx:2, sy:2, sz:2, num_conditions:2
condition:25, metric:[  0. 150. 150.]
condition:26, metric:[  0. 150. 150.]
condition batch eval, img shape:(200, 200, 200), sx:2, sy:2, sz:2, num_conditions:2
condition:27, metric:[  0. 150. 150.]
condition:28, metric:[  0. 150. 150.]
condition batch eval, img shape:(200, 200, 200), sx:2, sy:2, sz:2, num_conditions:2
condition:29, metric:[  0. 150. 150.]
condition:30, metric:[  0. 150. 150.]
condition batch eval, img shape:(200, 200, 200), sx:2, sy:2, sz:2, num_conditions:1
condition:31, metric:[  0. 150. 150.]
===>test image:/projects/weilab/liupeng/projects/frameworks/nnUNet/DATASET/nnUNet_preprocessed/Dataset200_Dataset101_CellMap_model_high_res/nnUNetPlans_3d_lowres_large_patch_test/jrc_mus-liver-zon-1_crop266.npy
condition batch eval, img shape:(400, 400, 400), sx:5, sy:5, sz:5, num_conditions:2
condition:1, metric:[  0. 150. 150.]
condition:2, metric:[  0. 150. 150.]
condition batch eval, img shape:(400, 400, 400), sx:5, sy:5, sz:5, num_conditions:2
condition:3, metric:[0.8197607 0.        0.       ]
condition:4, metric:[  0. 150. 150.]
condition batch eval, img shape:(400, 400, 400), sx:5, sy:5, sz:5, num_conditions:2
condition:5, metric:[  0. 150. 150.]
condition:6, metric:[  0. 150. 150.]
condition batch eval, img shape:(400, 400, 400), sx:5, sy:5, sz:5, num_conditions:2
condition:7, metric:[  0. 150. 150.]
condition:8, metric:[  0. 150. 150.]
condition batch eval, img shape:(400, 400, 400), sx:5, sy:5, sz:5, num_conditions:2
condition:9, metric:[  0. 150. 150.]
condition:10, metric:[  0. 150. 150.]
condition batch eval, img shape:(400, 400, 400), sx:5, sy:5, sz:5, num_conditions:2
condition:11, metric:[  0. 150. 150.]
condition:12, metric:[  0. 150. 150.]
condition batch eval, img shape:(400, 400, 400), sx:5, sy:5, sz:5, num_conditions:2
condition:13, metric:[  0. 150. 150.]
condition:14, metric:[  0. 150. 150.]
condition batch eval, img shape:(400, 400, 400), sx:5, sy:5, sz:5, num_conditions:2
condition:15, metric:[  0. 150. 150.]
condition:16, metric:[  0. 150. 150.]
condition batch eval, img shape:(400, 400, 400), sx:5, sy:5, sz:5, num_conditions:2
condition:17, metric:[  0. 150. 150.]
condition:18, metric:[  0. 150. 150.]
condition batch eval, img shape:(400, 400, 400), sx:5, sy:5, sz:5, num_conditions:2
condition:19, metric:[  0. 150. 150.]
condition:20, metric:[  0. 150. 150.]
condition batch eval, img shape:(400, 400, 400), sx:5, sy:5, sz:5, num_conditions:2
condition:21, metric:[  0. 150. 150.]
condition:22, metric:[  0. 150. 150.]
condition batch eval, img shape:(400, 400, 400), sx:5, sy:5, sz:5, num_conditions:2
condition:23, metric:[  0. 150. 150.]
condition:24, metric:[  0. 150. 150.]
condition batch eval, img shape:(400, 400, 400), sx:5, sy:5, sz:5, num_conditions:2
condition:25, metric:[0. 0. 0.]
condition:26, metric:[  0. 150. 150.]
condition batch eval, img shape:(400, 400, 400), sx:5, sy:5, sz:5, num_conditions:2
condition:27, metric:[0.62760072 0.         0.        ]
condition:28, metric:[  0. 150. 150.]
condition batch eval, img shape:(400, 400, 400), sx:5, sy:5, sz:5, num_conditions:2
condition:29, metric:[  0. 150. 150.]
condition:30, metric:[  0. 150. 150.]
condition batch eval, img shape:(400, 400, 400), sx:5, sy:5, sz:5, num_conditions:1
condition:31, metric:[  0. 150. 150.]
===>test image:/projects/weilab/liupeng/projects/frameworks/nnUNet/DATASET/nnUNet_preprocessed/Dataset200_Dataset101_CellMap_model_high_res/nnUNetPlans_3d_lowres_large_patch_test/jrc_sum159-1_crop20.npy
condition batch eval, img shape:(200, 200, 160), sx:2, sy:2, sz:1, num_conditions:2
condition:1, metric:[  0. 150. 150.]
condition:2, metric:[  0. 150. 150.]
condition batch eval, img shape:(200, 200, 160), sx:2, sy:2, sz:1, num_conditions:2
condition:3, metric:[0.63831777 0.         0.        ]
condition:4, metric:[  0. 150. 150.]
condition batch eval, img shape:(200, 200, 160), sx:2, sy:2, sz:1, num_conditions:2
condition:5, metric:[0.00077088 0.         0.        ]
condition:6, metric:[  0. 150. 150.]
condition batch eval, img shape:(200, 200, 160), sx:2, sy:2, sz:1, num_conditions:2
condition:7, metric:[  0. 150. 150.]
condition:8, metric:[  0. 150. 150.]
condition batch eval, img shape:(200, 200, 160), sx:2, sy:2, sz:1, num_conditions:2
condition:9, metric:[  0. 150. 150.]
condition:10, metric:[  0. 150. 150.]
condition batch eval, img shape:(200, 200, 160), sx:2, sy:2, sz:1, num_conditions:2
condition:11, metric:[  0. 150. 150.]
condition:12, metric:[  0. 150. 150.]
condition batch eval, img shape:(200, 200, 160), sx:2, sy:2, sz:1, num_conditions:2
condition:13, metric:[  0. 150. 150.]
condition:14, metric:[  0. 150. 150.]
condition batch eval, img shape:(200, 200, 160), sx:2, sy:2, sz:1, num_conditions:2
condition:15, metric:[  0. 150. 150.]
condition:16, metric:[0.04001635 0.         0.        ]
condition batch eval, img shape:(200, 200, 160), sx:2, sy:2, sz:1, num_conditions:2
condition:17, metric:[  0. 150. 150.]
condition:18, metric:[  0. 150. 150.]
condition batch eval, img shape:(200, 200, 160), sx:2, sy:2, sz:1, num_conditions:2
condition:19, metric:[  0. 150. 150.]
condition:20, metric:[  0. 150. 150.]
condition batch eval, img shape:(200, 200, 160), sx:2, sy:2, sz:1, num_conditions:2
condition:21, metric:[  0. 150. 150.]
condition:22, metric:[  0. 150. 150.]
condition batch eval, img shape:(200, 200, 160), sx:2, sy:2, sz:1, num_conditions:2
condition:23, metric:[  0. 150. 150.]
condition:24, metric:[  0. 150. 150.]
condition batch eval, img shape:(200, 200, 160), sx:2, sy:2, sz:1, num_conditions:2
condition:25, metric:[  0. 150. 150.]
condition:26, metric:[  0. 150. 150.]
condition batch eval, img shape:(200, 200, 160), sx:2, sy:2, sz:1, num_conditions:2
condition:27, metric:[  0. 150. 150.]
condition:28, metric:[  0. 150. 150.]
condition batch eval, img shape:(200, 200, 160), sx:2, sy:2, sz:1, num_conditions:2
condition:29, metric:[  0. 150. 150.]
condition:30, metric:[  0. 150. 150.]
condition batch eval, img shape:(200, 200, 160), sx:2, sy:2, sz:1, num_conditions:1
condition:31, metric:[  0. 150. 150.]
Validation end
avg metric shape: (31, 3)
iteration 25200 : model2_dice_score : 0.032095 model2_hd95 : 136.693548
save model to ../model/CellMap_202_CondBaseline_cond_baseline_cellmap_highres_SGD_SGD/unet_3D_old/model2_iter_25200.pth
iteration 25220 : loss : 0.152840  loss_ce : 0.181051  loss_dice : 0.124629
iteration 25240 : loss : 0.245436  loss_ce : 0.080270  loss_dice : 0.410602
iteration 25260 : loss : 0.306284  loss_ce : 0.420220  loss_dice : 0.192349
iteration 25280 : loss : 0.262019  loss_ce : 0.362203  loss_dice : 0.161835
iteration 25300 : loss : 0.145706  loss_ce : 0.192590  loss_dice : 0.098821
iteration 25320 : loss : 0.178184  loss_ce : 0.206898  loss_dice : 0.149470
iteration 25340 : loss : 0.250983  loss_ce : 0.366625  loss_dice : 0.135342
iteration 25360 : loss : 0.243781  loss_ce : 0.356153  loss_dice : 0.131409
iteration 25380 : loss : 0.128907  loss_ce : 0.191471  loss_dice : 0.066343
iteration 25400 : loss : 0.235073  loss_ce : 0.336322  loss_dice : 0.133824
iteration 25420 : loss : 0.116458  loss_ce : 0.176668  loss_dice : 0.056248
iteration 25440 : loss : 0.237564  loss_ce : 0.307579  loss_dice : 0.167550
iteration 25460 : loss : 0.197059  loss_ce : 0.230299  loss_dice : 0.163818
iteration 25480 : loss : 0.218391  loss_ce : 0.229338  loss_dice : 0.207444
iteration 25500 : loss : 0.169278  loss_ce : 0.097186  loss_dice : 0.241370
iteration 25520 : loss : 0.025781  loss_ce : 0.047142  loss_dice : 0.004421
iteration 25540 : loss : 0.227919  loss_ce : 0.301407  loss_dice : 0.154432
iteration 25560 : loss : 0.177903  loss_ce : 0.195465  loss_dice : 0.160342
iteration 25580 : loss : 0.111988  loss_ce : 0.156295  loss_dice : 0.067680
iteration 25600 : loss : 0.347612  loss_ce : 0.489944  loss_dice : 0.205279
began evaluation!
iteration 25600: validation sampled 4/17 cases
Total test images: 4
Validation begin
===>test image:/projects/weilab/liupeng/projects/frameworks/nnUNet/DATASET/nnUNet_preprocessed/Dataset200_Dataset101_CellMap_model_high_res/nnUNetPlans_3d_lowres_large_patch_test/jrc_hela-3_crop50.npy
condition batch eval, img shape:(256, 256, 256), sx:3, sy:3, sz:3, num_conditions:2
condition:1, metric:[0.33201941 0.         0.        ]
condition:2, metric:[  0. 150. 150.]
condition batch eval, img shape:(256, 256, 256), sx:3, sy:3, sz:3, num_conditions:2
condition:3, metric:[0.91595072 0.         0.        ]
condition:4, metric:[  0. 150. 150.]
condition batch eval, img shape:(256, 256, 256), sx:3, sy:3, sz:3, num_conditions:2
condition:5, metric:[  0. 150. 150.]
condition:6, metric:[  0. 150. 150.]
condition batch eval, img shape:(256, 256, 256), sx:3, sy:3, sz:3, num_conditions:2
condition:7, metric:[  0. 150. 150.]
condition:8, metric:[  0. 150. 150.]
condition batch eval, img shape:(256, 256, 256), sx:3, sy:3, sz:3, num_conditions:2
condition:9, metric:[  0. 150. 150.]
condition:10, metric:[  0. 150. 150.]
condition batch eval, img shape:(256, 256, 256), sx:3, sy:3, sz:3, num_conditions:2
condition:11, metric:[  0. 150. 150.]
condition:12, metric:[  0. 150. 150.]
condition batch eval, img shape:(256, 256, 256), sx:3, sy:3, sz:3, num_conditions:2
condition:13, metric:[  0. 150. 150.]
condition:14, metric:[  0. 150. 150.]
condition batch eval, img shape:(256, 256, 256), sx:3, sy:3, sz:3, num_conditions:2
condition:15, metric:[  0. 150. 150.]
condition:16, metric:[  0. 150. 150.]
condition batch eval, img shape:(256, 256, 256), sx:3, sy:3, sz:3, num_conditions:2
condition:17, metric:[  0. 150. 150.]
condition:18, metric:[  0. 150. 150.]
condition batch eval, img shape:(256, 256, 256), sx:3, sy:3, sz:3, num_conditions:2
condition:19, metric:[  0. 150. 150.]
condition:20, metric:[  0. 150. 150.]
condition batch eval, img shape:(256, 256, 256), sx:3, sy:3, sz:3, num_conditions:2
condition:21, metric:[  0. 150. 150.]
condition:22, metric:[  0. 150. 150.]
condition batch eval, img shape:(256, 256, 256), sx:3, sy:3, sz:3, num_conditions:2
condition:23, metric:[  0. 150. 150.]
condition:24, metric:[  0. 150. 150.]
condition batch eval, img shape:(256, 256, 256), sx:3, sy:3, sz:3, num_conditions:2
condition:25, metric:[  0. 150. 150.]
condition:26, metric:[  0. 150. 150.]
condition batch eval, img shape:(256, 256, 256), sx:3, sy:3, sz:3, num_conditions:2
condition:27, metric:[  0. 150. 150.]
condition:28, metric:[  0. 150. 150.]
condition batch eval, img shape:(256, 256, 256), sx:3, sy:3, sz:3, num_conditions:2
condition:29, metric:[  0. 150. 150.]
condition:30, metric:[  0. 150. 150.]
condition batch eval, img shape:(256, 256, 256), sx:3, sy:3, sz:3, num_conditions:1
condition:31, metric:[  0. 150. 150.]
===>test image:/projects/weilab/liupeng/projects/frameworks/nnUNet/DATASET/nnUNet_preprocessed/Dataset200_Dataset101_CellMap_model_high_res/nnUNetPlans_3d_lowres_large_patch_test/jrc_hela-2_crop15.npy
condition batch eval, img shape:(160, 160, 160), sx:1, sy:1, sz:1, num_conditions:2
condition:1, metric:[  0. 150. 150.]
condition:2, metric:[  0. 150. 150.]
condition batch eval, img shape:(160, 160, 160), sx:1, sy:1, sz:1, num_conditions:2
condition:3, metric:[0.9337182 0.        0.       ]
condition:4, metric:[  0. 150. 150.]
condition batch eval, img shape:(160, 160, 160), sx:1, sy:1, sz:1, num_conditions:2
condition:5, metric:[  0. 150. 150.]
condition:6, metric:[  0. 150. 150.]
condition batch eval, img shape:(160, 160, 160), sx:1, sy:1, sz:1, num_conditions:2
condition:7, metric:[  0. 150. 150.]
condition:8, metric:[  0. 150. 150.]
condition batch eval, img shape:(160, 160, 160), sx:1, sy:1, sz:1, num_conditions:2
condition:9, metric:[  0. 150. 150.]
condition:10, metric:[  0. 150. 150.]
condition batch eval, img shape:(160, 160, 160), sx:1, sy:1, sz:1, num_conditions:2
condition:11, metric:[  0. 150. 150.]
condition:12, metric:[  0. 150. 150.]
condition batch eval, img shape:(160, 160, 160), sx:1, sy:1, sz:1, num_conditions:2
condition:13, metric:[  0. 150. 150.]
condition:14, metric:[  0. 150. 150.]
condition batch eval, img shape:(160, 160, 160), sx:1, sy:1, sz:1, num_conditions:2
condition:15, metric:[  0. 150. 150.]
condition:16, metric:[  0. 150. 150.]
condition batch eval, img shape:(160, 160, 160), sx:1, sy:1, sz:1, num_conditions:2
condition:17, metric:[  0. 150. 150.]
condition:18, metric:[  0. 150. 150.]
condition batch eval, img shape:(160, 160, 160), sx:1, sy:1, sz:1, num_conditions:2
condition:19, metric:[  0. 150. 150.]
condition:20, metric:[  0. 150. 150.]
condition batch eval, img shape:(160, 160, 160), sx:1, sy:1, sz:1, num_conditions:2
condition:21, metric:[  0. 150. 150.]
condition:22, metric:[  0. 150. 150.]
condition batch eval, img shape:(160, 160, 160), sx:1, sy:1, sz:1, num_conditions:2
condition:23, metric:[  0. 150. 150.]
condition:24, metric:[  0. 150. 150.]
condition batch eval, img shape:(160, 160, 160), sx:1, sy:1, sz:1, num_conditions:2
condition:25, metric:[  0. 150. 150.]
condition:26, metric:[  0. 150. 150.]
condition batch eval, img shape:(160, 160, 160), sx:1, sy:1, sz:1, num_conditions:2
condition:27, metric:[  0. 150. 150.]
condition:28, metric:[  0. 150. 150.]
condition batch eval, img shape:(160, 160, 160), sx:1, sy:1, sz:1, num_conditions:2
condition:29, metric:[  0. 150. 150.]
condition:30, metric:[  0. 150. 150.]
condition batch eval, img shape:(160, 160, 160), sx:1, sy:1, sz:1, num_conditions:1
condition:31, metric:[  0. 150. 150.]
===>test image:/projects/weilab/liupeng/projects/frameworks/nnUNet/DATASET/nnUNet_preprocessed/Dataset200_Dataset101_CellMap_model_high_res/nnUNetPlans_3d_lowres_large_patch_test/jrc_mus-liver-zon-1_crop266.npy
condition batch eval, img shape:(400, 400, 400), sx:5, sy:5, sz:5, num_conditions:2
condition:1, metric:[  0. 150. 150.]
condition:2, metric:[  0. 150. 150.]
condition batch eval, img shape:(400, 400, 400), sx:5, sy:5, sz:5, num_conditions:2
condition:3, metric:[0.8044294 0.        0.       ]
condition:4, metric:[  0. 150. 150.]
condition batch eval, img shape:(400, 400, 400), sx:5, sy:5, sz:5, num_conditions:2
condition:5, metric:[  0. 150. 150.]
condition:6, metric:[  0. 150. 150.]
condition batch eval, img shape:(400, 400, 400), sx:5, sy:5, sz:5, num_conditions:2
condition:7, metric:[  0. 150. 150.]
condition:8, metric:[  0. 150. 150.]
condition batch eval, img shape:(400, 400, 400), sx:5, sy:5, sz:5, num_conditions:2
condition:9, metric:[  0. 150. 150.]
condition:10, metric:[  0. 150. 150.]
condition batch eval, img shape:(400, 400, 400), sx:5, sy:5, sz:5, num_conditions:2
condition:11, metric:[  0. 150. 150.]
condition:12, metric:[  0. 150. 150.]
condition batch eval, img shape:(400, 400, 400), sx:5, sy:5, sz:5, num_conditions:2
condition:13, metric:[  0. 150. 150.]
condition:14, metric:[  0. 150. 150.]
condition batch eval, img shape:(400, 400, 400), sx:5, sy:5, sz:5, num_conditions:2
condition:15, metric:[  0. 150. 150.]
condition:16, metric:[  0. 150. 150.]
condition batch eval, img shape:(400, 400, 400), sx:5, sy:5, sz:5, num_conditions:2
condition:17, metric:[  0. 150. 150.]
condition:18, metric:[  0. 150. 150.]
condition batch eval, img shape:(400, 400, 400), sx:5, sy:5, sz:5, num_conditions:2
condition:19, metric:[  0. 150. 150.]
condition:20, metric:[  0. 150. 150.]
condition batch eval, img shape:(400, 400, 400), sx:5, sy:5, sz:5, num_conditions:2
condition:21, metric:[  0. 150. 150.]
condition:22, metric:[  0. 150. 150.]
condition batch eval, img shape:(400, 400, 400), sx:5, sy:5, sz:5, num_conditions:2
condition:23, metric:[  0. 150. 150.]
condition:24, metric:[  0. 150. 150.]
condition batch eval, img shape:(400, 400, 400), sx:5, sy:5, sz:5, num_conditions:2
condition:25, metric:[  0. 150. 150.]
condition:26, metric:[  0. 150. 150.]
condition batch eval, img shape:(400, 400, 400), sx:5, sy:5, sz:5, num_conditions:2
condition:27, metric:[0.69423373 0.         0.        ]
condition:28, metric:[  0. 150. 150.]
condition batch eval, img shape:(400, 400, 400), sx:5, sy:5, sz:5, num_conditions:2
condition:29, metric:[  0. 150. 150.]
condition:30, metric:[  0. 150. 150.]
condition batch eval, img shape:(400, 400, 400), sx:5, sy:5, sz:5, num_conditions:1
condition:31, metric:[  0. 150. 150.]
===>test image:/projects/weilab/liupeng/projects/frameworks/nnUNet/DATASET/nnUNet_preprocessed/Dataset200_Dataset101_CellMap_model_high_res/nnUNetPlans_3d_lowres_large_patch_test/jrc_fly-mb-1a_crop121.npy
condition batch eval, img shape:(200, 200, 200), sx:2, sy:2, sz:2, num_conditions:2
condition:1, metric:[0.0837501 0.        0.       ]
condition:2, metric:[  0. 150. 150.]
condition batch eval, img shape:(200, 200, 200), sx:2, sy:2, sz:2, num_conditions:2
condition:3, metric:[0.5578929 0.        0.       ]
condition:4, metric:[  0. 150. 150.]
condition batch eval, img shape:(200, 200, 200), sx:2, sy:2, sz:2, num_conditions:2
condition:5, metric:[  0. 150. 150.]
condition:6, metric:[  0. 150. 150.]
condition batch eval, img shape:(200, 200, 200), sx:2, sy:2, sz:2, num_conditions:2
condition:7, metric:[  0. 150. 150.]
condition:8, metric:[  0. 150. 150.]
condition batch eval, img shape:(200, 200, 200), sx:2, sy:2, sz:2, num_conditions:2
condition:9, metric:[  0. 150. 150.]
condition:10, metric:[  0. 150. 150.]
condition batch eval, img shape:(200, 200, 200), sx:2, sy:2, sz:2, num_conditions:2
condition:11, metric:[  0. 150. 150.]
condition:12, metric:[  0. 150. 150.]
condition batch eval, img shape:(200, 200, 200), sx:2, sy:2, sz:2, num_conditions:2
condition:13, metric:[  0. 150. 150.]
condition:14, metric:[  0. 150. 150.]
condition batch eval, img shape:(200, 200, 200), sx:2, sy:2, sz:2, num_conditions:2
condition:15, metric:[  0. 150. 150.]
condition:16, metric:[  0. 150. 150.]
condition batch eval, img shape:(200, 200, 200), sx:2, sy:2, sz:2, num_conditions:2
condition:17, metric:[  0. 150. 150.]
condition:18, metric:[  0. 150. 150.]
condition batch eval, img shape:(200, 200, 200), sx:2, sy:2, sz:2, num_conditions:2
condition:19, metric:[  0. 150. 150.]
condition:20, metric:[  0. 150. 150.]
condition batch eval, img shape:(200, 200, 200), sx:2, sy:2, sz:2, num_conditions:2
condition:21, metric:[  0. 150. 150.]
condition:22, metric:[  0. 150. 150.]
condition batch eval, img shape:(200, 200, 200), sx:2, sy:2, sz:2, num_conditions:2
condition:23, metric:[  0. 150. 150.]
condition:24, metric:[  0. 150. 150.]
condition batch eval, img shape:(200, 200, 200), sx:2, sy:2, sz:2, num_conditions:2
condition:25, metric:[  0. 150. 150.]
condition:26, metric:[  0. 150. 150.]
condition batch eval, img shape:(200, 200, 200), sx:2, sy:2, sz:2, num_conditions:2
condition:27, metric:[  0. 150. 150.]
condition:28, metric:[  0. 150. 150.]
condition batch eval, img shape:(200, 200, 200), sx:2, sy:2, sz:2, num_conditions:2
condition:29, metric:[  0. 150. 150.]
condition:30, metric:[  0. 150. 150.]
condition batch eval, img shape:(200, 200, 200), sx:2, sy:2, sz:2, num_conditions:1
condition:31, metric:[  0. 150. 150.]
Validation end
avg metric shape: (31, 3)
iteration 25600 : model2_dice_score : 0.034855 model2_hd95 : 141.532258
save model to ../model/CellMap_202_CondBaseline_cond_baseline_cellmap_highres_SGD_SGD/unet_3D_old/model2_iter_25600.pth
iteration 25620 : loss : 0.259118  loss_ce : 0.018097  loss_dice : 0.500139
iteration 25640 : loss : 0.310418  loss_ce : 0.433697  loss_dice : 0.187139
iteration 25660 : loss : 0.117975  loss_ce : 0.153697  loss_dice : 0.082253
iteration 25680 : loss : 0.104282  loss_ce : 0.152079  loss_dice : 0.056485
iteration 25700 : loss : 0.115492  loss_ce : 0.175322  loss_dice : 0.055662
iteration 25720 : loss : 0.253966  loss_ce : 0.350387  loss_dice : 0.157546
iteration 25740 : loss : 0.167480  loss_ce : 0.181292  loss_dice : 0.153668
iteration 25760 : loss : 0.289233  loss_ce : 0.434491  loss_dice : 0.143976
iteration 25780 : loss : 0.163217  loss_ce : 0.240196  loss_dice : 0.086239
iteration 25800 : loss : 0.311323  loss_ce : 0.435942  loss_dice : 0.186703
iteration 25820 : loss : 0.480882  loss_ce : 0.525234  loss_dice : 0.436529
iteration 25840 : loss : 0.141604  loss_ce : 0.172314  loss_dice : 0.110895
iteration 25860 : loss : 0.428836  loss_ce : 0.535944  loss_dice : 0.321728
iteration 25880 : loss : 0.169258  loss_ce : 0.229775  loss_dice : 0.108742
iteration 25900 : loss : 0.345015  loss_ce : 0.331380  loss_dice : 0.358651
iteration 25920 : loss : 0.233199  loss_ce : 0.342817  loss_dice : 0.123580
iteration 25940 : loss : 0.184286  loss_ce : 0.276730  loss_dice : 0.091843
iteration 25960 : loss : 0.085118  loss_ce : 0.128496  loss_dice : 0.041739
iteration 25980 : loss : 0.062148  loss_ce : 0.099785  loss_dice : 0.024512
iteration 26000 : loss : 0.194922  loss_ce : 0.262820  loss_dice : 0.127025
began evaluation!
iteration 26000: validation sampled 4/17 cases
Total test images: 4
Validation begin
===>test image:/projects/weilab/liupeng/projects/frameworks/nnUNet/DATASET/nnUNet_preprocessed/Dataset200_Dataset101_CellMap_model_high_res/nnUNetPlans_3d_lowres_large_patch_test/jrc_fly-mb-1a_crop121.npy
condition batch eval, img shape:(200, 200, 200), sx:2, sy:2, sz:2, num_conditions:2
condition:1, metric:[0.08074915 0.         0.        ]
condition:2, metric:[  0. 150. 150.]
condition batch eval, img shape:(200, 200, 200), sx:2, sy:2, sz:2, num_conditions:2
condition:3, metric:[0.69314281 0.         0.        ]
condition:4, metric:[  0. 150. 150.]
condition batch eval, img shape:(200, 200, 200), sx:2, sy:2, sz:2, num_conditions:2
condition:5, metric:[0.00027792 0.         0.        ]
condition:6, metric:[  0. 150. 150.]
condition batch eval, img shape:(200, 200, 200), sx:2, sy:2, sz:2, num_conditions:2
condition:7, metric:[  0. 150. 150.]
condition:8, metric:[  0. 150. 150.]
condition batch eval, img shape:(200, 200, 200), sx:2, sy:2, sz:2, num_conditions:2
condition:9, metric:[  0. 150. 150.]
condition:10, metric:[  0. 150. 150.]
condition batch eval, img shape:(200, 200, 200), sx:2, sy:2, sz:2, num_conditions:2
condition:11, metric:[  0. 150. 150.]
condition:12, metric:[  0. 150. 150.]
condition batch eval, img shape:(200, 200, 200), sx:2, sy:2, sz:2, num_conditions:2
condition:13, metric:[  0. 150. 150.]
condition:14, metric:[  0. 150. 150.]
condition batch eval, img shape:(200, 200, 200), sx:2, sy:2, sz:2, num_conditions:2
condition:15, metric:[  0. 150. 150.]
condition:16, metric:[  0. 150. 150.]
condition batch eval, img shape:(200, 200, 200), sx:2, sy:2, sz:2, num_conditions:2
condition:17, metric:[  0. 150. 150.]
condition:18, metric:[  0. 150. 150.]
condition batch eval, img shape:(200, 200, 200), sx:2, sy:2, sz:2, num_conditions:2
condition:19, metric:[  0. 150. 150.]
condition:20, metric:[  0. 150. 150.]
condition batch eval, img shape:(200, 200, 200), sx:2, sy:2, sz:2, num_conditions:2
condition:21, metric:[  0. 150. 150.]
condition:22, metric:[  0. 150. 150.]
condition batch eval, img shape:(200, 200, 200), sx:2, sy:2, sz:2, num_conditions:2
condition:23, metric:[  0. 150. 150.]
condition:24, metric:[  0. 150. 150.]
condition batch eval, img shape:(200, 200, 200), sx:2, sy:2, sz:2, num_conditions:2
condition:25, metric:[  0. 150. 150.]
condition:26, metric:[  0. 150. 150.]
condition batch eval, img shape:(200, 200, 200), sx:2, sy:2, sz:2, num_conditions:2
condition:27, metric:[  0. 150. 150.]
condition:28, metric:[  0. 150. 150.]
condition batch eval, img shape:(200, 200, 200), sx:2, sy:2, sz:2, num_conditions:2
condition:29, metric:[  0. 150. 150.]
condition:30, metric:[  0. 150. 150.]
condition batch eval, img shape:(200, 200, 200), sx:2, sy:2, sz:2, num_conditions:1
condition:31, metric:[  0. 150. 150.]
===>test image:/projects/weilab/liupeng/projects/frameworks/nnUNet/DATASET/nnUNet_preprocessed/Dataset200_Dataset101_CellMap_model_high_res/nnUNetPlans_3d_lowres_large_patch_test/jrc_ctl-id8-1_crop118.npy
condition batch eval, img shape:(200, 200, 200), sx:2, sy:2, sz:2, num_conditions:2
condition:1, metric:[0.67702287 0.         0.        ]
condition:2, metric:[  0. 150. 150.]
condition batch eval, img shape:(200, 200, 200), sx:2, sy:2, sz:2, num_conditions:2
condition:3, metric:[0.92558999 0.         0.        ]
condition:4, metric:[  0. 150. 150.]
condition batch eval, img shape:(200, 200, 200), sx:2, sy:2, sz:2, num_conditions:2
condition:5, metric:[0.01143446 0.         0.        ]
condition:6, metric:[  0. 150. 150.]
condition batch eval, img shape:(200, 200, 200), sx:2, sy:2, sz:2, num_conditions:2
condition:7, metric:[  0. 150. 150.]
condition:8, metric:[  0. 150. 150.]
condition batch eval, img shape:(200, 200, 200), sx:2, sy:2, sz:2, num_conditions:2
condition:9, metric:[  0. 150. 150.]
condition:10, metric:[  0. 150. 150.]
condition batch eval, img shape:(200, 200, 200), sx:2, sy:2, sz:2, num_conditions:2
condition:11, metric:[  0. 150. 150.]
condition:12, metric:[  0. 150. 150.]
condition batch eval, img shape:(200, 200, 200), sx:2, sy:2, sz:2, num_conditions:2
condition:13, metric:[  0. 150. 150.]
condition:14, metric:[  0. 150. 150.]
condition batch eval, img shape:(200, 200, 200), sx:2, sy:2, sz:2, num_conditions:2
condition:15, metric:[  0. 150. 150.]
condition:16, metric:[  0. 150. 150.]
condition batch eval, img shape:(200, 200, 200), sx:2, sy:2, sz:2, num_conditions:2
condition:17, metric:[  0. 150. 150.]
condition:18, metric:[  0. 150. 150.]
condition batch eval, img shape:(200, 200, 200), sx:2, sy:2, sz:2, num_conditions:2
condition:19, metric:[  0. 150. 150.]
condition:20, metric:[  0. 150. 150.]
condition batch eval, img shape:(200, 200, 200), sx:2, sy:2, sz:2, num_conditions:2
condition:21, metric:[  0. 150. 150.]
condition:22, metric:[  0. 150. 150.]
condition batch eval, img shape:(200, 200, 200), sx:2, sy:2, sz:2, num_conditions:2
condition:23, metric:[  0. 150. 150.]
condition:24, metric:[  0. 150. 150.]
condition batch eval, img shape:(200, 200, 200), sx:2, sy:2, sz:2, num_conditions:2
condition:25, metric:[  0. 150. 150.]
condition:26, metric:[  0. 150. 150.]
condition batch eval, img shape:(200, 200, 200), sx:2, sy:2, sz:2, num_conditions:2
condition:27, metric:[  0. 150. 150.]
condition:28, metric:[  0. 150. 150.]
condition batch eval, img shape:(200, 200, 200), sx:2, sy:2, sz:2, num_conditions:2
condition:29, metric:[  0. 150. 150.]
condition:30, metric:[  0. 150. 150.]
condition batch eval, img shape:(200, 200, 200), sx:2, sy:2, sz:2, num_conditions:1
condition:31, metric:[  0. 150. 150.]
===>test image:/projects/weilab/liupeng/projects/frameworks/nnUNet/DATASET/nnUNet_preprocessed/Dataset200_Dataset101_CellMap_model_high_res/nnUNetPlans_3d_lowres_large_patch_test/jrc_sum159-4_crop219.npy
condition batch eval, img shape:(400, 400, 400), sx:5, sy:5, sz:5, num_conditions:2
condition:1, metric:[0.26003579 0.         0.        ]
condition:2, metric:[  0. 150. 150.]
condition batch eval, img shape:(400, 400, 400), sx:5, sy:5, sz:5, num_conditions:2
condition:3, metric:[0.81963144 0.         0.        ]
condition:4, metric:[  0. 150. 150.]
condition batch eval, img shape:(400, 400, 400), sx:5, sy:5, sz:5, num_conditions:2
condition:5, metric:[0.02693082 0.         0.        ]
condition:6, metric:[  0. 150. 150.]
condition batch eval, img shape:(400, 400, 400), sx:5, sy:5, sz:5, num_conditions:2
condition:7, metric:[  0. 150. 150.]
condition:8, metric:[0.06939513 0.         0.        ]
condition batch eval, img shape:(400, 400, 400), sx:5, sy:5, sz:5, num_conditions:2
condition:9, metric:[  0. 150. 150.]
condition:10, metric:[  0. 150. 150.]
condition batch eval, img shape:(400, 400, 400), sx:5, sy:5, sz:5, num_conditions:2
condition:11, metric:[  0. 150. 150.]
condition:12, metric:[  0. 150. 150.]
condition batch eval, img shape:(400, 400, 400), sx:5, sy:5, sz:5, num_conditions:2
condition:13, metric:[  0. 150. 150.]
condition:14, metric:[  0. 150. 150.]
condition batch eval, img shape:(400, 400, 400), sx:5, sy:5, sz:5, num_conditions:2
condition:15, metric:[  0. 150. 150.]
condition:16, metric:[0.00986431 0.         0.        ]
condition batch eval, img shape:(400, 400, 400), sx:5, sy:5, sz:5, num_conditions:2
condition:17, metric:[  0. 150. 150.]
condition:18, metric:[  0. 150. 150.]
condition batch eval, img shape:(400, 400, 400), sx:5, sy:5, sz:5, num_conditions:2
condition:19, metric:[  0. 150. 150.]
condition:20, metric:[  0. 150. 150.]
condition batch eval, img shape:(400, 400, 400), sx:5, sy:5, sz:5, num_conditions:2
condition:21, metric:[  0. 150. 150.]
condition:22, metric:[  0. 150. 150.]
condition batch eval, img shape:(400, 400, 400), sx:5, sy:5, sz:5, num_conditions:2
condition:23, metric:[  0. 150. 150.]
condition:24, metric:[  0. 150. 150.]
condition batch eval, img shape:(400, 400, 400), sx:5, sy:5, sz:5, num_conditions:2
condition:25, metric:[0.00673168 0.         0.        ]
condition:26, metric:[  0. 150. 150.]
condition batch eval, img shape:(400, 400, 400), sx:5, sy:5, sz:5, num_conditions:2
condition:27, metric:[0.00594207 0.         0.        ]
condition:28, metric:[  0. 150. 150.]
condition batch eval, img shape:(400, 400, 400), sx:5, sy:5, sz:5, num_conditions:2
condition:29, metric:[  0. 150. 150.]
condition:30, metric:[  0. 150. 150.]
condition batch eval, img shape:(400, 400, 400), sx:5, sy:5, sz:5, num_conditions:1
condition:31, metric:[  0. 150. 150.]
===>test image:/projects/weilab/liupeng/projects/frameworks/nnUNet/DATASET/nnUNet_preprocessed/Dataset200_Dataset101_CellMap_model_high_res/nnUNetPlans_3d_lowres_large_patch_test/jrc_macrophage-2_crop31.npy
condition batch eval, img shape:(160, 160, 160), sx:1, sy:1, sz:1, num_conditions:2
condition:1, metric:[0.1362283 0.        0.       ]
condition:2, metric:[  0. 150. 150.]
condition batch eval, img shape:(160, 160, 160), sx:1, sy:1, sz:1, num_conditions:2
condition:3, metric:[0.80822397 0.         0.        ]
condition:4, metric:[  0. 150. 150.]
condition batch eval, img shape:(160, 160, 160), sx:1, sy:1, sz:1, num_conditions:2
condition:5, metric:[0.21973692 0.         0.        ]
condition:6, metric:[  0. 150. 150.]
condition batch eval, img shape:(160, 160, 160), sx:1, sy:1, sz:1, num_conditions:2
condition:7, metric:[  0. 150. 150.]
condition:8, metric:[  0. 150. 150.]
condition batch eval, img shape:(160, 160, 160), sx:1, sy:1, sz:1, num_conditions:2
condition:9, metric:[  0. 150. 150.]
condition:10, metric:[  0. 150. 150.]
condition batch eval, img shape:(160, 160, 160), sx:1, sy:1, sz:1, num_conditions:2
condition:11, metric:[  0. 150. 150.]
condition:12, metric:[  0. 150. 150.]
condition batch eval, img shape:(160, 160, 160), sx:1, sy:1, sz:1, num_conditions:2
condition:13, metric:[  0. 150. 150.]
condition:14, metric:[  0. 150. 150.]
condition batch eval, img shape:(160, 160, 160), sx:1, sy:1, sz:1, num_conditions:2
condition:15, metric:[  0. 150. 150.]
condition:16, metric:[  0. 150. 150.]
condition batch eval, img shape:(160, 160, 160), sx:1, sy:1, sz:1, num_conditions:2
condition:17, metric:[  0. 150. 150.]
condition:18, metric:[  0. 150. 150.]
condition batch eval, img shape:(160, 160, 160), sx:1, sy:1, sz:1, num_conditions:2
condition:19, metric:[  0. 150. 150.]
condition:20, metric:[  0. 150. 150.]
condition batch eval, img shape:(160, 160, 160), sx:1, sy:1, sz:1, num_conditions:2
condition:21, metric:[  0. 150. 150.]
condition:22, metric:[  0. 150. 150.]
condition batch eval, img shape:(160, 160, 160), sx:1, sy:1, sz:1, num_conditions:2
condition:23, metric:[  0. 150. 150.]
condition:24, metric:[  0. 150. 150.]
condition batch eval, img shape:(160, 160, 160), sx:1, sy:1, sz:1, num_conditions:2
condition:25, metric:[  0. 150. 150.]
condition:26, metric:[  0. 150. 150.]
condition batch eval, img shape:(160, 160, 160), sx:1, sy:1, sz:1, num_conditions:2
condition:27, metric:[  0. 150. 150.]
condition:28, metric:[  0. 150. 150.]
condition batch eval, img shape:(160, 160, 160), sx:1, sy:1, sz:1, num_conditions:2
condition:29, metric:[  0. 150. 150.]
condition:30, metric:[  0. 150. 150.]
condition batch eval, img shape:(160, 160, 160), sx:1, sy:1, sz:1, num_conditions:1
condition:31, metric:[  0. 150. 150.]
Validation end
avg metric shape: (31, 3)
iteration 26000 : model2_dice_score : 0.038314 model2_hd95 : 130.645161
save model to ../model/CellMap_202_CondBaseline_cond_baseline_cellmap_highres_SGD_SGD/unet_3D_old/model2_iter_26000.pth
iteration 26020 : loss : 0.334629  loss_ce : 0.451364  loss_dice : 0.217893
iteration 26040 : loss : 0.249739  loss_ce : 0.348451  loss_dice : 0.151027
iteration 26060 : loss : 0.236532  loss_ce : 0.305909  loss_dice : 0.167155
iteration 26080 : loss : 0.082080  loss_ce : 0.126734  loss_dice : 0.037426
iteration 26100 : loss : 0.301599  loss_ce : 0.393638  loss_dice : 0.209560
iteration 26120 : loss : 0.254387  loss_ce : 0.357960  loss_dice : 0.150815
iteration 26140 : loss : 0.254773  loss_ce : 0.137136  loss_dice : 0.372410
iteration 26160 : loss : 0.057185  loss_ce : 0.089243  loss_dice : 0.025127
iteration 26180 : loss : 0.274590  loss_ce : 0.373962  loss_dice : 0.175217
iteration 26200 : loss : 0.244241  loss_ce : 0.350031  loss_dice : 0.138452
iteration 26220 : loss : 0.399540  loss_ce : 0.508384  loss_dice : 0.290696
iteration 26240 : loss : 0.253111  loss_ce : 0.231846  loss_dice : 0.274376
iteration 26260 : loss : 0.381840  loss_ce : 0.542187  loss_dice : 0.221493
iteration 26280 : loss : 0.133492  loss_ce : 0.163612  loss_dice : 0.103373
iteration 26300 : loss : 0.189992  loss_ce : 0.092675  loss_dice : 0.287308
iteration 26320 : loss : 0.277502  loss_ce : 0.112237  loss_dice : 0.442767
iteration 26340 : loss : 0.247702  loss_ce : 0.190980  loss_dice : 0.304423
iteration 26360 : loss : 0.347391  loss_ce : 0.278192  loss_dice : 0.416591
iteration 26380 : loss : 0.050030  loss_ce : 0.078626  loss_dice : 0.021434
iteration 26400 : loss : 0.115917  loss_ce : 0.174007  loss_dice : 0.057826
began evaluation!
iteration 26400: validation sampled 4/17 cases
Total test images: 4
Validation begin
===>test image:/projects/weilab/liupeng/projects/frameworks/nnUNet/DATASET/nnUNet_preprocessed/Dataset200_Dataset101_CellMap_model_high_res/nnUNetPlans_3d_lowres_large_patch_test/jrc_mus-liver-zon-2_crop342.npy
condition batch eval, img shape:(400, 400, 400), sx:5, sy:5, sz:5, num_conditions:2
condition:1, metric:[0.62245129 0.         0.        ]
condition:2, metric:[  0. 150. 150.]
condition batch eval, img shape:(400, 400, 400), sx:5, sy:5, sz:5, num_conditions:2
condition:3, metric:[0.8228653 0.        0.       ]
condition:4, metric:[  0. 150. 150.]
condition batch eval, img shape:(400, 400, 400), sx:5, sy:5, sz:5, num_conditions:2
condition:5, metric:[0. 0. 0.]
condition:6, metric:[  0. 150. 150.]
condition batch eval, img shape:(400, 400, 400), sx:5, sy:5, sz:5, num_conditions:2
condition:7, metric:[  0. 150. 150.]
condition:8, metric:[  0. 150. 150.]
condition batch eval, img shape:(400, 400, 400), sx:5, sy:5, sz:5, num_conditions:2
condition:9, metric:[  0. 150. 150.]
condition:10, metric:[  0. 150. 150.]
condition batch eval, img shape:(400, 400, 400), sx:5, sy:5, sz:5, num_conditions:2
condition:11, metric:[  0. 150. 150.]
condition:12, metric:[  0. 150. 150.]
condition batch eval, img shape:(400, 400, 400), sx:5, sy:5, sz:5, num_conditions:2
condition:13, metric:[  0. 150. 150.]
condition:14, metric:[  0. 150. 150.]
condition batch eval, img shape:(400, 400, 400), sx:5, sy:5, sz:5, num_conditions:2
condition:15, metric:[  0. 150. 150.]
condition:16, metric:[  0. 150. 150.]
condition batch eval, img shape:(400, 400, 400), sx:5, sy:5, sz:5, num_conditions:2
condition:17, metric:[  0. 150. 150.]
condition:18, metric:[  0. 150. 150.]
condition batch eval, img shape:(400, 400, 400), sx:5, sy:5, sz:5, num_conditions:2
condition:19, metric:[  0. 150. 150.]
condition:20, metric:[  0. 150. 150.]
condition batch eval, img shape:(400, 400, 400), sx:5, sy:5, sz:5, num_conditions:2
condition:21, metric:[  0. 150. 150.]
condition:22, metric:[  0. 150. 150.]
condition batch eval, img shape:(400, 400, 400), sx:5, sy:5, sz:5, num_conditions:2
condition:23, metric:[  0. 150. 150.]
condition:24, metric:[  0. 150. 150.]
condition batch eval, img shape:(400, 400, 400), sx:5, sy:5, sz:5, num_conditions:2
condition:25, metric:[7.70271584e-06 0.00000000e+00 0.00000000e+00]
condition:26, metric:[  0. 150. 150.]
condition batch eval, img shape:(400, 400, 400), sx:5, sy:5, sz:5, num_conditions:2
condition:27, metric:[0.30521946 0.         0.        ]
condition:28, metric:[  0. 150. 150.]
condition batch eval, img shape:(400, 400, 400), sx:5, sy:5, sz:5, num_conditions:2
condition:29, metric:[  0. 150. 150.]
condition:30, metric:[  0. 150. 150.]
condition batch eval, img shape:(400, 400, 400), sx:5, sy:5, sz:5, num_conditions:1
condition:31, metric:[  0. 150. 150.]
===>test image:/projects/weilab/liupeng/projects/frameworks/nnUNet/DATASET/nnUNet_preprocessed/Dataset200_Dataset101_CellMap_model_high_res/nnUNetPlans_3d_lowres_large_patch_test/jrc_jurkat-1_crop126.npy
condition batch eval, img shape:(200, 200, 200), sx:2, sy:2, sz:2, num_conditions:2
condition:1, metric:[0.00736185 0.         0.        ]
condition:2, metric:[  0. 150. 150.]
condition batch eval, img shape:(200, 200, 200), sx:2, sy:2, sz:2, num_conditions:2
condition:3, metric:[0.70064999 0.         0.        ]
condition:4, metric:[0. 0. 0.]
condition batch eval, img shape:(200, 200, 200), sx:2, sy:2, sz:2, num_conditions:2
condition:5, metric:[0.05849922 0.         0.        ]
condition:6, metric:[  0. 150. 150.]
condition batch eval, img shape:(200, 200, 200), sx:2, sy:2, sz:2, num_conditions:2
condition:7, metric:[  0. 150. 150.]
condition:8, metric:[  0. 150. 150.]
condition batch eval, img shape:(200, 200, 200), sx:2, sy:2, sz:2, num_conditions:2
condition:9, metric:[  0. 150. 150.]
condition:10, metric:[  0. 150. 150.]
condition batch eval, img shape:(200, 200, 200), sx:2, sy:2, sz:2, num_conditions:2
condition:11, metric:[  0. 150. 150.]
condition:12, metric:[  0. 150. 150.]
condition batch eval, img shape:(200, 200, 200), sx:2, sy:2, sz:2, num_conditions:2
condition:13, metric:[  0. 150. 150.]
condition:14, metric:[  0. 150. 150.]
condition batch eval, img shape:(200, 200, 200), sx:2, sy:2, sz:2, num_conditions:2
condition:15, metric:[  0. 150. 150.]
condition:16, metric:[  0. 150. 150.]
condition batch eval, img shape:(200, 200, 200), sx:2, sy:2, sz:2, num_conditions:2
condition:17, metric:[  0. 150. 150.]
condition:18, metric:[  0. 150. 150.]
condition batch eval, img shape:(200, 200, 200), sx:2, sy:2, sz:2, num_conditions:2
condition:19, metric:[  0. 150. 150.]
condition:20, metric:[  0. 150. 150.]
condition batch eval, img shape:(200, 200, 200), sx:2, sy:2, sz:2, num_conditions:2
condition:21, metric:[  0. 150. 150.]
condition:22, metric:[  0. 150. 150.]
condition batch eval, img shape:(200, 200, 200), sx:2, sy:2, sz:2, num_conditions:2
condition:23, metric:[  0. 150. 150.]
condition:24, metric:[  0. 150. 150.]
condition batch eval, img shape:(200, 200, 200), sx:2, sy:2, sz:2, num_conditions:2
condition:25, metric:[  0. 150. 150.]
condition:26, metric:[  0. 150. 150.]
condition batch eval, img shape:(200, 200, 200), sx:2, sy:2, sz:2, num_conditions:2
condition:27, metric:[  0. 150. 150.]
condition:28, metric:[  0. 150. 150.]
condition batch eval, img shape:(200, 200, 200), sx:2, sy:2, sz:2, num_conditions:2
condition:29, metric:[  0. 150. 150.]
condition:30, metric:[  0. 150. 150.]
condition batch eval, img shape:(200, 200, 200), sx:2, sy:2, sz:2, num_conditions:1
condition:31, metric:[  0. 150. 150.]
===>test image:/projects/weilab/liupeng/projects/frameworks/nnUNet/DATASET/nnUNet_preprocessed/Dataset200_Dataset101_CellMap_model_high_res/nnUNetPlans_3d_lowres_large_patch_test/jrc_sum159-1_crop20.npy
condition batch eval, img shape:(200, 200, 160), sx:2, sy:2, sz:1, num_conditions:2
condition:1, metric:[  0. 150. 150.]
condition:2, metric:[  0. 150. 150.]
condition batch eval, img shape:(200, 200, 160), sx:2, sy:2, sz:1, num_conditions:2
condition:3, metric:[0.63559049 0.         0.        ]
condition:4, metric:[  0. 150. 150.]
condition batch eval, img shape:(200, 200, 160), sx:2, sy:2, sz:1, num_conditions:2
condition:5, metric:[0.0035523 0.        0.       ]
condition:6, metric:[  0. 150. 150.]
condition batch eval, img shape:(200, 200, 160), sx:2, sy:2, sz:1, num_conditions:2
condition:7, metric:[  0. 150. 150.]
condition:8, metric:[  0. 150. 150.]
condition batch eval, img shape:(200, 200, 160), sx:2, sy:2, sz:1, num_conditions:2
condition:9, metric:[  0. 150. 150.]
condition:10, metric:[  0. 150. 150.]
condition batch eval, img shape:(200, 200, 160), sx:2, sy:2, sz:1, num_conditions:2
condition:11, metric:[  0. 150. 150.]
condition:12, metric:[  0. 150. 150.]
condition batch eval, img shape:(200, 200, 160), sx:2, sy:2, sz:1, num_conditions:2
condition:13, metric:[  0. 150. 150.]
condition:14, metric:[  0. 150. 150.]
condition batch eval, img shape:(200, 200, 160), sx:2, sy:2, sz:1, num_conditions:2
condition:15, metric:[  0. 150. 150.]
condition:16, metric:[0.05644416 0.         0.        ]
condition batch eval, img shape:(200, 200, 160), sx:2, sy:2, sz:1, num_conditions:2
condition:17, metric:[  0. 150. 150.]
condition:18, metric:[  0. 150. 150.]
condition batch eval, img shape:(200, 200, 160), sx:2, sy:2, sz:1, num_conditions:2
condition:19, metric:[  0. 150. 150.]
condition:20, metric:[  0. 150. 150.]
condition batch eval, img shape:(200, 200, 160), sx:2, sy:2, sz:1, num_conditions:2
condition:21, metric:[  0. 150. 150.]
condition:22, metric:[  0. 150. 150.]
condition batch eval, img shape:(200, 200, 160), sx:2, sy:2, sz:1, num_conditions:2
condition:23, metric:[  0. 150. 150.]
condition:24, metric:[  0. 150. 150.]
condition batch eval, img shape:(200, 200, 160), sx:2, sy:2, sz:1, num_conditions:2
condition:25, metric:[  0. 150. 150.]
condition:26, metric:[  0. 150. 150.]
condition batch eval, img shape:(200, 200, 160), sx:2, sy:2, sz:1, num_conditions:2
condition:27, metric:[  0. 150. 150.]
condition:28, metric:[  0. 150. 150.]
condition batch eval, img shape:(200, 200, 160), sx:2, sy:2, sz:1, num_conditions:2
condition:29, metric:[  0. 150. 150.]
condition:30, metric:[  0. 150. 150.]
condition batch eval, img shape:(200, 200, 160), sx:2, sy:2, sz:1, num_conditions:1
condition:31, metric:[  0. 150. 150.]
===>test image:/projects/weilab/liupeng/projects/frameworks/nnUNet/DATASET/nnUNet_preprocessed/Dataset200_Dataset101_CellMap_model_high_res/nnUNetPlans_3d_lowres_large_patch_test/jrc_cos7-1a_crop236.npy
condition batch eval, img shape:(200, 200, 200), sx:2, sy:2, sz:2, num_conditions:2
condition:1, metric:[  0. 150. 150.]
condition:2, metric:[  0. 150. 150.]
condition batch eval, img shape:(200, 200, 200), sx:2, sy:2, sz:2, num_conditions:2
condition:3, metric:[0.93695768 0.         0.        ]
condition:4, metric:[0. 0. 0.]
condition batch eval, img shape:(200, 200, 200), sx:2, sy:2, sz:2, num_conditions:2
condition:5, metric:[0.08733986 0.         0.        ]
condition:6, metric:[  0. 150. 150.]
condition batch eval, img shape:(200, 200, 200), sx:2, sy:2, sz:2, num_conditions:2
condition:7, metric:[  0. 150. 150.]
condition:8, metric:[  0. 150. 150.]
condition batch eval, img shape:(200, 200, 200), sx:2, sy:2, sz:2, num_conditions:2
condition:9, metric:[  0. 150. 150.]
condition:10, metric:[  0. 150. 150.]
condition batch eval, img shape:(200, 200, 200), sx:2, sy:2, sz:2, num_conditions:2
condition:11, metric:[  0. 150. 150.]
condition:12, metric:[  0. 150. 150.]
condition batch eval, img shape:(200, 200, 200), sx:2, sy:2, sz:2, num_conditions:2
condition:13, metric:[  0. 150. 150.]
condition:14, metric:[  0. 150. 150.]
condition batch eval, img shape:(200, 200, 200), sx:2, sy:2, sz:2, num_conditions:2
condition:15, metric:[  0. 150. 150.]
condition:16, metric:[  0. 150. 150.]
condition batch eval, img shape:(200, 200, 200), sx:2, sy:2, sz:2, num_conditions:2
condition:17, metric:[  0. 150. 150.]
condition:18, metric:[  0. 150. 150.]
condition batch eval, img shape:(200, 200, 200), sx:2, sy:2, sz:2, num_conditions:2
condition:19, metric:[  0. 150. 150.]
condition:20, metric:[  0. 150. 150.]
condition batch eval, img shape:(200, 200, 200), sx:2, sy:2, sz:2, num_conditions:2
condition:21, metric:[  0. 150. 150.]
condition:22, metric:[  0. 150. 150.]
condition batch eval, img shape:(200, 200, 200), sx:2, sy:2, sz:2, num_conditions:2
condition:23, metric:[  0. 150. 150.]
condition:24, metric:[  0. 150. 150.]
condition batch eval, img shape:(200, 200, 200), sx:2, sy:2, sz:2, num_conditions:2
condition:25, metric:[  0. 150. 150.]
condition:26, metric:[  0. 150. 150.]
condition batch eval, img shape:(200, 200, 200), sx:2, sy:2, sz:2, num_conditions:2
condition:27, metric:[  0. 150. 150.]
condition:28, metric:[  0. 150. 150.]
condition batch eval, img shape:(200, 200, 200), sx:2, sy:2, sz:2, num_conditions:2
condition:29, metric:[  0. 150. 150.]
condition:30, metric:[  0. 150. 150.]
condition batch eval, img shape:(200, 200, 200), sx:2, sy:2, sz:2, num_conditions:1
condition:31, metric:[  0. 150. 150.]
Validation end
avg metric shape: (31, 3)
iteration 26400 : model2_dice_score : 0.034169 model2_hd95 : 131.854839
save model to ../model/CellMap_202_CondBaseline_cond_baseline_cellmap_highres_SGD_SGD/unet_3D_old/model2_iter_26400.pth
iteration 26420 : loss : 0.218723  loss_ce : 0.116386  loss_dice : 0.321061
iteration 26440 : loss : 0.343946  loss_ce : 0.471052  loss_dice : 0.216840
iteration 26460 : loss : 0.137664  loss_ce : 0.211909  loss_dice : 0.063419
iteration 26480 : loss : 0.226852  loss_ce : 0.198232  loss_dice : 0.255471
iteration 26500 : loss : 0.134480  loss_ce : 0.171161  loss_dice : 0.097799
iteration 26520 : loss : 0.147525  loss_ce : 0.182526  loss_dice : 0.112524
iteration 26540 : loss : 0.048776  loss_ce : 0.075853  loss_dice : 0.021698
iteration 26560 : loss : 0.274005  loss_ce : 0.378543  loss_dice : 0.169467
iteration 26580 : loss : 0.209978  loss_ce : 0.273503  loss_dice : 0.146454
iteration 26600 : loss : 0.137364  loss_ce : 0.154127  loss_dice : 0.120600
iteration 26620 : loss : 0.174575  loss_ce : 0.259283  loss_dice : 0.089867
iteration 26640 : loss : 0.282788  loss_ce : 0.196360  loss_dice : 0.369216
iteration 26660 : loss : 0.291917  loss_ce : 0.376544  loss_dice : 0.207289
iteration 26680 : loss : 0.188096  loss_ce : 0.270842  loss_dice : 0.105350
iteration 26700 : loss : 0.171228  loss_ce : 0.202990  loss_dice : 0.139467
iteration 26720 : loss : 0.058235  loss_ce : 0.094266  loss_dice : 0.022205
iteration 26740 : loss : 0.123883  loss_ce : 0.173902  loss_dice : 0.073863
iteration 26760 : loss : 0.130602  loss_ce : 0.173212  loss_dice : 0.087993
iteration 26780 : loss : 0.022428  loss_ce : 0.037409  loss_dice : 0.007446
iteration 26800 : loss : 0.124865  loss_ce : 0.180885  loss_dice : 0.068845
began evaluation!
iteration 26800: validation sampled 4/17 cases
Total test images: 4
Validation begin
===>test image:/projects/weilab/liupeng/projects/frameworks/nnUNet/DATASET/nnUNet_preprocessed/Dataset200_Dataset101_CellMap_model_high_res/nnUNetPlans_3d_lowres_large_patch_test/jrc_mus-liver_crop125.npy
condition batch eval, img shape:(400, 400, 400), sx:5, sy:5, sz:5, num_conditions:2
condition:1, metric:[0.88413504 0.         0.        ]
condition:2, metric:[  0. 150. 150.]
condition batch eval, img shape:(400, 400, 400), sx:5, sy:5, sz:5, num_conditions:2
condition:3, metric:[0.69484796 0.         0.        ]
condition:4, metric:[  0. 150. 150.]
condition batch eval, img shape:(400, 400, 400), sx:5, sy:5, sz:5, num_conditions:2
condition:5, metric:[0. 0. 0.]
condition:6, metric:[  0. 150. 150.]
condition batch eval, img shape:(400, 400, 400), sx:5, sy:5, sz:5, num_conditions:2
condition:7, metric:[  0. 150. 150.]
condition:8, metric:[  0. 150. 150.]
condition batch eval, img shape:(400, 400, 400), sx:5, sy:5, sz:5, num_conditions:2
condition:9, metric:[  0. 150. 150.]
condition:10, metric:[  0. 150. 150.]
condition batch eval, img shape:(400, 400, 400), sx:5, sy:5, sz:5, num_conditions:2
condition:11, metric:[  0. 150. 150.]
condition:12, metric:[  0. 150. 150.]
condition batch eval, img shape:(400, 400, 400), sx:5, sy:5, sz:5, num_conditions:2
condition:13, metric:[  0. 150. 150.]
condition:14, metric:[  0. 150. 150.]
condition batch eval, img shape:(400, 400, 400), sx:5, sy:5, sz:5, num_conditions:2
condition:15, metric:[  0. 150. 150.]
condition:16, metric:[  0. 150. 150.]
condition batch eval, img shape:(400, 400, 400), sx:5, sy:5, sz:5, num_conditions:2
condition:17, metric:[  0. 150. 150.]
condition:18, metric:[  0. 150. 150.]
condition batch eval, img shape:(400, 400, 400), sx:5, sy:5, sz:5, num_conditions:2
condition:19, metric:[  0. 150. 150.]
condition:20, metric:[  0. 150. 150.]
condition batch eval, img shape:(400, 400, 400), sx:5, sy:5, sz:5, num_conditions:2
condition:21, metric:[  0. 150. 150.]
condition:22, metric:[  0. 150. 150.]
condition batch eval, img shape:(400, 400, 400), sx:5, sy:5, sz:5, num_conditions:2
condition:23, metric:[  0. 150. 150.]
condition:24, metric:[  0. 150. 150.]
condition batch eval, img shape:(400, 400, 400), sx:5, sy:5, sz:5, num_conditions:2
condition:25, metric:[  0. 150. 150.]
condition:26, metric:[  0. 150. 150.]
condition batch eval, img shape:(400, 400, 400), sx:5, sy:5, sz:5, num_conditions:2
condition:27, metric:[  0. 150. 150.]
condition:28, metric:[  0. 150. 150.]
condition batch eval, img shape:(400, 400, 400), sx:5, sy:5, sz:5, num_conditions:2
condition:29, metric:[  0. 150. 150.]
condition:30, metric:[  0. 150. 150.]
condition batch eval, img shape:(400, 400, 400), sx:5, sy:5, sz:5, num_conditions:1
condition:31, metric:[  0. 150. 150.]
===>test image:/projects/weilab/liupeng/projects/frameworks/nnUNet/DATASET/nnUNet_preprocessed/Dataset200_Dataset101_CellMap_model_high_res/nnUNetPlans_3d_lowres_large_patch_test/jrc_jurkat-1_crop126.npy
condition batch eval, img shape:(200, 200, 200), sx:2, sy:2, sz:2, num_conditions:2
condition:1, metric:[0.00514243 0.         0.        ]
condition:2, metric:[  0. 150. 150.]
condition batch eval, img shape:(200, 200, 200), sx:2, sy:2, sz:2, num_conditions:2
condition:3, metric:[0.78082358 0.         0.        ]
condition:4, metric:[0. 0. 0.]
condition batch eval, img shape:(200, 200, 200), sx:2, sy:2, sz:2, num_conditions:2
condition:5, metric:[0.0345795 0.        0.       ]
condition:6, metric:[  0. 150. 150.]
condition batch eval, img shape:(200, 200, 200), sx:2, sy:2, sz:2, num_conditions:2
condition:7, metric:[  0. 150. 150.]
condition:8, metric:[  0. 150. 150.]
condition batch eval, img shape:(200, 200, 200), sx:2, sy:2, sz:2, num_conditions:2
condition:9, metric:[  0. 150. 150.]
condition:10, metric:[  0. 150. 150.]
condition batch eval, img shape:(200, 200, 200), sx:2, sy:2, sz:2, num_conditions:2
condition:11, metric:[  0. 150. 150.]
condition:12, metric:[  0. 150. 150.]
condition batch eval, img shape:(200, 200, 200), sx:2, sy:2, sz:2, num_conditions:2
condition:13, metric:[  0. 150. 150.]
condition:14, metric:[  0. 150. 150.]
condition batch eval, img shape:(200, 200, 200), sx:2, sy:2, sz:2, num_conditions:2
condition:15, metric:[  0. 150. 150.]
condition:16, metric:[  0. 150. 150.]
condition batch eval, img shape:(200, 200, 200), sx:2, sy:2, sz:2, num_conditions:2
condition:17, metric:[  0. 150. 150.]
condition:18, metric:[  0. 150. 150.]
condition batch eval, img shape:(200, 200, 200), sx:2, sy:2, sz:2, num_conditions:2
condition:19, metric:[  0. 150. 150.]
condition:20, metric:[  0. 150. 150.]
condition batch eval, img shape:(200, 200, 200), sx:2, sy:2, sz:2, num_conditions:2
condition:21, metric:[  0. 150. 150.]
condition:22, metric:[  0. 150. 150.]
condition batch eval, img shape:(200, 200, 200), sx:2, sy:2, sz:2, num_conditions:2
condition:23, metric:[  0. 150. 150.]
condition:24, metric:[  0. 150. 150.]
condition batch eval, img shape:(200, 200, 200), sx:2, sy:2, sz:2, num_conditions:2
condition:25, metric:[  0. 150. 150.]
condition:26, metric:[  0. 150. 150.]
condition batch eval, img shape:(200, 200, 200), sx:2, sy:2, sz:2, num_conditions:2
condition:27, metric:[  0. 150. 150.]
condition:28, metric:[  0. 150. 150.]
condition batch eval, img shape:(200, 200, 200), sx:2, sy:2, sz:2, num_conditions:2
condition:29, metric:[  0. 150. 150.]
condition:30, metric:[  0. 150. 150.]
condition batch eval, img shape:(200, 200, 200), sx:2, sy:2, sz:2, num_conditions:1
condition:31, metric:[  0. 150. 150.]
===>test image:/projects/weilab/liupeng/projects/frameworks/nnUNet/DATASET/nnUNet_preprocessed/Dataset200_Dataset101_CellMap_model_high_res/nnUNetPlans_3d_lowres_large_patch_test/jrc_mus-liver-zon-1_crop266.npy
condition batch eval, img shape:(400, 400, 400), sx:5, sy:5, sz:5, num_conditions:2
condition:1, metric:[  0. 150. 150.]
condition:2, metric:[  0. 150. 150.]
condition batch eval, img shape:(400, 400, 400), sx:5, sy:5, sz:5, num_conditions:2
condition:3, metric:[0.82366208 0.         0.        ]
condition:4, metric:[  0. 150. 150.]
condition batch eval, img shape:(400, 400, 400), sx:5, sy:5, sz:5, num_conditions:2
condition:5, metric:[0.00518893 0.         0.        ]
condition:6, metric:[  0. 150. 150.]
condition batch eval, img shape:(400, 400, 400), sx:5, sy:5, sz:5, num_conditions:2
condition:7, metric:[  0. 150. 150.]
condition:8, metric:[  0. 150. 150.]
condition batch eval, img shape:(400, 400, 400), sx:5, sy:5, sz:5, num_conditions:2
condition:9, metric:[  0. 150. 150.]
condition:10, metric:[  0. 150. 150.]
condition batch eval, img shape:(400, 400, 400), sx:5, sy:5, sz:5, num_conditions:2
condition:11, metric:[  0. 150. 150.]
condition:12, metric:[  0. 150. 150.]
condition batch eval, img shape:(400, 400, 400), sx:5, sy:5, sz:5, num_conditions:2
condition:13, metric:[  0. 150. 150.]
condition:14, metric:[  0. 150. 150.]
condition batch eval, img shape:(400, 400, 400), sx:5, sy:5, sz:5, num_conditions:2
condition:15, metric:[  0. 150. 150.]
condition:16, metric:[  0. 150. 150.]
condition batch eval, img shape:(400, 400, 400), sx:5, sy:5, sz:5, num_conditions:2
condition:17, metric:[  0. 150. 150.]
condition:18, metric:[  0. 150. 150.]
condition batch eval, img shape:(400, 400, 400), sx:5, sy:5, sz:5, num_conditions:2
condition:19, metric:[  0. 150. 150.]
condition:20, metric:[  0. 150. 150.]
condition batch eval, img shape:(400, 400, 400), sx:5, sy:5, sz:5, num_conditions:2
condition:21, metric:[  0. 150. 150.]
condition:22, metric:[  0. 150. 150.]
condition batch eval, img shape:(400, 400, 400), sx:5, sy:5, sz:5, num_conditions:2
condition:23, metric:[  0. 150. 150.]
condition:24, metric:[  0. 150. 150.]
condition batch eval, img shape:(400, 400, 400), sx:5, sy:5, sz:5, num_conditions:2
condition:25, metric:[0.00178073 0.         0.        ]
condition:26, metric:[  0. 150. 150.]
condition batch eval, img shape:(400, 400, 400), sx:5, sy:5, sz:5, num_conditions:2
condition:27, metric:[0.64671308 0.         0.        ]
condition:28, metric:[  0. 150. 150.]
condition batch eval, img shape:(400, 400, 400), sx:5, sy:5, sz:5, num_conditions:2
condition:29, metric:[  0. 150. 150.]
condition:30, metric:[  0. 150. 150.]
condition batch eval, img shape:(400, 400, 400), sx:5, sy:5, sz:5, num_conditions:1
condition:31, metric:[  0. 150. 150.]
===>test image:/projects/weilab/liupeng/projects/frameworks/nnUNet/DATASET/nnUNet_preprocessed/Dataset200_Dataset101_CellMap_model_high_res/nnUNetPlans_3d_lowres_large_patch_test/jrc_mus-liver-zon-2_crop342.npy
condition batch eval, img shape:(400, 400, 400), sx:5, sy:5, sz:5, num_conditions:2
condition:1, metric:[0.62952239 0.         0.        ]
condition:2, metric:[  0. 150. 150.]
condition batch eval, img shape:(400, 400, 400), sx:5, sy:5, sz:5, num_conditions:2
condition:3, metric:[0.7705416 0.        0.       ]
condition:4, metric:[  0. 150. 150.]
condition batch eval, img shape:(400, 400, 400), sx:5, sy:5, sz:5, num_conditions:2
condition:5, metric:[0. 0. 0.]
condition:6, metric:[  0. 150. 150.]
condition batch eval, img shape:(400, 400, 400), sx:5, sy:5, sz:5, num_conditions:2
condition:7, metric:[  0. 150. 150.]
condition:8, metric:[  0. 150. 150.]
condition batch eval, img shape:(400, 400, 400), sx:5, sy:5, sz:5, num_conditions:2
condition:9, metric:[  0. 150. 150.]
condition:10, metric:[  0. 150. 150.]
condition batch eval, img shape:(400, 400, 400), sx:5, sy:5, sz:5, num_conditions:2
condition:11, metric:[  0. 150. 150.]
condition:12, metric:[  0. 150. 150.]
condition batch eval, img shape:(400, 400, 400), sx:5, sy:5, sz:5, num_conditions:2
condition:13, metric:[  0. 150. 150.]
condition:14, metric:[  0. 150. 150.]
condition batch eval, img shape:(400, 400, 400), sx:5, sy:5, sz:5, num_conditions:2
condition:15, metric:[  0. 150. 150.]
condition:16, metric:[  0. 150. 150.]
condition batch eval, img shape:(400, 400, 400), sx:5, sy:5, sz:5, num_conditions:2
condition:17, metric:[  0. 150. 150.]
condition:18, metric:[  0. 150. 150.]
condition batch eval, img shape:(400, 400, 400), sx:5, sy:5, sz:5, num_conditions:2
condition:19, metric:[  0. 150. 150.]
condition:20, metric:[  0. 150. 150.]
condition batch eval, img shape:(400, 400, 400), sx:5, sy:5, sz:5, num_conditions:2
condition:21, metric:[  0. 150. 150.]
condition:22, metric:[  0. 150. 150.]
condition batch eval, img shape:(400, 400, 400), sx:5, sy:5, sz:5, num_conditions:2
condition:23, metric:[  0. 150. 150.]
condition:24, metric:[  0. 150. 150.]
condition batch eval, img shape:(400, 400, 400), sx:5, sy:5, sz:5, num_conditions:2
condition:25, metric:[8.77579948e-06 0.00000000e+00 0.00000000e+00]
condition:26, metric:[  0. 150. 150.]
condition batch eval, img shape:(400, 400, 400), sx:5, sy:5, sz:5, num_conditions:2
condition:27, metric:[0.3298364 0.        0.       ]
condition:28, metric:[  0. 150. 150.]
condition batch eval, img shape:(400, 400, 400), sx:5, sy:5, sz:5, num_conditions:2
condition:29, metric:[  0. 150. 150.]
condition:30, metric:[  0. 150. 150.]
condition batch eval, img shape:(400, 400, 400), sx:5, sy:5, sz:5, num_conditions:1
condition:31, metric:[  0. 150. 150.]
Validation end
avg metric shape: (31, 3)
save model to ../model/CellMap_202_CondBaseline_cond_baseline_cellmap_highres_SGD_SGD/unet_3D_old/iter_26800_dice_0.0452
iteration 26800 : model2_dice_score : 0.045216 model2_hd95 : 130.645161
save model to ../model/CellMap_202_CondBaseline_cond_baseline_cellmap_highres_SGD_SGD/unet_3D_old/model2_iter_26800.pth
iteration 26820 : loss : 0.363491  loss_ce : 0.510000  loss_dice : 0.216981
iteration 26840 : loss : 0.086357  loss_ce : 0.127614  loss_dice : 0.045101
iteration 26860 : loss : 0.100195  loss_ce : 0.145897  loss_dice : 0.054493
iteration 26880 : loss : 0.415538  loss_ce : 0.576973  loss_dice : 0.254103
iteration 26900 : loss : 0.263161  loss_ce : 0.341091  loss_dice : 0.185232
iteration 26920 : loss : 0.042074  loss_ce : 0.068595  loss_dice : 0.015552
iteration 26940 : loss : 0.131342  loss_ce : 0.191364  loss_dice : 0.071319
iteration 26960 : loss : 0.194474  loss_ce : 0.121929  loss_dice : 0.267020
iteration 26980 : loss : 0.092269  loss_ce : 0.112148  loss_dice : 0.072390
iteration 27000 : loss : 0.269092  loss_ce : 0.252952  loss_dice : 0.285232
iteration 27020 : loss : 0.204156  loss_ce : 0.283660  loss_dice : 0.124652
iteration 27040 : loss : 0.090797  loss_ce : 0.136537  loss_dice : 0.045057
iteration 27060 : loss : 0.059335  loss_ce : 0.097722  loss_dice : 0.020947
iteration 27080 : loss : 0.329938  loss_ce : 0.195774  loss_dice : 0.464101
iteration 27100 : loss : 0.200952  loss_ce : 0.252781  loss_dice : 0.149123
iteration 27120 : loss : 0.103090  loss_ce : 0.157212  loss_dice : 0.048969
iteration 27140 : loss : 0.217447  loss_ce : 0.286412  loss_dice : 0.148482
iteration 27160 : loss : 0.020040  loss_ce : 0.035352  loss_dice : 0.004729
iteration 27180 : loss : 0.267054  loss_ce : 0.331368  loss_dice : 0.202739
iteration 27200 : loss : 0.126846  loss_ce : 0.184109  loss_dice : 0.069583
began evaluation!
iteration 27200: validation sampled 4/17 cases
Total test images: 4
Validation begin
===>test image:/projects/weilab/liupeng/projects/frameworks/nnUNet/DATASET/nnUNet_preprocessed/Dataset200_Dataset101_CellMap_model_high_res/nnUNetPlans_3d_lowres_large_patch_test/jrc_mus-liver_crop125.npy
condition batch eval, img shape:(400, 400, 400), sx:5, sy:5, sz:5, num_conditions:2
condition:1, metric:[0.86959457 0.         0.        ]
condition:2, metric:[  0. 150. 150.]
condition batch eval, img shape:(400, 400, 400), sx:5, sy:5, sz:5, num_conditions:2
condition:3, metric:[0.7023731 0.        0.       ]
condition:4, metric:[  0. 150. 150.]
condition batch eval, img shape:(400, 400, 400), sx:5, sy:5, sz:5, num_conditions:2
condition:5, metric:[0. 0. 0.]
condition:6, metric:[  0. 150. 150.]
condition batch eval, img shape:(400, 400, 400), sx:5, sy:5, sz:5, num_conditions:2
condition:7, metric:[  0. 150. 150.]
condition:8, metric:[  0. 150. 150.]
condition batch eval, img shape:(400, 400, 400), sx:5, sy:5, sz:5, num_conditions:2
condition:9, metric:[  0. 150. 150.]
condition:10, metric:[  0. 150. 150.]
condition batch eval, img shape:(400, 400, 400), sx:5, sy:5, sz:5, num_conditions:2
condition:11, metric:[  0. 150. 150.]
condition:12, metric:[  0. 150. 150.]
condition batch eval, img shape:(400, 400, 400), sx:5, sy:5, sz:5, num_conditions:2
condition:13, metric:[  0. 150. 150.]
condition:14, metric:[  0. 150. 150.]
condition batch eval, img shape:(400, 400, 400), sx:5, sy:5, sz:5, num_conditions:2
condition:15, metric:[  0. 150. 150.]
condition:16, metric:[  0. 150. 150.]
condition batch eval, img shape:(400, 400, 400), sx:5, sy:5, sz:5, num_conditions:2
condition:17, metric:[  0. 150. 150.]
condition:18, metric:[  0. 150. 150.]
condition batch eval, img shape:(400, 400, 400), sx:5, sy:5, sz:5, num_conditions:2
condition:19, metric:[  0. 150. 150.]
condition:20, metric:[  0. 150. 150.]
condition batch eval, img shape:(400, 400, 400), sx:5, sy:5, sz:5, num_conditions:2
condition:21, metric:[  0. 150. 150.]
condition:22, metric:[  0. 150. 150.]
condition batch eval, img shape:(400, 400, 400), sx:5, sy:5, sz:5, num_conditions:2
condition:23, metric:[  0. 150. 150.]
condition:24, metric:[  0. 150. 150.]
condition batch eval, img shape:(400, 400, 400), sx:5, sy:5, sz:5, num_conditions:2
condition:25, metric:[  0. 150. 150.]
condition:26, metric:[  0. 150. 150.]
condition batch eval, img shape:(400, 400, 400), sx:5, sy:5, sz:5, num_conditions:2
condition:27, metric:[  0. 150. 150.]
condition:28, metric:[  0. 150. 150.]
condition batch eval, img shape:(400, 400, 400), sx:5, sy:5, sz:5, num_conditions:2
condition:29, metric:[  0. 150. 150.]
condition:30, metric:[  0. 150. 150.]
condition batch eval, img shape:(400, 400, 400), sx:5, sy:5, sz:5, num_conditions:1
condition:31, metric:[  0. 150. 150.]
===>test image:/projects/weilab/liupeng/projects/frameworks/nnUNet/DATASET/nnUNet_preprocessed/Dataset200_Dataset101_CellMap_model_high_res/nnUNetPlans_3d_lowres_large_patch_test/jrc_mus-liver-zon-1_crop266.npy
condition batch eval, img shape:(400, 400, 400), sx:5, sy:5, sz:5, num_conditions:2
condition:1, metric:[  0. 150. 150.]
condition:2, metric:[  0. 150. 150.]
condition batch eval, img shape:(400, 400, 400), sx:5, sy:5, sz:5, num_conditions:2
condition:3, metric:[0.75374198 0.         0.        ]
condition:4, metric:[0. 0. 0.]
condition batch eval, img shape:(400, 400, 400), sx:5, sy:5, sz:5, num_conditions:2
condition:5, metric:[0.21722696 0.         0.        ]
condition:6, metric:[  0. 150. 150.]
condition batch eval, img shape:(400, 400, 400), sx:5, sy:5, sz:5, num_conditions:2
condition:7, metric:[  0. 150. 150.]
condition:8, metric:[  0. 150. 150.]
condition batch eval, img shape:(400, 400, 400), sx:5, sy:5, sz:5, num_conditions:2
condition:9, metric:[  0. 150. 150.]
condition:10, metric:[  0. 150. 150.]
condition batch eval, img shape:(400, 400, 400), sx:5, sy:5, sz:5, num_conditions:2
condition:11, metric:[  0. 150. 150.]
condition:12, metric:[  0. 150. 150.]
condition batch eval, img shape:(400, 400, 400), sx:5, sy:5, sz:5, num_conditions:2
condition:13, metric:[  0. 150. 150.]
condition:14, metric:[  0. 150. 150.]
condition batch eval, img shape:(400, 400, 400), sx:5, sy:5, sz:5, num_conditions:2
condition:15, metric:[  0. 150. 150.]
condition:16, metric:[  0. 150. 150.]
condition batch eval, img shape:(400, 400, 400), sx:5, sy:5, sz:5, num_conditions:2
condition:17, metric:[  0. 150. 150.]
condition:18, metric:[  0. 150. 150.]
condition batch eval, img shape:(400, 400, 400), sx:5, sy:5, sz:5, num_conditions:2
condition:19, metric:[  0. 150. 150.]
condition:20, metric:[  0. 150. 150.]
condition batch eval, img shape:(400, 400, 400), sx:5, sy:5, sz:5, num_conditions:2
condition:21, metric:[  0. 150. 150.]
condition:22, metric:[  0. 150. 150.]
condition batch eval, img shape:(400, 400, 400), sx:5, sy:5, sz:5, num_conditions:2
condition:23, metric:[  0. 150. 150.]
condition:24, metric:[  0. 150. 150.]
condition batch eval, img shape:(400, 400, 400), sx:5, sy:5, sz:5, num_conditions:2
condition:25, metric:[0.03362724 0.         0.        ]
condition:26, metric:[  0. 150. 150.]
condition batch eval, img shape:(400, 400, 400), sx:5, sy:5, sz:5, num_conditions:2
condition:27, metric:[0.68569043 0.         0.        ]
condition:28, metric:[  0. 150. 150.]
condition batch eval, img shape:(400, 400, 400), sx:5, sy:5, sz:5, num_conditions:2
condition:29, metric:[  0. 150. 150.]
condition:30, metric:[  0. 150. 150.]
condition batch eval, img shape:(400, 400, 400), sx:5, sy:5, sz:5, num_conditions:1
condition:31, metric:[  0. 150. 150.]
===>test image:/projects/weilab/liupeng/projects/frameworks/nnUNet/DATASET/nnUNet_preprocessed/Dataset200_Dataset101_CellMap_model_high_res/nnUNetPlans_3d_lowres_large_patch_test/jrc_ut21-1413-003_crop190.npy
condition batch eval, img shape:(400, 400, 400), sx:5, sy:5, sz:5, num_conditions:2
condition:1, metric:[0.61946349 0.         0.        ]
condition:2, metric:[  0. 150. 150.]
condition batch eval, img shape:(400, 400, 400), sx:5, sy:5, sz:5, num_conditions:2
condition:3, metric:[0.80138257 0.         0.        ]
condition:4, metric:[  0. 150. 150.]
condition batch eval, img shape:(400, 400, 400), sx:5, sy:5, sz:5, num_conditions:2
condition:5, metric:[0.20247274 0.         0.        ]
condition:6, metric:[  0. 150. 150.]
condition batch eval, img shape:(400, 400, 400), sx:5, sy:5, sz:5, num_conditions:2
condition:7, metric:[  0. 150. 150.]
condition:8, metric:[  0. 150. 150.]
condition batch eval, img shape:(400, 400, 400), sx:5, sy:5, sz:5, num_conditions:2
condition:9, metric:[  0. 150. 150.]
condition:10, metric:[  0. 150. 150.]
condition batch eval, img shape:(400, 400, 400), sx:5, sy:5, sz:5, num_conditions:2
condition:11, metric:[  0. 150. 150.]
condition:12, metric:[  0. 150. 150.]
condition batch eval, img shape:(400, 400, 400), sx:5, sy:5, sz:5, num_conditions:2
condition:13, metric:[  0. 150. 150.]
condition:14, metric:[  0. 150. 150.]
condition batch eval, img shape:(400, 400, 400), sx:5, sy:5, sz:5, num_conditions:2
condition:15, metric:[  0. 150. 150.]
condition:16, metric:[0.12874844 0.         0.        ]
condition batch eval, img shape:(400, 400, 400), sx:5, sy:5, sz:5, num_conditions:2
condition:17, metric:[  0. 150. 150.]
condition:18, metric:[  0. 150. 150.]
condition batch eval, img shape:(400, 400, 400), sx:5, sy:5, sz:5, num_conditions:2
condition:19, metric:[  0. 150. 150.]
condition:20, metric:[  0. 150. 150.]
condition batch eval, img shape:(400, 400, 400), sx:5, sy:5, sz:5, num_conditions:2
condition:21, metric:[  0. 150. 150.]
condition:22, metric:[  0. 150. 150.]
condition batch eval, img shape:(400, 400, 400), sx:5, sy:5, sz:5, num_conditions:2
condition:23, metric:[  0. 150. 150.]
condition:24, metric:[  0. 150. 150.]
condition batch eval, img shape:(400, 400, 400), sx:5, sy:5, sz:5, num_conditions:2
condition:25, metric:[  0. 150. 150.]
condition:26, metric:[  0. 150. 150.]
condition batch eval, img shape:(400, 400, 400), sx:5, sy:5, sz:5, num_conditions:2
condition:27, metric:[  0. 150. 150.]
condition:28, metric:[  0. 150. 150.]
condition batch eval, img shape:(400, 400, 400), sx:5, sy:5, sz:5, num_conditions:2
condition:29, metric:[  0. 150. 150.]
condition:30, metric:[  0. 150. 150.]
condition batch eval, img shape:(400, 400, 400), sx:5, sy:5, sz:5, num_conditions:1
condition:31, metric:[  0. 150. 150.]
===>test image:/projects/weilab/liupeng/projects/frameworks/nnUNet/DATASET/nnUNet_preprocessed/Dataset200_Dataset101_CellMap_model_high_res/nnUNetPlans_3d_lowres_large_patch_test/jrc_macrophage-2_crop31.npy
condition batch eval, img shape:(160, 160, 160), sx:1, sy:1, sz:1, num_conditions:2
condition:1, metric:[0.10278544 0.         0.        ]
condition:2, metric:[  0. 150. 150.]
condition batch eval, img shape:(160, 160, 160), sx:1, sy:1, sz:1, num_conditions:2
condition:3, metric:[0.81746095 0.         0.        ]
condition:4, metric:[  0. 150. 150.]
condition batch eval, img shape:(160, 160, 160), sx:1, sy:1, sz:1, num_conditions:2
condition:5, metric:[0.17475659 0.         0.        ]
condition:6, metric:[  0. 150. 150.]
condition batch eval, img shape:(160, 160, 160), sx:1, sy:1, sz:1, num_conditions:2
condition:7, metric:[  0. 150. 150.]
condition:8, metric:[  0. 150. 150.]
condition batch eval, img shape:(160, 160, 160), sx:1, sy:1, sz:1, num_conditions:2
condition:9, metric:[  0. 150. 150.]
condition:10, metric:[  0. 150. 150.]
condition batch eval, img shape:(160, 160, 160), sx:1, sy:1, sz:1, num_conditions:2
condition:11, metric:[  0. 150. 150.]
condition:12, metric:[  0. 150. 150.]
condition batch eval, img shape:(160, 160, 160), sx:1, sy:1, sz:1, num_conditions:2
condition:13, metric:[  0. 150. 150.]
condition:14, metric:[  0. 150. 150.]
condition batch eval, img shape:(160, 160, 160), sx:1, sy:1, sz:1, num_conditions:2
condition:15, metric:[  0. 150. 150.]
condition:16, metric:[  0. 150. 150.]
condition batch eval, img shape:(160, 160, 160), sx:1, sy:1, sz:1, num_conditions:2
condition:17, metric:[  0. 150. 150.]
condition:18, metric:[  0. 150. 150.]
condition batch eval, img shape:(160, 160, 160), sx:1, sy:1, sz:1, num_conditions:2
condition:19, metric:[  0. 150. 150.]
condition:20, metric:[  0. 150. 150.]
condition batch eval, img shape:(160, 160, 160), sx:1, sy:1, sz:1, num_conditions:2
condition:21, metric:[  0. 150. 150.]
condition:22, metric:[  0. 150. 150.]
condition batch eval, img shape:(160, 160, 160), sx:1, sy:1, sz:1, num_conditions:2
condition:23, metric:[  0. 150. 150.]
condition:24, metric:[  0. 150. 150.]
condition batch eval, img shape:(160, 160, 160), sx:1, sy:1, sz:1, num_conditions:2
condition:25, metric:[  0. 150. 150.]
condition:26, metric:[  0. 150. 150.]
condition batch eval, img shape:(160, 160, 160), sx:1, sy:1, sz:1, num_conditions:2
condition:27, metric:[  0. 150. 150.]
condition:28, metric:[  0. 150. 150.]
condition batch eval, img shape:(160, 160, 160), sx:1, sy:1, sz:1, num_conditions:2
condition:29, metric:[  0. 150. 150.]
condition:30, metric:[  0. 150. 150.]
condition batch eval, img shape:(160, 160, 160), sx:1, sy:1, sz:1, num_conditions:1
condition:31, metric:[  0. 150. 150.]
Validation end
avg metric shape: (31, 3)
save model to ../model/CellMap_202_CondBaseline_cond_baseline_cellmap_highres_SGD_SGD/unet_3D_old/iter_27200_dice_0.0493
iteration 27200 : model2_dice_score : 0.049269 model2_hd95 : 131.854839
save model to ../model/CellMap_202_CondBaseline_cond_baseline_cellmap_highres_SGD_SGD/unet_3D_old/model2_iter_27200.pth
iteration 27220 : loss : 0.200853  loss_ce : 0.165774  loss_dice : 0.235932
iteration 27240 : loss : 0.179662  loss_ce : 0.258605  loss_dice : 0.100719
iteration 27260 : loss : 0.161097  loss_ce : 0.232159  loss_dice : 0.090035
iteration 27280 : loss : 0.018741  loss_ce : 0.034429  loss_dice : 0.003053
iteration 27300 : loss : 0.140509  loss_ce : 0.169164  loss_dice : 0.111854
iteration 27320 : loss : 0.259386  loss_ce : 0.018602  loss_dice : 0.500170
iteration 27340 : loss : 0.222945  loss_ce : 0.240805  loss_dice : 0.205084
iteration 27360 : loss : 0.231002  loss_ce : 0.201437  loss_dice : 0.260567
iteration 27380 : loss : 0.114112  loss_ce : 0.156353  loss_dice : 0.071871
iteration 27400 : loss : 0.190922  loss_ce : 0.275013  loss_dice : 0.106830
iteration 27420 : loss : 0.350641  loss_ce : 0.503240  loss_dice : 0.198042
iteration 27440 : loss : 0.288770  loss_ce : 0.422203  loss_dice : 0.155337
iteration 27460 : loss : 0.018994  loss_ce : 0.033802  loss_dice : 0.004185
iteration 27480 : loss : 0.058460  loss_ce : 0.086025  loss_dice : 0.030894
iteration 27500 : loss : 0.203027  loss_ce : 0.251845  loss_dice : 0.154208
iteration 27520 : loss : 0.351540  loss_ce : 0.495894  loss_dice : 0.207187
iteration 27540 : loss : 0.189566  loss_ce : 0.190188  loss_dice : 0.188945
iteration 27560 : loss : 0.118765  loss_ce : 0.133984  loss_dice : 0.103546
iteration 27580 : loss : 0.039012  loss_ce : 0.061922  loss_dice : 0.016102
iteration 27600 : loss : 0.234466  loss_ce : 0.271116  loss_dice : 0.197817
began evaluation!
iteration 27600: validation sampled 4/17 cases
Total test images: 4
Validation begin
===>test image:/projects/weilab/liupeng/projects/frameworks/nnUNet/DATASET/nnUNet_preprocessed/Dataset200_Dataset101_CellMap_model_high_res/nnUNetPlans_3d_lowres_large_patch_test/jrc_sum159-1_crop20.npy
condition batch eval, img shape:(200, 200, 160), sx:2, sy:2, sz:1, num_conditions:2
condition:1, metric:[  0. 150. 150.]
condition:2, metric:[  0. 150. 150.]
condition batch eval, img shape:(200, 200, 160), sx:2, sy:2, sz:1, num_conditions:2
condition:3, metric:[0.63745583 0.         0.        ]
condition:4, metric:[  0. 150. 150.]
condition batch eval, img shape:(200, 200, 160), sx:2, sy:2, sz:1, num_conditions:2
condition:5, metric:[3.16576631e-05 0.00000000e+00 0.00000000e+00]
condition:6, metric:[  0. 150. 150.]
condition batch eval, img shape:(200, 200, 160), sx:2, sy:2, sz:1, num_conditions:2
condition:7, metric:[  0. 150. 150.]
condition:8, metric:[  0. 150. 150.]
condition batch eval, img shape:(200, 200, 160), sx:2, sy:2, sz:1, num_conditions:2
condition:9, metric:[  0. 150. 150.]
condition:10, metric:[  0. 150. 150.]
condition batch eval, img shape:(200, 200, 160), sx:2, sy:2, sz:1, num_conditions:2
condition:11, metric:[  0. 150. 150.]
condition:12, metric:[  0. 150. 150.]
condition batch eval, img shape:(200, 200, 160), sx:2, sy:2, sz:1, num_conditions:2
condition:13, metric:[  0. 150. 150.]
condition:14, metric:[  0. 150. 150.]
condition batch eval, img shape:(200, 200, 160), sx:2, sy:2, sz:1, num_conditions:2
condition:15, metric:[  0. 150. 150.]
condition:16, metric:[0.0463094 0.        0.       ]
condition batch eval, img shape:(200, 200, 160), sx:2, sy:2, sz:1, num_conditions:2
condition:17, metric:[  0. 150. 150.]
condition:18, metric:[  0. 150. 150.]
condition batch eval, img shape:(200, 200, 160), sx:2, sy:2, sz:1, num_conditions:2
condition:19, metric:[  0. 150. 150.]
condition:20, metric:[  0. 150. 150.]
condition batch eval, img shape:(200, 200, 160), sx:2, sy:2, sz:1, num_conditions:2
condition:21, metric:[  0. 150. 150.]
condition:22, metric:[  0. 150. 150.]
condition batch eval, img shape:(200, 200, 160), sx:2, sy:2, sz:1, num_conditions:2
condition:23, metric:[  0. 150. 150.]
condition:24, metric:[  0. 150. 150.]
condition batch eval, img shape:(200, 200, 160), sx:2, sy:2, sz:1, num_conditions:2
condition:25, metric:[  0. 150. 150.]
condition:26, metric:[  0. 150. 150.]
condition batch eval, img shape:(200, 200, 160), sx:2, sy:2, sz:1, num_conditions:2
condition:27, metric:[  0. 150. 150.]
condition:28, metric:[  0. 150. 150.]
condition batch eval, img shape:(200, 200, 160), sx:2, sy:2, sz:1, num_conditions:2
condition:29, metric:[  0. 150. 150.]
condition:30, metric:[  0. 150. 150.]
condition batch eval, img shape:(200, 200, 160), sx:2, sy:2, sz:1, num_conditions:1
condition:31, metric:[  0. 150. 150.]
===>test image:/projects/weilab/liupeng/projects/frameworks/nnUNet/DATASET/nnUNet_preprocessed/Dataset200_Dataset101_CellMap_model_high_res/nnUNetPlans_3d_lowres_large_patch_test/jrc_sum159-4_crop219.npy
condition batch eval, img shape:(400, 400, 400), sx:5, sy:5, sz:5, num_conditions:2
condition:1, metric:[0.28640001 0.         0.        ]
condition:2, metric:[  0. 150. 150.]
condition batch eval, img shape:(400, 400, 400), sx:5, sy:5, sz:5, num_conditions:2
condition:3, metric:[0.8217195 0.        0.       ]
condition:4, metric:[  0. 150. 150.]
condition batch eval, img shape:(400, 400, 400), sx:5, sy:5, sz:5, num_conditions:2
condition:5, metric:[0.00078661 0.         0.        ]
condition:6, metric:[  0. 150. 150.]
condition batch eval, img shape:(400, 400, 400), sx:5, sy:5, sz:5, num_conditions:2
condition:7, metric:[  0. 150. 150.]
condition:8, metric:[3.96596803e-05 0.00000000e+00 0.00000000e+00]
condition batch eval, img shape:(400, 400, 400), sx:5, sy:5, sz:5, num_conditions:2
condition:9, metric:[  0. 150. 150.]
condition:10, metric:[  0. 150. 150.]
condition batch eval, img shape:(400, 400, 400), sx:5, sy:5, sz:5, num_conditions:2
condition:11, metric:[  0. 150. 150.]
condition:12, metric:[  0. 150. 150.]
condition batch eval, img shape:(400, 400, 400), sx:5, sy:5, sz:5, num_conditions:2
condition:13, metric:[  0. 150. 150.]
condition:14, metric:[  0. 150. 150.]
condition batch eval, img shape:(400, 400, 400), sx:5, sy:5, sz:5, num_conditions:2
condition:15, metric:[  0. 150. 150.]
condition:16, metric:[0.0001804 0.        0.       ]
condition batch eval, img shape:(400, 400, 400), sx:5, sy:5, sz:5, num_conditions:2
condition:17, metric:[  0. 150. 150.]
condition:18, metric:[  0. 150. 150.]
condition batch eval, img shape:(400, 400, 400), sx:5, sy:5, sz:5, num_conditions:2
condition:19, metric:[  0. 150. 150.]
condition:20, metric:[  0. 150. 150.]
condition batch eval, img shape:(400, 400, 400), sx:5, sy:5, sz:5, num_conditions:2
condition:21, metric:[  0. 150. 150.]
condition:22, metric:[  0. 150. 150.]
condition batch eval, img shape:(400, 400, 400), sx:5, sy:5, sz:5, num_conditions:2
condition:23, metric:[  0. 150. 150.]
condition:24, metric:[  0. 150. 150.]
condition batch eval, img shape:(400, 400, 400), sx:5, sy:5, sz:5, num_conditions:2
condition:25, metric:[0.00495821 0.         0.        ]
condition:26, metric:[  0. 150. 150.]
condition batch eval, img shape:(400, 400, 400), sx:5, sy:5, sz:5, num_conditions:2
condition:27, metric:[0.00680511 0.         0.        ]
condition:28, metric:[  0. 150. 150.]
condition batch eval, img shape:(400, 400, 400), sx:5, sy:5, sz:5, num_conditions:2
condition:29, metric:[  0. 150. 150.]
condition:30, metric:[  0. 150. 150.]
condition batch eval, img shape:(400, 400, 400), sx:5, sy:5, sz:5, num_conditions:1
condition:31, metric:[  0. 150. 150.]
===>test image:/projects/weilab/liupeng/projects/frameworks/nnUNet/DATASET/nnUNet_preprocessed/Dataset200_Dataset101_CellMap_model_high_res/nnUNetPlans_3d_lowres_large_patch_test/jrc_mus-liver-zon-1_crop268.npy
condition batch eval, img shape:(400, 400, 400), sx:5, sy:5, sz:5, num_conditions:2
condition:1, metric:[  0. 150. 150.]
condition:2, metric:[  0. 150. 150.]
condition batch eval, img shape:(400, 400, 400), sx:5, sy:5, sz:5, num_conditions:2
condition:3, metric:[0.89150189 0.         0.        ]
condition:4, metric:[  0. 150. 150.]
condition batch eval, img shape:(400, 400, 400), sx:5, sy:5, sz:5, num_conditions:2
condition:5, metric:[0.03066923 0.         0.        ]
condition:6, metric:[  0. 150. 150.]
condition batch eval, img shape:(400, 400, 400), sx:5, sy:5, sz:5, num_conditions:2
condition:7, metric:[  0. 150. 150.]
condition:8, metric:[  0. 150. 150.]
condition batch eval, img shape:(400, 400, 400), sx:5, sy:5, sz:5, num_conditions:2
condition:9, metric:[  0. 150. 150.]
condition:10, metric:[  0. 150. 150.]
condition batch eval, img shape:(400, 400, 400), sx:5, sy:5, sz:5, num_conditions:2
condition:11, metric:[  0. 150. 150.]
condition:12, metric:[  0. 150. 150.]
condition batch eval, img shape:(400, 400, 400), sx:5, sy:5, sz:5, num_conditions:2
condition:13, metric:[  0. 150. 150.]
condition:14, metric:[  0. 150. 150.]
condition batch eval, img shape:(400, 400, 400), sx:5, sy:5, sz:5, num_conditions:2
condition:15, metric:[  0. 150. 150.]
condition:16, metric:[  0. 150. 150.]
condition batch eval, img shape:(400, 400, 400), sx:5, sy:5, sz:5, num_conditions:2
condition:17, metric:[  0. 150. 150.]
condition:18, metric:[  0. 150. 150.]
condition batch eval, img shape:(400, 400, 400), sx:5, sy:5, sz:5, num_conditions:2
condition:19, metric:[  0. 150. 150.]
condition:20, metric:[  0. 150. 150.]
condition batch eval, img shape:(400, 400, 400), sx:5, sy:5, sz:5, num_conditions:2
condition:21, metric:[  0. 150. 150.]
condition:22, metric:[  0. 150. 150.]
condition batch eval, img shape:(400, 400, 400), sx:5, sy:5, sz:5, num_conditions:2
condition:23, metric:[  0. 150. 150.]
condition:24, metric:[  0. 150. 150.]
condition batch eval, img shape:(400, 400, 400), sx:5, sy:5, sz:5, num_conditions:2
condition:25, metric:[  0. 150. 150.]
condition:26, metric:[  0. 150. 150.]
condition batch eval, img shape:(400, 400, 400), sx:5, sy:5, sz:5, num_conditions:2
condition:27, metric:[  0. 150. 150.]
condition:28, metric:[  0. 150. 150.]
condition batch eval, img shape:(400, 400, 400), sx:5, sy:5, sz:5, num_conditions:2
condition:29, metric:[  0. 150. 150.]
condition:30, metric:[  0. 150. 150.]
condition batch eval, img shape:(400, 400, 400), sx:5, sy:5, sz:5, num_conditions:1
condition:31, metric:[  0. 150. 150.]
===>test image:/projects/weilab/liupeng/projects/frameworks/nnUNet/DATASET/nnUNet_preprocessed/Dataset200_Dataset101_CellMap_model_high_res/nnUNetPlans_3d_lowres_large_patch_test/jrc_fly-mb-1a_crop121.npy
condition batch eval, img shape:(200, 200, 200), sx:2, sy:2, sz:2, num_conditions:2
condition:1, metric:[0.08304116 0.         0.        ]
condition:2, metric:[  0. 150. 150.]
condition batch eval, img shape:(200, 200, 200), sx:2, sy:2, sz:2, num_conditions:2
condition:3, metric:[0.66059277 0.         0.        ]
condition:4, metric:[  0. 150. 150.]
condition batch eval, img shape:(200, 200, 200), sx:2, sy:2, sz:2, num_conditions:2
condition:5, metric:[0. 0. 0.]
condition:6, metric:[  0. 150. 150.]
condition batch eval, img shape:(200, 200, 200), sx:2, sy:2, sz:2, num_conditions:2
condition:7, metric:[  0. 150. 150.]
condition:8, metric:[  0. 150. 150.]
condition batch eval, img shape:(200, 200, 200), sx:2, sy:2, sz:2, num_conditions:2
condition:9, metric:[  0. 150. 150.]
condition:10, metric:[  0. 150. 150.]
condition batch eval, img shape:(200, 200, 200), sx:2, sy:2, sz:2, num_conditions:2
condition:11, metric:[  0. 150. 150.]
condition:12, metric:[  0. 150. 150.]
condition batch eval, img shape:(200, 200, 200), sx:2, sy:2, sz:2, num_conditions:2
condition:13, metric:[  0. 150. 150.]
condition:14, metric:[  0. 150. 150.]
condition batch eval, img shape:(200, 200, 200), sx:2, sy:2, sz:2, num_conditions:2
condition:15, metric:[  0. 150. 150.]
condition:16, metric:[  0. 150. 150.]
condition batch eval, img shape:(200, 200, 200), sx:2, sy:2, sz:2, num_conditions:2
condition:17, metric:[  0. 150. 150.]
condition:18, metric:[  0. 150. 150.]
condition batch eval, img shape:(200, 200, 200), sx:2, sy:2, sz:2, num_conditions:2
condition:19, metric:[  0. 150. 150.]
condition:20, metric:[  0. 150. 150.]
condition batch eval, img shape:(200, 200, 200), sx:2, sy:2, sz:2, num_conditions:2
condition:21, metric:[  0. 150. 150.]
condition:22, metric:[  0. 150. 150.]
condition batch eval, img shape:(200, 200, 200), sx:2, sy:2, sz:2, num_conditions:2
condition:23, metric:[  0. 150. 150.]
condition:24, metric:[  0. 150. 150.]
condition batch eval, img shape:(200, 200, 200), sx:2, sy:2, sz:2, num_conditions:2
condition:25, metric:[  0. 150. 150.]
condition:26, metric:[  0. 150. 150.]
condition batch eval, img shape:(200, 200, 200), sx:2, sy:2, sz:2, num_conditions:2
condition:27, metric:[  0. 150. 150.]
condition:28, metric:[  0. 150. 150.]
condition batch eval, img shape:(200, 200, 200), sx:2, sy:2, sz:2, num_conditions:2
condition:29, metric:[  0. 150. 150.]
condition:30, metric:[  0. 150. 150.]
condition batch eval, img shape:(200, 200, 200), sx:2, sy:2, sz:2, num_conditions:1
condition:31, metric:[  0. 150. 150.]
Validation end
avg metric shape: (31, 3)
iteration 27600 : model2_dice_score : 0.027988 model2_hd95 : 131.854839
save model to ../model/CellMap_202_CondBaseline_cond_baseline_cellmap_highres_SGD_SGD/unet_3D_old/model2_iter_27600.pth
iteration 27620 : loss : 0.334396  loss_ce : 0.443654  loss_dice : 0.225138
iteration 27640 : loss : 0.304191  loss_ce : 0.424239  loss_dice : 0.184142
iteration 27660 : loss : 0.152850  loss_ce : 0.220800  loss_dice : 0.084901
iteration 27680 : loss : 0.302634  loss_ce : 0.356364  loss_dice : 0.248904
iteration 27700 : loss : 0.110400  loss_ce : 0.146600  loss_dice : 0.074200
iteration 27720 : loss : 0.270677  loss_ce : 0.319180  loss_dice : 0.222174
iteration 27740 : loss : 0.324266  loss_ce : 0.473284  loss_dice : 0.175249
iteration 27760 : loss : 0.366185  loss_ce : 0.413356  loss_dice : 0.319015
iteration 27780 : loss : 0.404564  loss_ce : 0.568371  loss_dice : 0.240757
iteration 27800 : loss : 0.260652  loss_ce : 0.336566  loss_dice : 0.184739
iteration 27820 : loss : 0.522168  loss_ce : 0.736650  loss_dice : 0.307686
iteration 27840 : loss : 0.296418  loss_ce : 0.232643  loss_dice : 0.360193
iteration 27860 : loss : 0.104661  loss_ce : 0.146740  loss_dice : 0.062583
iteration 27880 : loss : 0.216876  loss_ce : 0.244461  loss_dice : 0.189290
iteration 27900 : loss : 0.235756  loss_ce : 0.267161  loss_dice : 0.204351
iteration 27920 : loss : 0.219297  loss_ce : 0.267618  loss_dice : 0.170976
iteration 27940 : loss : 0.176517  loss_ce : 0.249836  loss_dice : 0.103197
iteration 27960 : loss : 0.326706  loss_ce : 0.388034  loss_dice : 0.265377
iteration 27980 : loss : 0.154470  loss_ce : 0.230544  loss_dice : 0.078396
iteration 28000 : loss : 0.353114  loss_ce : 0.440369  loss_dice : 0.265859
began evaluation!
iteration 28000: validation sampled 4/17 cases
Total test images: 4
Validation begin
===>test image:/projects/weilab/liupeng/projects/frameworks/nnUNet/DATASET/nnUNet_preprocessed/Dataset200_Dataset101_CellMap_model_high_res/nnUNetPlans_3d_lowres_large_patch_test/jrc_ctl-id8-1_crop118.npy
condition batch eval, img shape:(200, 200, 200), sx:2, sy:2, sz:2, num_conditions:2
condition:1, metric:[0.69048536 0.         0.        ]
condition:2, metric:[  0. 150. 150.]
condition batch eval, img shape:(200, 200, 200), sx:2, sy:2, sz:2, num_conditions:2
condition:3, metric:[0.94040571 0.         0.        ]
condition:4, metric:[  0. 150. 150.]
condition batch eval, img shape:(200, 200, 200), sx:2, sy:2, sz:2, num_conditions:2
condition:5, metric:[0.00122859 0.         0.        ]
condition:6, metric:[  0. 150. 150.]
condition batch eval, img shape:(200, 200, 200), sx:2, sy:2, sz:2, num_conditions:2
condition:7, metric:[  0. 150. 150.]
condition:8, metric:[  0. 150. 150.]
condition batch eval, img shape:(200, 200, 200), sx:2, sy:2, sz:2, num_conditions:2
condition:9, metric:[  0. 150. 150.]
condition:10, metric:[  0. 150. 150.]
condition batch eval, img shape:(200, 200, 200), sx:2, sy:2, sz:2, num_conditions:2
condition:11, metric:[  0. 150. 150.]
condition:12, metric:[  0. 150. 150.]
condition batch eval, img shape:(200, 200, 200), sx:2, sy:2, sz:2, num_conditions:2
condition:13, metric:[  0. 150. 150.]
condition:14, metric:[  0. 150. 150.]
condition batch eval, img shape:(200, 200, 200), sx:2, sy:2, sz:2, num_conditions:2
condition:15, metric:[  0. 150. 150.]
condition:16, metric:[  0. 150. 150.]
condition batch eval, img shape:(200, 200, 200), sx:2, sy:2, sz:2, num_conditions:2
condition:17, metric:[  0. 150. 150.]
condition:18, metric:[  0. 150. 150.]
condition batch eval, img shape:(200, 200, 200), sx:2, sy:2, sz:2, num_conditions:2
condition:19, metric:[  0. 150. 150.]
condition:20, metric:[  0. 150. 150.]
condition batch eval, img shape:(200, 200, 200), sx:2, sy:2, sz:2, num_conditions:2
condition:21, metric:[  0. 150. 150.]
condition:22, metric:[  0. 150. 150.]
condition batch eval, img shape:(200, 200, 200), sx:2, sy:2, sz:2, num_conditions:2
condition:23, metric:[  0. 150. 150.]
condition:24, metric:[  0. 150. 150.]
condition batch eval, img shape:(200, 200, 200), sx:2, sy:2, sz:2, num_conditions:2
condition:25, metric:[  0. 150. 150.]
condition:26, metric:[  0. 150. 150.]
condition batch eval, img shape:(200, 200, 200), sx:2, sy:2, sz:2, num_conditions:2
condition:27, metric:[  0. 150. 150.]
condition:28, metric:[  0. 150. 150.]
condition batch eval, img shape:(200, 200, 200), sx:2, sy:2, sz:2, num_conditions:2
condition:29, metric:[  0. 150. 150.]
condition:30, metric:[  0. 150. 150.]
condition batch eval, img shape:(200, 200, 200), sx:2, sy:2, sz:2, num_conditions:1
condition:31, metric:[  0. 150. 150.]
===>test image:/projects/weilab/liupeng/projects/frameworks/nnUNet/DATASET/nnUNet_preprocessed/Dataset200_Dataset101_CellMap_model_high_res/nnUNetPlans_3d_lowres_large_patch_test/jrc_ut21-1413-003_crop190.npy
condition batch eval, img shape:(400, 400, 400), sx:5, sy:5, sz:5, num_conditions:2
condition:1, metric:[0.52614215 0.         0.        ]
condition:2, metric:[  0. 150. 150.]
condition batch eval, img shape:(400, 400, 400), sx:5, sy:5, sz:5, num_conditions:2
condition:3, metric:[0.72631295 0.         0.        ]
condition:4, metric:[  0. 150. 150.]
condition batch eval, img shape:(400, 400, 400), sx:5, sy:5, sz:5, num_conditions:2
condition:5, metric:[0.00166238 0.         0.        ]
condition:6, metric:[  0. 150. 150.]
condition batch eval, img shape:(400, 400, 400), sx:5, sy:5, sz:5, num_conditions:2
condition:7, metric:[  0. 150. 150.]
condition:8, metric:[  0. 150. 150.]
condition batch eval, img shape:(400, 400, 400), sx:5, sy:5, sz:5, num_conditions:2
condition:9, metric:[  0. 150. 150.]
condition:10, metric:[  0. 150. 150.]
condition batch eval, img shape:(400, 400, 400), sx:5, sy:5, sz:5, num_conditions:2
condition:11, metric:[  0. 150. 150.]
condition:12, metric:[  0. 150. 150.]
condition batch eval, img shape:(400, 400, 400), sx:5, sy:5, sz:5, num_conditions:2
condition:13, metric:[  0. 150. 150.]
condition:14, metric:[  0. 150. 150.]
condition batch eval, img shape:(400, 400, 400), sx:5, sy:5, sz:5, num_conditions:2
condition:15, metric:[  0. 150. 150.]
condition:16, metric:[0.11355291 0.         0.        ]
condition batch eval, img shape:(400, 400, 400), sx:5, sy:5, sz:5, num_conditions:2
condition:17, metric:[  0. 150. 150.]
condition:18, metric:[  0. 150. 150.]
condition batch eval, img shape:(400, 400, 400), sx:5, sy:5, sz:5, num_conditions:2
condition:19, metric:[  0. 150. 150.]
condition:20, metric:[  0. 150. 150.]
condition batch eval, img shape:(400, 400, 400), sx:5, sy:5, sz:5, num_conditions:2
condition:21, metric:[  0. 150. 150.]
condition:22, metric:[  0. 150. 150.]
condition batch eval, img shape:(400, 400, 400), sx:5, sy:5, sz:5, num_conditions:2
condition:23, metric:[  0. 150. 150.]
condition:24, metric:[  0. 150. 150.]
condition batch eval, img shape:(400, 400, 400), sx:5, sy:5, sz:5, num_conditions:2
condition:25, metric:[  0. 150. 150.]
condition:26, metric:[  0. 150. 150.]
condition batch eval, img shape:(400, 400, 400), sx:5, sy:5, sz:5, num_conditions:2
condition:27, metric:[  0. 150. 150.]
condition:28, metric:[  0. 150. 150.]
condition batch eval, img shape:(400, 400, 400), sx:5, sy:5, sz:5, num_conditions:2
condition:29, metric:[  0. 150. 150.]
condition:30, metric:[  0. 150. 150.]
condition batch eval, img shape:(400, 400, 400), sx:5, sy:5, sz:5, num_conditions:1
condition:31, metric:[  0. 150. 150.]
===>test image:/projects/weilab/liupeng/projects/frameworks/nnUNet/DATASET/nnUNet_preprocessed/Dataset200_Dataset101_CellMap_model_high_res/nnUNetPlans_3d_lowres_large_patch_test/jrc_cos7-1b_crop235.npy
condition batch eval, img shape:(200, 200, 200), sx:2, sy:2, sz:2, num_conditions:2
condition:1, metric:[0.03004326 0.         0.        ]
condition:2, metric:[  0. 150. 150.]
condition batch eval, img shape:(200, 200, 200), sx:2, sy:2, sz:2, num_conditions:2
condition:3, metric:[0.94187294 0.         0.        ]
condition:4, metric:[  0. 150. 150.]
condition batch eval, img shape:(200, 200, 200), sx:2, sy:2, sz:2, num_conditions:2
condition:5, metric:[  0. 150. 150.]
condition:6, metric:[  0. 150. 150.]
condition batch eval, img shape:(200, 200, 200), sx:2, sy:2, sz:2, num_conditions:2
condition:7, metric:[  0. 150. 150.]
condition:8, metric:[  0. 150. 150.]
condition batch eval, img shape:(200, 200, 200), sx:2, sy:2, sz:2, num_conditions:2
condition:9, metric:[  0. 150. 150.]
condition:10, metric:[  0. 150. 150.]
condition batch eval, img shape:(200, 200, 200), sx:2, sy:2, sz:2, num_conditions:2
condition:11, metric:[  0. 150. 150.]
condition:12, metric:[  0. 150. 150.]
condition batch eval, img shape:(200, 200, 200), sx:2, sy:2, sz:2, num_conditions:2
condition:13, metric:[  0. 150. 150.]
condition:14, metric:[  0. 150. 150.]
condition batch eval, img shape:(200, 200, 200), sx:2, sy:2, sz:2, num_conditions:2
condition:15, metric:[  0. 150. 150.]
condition:16, metric:[  0. 150. 150.]
condition batch eval, img shape:(200, 200, 200), sx:2, sy:2, sz:2, num_conditions:2
condition:17, metric:[  0. 150. 150.]
condition:18, metric:[  0. 150. 150.]
condition batch eval, img shape:(200, 200, 200), sx:2, sy:2, sz:2, num_conditions:2
condition:19, metric:[  0. 150. 150.]
condition:20, metric:[  0. 150. 150.]
condition batch eval, img shape:(200, 200, 200), sx:2, sy:2, sz:2, num_conditions:2
condition:21, metric:[  0. 150. 150.]
condition:22, metric:[  0. 150. 150.]
condition batch eval, img shape:(200, 200, 200), sx:2, sy:2, sz:2, num_conditions:2
condition:23, metric:[  0. 150. 150.]
condition:24, metric:[  0. 150. 150.]
condition batch eval, img shape:(200, 200, 200), sx:2, sy:2, sz:2, num_conditions:2
condition:25, metric:[  0. 150. 150.]
condition:26, metric:[  0. 150. 150.]
condition batch eval, img shape:(200, 200, 200), sx:2, sy:2, sz:2, num_conditions:2
condition:27, metric:[  0. 150. 150.]
condition:28, metric:[  0. 150. 150.]
condition batch eval, img shape:(200, 200, 200), sx:2, sy:2, sz:2, num_conditions:2
condition:29, metric:[  0. 150. 150.]
condition:30, metric:[  0. 150. 150.]
condition batch eval, img shape:(200, 200, 200), sx:2, sy:2, sz:2, num_conditions:1
condition:31, metric:[  0. 150. 150.]
===>test image:/projects/weilab/liupeng/projects/frameworks/nnUNet/DATASET/nnUNet_preprocessed/Dataset200_Dataset101_CellMap_model_high_res/nnUNetPlans_3d_lowres_large_patch_test/jrc_mus-liver_crop125.npy
condition batch eval, img shape:(400, 400, 400), sx:5, sy:5, sz:5, num_conditions:2
condition:1, metric:[0.88363756 0.         0.        ]
condition:2, metric:[  0. 150. 150.]
condition batch eval, img shape:(400, 400, 400), sx:5, sy:5, sz:5, num_conditions:2
condition:3, metric:[0.73905767 0.         0.        ]
condition:4, metric:[  0. 150. 150.]
condition batch eval, img shape:(400, 400, 400), sx:5, sy:5, sz:5, num_conditions:2
condition:5, metric:[0. 0. 0.]
condition:6, metric:[  0. 150. 150.]
condition batch eval, img shape:(400, 400, 400), sx:5, sy:5, sz:5, num_conditions:2
condition:7, metric:[  0. 150. 150.]
condition:8, metric:[  0. 150. 150.]
condition batch eval, img shape:(400, 400, 400), sx:5, sy:5, sz:5, num_conditions:2
condition:9, metric:[  0. 150. 150.]
condition:10, metric:[  0. 150. 150.]
condition batch eval, img shape:(400, 400, 400), sx:5, sy:5, sz:5, num_conditions:2
condition:11, metric:[  0. 150. 150.]
condition:12, metric:[  0. 150. 150.]
condition batch eval, img shape:(400, 400, 400), sx:5, sy:5, sz:5, num_conditions:2
condition:13, metric:[  0. 150. 150.]
condition:14, metric:[  0. 150. 150.]
condition batch eval, img shape:(400, 400, 400), sx:5, sy:5, sz:5, num_conditions:2
condition:15, metric:[  0. 150. 150.]
condition:16, metric:[  0. 150. 150.]
condition batch eval, img shape:(400, 400, 400), sx:5, sy:5, sz:5, num_conditions:2
condition:17, metric:[  0. 150. 150.]
condition:18, metric:[  0. 150. 150.]
condition batch eval, img shape:(400, 400, 400), sx:5, sy:5, sz:5, num_conditions:2
condition:19, metric:[  0. 150. 150.]
condition:20, metric:[  0. 150. 150.]
condition batch eval, img shape:(400, 400, 400), sx:5, sy:5, sz:5, num_conditions:2
condition:21, metric:[  0. 150. 150.]
condition:22, metric:[  0. 150. 150.]
condition batch eval, img shape:(400, 400, 400), sx:5, sy:5, sz:5, num_conditions:2
condition:23, metric:[  0. 150. 150.]
condition:24, metric:[  0. 150. 150.]
condition batch eval, img shape:(400, 400, 400), sx:5, sy:5, sz:5, num_conditions:2
condition:25, metric:[  0. 150. 150.]
condition:26, metric:[  0. 150. 150.]
condition batch eval, img shape:(400, 400, 400), sx:5, sy:5, sz:5, num_conditions:2
condition:27, metric:[  0. 150. 150.]
condition:28, metric:[  0. 150. 150.]
condition batch eval, img shape:(400, 400, 400), sx:5, sy:5, sz:5, num_conditions:2
condition:29, metric:[  0. 150. 150.]
condition:30, metric:[  0. 150. 150.]
condition batch eval, img shape:(400, 400, 400), sx:5, sy:5, sz:5, num_conditions:1
condition:31, metric:[  0. 150. 150.]
Validation end
avg metric shape: (31, 3)
iteration 28000 : model2_dice_score : 0.045116 model2_hd95 : 135.483871
save model to ../model/CellMap_202_CondBaseline_cond_baseline_cellmap_highres_SGD_SGD/unet_3D_old/model2_iter_28000.pth
iteration 28020 : loss : 0.204753  loss_ce : 0.293536  loss_dice : 0.115969
iteration 28040 : loss : 0.176276  loss_ce : 0.250102  loss_dice : 0.102450
iteration 28060 : loss : 0.119763  loss_ce : 0.179051  loss_dice : 0.060475
iteration 28080 : loss : 0.146051  loss_ce : 0.213611  loss_dice : 0.078492
iteration 28100 : loss : 0.182806  loss_ce : 0.238142  loss_dice : 0.127470
iteration 28120 : loss : 0.320958  loss_ce : 0.453913  loss_dice : 0.188003
iteration 28140 : loss : 0.321642  loss_ce : 0.473347  loss_dice : 0.169937
iteration 28160 : loss : 0.230854  loss_ce : 0.099327  loss_dice : 0.362381
iteration 28180 : loss : 0.346821  loss_ce : 0.434923  loss_dice : 0.258720
iteration 28200 : loss : 0.176202  loss_ce : 0.258177  loss_dice : 0.094228
iteration 28220 : loss : 0.145300  loss_ce : 0.211653  loss_dice : 0.078947
iteration 28240 : loss : 0.190454  loss_ce : 0.191734  loss_dice : 0.189174
iteration 28260 : loss : 0.286838  loss_ce : 0.399933  loss_dice : 0.173742
iteration 28280 : loss : 0.258380  loss_ce : 0.016636  loss_dice : 0.500123
iteration 28300 : loss : 0.065055  loss_ce : 0.098980  loss_dice : 0.031129
iteration 28320 : loss : 0.257640  loss_ce : 0.348852  loss_dice : 0.166428
iteration 28340 : loss : 0.158846  loss_ce : 0.219124  loss_dice : 0.098568
iteration 28360 : loss : 0.215369  loss_ce : 0.320732  loss_dice : 0.110006
iteration 28380 : loss : 0.195706  loss_ce : 0.152148  loss_dice : 0.239263
iteration 28400 : loss : 0.199088  loss_ce : 0.221610  loss_dice : 0.176567
began evaluation!
iteration 28400: validation sampled 4/17 cases
Total test images: 4
Validation begin
===>test image:/projects/weilab/liupeng/projects/frameworks/nnUNet/DATASET/nnUNet_preprocessed/Dataset200_Dataset101_CellMap_model_high_res/nnUNetPlans_3d_lowres_large_patch_test/jrc_fly-vnc-1_crop174.npy
condition batch eval, img shape:(200, 200, 200), sx:2, sy:2, sz:2, num_conditions:2
condition:1, metric:[0.21887346 0.         0.        ]
condition:2, metric:[  0. 150. 150.]
condition batch eval, img shape:(200, 200, 200), sx:2, sy:2, sz:2, num_conditions:2
condition:3, metric:[0.71345303 0.         0.        ]
condition:4, metric:[  0. 150. 150.]
condition batch eval, img shape:(200, 200, 200), sx:2, sy:2, sz:2, num_conditions:2
condition:5, metric:[0.42924976 0.         0.        ]
condition:6, metric:[  0. 150. 150.]
condition batch eval, img shape:(200, 200, 200), sx:2, sy:2, sz:2, num_conditions:2
condition:7, metric:[  0. 150. 150.]
condition:8, metric:[  0. 150. 150.]
condition batch eval, img shape:(200, 200, 200), sx:2, sy:2, sz:2, num_conditions:2
condition:9, metric:[  0. 150. 150.]
condition:10, metric:[  0. 150. 150.]
condition batch eval, img shape:(200, 200, 200), sx:2, sy:2, sz:2, num_conditions:2
condition:11, metric:[  0. 150. 150.]
condition:12, metric:[  0. 150. 150.]
condition batch eval, img shape:(200, 200, 200), sx:2, sy:2, sz:2, num_conditions:2
condition:13, metric:[  0. 150. 150.]
condition:14, metric:[  0. 150. 150.]
condition batch eval, img shape:(200, 200, 200), sx:2, sy:2, sz:2, num_conditions:2
condition:15, metric:[  0. 150. 150.]
condition:16, metric:[  0. 150. 150.]
condition batch eval, img shape:(200, 200, 200), sx:2, sy:2, sz:2, num_conditions:2
condition:17, metric:[  0. 150. 150.]
condition:18, metric:[  0. 150. 150.]
condition batch eval, img shape:(200, 200, 200), sx:2, sy:2, sz:2, num_conditions:2
condition:19, metric:[  0. 150. 150.]
condition:20, metric:[  0. 150. 150.]
condition batch eval, img shape:(200, 200, 200), sx:2, sy:2, sz:2, num_conditions:2
condition:21, metric:[  0. 150. 150.]
condition:22, metric:[  0. 150. 150.]
condition batch eval, img shape:(200, 200, 200), sx:2, sy:2, sz:2, num_conditions:2
condition:23, metric:[  0. 150. 150.]
condition:24, metric:[  0. 150. 150.]
condition batch eval, img shape:(200, 200, 200), sx:2, sy:2, sz:2, num_conditions:2
condition:25, metric:[  0. 150. 150.]
condition:26, metric:[  0. 150. 150.]
condition batch eval, img shape:(200, 200, 200), sx:2, sy:2, sz:2, num_conditions:2
condition:27, metric:[  0. 150. 150.]
condition:28, metric:[  0. 150. 150.]
condition batch eval, img shape:(200, 200, 200), sx:2, sy:2, sz:2, num_conditions:2
condition:29, metric:[  0. 150. 150.]
condition:30, metric:[  0. 150. 150.]
condition batch eval, img shape:(200, 200, 200), sx:2, sy:2, sz:2, num_conditions:1
condition:31, metric:[  0. 150. 150.]
===>test image:/projects/weilab/liupeng/projects/frameworks/nnUNet/DATASET/nnUNet_preprocessed/Dataset200_Dataset101_CellMap_model_high_res/nnUNetPlans_3d_lowres_large_patch_test/jrc_mus-liver-zon-1_crop268.npy
condition batch eval, img shape:(400, 400, 400), sx:5, sy:5, sz:5, num_conditions:2
condition:1, metric:[  0. 150. 150.]
condition:2, metric:[  0. 150. 150.]
condition batch eval, img shape:(400, 400, 400), sx:5, sy:5, sz:5, num_conditions:2
condition:3, metric:[0.89377987 0.         0.        ]
condition:4, metric:[  0. 150. 150.]
condition batch eval, img shape:(400, 400, 400), sx:5, sy:5, sz:5, num_conditions:2
condition:5, metric:[0.09568956 0.         0.        ]
condition:6, metric:[  0. 150. 150.]
condition batch eval, img shape:(400, 400, 400), sx:5, sy:5, sz:5, num_conditions:2
condition:7, metric:[  0. 150. 150.]
condition:8, metric:[  0. 150. 150.]
condition batch eval, img shape:(400, 400, 400), sx:5, sy:5, sz:5, num_conditions:2
condition:9, metric:[  0. 150. 150.]
condition:10, metric:[  0. 150. 150.]
condition batch eval, img shape:(400, 400, 400), sx:5, sy:5, sz:5, num_conditions:2
condition:11, metric:[  0. 150. 150.]
condition:12, metric:[  0. 150. 150.]
condition batch eval, img shape:(400, 400, 400), sx:5, sy:5, sz:5, num_conditions:2
condition:13, metric:[  0. 150. 150.]
condition:14, metric:[  0. 150. 150.]
condition batch eval, img shape:(400, 400, 400), sx:5, sy:5, sz:5, num_conditions:2
condition:15, metric:[  0. 150. 150.]
condition:16, metric:[  0. 150. 150.]
condition batch eval, img shape:(400, 400, 400), sx:5, sy:5, sz:5, num_conditions:2
condition:17, metric:[  0. 150. 150.]
condition:18, metric:[  0. 150. 150.]
condition batch eval, img shape:(400, 400, 400), sx:5, sy:5, sz:5, num_conditions:2
condition:19, metric:[  0. 150. 150.]
condition:20, metric:[  0. 150. 150.]
condition batch eval, img shape:(400, 400, 400), sx:5, sy:5, sz:5, num_conditions:2
condition:21, metric:[  0. 150. 150.]
condition:22, metric:[  0. 150. 150.]
condition batch eval, img shape:(400, 400, 400), sx:5, sy:5, sz:5, num_conditions:2
condition:23, metric:[  0. 150. 150.]
condition:24, metric:[  0. 150. 150.]
condition batch eval, img shape:(400, 400, 400), sx:5, sy:5, sz:5, num_conditions:2
condition:25, metric:[  0. 150. 150.]
condition:26, metric:[  0. 150. 150.]
condition batch eval, img shape:(400, 400, 400), sx:5, sy:5, sz:5, num_conditions:2
condition:27, metric:[  0. 150. 150.]
condition:28, metric:[  0. 150. 150.]
condition batch eval, img shape:(400, 400, 400), sx:5, sy:5, sz:5, num_conditions:2
condition:29, metric:[  0. 150. 150.]
condition:30, metric:[  0. 150. 150.]
condition batch eval, img shape:(400, 400, 400), sx:5, sy:5, sz:5, num_conditions:1
condition:31, metric:[  0. 150. 150.]
===>test image:/projects/weilab/liupeng/projects/frameworks/nnUNet/DATASET/nnUNet_preprocessed/Dataset200_Dataset101_CellMap_model_high_res/nnUNetPlans_3d_lowres_large_patch_test/jrc_ut21-1413-003_crop190.npy
condition batch eval, img shape:(400, 400, 400), sx:5, sy:5, sz:5, num_conditions:2
condition:1, metric:[0.62053779 0.         0.        ]
condition:2, metric:[  0. 150. 150.]
condition batch eval, img shape:(400, 400, 400), sx:5, sy:5, sz:5, num_conditions:2
condition:3, metric:[0.76440364 0.         0.        ]
condition:4, metric:[  0. 150. 150.]
condition batch eval, img shape:(400, 400, 400), sx:5, sy:5, sz:5, num_conditions:2
condition:5, metric:[0.01627058 0.         0.        ]
condition:6, metric:[  0. 150. 150.]
condition batch eval, img shape:(400, 400, 400), sx:5, sy:5, sz:5, num_conditions:2
condition:7, metric:[  0. 150. 150.]
condition:8, metric:[  0. 150. 150.]
condition batch eval, img shape:(400, 400, 400), sx:5, sy:5, sz:5, num_conditions:2
condition:9, metric:[  0. 150. 150.]
condition:10, metric:[  0. 150. 150.]
condition batch eval, img shape:(400, 400, 400), sx:5, sy:5, sz:5, num_conditions:2
condition:11, metric:[  0. 150. 150.]
condition:12, metric:[  0. 150. 150.]
condition batch eval, img shape:(400, 400, 400), sx:5, sy:5, sz:5, num_conditions:2
condition:13, metric:[  0. 150. 150.]
condition:14, metric:[  0. 150. 150.]
condition batch eval, img shape:(400, 400, 400), sx:5, sy:5, sz:5, num_conditions:2
condition:15, metric:[  0. 150. 150.]
condition:16, metric:[0.12661025 0.         0.        ]
condition batch eval, img shape:(400, 400, 400), sx:5, sy:5, sz:5, num_conditions:2
condition:17, metric:[  0. 150. 150.]
condition:18, metric:[  0. 150. 150.]
condition batch eval, img shape:(400, 400, 400), sx:5, sy:5, sz:5, num_conditions:2
condition:19, metric:[  0. 150. 150.]
condition:20, metric:[  0. 150. 150.]
condition batch eval, img shape:(400, 400, 400), sx:5, sy:5, sz:5, num_conditions:2
condition:21, metric:[  0. 150. 150.]
condition:22, metric:[  0. 150. 150.]
condition batch eval, img shape:(400, 400, 400), sx:5, sy:5, sz:5, num_conditions:2
condition:23, metric:[  0. 150. 150.]
condition:24, metric:[  0. 150. 150.]
condition batch eval, img shape:(400, 400, 400), sx:5, sy:5, sz:5, num_conditions:2
condition:25, metric:[  0. 150. 150.]
condition:26, metric:[  0. 150. 150.]
condition batch eval, img shape:(400, 400, 400), sx:5, sy:5, sz:5, num_conditions:2
condition:27, metric:[  0. 150. 150.]
condition:28, metric:[  0. 150. 150.]
condition batch eval, img shape:(400, 400, 400), sx:5, sy:5, sz:5, num_conditions:2
condition:29, metric:[  0. 150. 150.]
condition:30, metric:[  0. 150. 150.]
condition batch eval, img shape:(400, 400, 400), sx:5, sy:5, sz:5, num_conditions:1
condition:31, metric:[  0. 150. 150.]
===>test image:/projects/weilab/liupeng/projects/frameworks/nnUNet/DATASET/nnUNet_preprocessed/Dataset200_Dataset101_CellMap_model_high_res/nnUNetPlans_3d_lowres_large_patch_test/jrc_mus-kidney_crop164.npy
condition batch eval, img shape:(200, 200, 200), sx:2, sy:2, sz:2, num_conditions:2
condition:1, metric:[0.04172216 0.         0.        ]
condition:2, metric:[  0. 150. 150.]
condition batch eval, img shape:(200, 200, 200), sx:2, sy:2, sz:2, num_conditions:2
condition:3, metric:[0.85167779 0.         0.        ]
condition:4, metric:[  0. 150. 150.]
condition batch eval, img shape:(200, 200, 200), sx:2, sy:2, sz:2, num_conditions:2
condition:5, metric:[0.00211766 0.         0.        ]
condition:6, metric:[  0. 150. 150.]
condition batch eval, img shape:(200, 200, 200), sx:2, sy:2, sz:2, num_conditions:2
condition:7, metric:[  0. 150. 150.]
condition:8, metric:[0.02490946 0.         0.        ]
condition batch eval, img shape:(200, 200, 200), sx:2, sy:2, sz:2, num_conditions:2
condition:9, metric:[  0. 150. 150.]
condition:10, metric:[  0. 150. 150.]
condition batch eval, img shape:(200, 200, 200), sx:2, sy:2, sz:2, num_conditions:2
condition:11, metric:[  0. 150. 150.]
condition:12, metric:[  0. 150. 150.]
condition batch eval, img shape:(200, 200, 200), sx:2, sy:2, sz:2, num_conditions:2
condition:13, metric:[  0. 150. 150.]
condition:14, metric:[  0. 150. 150.]
condition batch eval, img shape:(200, 200, 200), sx:2, sy:2, sz:2, num_conditions:2
condition:15, metric:[  0. 150. 150.]
condition:16, metric:[  0. 150. 150.]
condition batch eval, img shape:(200, 200, 200), sx:2, sy:2, sz:2, num_conditions:2
condition:17, metric:[  0. 150. 150.]
condition:18, metric:[  0. 150. 150.]
condition batch eval, img shape:(200, 200, 200), sx:2, sy:2, sz:2, num_conditions:2
condition:19, metric:[  0. 150. 150.]
condition:20, metric:[  0. 150. 150.]
condition batch eval, img shape:(200, 200, 200), sx:2, sy:2, sz:2, num_conditions:2
condition:21, metric:[  0. 150. 150.]
condition:22, metric:[  0. 150. 150.]
condition batch eval, img shape:(200, 200, 200), sx:2, sy:2, sz:2, num_conditions:2
condition:23, metric:[  0. 150. 150.]
condition:24, metric:[  0. 150. 150.]
condition batch eval, img shape:(200, 200, 200), sx:2, sy:2, sz:2, num_conditions:2
condition:25, metric:[  0. 150. 150.]
condition:26, metric:[  0. 150. 150.]
condition batch eval, img shape:(200, 200, 200), sx:2, sy:2, sz:2, num_conditions:2
condition:27, metric:[  0. 150. 150.]
condition:28, metric:[  0. 150. 150.]
condition batch eval, img shape:(200, 200, 200), sx:2, sy:2, sz:2, num_conditions:2
condition:29, metric:[  0. 150. 150.]
condition:30, metric:[  0. 150. 150.]
condition batch eval, img shape:(200, 200, 200), sx:2, sy:2, sz:2, num_conditions:1
condition:31, metric:[  0. 150. 150.]
Validation end
avg metric shape: (31, 3)
iteration 28400 : model2_dice_score : 0.038704 model2_hd95 : 134.274194
save model to ../model/CellMap_202_CondBaseline_cond_baseline_cellmap_highres_SGD_SGD/unet_3D_old/model2_iter_28400.pth
iteration 28420 : loss : 0.102828  loss_ce : 0.154383  loss_dice : 0.051274
iteration 28440 : loss : 0.146399  loss_ce : 0.195709  loss_dice : 0.097090
iteration 28460 : loss : 0.285718  loss_ce : 0.396562  loss_dice : 0.174874
iteration 28480 : loss : 0.118429  loss_ce : 0.181723  loss_dice : 0.055135
iteration 28500 : loss : 0.259671  loss_ce : 0.019185  loss_dice : 0.500158
iteration 28520 : loss : 0.156699  loss_ce : 0.228735  loss_dice : 0.084663
iteration 28540 : loss : 0.035789  loss_ce : 0.058783  loss_dice : 0.012796
iteration 28560 : loss : 0.245255  loss_ce : 0.318217  loss_dice : 0.172293
iteration 28580 : loss : 0.200730  loss_ce : 0.293112  loss_dice : 0.108347
iteration 28600 : loss : 0.186838  loss_ce : 0.193114  loss_dice : 0.180562
iteration 28620 : loss : 0.113858  loss_ce : 0.166133  loss_dice : 0.061583
iteration 28640 : loss : 0.083638  loss_ce : 0.128770  loss_dice : 0.038505
iteration 28660 : loss : 0.296236  loss_ce : 0.255691  loss_dice : 0.336780
iteration 28680 : loss : 0.271398  loss_ce : 0.329194  loss_dice : 0.213601
iteration 28700 : loss : 0.273214  loss_ce : 0.390510  loss_dice : 0.155918
iteration 28720 : loss : 0.041531  loss_ce : 0.065908  loss_dice : 0.017155
iteration 28740 : loss : 0.171988  loss_ce : 0.249315  loss_dice : 0.094660
iteration 28760 : loss : 0.090057  loss_ce : 0.127284  loss_dice : 0.052830
iteration 28780 : loss : 0.069152  loss_ce : 0.108317  loss_dice : 0.029988
iteration 28800 : loss : 0.087035  loss_ce : 0.131208  loss_dice : 0.042862
began evaluation!
iteration 28800: validation sampled 4/17 cases
Total test images: 4
Validation begin
===>test image:/projects/weilab/liupeng/projects/frameworks/nnUNet/DATASET/nnUNet_preprocessed/Dataset200_Dataset101_CellMap_model_high_res/nnUNetPlans_3d_lowres_large_patch_test/jrc_mus-liver-zon-2_crop342.npy
condition batch eval, img shape:(400, 400, 400), sx:5, sy:5, sz:5, num_conditions:2
condition:1, metric:[0.67515878 0.         0.        ]
condition:2, metric:[  0. 150. 150.]
condition batch eval, img shape:(400, 400, 400), sx:5, sy:5, sz:5, num_conditions:2
condition:3, metric:[0.80467337 0.         0.        ]
condition:4, metric:[  0. 150. 150.]
condition batch eval, img shape:(400, 400, 400), sx:5, sy:5, sz:5, num_conditions:2
condition:5, metric:[0. 0. 0.]
condition:6, metric:[  0. 150. 150.]
condition batch eval, img shape:(400, 400, 400), sx:5, sy:5, sz:5, num_conditions:2
condition:7, metric:[  0. 150. 150.]
condition:8, metric:[  0. 150. 150.]
condition batch eval, img shape:(400, 400, 400), sx:5, sy:5, sz:5, num_conditions:2
condition:9, metric:[  0. 150. 150.]
condition:10, metric:[  0. 150. 150.]
condition batch eval, img shape:(400, 400, 400), sx:5, sy:5, sz:5, num_conditions:2
condition:11, metric:[  0. 150. 150.]
condition:12, metric:[  0. 150. 150.]
condition batch eval, img shape:(400, 400, 400), sx:5, sy:5, sz:5, num_conditions:2
condition:13, metric:[  0. 150. 150.]
condition:14, metric:[  0. 150. 150.]
condition batch eval, img shape:(400, 400, 400), sx:5, sy:5, sz:5, num_conditions:2
condition:15, metric:[  0. 150. 150.]
condition:16, metric:[  0. 150. 150.]
condition batch eval, img shape:(400, 400, 400), sx:5, sy:5, sz:5, num_conditions:2
condition:17, metric:[  0. 150. 150.]
condition:18, metric:[  0. 150. 150.]
condition batch eval, img shape:(400, 400, 400), sx:5, sy:5, sz:5, num_conditions:2
condition:19, metric:[  0. 150. 150.]
condition:20, metric:[  0. 150. 150.]
condition batch eval, img shape:(400, 400, 400), sx:5, sy:5, sz:5, num_conditions:2
condition:21, metric:[  0. 150. 150.]
condition:22, metric:[  0. 150. 150.]
condition batch eval, img shape:(400, 400, 400), sx:5, sy:5, sz:5, num_conditions:2
condition:23, metric:[  0. 150. 150.]
condition:24, metric:[  0. 150. 150.]
condition batch eval, img shape:(400, 400, 400), sx:5, sy:5, sz:5, num_conditions:2
condition:25, metric:[3.18718141e-07 0.00000000e+00 0.00000000e+00]
condition:26, metric:[  0. 150. 150.]
condition batch eval, img shape:(400, 400, 400), sx:5, sy:5, sz:5, num_conditions:2
condition:27, metric:[0.33904331 0.         0.        ]
condition:28, metric:[  0. 150. 150.]
condition batch eval, img shape:(400, 400, 400), sx:5, sy:5, sz:5, num_conditions:2
condition:29, metric:[  0. 150. 150.]
condition:30, metric:[  0. 150. 150.]
condition batch eval, img shape:(400, 400, 400), sx:5, sy:5, sz:5, num_conditions:1
condition:31, metric:[  0. 150. 150.]
===>test image:/projects/weilab/liupeng/projects/frameworks/nnUNet/DATASET/nnUNet_preprocessed/Dataset200_Dataset101_CellMap_model_high_res/nnUNetPlans_3d_lowres_large_patch_test/jrc_cos7-1a_crop236.npy
condition batch eval, img shape:(200, 200, 200), sx:2, sy:2, sz:2, num_conditions:2
condition:1, metric:[  0. 150. 150.]
condition:2, metric:[  0. 150. 150.]
condition batch eval, img shape:(200, 200, 200), sx:2, sy:2, sz:2, num_conditions:2
condition:3, metric:[0.9525211 0.        0.       ]
condition:4, metric:[  0. 150. 150.]
condition batch eval, img shape:(200, 200, 200), sx:2, sy:2, sz:2, num_conditions:2
condition:5, metric:[0.26064191 0.         0.        ]
condition:6, metric:[  0. 150. 150.]
condition batch eval, img shape:(200, 200, 200), sx:2, sy:2, sz:2, num_conditions:2
condition:7, metric:[  0. 150. 150.]
condition:8, metric:[  0. 150. 150.]
condition batch eval, img shape:(200, 200, 200), sx:2, sy:2, sz:2, num_conditions:2
condition:9, metric:[  0. 150. 150.]
condition:10, metric:[  0. 150. 150.]
condition batch eval, img shape:(200, 200, 200), sx:2, sy:2, sz:2, num_conditions:2
condition:11, metric:[  0. 150. 150.]
condition:12, metric:[  0. 150. 150.]
condition batch eval, img shape:(200, 200, 200), sx:2, sy:2, sz:2, num_conditions:2
condition:13, metric:[  0. 150. 150.]
condition:14, metric:[  0. 150. 150.]
condition batch eval, img shape:(200, 200, 200), sx:2, sy:2, sz:2, num_conditions:2
condition:15, metric:[  0. 150. 150.]
condition:16, metric:[  0. 150. 150.]
condition batch eval, img shape:(200, 200, 200), sx:2, sy:2, sz:2, num_conditions:2
condition:17, metric:[  0. 150. 150.]
condition:18, metric:[  0. 150. 150.]
condition batch eval, img shape:(200, 200, 200), sx:2, sy:2, sz:2, num_conditions:2
condition:19, metric:[  0. 150. 150.]
condition:20, metric:[  0. 150. 150.]
condition batch eval, img shape:(200, 200, 200), sx:2, sy:2, sz:2, num_conditions:2
condition:21, metric:[  0. 150. 150.]
condition:22, metric:[  0. 150. 150.]
condition batch eval, img shape:(200, 200, 200), sx:2, sy:2, sz:2, num_conditions:2
condition:23, metric:[  0. 150. 150.]
condition:24, metric:[  0. 150. 150.]
condition batch eval, img shape:(200, 200, 200), sx:2, sy:2, sz:2, num_conditions:2
condition:25, metric:[  0. 150. 150.]
condition:26, metric:[  0. 150. 150.]
condition batch eval, img shape:(200, 200, 200), sx:2, sy:2, sz:2, num_conditions:2
condition:27, metric:[  0. 150. 150.]
condition:28, metric:[  0. 150. 150.]
condition batch eval, img shape:(200, 200, 200), sx:2, sy:2, sz:2, num_conditions:2
condition:29, metric:[  0. 150. 150.]
condition:30, metric:[  0. 150. 150.]
condition batch eval, img shape:(200, 200, 200), sx:2, sy:2, sz:2, num_conditions:1
condition:31, metric:[  0. 150. 150.]
===>test image:/projects/weilab/liupeng/projects/frameworks/nnUNet/DATASET/nnUNet_preprocessed/Dataset200_Dataset101_CellMap_model_high_res/nnUNetPlans_3d_lowres_large_patch_test/jrc_sum159-4_crop219.npy
condition batch eval, img shape:(400, 400, 400), sx:5, sy:5, sz:5, num_conditions:2
condition:1, metric:[0.286779 0.       0.      ]
condition:2, metric:[  0. 150. 150.]
condition batch eval, img shape:(400, 400, 400), sx:5, sy:5, sz:5, num_conditions:2
condition:3, metric:[0.83705149 0.         0.        ]
condition:4, metric:[  0. 150. 150.]
condition batch eval, img shape:(400, 400, 400), sx:5, sy:5, sz:5, num_conditions:2
condition:5, metric:[0.00282332 0.         0.        ]
condition:6, metric:[  0. 150. 150.]
condition batch eval, img shape:(400, 400, 400), sx:5, sy:5, sz:5, num_conditions:2
condition:7, metric:[  0. 150. 150.]
condition:8, metric:[0.05485483 0.         0.        ]
condition batch eval, img shape:(400, 400, 400), sx:5, sy:5, sz:5, num_conditions:2
condition:9, metric:[  0. 150. 150.]
condition:10, metric:[  0. 150. 150.]
condition batch eval, img shape:(400, 400, 400), sx:5, sy:5, sz:5, num_conditions:2
condition:11, metric:[  0. 150. 150.]
condition:12, metric:[  0. 150. 150.]
condition batch eval, img shape:(400, 400, 400), sx:5, sy:5, sz:5, num_conditions:2
condition:13, metric:[  0. 150. 150.]
condition:14, metric:[  0. 150. 150.]
condition batch eval, img shape:(400, 400, 400), sx:5, sy:5, sz:5, num_conditions:2
condition:15, metric:[  0. 150. 150.]
condition:16, metric:[0.01395746 0.         0.        ]
condition batch eval, img shape:(400, 400, 400), sx:5, sy:5, sz:5, num_conditions:2
condition:17, metric:[  0. 150. 150.]
condition:18, metric:[  0. 150. 150.]
condition batch eval, img shape:(400, 400, 400), sx:5, sy:5, sz:5, num_conditions:2
condition:19, metric:[  0. 150. 150.]
condition:20, metric:[  0. 150. 150.]
condition batch eval, img shape:(400, 400, 400), sx:5, sy:5, sz:5, num_conditions:2
condition:21, metric:[  0. 150. 150.]
condition:22, metric:[  0. 150. 150.]
condition batch eval, img shape:(400, 400, 400), sx:5, sy:5, sz:5, num_conditions:2
condition:23, metric:[  0. 150. 150.]
condition:24, metric:[  0. 150. 150.]
condition batch eval, img shape:(400, 400, 400), sx:5, sy:5, sz:5, num_conditions:2
condition:25, metric:[0.03842838 0.         0.        ]
condition:26, metric:[  0. 150. 150.]
condition batch eval, img shape:(400, 400, 400), sx:5, sy:5, sz:5, num_conditions:2
condition:27, metric:[0.0147331 0.        0.       ]
condition:28, metric:[  0. 150. 150.]
condition batch eval, img shape:(400, 400, 400), sx:5, sy:5, sz:5, num_conditions:2
condition:29, metric:[  0. 150. 150.]
condition:30, metric:[  0. 150. 150.]
condition batch eval, img shape:(400, 400, 400), sx:5, sy:5, sz:5, num_conditions:1
condition:31, metric:[  0. 150. 150.]
===>test image:/projects/weilab/liupeng/projects/frameworks/nnUNet/DATASET/nnUNet_preprocessed/Dataset200_Dataset101_CellMap_model_high_res/nnUNetPlans_3d_lowres_large_patch_test/jrc_ut21-1413-003_crop190.npy
condition batch eval, img shape:(400, 400, 400), sx:5, sy:5, sz:5, num_conditions:2
condition:1, metric:[0.61143465 0.         0.        ]
condition:2, metric:[  0. 150. 150.]
condition batch eval, img shape:(400, 400, 400), sx:5, sy:5, sz:5, num_conditions:2
condition:3, metric:[0.80638276 0.         0.        ]
condition:4, metric:[  0. 150. 150.]
condition batch eval, img shape:(400, 400, 400), sx:5, sy:5, sz:5, num_conditions:2
condition:5, metric:[0.07964604 0.         0.        ]
condition:6, metric:[  0. 150. 150.]
condition batch eval, img shape:(400, 400, 400), sx:5, sy:5, sz:5, num_conditions:2
condition:7, metric:[  0. 150. 150.]
condition:8, metric:[  0. 150. 150.]
condition batch eval, img shape:(400, 400, 400), sx:5, sy:5, sz:5, num_conditions:2
condition:9, metric:[  0. 150. 150.]
condition:10, metric:[  0. 150. 150.]
condition batch eval, img shape:(400, 400, 400), sx:5, sy:5, sz:5, num_conditions:2
condition:11, metric:[  0. 150. 150.]
condition:12, metric:[  0. 150. 150.]
condition batch eval, img shape:(400, 400, 400), sx:5, sy:5, sz:5, num_conditions:2
condition:13, metric:[  0. 150. 150.]
condition:14, metric:[  0. 150. 150.]
condition batch eval, img shape:(400, 400, 400), sx:5, sy:5, sz:5, num_conditions:2
condition:15, metric:[  0. 150. 150.]
condition:16, metric:[0.12663999 0.         0.        ]
condition batch eval, img shape:(400, 400, 400), sx:5, sy:5, sz:5, num_conditions:2
condition:17, metric:[  0. 150. 150.]
condition:18, metric:[  0. 150. 150.]
condition batch eval, img shape:(400, 400, 400), sx:5, sy:5, sz:5, num_conditions:2
condition:19, metric:[  0. 150. 150.]
condition:20, metric:[  0. 150. 150.]
condition batch eval, img shape:(400, 400, 400), sx:5, sy:5, sz:5, num_conditions:2
condition:21, metric:[  0. 150. 150.]
condition:22, metric:[  0. 150. 150.]
condition batch eval, img shape:(400, 400, 400), sx:5, sy:5, sz:5, num_conditions:2
condition:23, metric:[  0. 150. 150.]
condition:24, metric:[  0. 150. 150.]
condition batch eval, img shape:(400, 400, 400), sx:5, sy:5, sz:5, num_conditions:2
condition:25, metric:[  0. 150. 150.]
condition:26, metric:[  0. 150. 150.]
condition batch eval, img shape:(400, 400, 400), sx:5, sy:5, sz:5, num_conditions:2
condition:27, metric:[  0. 150. 150.]
condition:28, metric:[  0. 150. 150.]
condition batch eval, img shape:(400, 400, 400), sx:5, sy:5, sz:5, num_conditions:2
condition:29, metric:[  0. 150. 150.]
condition:30, metric:[  0. 150. 150.]
condition batch eval, img shape:(400, 400, 400), sx:5, sy:5, sz:5, num_conditions:1
condition:31, metric:[  0. 150. 150.]
Validation end
avg metric shape: (31, 3)
iteration 28800 : model2_dice_score : 0.047619 model2_hd95 : 128.225806
save model to ../model/CellMap_202_CondBaseline_cond_baseline_cellmap_highres_SGD_SGD/unet_3D_old/model2_iter_28800.pth
iteration 28820 : loss : 0.140507  loss_ce : 0.207713  loss_dice : 0.073301
iteration 28840 : loss : 0.240692  loss_ce : 0.338318  loss_dice : 0.143067
iteration 28860 : loss : 0.242520  loss_ce : 0.208205  loss_dice : 0.276836
iteration 28880 : loss : 0.301869  loss_ce : 0.429976  loss_dice : 0.173762
iteration 28900 : loss : 0.247753  loss_ce : 0.146238  loss_dice : 0.349268
iteration 28920 : loss : 0.134002  loss_ce : 0.189826  loss_dice : 0.078178
iteration 28940 : loss : 0.200622  loss_ce : 0.245957  loss_dice : 0.155287
iteration 28960 : loss : 0.275647  loss_ce : 0.061078  loss_dice : 0.490216
iteration 28980 : loss : 0.242956  loss_ce : 0.345969  loss_dice : 0.139943
iteration 29000 : loss : 0.347223  loss_ce : 0.281638  loss_dice : 0.412808
iteration 29020 : loss : 0.063077  loss_ce : 0.099441  loss_dice : 0.026713
iteration 29040 : loss : 0.170928  loss_ce : 0.256729  loss_dice : 0.085127
iteration 29060 : loss : 0.253308  loss_ce : 0.367440  loss_dice : 0.139175
iteration 29080 : loss : 0.187207  loss_ce : 0.164387  loss_dice : 0.210028
iteration 29100 : loss : 0.090221  loss_ce : 0.134853  loss_dice : 0.045589
iteration 29120 : loss : 0.250439  loss_ce : 0.108155  loss_dice : 0.392724
iteration 29140 : loss : 0.042364  loss_ce : 0.068073  loss_dice : 0.016656
iteration 29160 : loss : 0.222801  loss_ce : 0.266254  loss_dice : 0.179348
iteration 29180 : loss : 0.078979  loss_ce : 0.125012  loss_dice : 0.032945
iteration 29200 : loss : 0.052813  loss_ce : 0.083260  loss_dice : 0.022365
began evaluation!
iteration 29200: validation sampled 4/17 cases
Total test images: 4
Validation begin
===>test image:/projects/weilab/liupeng/projects/frameworks/nnUNet/DATASET/nnUNet_preprocessed/Dataset200_Dataset101_CellMap_model_high_res/nnUNetPlans_3d_lowres_large_patch_test/jrc_jurkat-1_crop126.npy
condition batch eval, img shape:(200, 200, 200), sx:2, sy:2, sz:2, num_conditions:2
condition:1, metric:[0.0064182 0.        0.       ]
condition:2, metric:[  0. 150. 150.]
condition batch eval, img shape:(200, 200, 200), sx:2, sy:2, sz:2, num_conditions:2
condition:3, metric:[0.6882384 0.        0.       ]
condition:4, metric:[  0. 150. 150.]
condition batch eval, img shape:(200, 200, 200), sx:2, sy:2, sz:2, num_conditions:2
condition:5, metric:[0.06289693 0.         0.        ]
condition:6, metric:[  0. 150. 150.]
condition batch eval, img shape:(200, 200, 200), sx:2, sy:2, sz:2, num_conditions:2
condition:7, metric:[  0. 150. 150.]
condition:8, metric:[  0. 150. 150.]
condition batch eval, img shape:(200, 200, 200), sx:2, sy:2, sz:2, num_conditions:2
condition:9, metric:[  0. 150. 150.]
condition:10, metric:[  0. 150. 150.]
condition batch eval, img shape:(200, 200, 200), sx:2, sy:2, sz:2, num_conditions:2
condition:11, metric:[  0. 150. 150.]
condition:12, metric:[  0. 150. 150.]
condition batch eval, img shape:(200, 200, 200), sx:2, sy:2, sz:2, num_conditions:2
condition:13, metric:[  0. 150. 150.]
condition:14, metric:[  0. 150. 150.]
condition batch eval, img shape:(200, 200, 200), sx:2, sy:2, sz:2, num_conditions:2
condition:15, metric:[  0. 150. 150.]
condition:16, metric:[  0. 150. 150.]
condition batch eval, img shape:(200, 200, 200), sx:2, sy:2, sz:2, num_conditions:2
condition:17, metric:[  0. 150. 150.]
condition:18, metric:[  0. 150. 150.]
condition batch eval, img shape:(200, 200, 200), sx:2, sy:2, sz:2, num_conditions:2
condition:19, metric:[  0. 150. 150.]
condition:20, metric:[  0. 150. 150.]
condition batch eval, img shape:(200, 200, 200), sx:2, sy:2, sz:2, num_conditions:2
condition:21, metric:[  0. 150. 150.]
condition:22, metric:[  0. 150. 150.]
condition batch eval, img shape:(200, 200, 200), sx:2, sy:2, sz:2, num_conditions:2
condition:23, metric:[  0. 150. 150.]
condition:24, metric:[  0. 150. 150.]
condition batch eval, img shape:(200, 200, 200), sx:2, sy:2, sz:2, num_conditions:2
condition:25, metric:[  0. 150. 150.]
condition:26, metric:[  0. 150. 150.]
condition batch eval, img shape:(200, 200, 200), sx:2, sy:2, sz:2, num_conditions:2
condition:27, metric:[  0. 150. 150.]
condition:28, metric:[  0. 150. 150.]
condition batch eval, img shape:(200, 200, 200), sx:2, sy:2, sz:2, num_conditions:2
condition:29, metric:[  0. 150. 150.]
condition:30, metric:[  0. 150. 150.]
condition batch eval, img shape:(200, 200, 200), sx:2, sy:2, sz:2, num_conditions:1
condition:31, metric:[  0. 150. 150.]
===>test image:/projects/weilab/liupeng/projects/frameworks/nnUNet/DATASET/nnUNet_preprocessed/Dataset200_Dataset101_CellMap_model_high_res/nnUNetPlans_3d_lowres_large_patch_test/jrc_cos7-1b_crop235.npy
condition batch eval, img shape:(200, 200, 200), sx:2, sy:2, sz:2, num_conditions:2
condition:1, metric:[0.02824766 0.         0.        ]
condition:2, metric:[  0. 150. 150.]
condition batch eval, img shape:(200, 200, 200), sx:2, sy:2, sz:2, num_conditions:2
condition:3, metric:[0.9401126 0.        0.       ]
condition:4, metric:[  0. 150. 150.]
condition batch eval, img shape:(200, 200, 200), sx:2, sy:2, sz:2, num_conditions:2
condition:5, metric:[  0. 150. 150.]
condition:6, metric:[  0. 150. 150.]
condition batch eval, img shape:(200, 200, 200), sx:2, sy:2, sz:2, num_conditions:2
condition:7, metric:[  0. 150. 150.]
condition:8, metric:[  0. 150. 150.]
condition batch eval, img shape:(200, 200, 200), sx:2, sy:2, sz:2, num_conditions:2
condition:9, metric:[  0. 150. 150.]
condition:10, metric:[  0. 150. 150.]
condition batch eval, img shape:(200, 200, 200), sx:2, sy:2, sz:2, num_conditions:2
condition:11, metric:[  0. 150. 150.]
condition:12, metric:[  0. 150. 150.]
condition batch eval, img shape:(200, 200, 200), sx:2, sy:2, sz:2, num_conditions:2
condition:13, metric:[  0. 150. 150.]
condition:14, metric:[  0. 150. 150.]
condition batch eval, img shape:(200, 200, 200), sx:2, sy:2, sz:2, num_conditions:2
condition:15, metric:[  0. 150. 150.]
condition:16, metric:[  0. 150. 150.]
condition batch eval, img shape:(200, 200, 200), sx:2, sy:2, sz:2, num_conditions:2
condition:17, metric:[  0. 150. 150.]
condition:18, metric:[  0. 150. 150.]
condition batch eval, img shape:(200, 200, 200), sx:2, sy:2, sz:2, num_conditions:2
condition:19, metric:[  0. 150. 150.]
condition:20, metric:[  0. 150. 150.]
condition batch eval, img shape:(200, 200, 200), sx:2, sy:2, sz:2, num_conditions:2
condition:21, metric:[  0. 150. 150.]
condition:22, metric:[  0. 150. 150.]
condition batch eval, img shape:(200, 200, 200), sx:2, sy:2, sz:2, num_conditions:2
condition:23, metric:[  0. 150. 150.]
condition:24, metric:[  0. 150. 150.]
condition batch eval, img shape:(200, 200, 200), sx:2, sy:2, sz:2, num_conditions:2
condition:25, metric:[  0. 150. 150.]
condition:26, metric:[  0. 150. 150.]
condition batch eval, img shape:(200, 200, 200), sx:2, sy:2, sz:2, num_conditions:2
condition:27, metric:[  0. 150. 150.]
condition:28, metric:[  0. 150. 150.]
condition batch eval, img shape:(200, 200, 200), sx:2, sy:2, sz:2, num_conditions:2
condition:29, metric:[  0. 150. 150.]
condition:30, metric:[  0. 150. 150.]
condition batch eval, img shape:(200, 200, 200), sx:2, sy:2, sz:2, num_conditions:1
condition:31, metric:[  0. 150. 150.]
===>test image:/projects/weilab/liupeng/projects/frameworks/nnUNet/DATASET/nnUNet_preprocessed/Dataset200_Dataset101_CellMap_model_high_res/nnUNetPlans_3d_lowres_large_patch_test/jrc_macrophage-2_crop31.npy
condition batch eval, img shape:(160, 160, 160), sx:1, sy:1, sz:1, num_conditions:2
condition:1, metric:[0.12306814 0.         0.        ]
condition:2, metric:[  0. 150. 150.]
condition batch eval, img shape:(160, 160, 160), sx:1, sy:1, sz:1, num_conditions:2
condition:3, metric:[0.82105683 0.         0.        ]
condition:4, metric:[  0. 150. 150.]
condition batch eval, img shape:(160, 160, 160), sx:1, sy:1, sz:1, num_conditions:2
condition:5, metric:[0.15288785 0.         0.        ]
condition:6, metric:[  0. 150. 150.]
condition batch eval, img shape:(160, 160, 160), sx:1, sy:1, sz:1, num_conditions:2
condition:7, metric:[  0. 150. 150.]
condition:8, metric:[  0. 150. 150.]
condition batch eval, img shape:(160, 160, 160), sx:1, sy:1, sz:1, num_conditions:2
condition:9, metric:[  0. 150. 150.]
condition:10, metric:[  0. 150. 150.]
condition batch eval, img shape:(160, 160, 160), sx:1, sy:1, sz:1, num_conditions:2
condition:11, metric:[  0. 150. 150.]
condition:12, metric:[  0. 150. 150.]
condition batch eval, img shape:(160, 160, 160), sx:1, sy:1, sz:1, num_conditions:2
condition:13, metric:[  0. 150. 150.]
condition:14, metric:[  0. 150. 150.]
condition batch eval, img shape:(160, 160, 160), sx:1, sy:1, sz:1, num_conditions:2
condition:15, metric:[  0. 150. 150.]
condition:16, metric:[  0. 150. 150.]
condition batch eval, img shape:(160, 160, 160), sx:1, sy:1, sz:1, num_conditions:2
condition:17, metric:[  0. 150. 150.]
condition:18, metric:[  0. 150. 150.]
condition batch eval, img shape:(160, 160, 160), sx:1, sy:1, sz:1, num_conditions:2
condition:19, metric:[  0. 150. 150.]
condition:20, metric:[  0. 150. 150.]
condition batch eval, img shape:(160, 160, 160), sx:1, sy:1, sz:1, num_conditions:2
condition:21, metric:[  0. 150. 150.]
condition:22, metric:[  0. 150. 150.]
condition batch eval, img shape:(160, 160, 160), sx:1, sy:1, sz:1, num_conditions:2
condition:23, metric:[  0. 150. 150.]
condition:24, metric:[  0. 150. 150.]
condition batch eval, img shape:(160, 160, 160), sx:1, sy:1, sz:1, num_conditions:2
condition:25, metric:[  0. 150. 150.]
condition:26, metric:[  0. 150. 150.]
condition batch eval, img shape:(160, 160, 160), sx:1, sy:1, sz:1, num_conditions:2
condition:27, metric:[  0. 150. 150.]
condition:28, metric:[  0. 150. 150.]
condition batch eval, img shape:(160, 160, 160), sx:1, sy:1, sz:1, num_conditions:2
condition:29, metric:[  0. 150. 150.]
condition:30, metric:[  0. 150. 150.]
condition batch eval, img shape:(160, 160, 160), sx:1, sy:1, sz:1, num_conditions:1
condition:31, metric:[  0. 150. 150.]
===>test image:/projects/weilab/liupeng/projects/frameworks/nnUNet/DATASET/nnUNet_preprocessed/Dataset200_Dataset101_CellMap_model_high_res/nnUNetPlans_3d_lowres_large_patch_test/jrc_sum159-1_crop20.npy
condition batch eval, img shape:(200, 200, 160), sx:2, sy:2, sz:1, num_conditions:2
condition:1, metric:[  0. 150. 150.]
condition:2, metric:[  0. 150. 150.]
condition batch eval, img shape:(200, 200, 160), sx:2, sy:2, sz:1, num_conditions:2
condition:3, metric:[0.64074566 0.         0.        ]
condition:4, metric:[  0. 150. 150.]
condition batch eval, img shape:(200, 200, 160), sx:2, sy:2, sz:1, num_conditions:2
condition:5, metric:[0.00397526 0.         0.        ]
condition:6, metric:[  0. 150. 150.]
condition batch eval, img shape:(200, 200, 160), sx:2, sy:2, sz:1, num_conditions:2
condition:7, metric:[  0. 150. 150.]
condition:8, metric:[  0. 150. 150.]
condition batch eval, img shape:(200, 200, 160), sx:2, sy:2, sz:1, num_conditions:2
condition:9, metric:[  0. 150. 150.]
condition:10, metric:[  0. 150. 150.]
condition batch eval, img shape:(200, 200, 160), sx:2, sy:2, sz:1, num_conditions:2
condition:11, metric:[  0. 150. 150.]
condition:12, metric:[  0. 150. 150.]
condition batch eval, img shape:(200, 200, 160), sx:2, sy:2, sz:1, num_conditions:2
condition:13, metric:[  0. 150. 150.]
condition:14, metric:[  0. 150. 150.]
condition batch eval, img shape:(200, 200, 160), sx:2, sy:2, sz:1, num_conditions:2
condition:15, metric:[  0. 150. 150.]
condition:16, metric:[0.06285749 0.         0.        ]
condition batch eval, img shape:(200, 200, 160), sx:2, sy:2, sz:1, num_conditions:2
condition:17, metric:[  0. 150. 150.]
condition:18, metric:[  0. 150. 150.]
condition batch eval, img shape:(200, 200, 160), sx:2, sy:2, sz:1, num_conditions:2
condition:19, metric:[  0. 150. 150.]
condition:20, metric:[  0. 150. 150.]
condition batch eval, img shape:(200, 200, 160), sx:2, sy:2, sz:1, num_conditions:2
condition:21, metric:[  0. 150. 150.]
condition:22, metric:[  0. 150. 150.]
condition batch eval, img shape:(200, 200, 160), sx:2, sy:2, sz:1, num_conditions:2
condition:23, metric:[  0. 150. 150.]
condition:24, metric:[  0. 150. 150.]
condition batch eval, img shape:(200, 200, 160), sx:2, sy:2, sz:1, num_conditions:2
condition:25, metric:[  0. 150. 150.]
condition:26, metric:[  0. 150. 150.]
condition batch eval, img shape:(200, 200, 160), sx:2, sy:2, sz:1, num_conditions:2
condition:27, metric:[  0. 150. 150.]
condition:28, metric:[  0. 150. 150.]
condition batch eval, img shape:(200, 200, 160), sx:2, sy:2, sz:1, num_conditions:2
condition:29, metric:[  0. 150. 150.]
condition:30, metric:[  0. 150. 150.]
condition batch eval, img shape:(200, 200, 160), sx:2, sy:2, sz:1, num_conditions:1
condition:31, metric:[  0. 150. 150.]
Validation end
avg metric shape: (31, 3)
iteration 29200 : model2_dice_score : 0.028472 model2_hd95 : 136.693548
save model to ../model/CellMap_202_CondBaseline_cond_baseline_cellmap_highres_SGD_SGD/unet_3D_old/model2_iter_29200.pth
iteration 29220 : loss : 0.411298  loss_ce : 0.527509  loss_dice : 0.295087
iteration 29240 : loss : 0.242993  loss_ce : 0.145095  loss_dice : 0.340890
iteration 29260 : loss : 0.051301  loss_ce : 0.085697  loss_dice : 0.016905
iteration 29280 : loss : 0.246649  loss_ce : 0.337828  loss_dice : 0.155471
iteration 29300 : loss : 0.265846  loss_ce : 0.083283  loss_dice : 0.448409
iteration 29320 : loss : 0.073961  loss_ce : 0.116006  loss_dice : 0.031915
iteration 29340 : loss : 0.066134  loss_ce : 0.099515  loss_dice : 0.032752
iteration 29360 : loss : 0.078630  loss_ce : 0.117079  loss_dice : 0.040181
iteration 29380 : loss : 0.090210  loss_ce : 0.135122  loss_dice : 0.045299
iteration 29400 : loss : 0.458549  loss_ce : 0.502792  loss_dice : 0.414305
iteration 29420 : loss : 0.259582  loss_ce : 0.342401  loss_dice : 0.176763
iteration 29440 : loss : 0.221926  loss_ce : 0.123978  loss_dice : 0.319874
iteration 29460 : loss : 0.433196  loss_ce : 0.437067  loss_dice : 0.429325
iteration 29480 : loss : 0.257403  loss_ce : 0.371818  loss_dice : 0.142987
iteration 29500 : loss : 0.156006  loss_ce : 0.146927  loss_dice : 0.165085
iteration 29520 : loss : 0.242170  loss_ce : 0.184777  loss_dice : 0.299563
iteration 29540 : loss : 0.062806  loss_ce : 0.096708  loss_dice : 0.028904
iteration 29560 : loss : 0.249697  loss_ce : 0.180686  loss_dice : 0.318707
iteration 29580 : loss : 0.063224  loss_ce : 0.099252  loss_dice : 0.027197
iteration 29600 : loss : 0.183584  loss_ce : 0.243639  loss_dice : 0.123528
began evaluation!
iteration 29600: validation sampled 4/17 cases
Total test images: 4
Validation begin
===>test image:/projects/weilab/liupeng/projects/frameworks/nnUNet/DATASET/nnUNet_preprocessed/Dataset200_Dataset101_CellMap_model_high_res/nnUNetPlans_3d_lowres_large_patch_test/jrc_fly-mb-1a_crop121.npy
condition batch eval, img shape:(200, 200, 200), sx:2, sy:2, sz:2, num_conditions:2
condition:1, metric:[0.08565012 0.         0.        ]
condition:2, metric:[  0. 150. 150.]
condition batch eval, img shape:(200, 200, 200), sx:2, sy:2, sz:2, num_conditions:2
condition:3, metric:[0.64380921 0.         0.        ]
condition:4, metric:[  0. 150. 150.]
condition batch eval, img shape:(200, 200, 200), sx:2, sy:2, sz:2, num_conditions:2
condition:5, metric:[0.00069056 0.         0.        ]
condition:6, metric:[  0. 150. 150.]
condition batch eval, img shape:(200, 200, 200), sx:2, sy:2, sz:2, num_conditions:2
condition:7, metric:[  0. 150. 150.]
condition:8, metric:[  0. 150. 150.]
condition batch eval, img shape:(200, 200, 200), sx:2, sy:2, sz:2, num_conditions:2
condition:9, metric:[  0. 150. 150.]
condition:10, metric:[  0. 150. 150.]
condition batch eval, img shape:(200, 200, 200), sx:2, sy:2, sz:2, num_conditions:2
condition:11, metric:[  0. 150. 150.]
condition:12, metric:[  0. 150. 150.]
condition batch eval, img shape:(200, 200, 200), sx:2, sy:2, sz:2, num_conditions:2
condition:13, metric:[  0. 150. 150.]
condition:14, metric:[  0. 150. 150.]
condition batch eval, img shape:(200, 200, 200), sx:2, sy:2, sz:2, num_conditions:2
condition:15, metric:[  0. 150. 150.]
condition:16, metric:[  0. 150. 150.]
condition batch eval, img shape:(200, 200, 200), sx:2, sy:2, sz:2, num_conditions:2
condition:17, metric:[  0. 150. 150.]
condition:18, metric:[  0. 150. 150.]
condition batch eval, img shape:(200, 200, 200), sx:2, sy:2, sz:2, num_conditions:2
condition:19, metric:[  0. 150. 150.]
condition:20, metric:[  0. 150. 150.]
condition batch eval, img shape:(200, 200, 200), sx:2, sy:2, sz:2, num_conditions:2
condition:21, metric:[  0. 150. 150.]
condition:22, metric:[  0. 150. 150.]
condition batch eval, img shape:(200, 200, 200), sx:2, sy:2, sz:2, num_conditions:2
condition:23, metric:[  0. 150. 150.]
condition:24, metric:[  0. 150. 150.]
condition batch eval, img shape:(200, 200, 200), sx:2, sy:2, sz:2, num_conditions:2
condition:25, metric:[  0. 150. 150.]
condition:26, metric:[  0. 150. 150.]
condition batch eval, img shape:(200, 200, 200), sx:2, sy:2, sz:2, num_conditions:2
condition:27, metric:[  0. 150. 150.]
condition:28, metric:[  0. 150. 150.]
condition batch eval, img shape:(200, 200, 200), sx:2, sy:2, sz:2, num_conditions:2
condition:29, metric:[  0. 150. 150.]
condition:30, metric:[  0. 150. 150.]
condition batch eval, img shape:(200, 200, 200), sx:2, sy:2, sz:2, num_conditions:1
condition:31, metric:[  0. 150. 150.]
===>test image:/projects/weilab/liupeng/projects/frameworks/nnUNet/DATASET/nnUNet_preprocessed/Dataset200_Dataset101_CellMap_model_high_res/nnUNetPlans_3d_lowres_large_patch_test/jrc_mus-liver-zon-2_crop342.npy
condition batch eval, img shape:(400, 400, 400), sx:5, sy:5, sz:5, num_conditions:2
condition:1, metric:[0.65047887 0.         0.        ]
condition:2, metric:[  0. 150. 150.]
condition batch eval, img shape:(400, 400, 400), sx:5, sy:5, sz:5, num_conditions:2
condition:3, metric:[0.81520619 0.         0.        ]
condition:4, metric:[  0. 150. 150.]
condition batch eval, img shape:(400, 400, 400), sx:5, sy:5, sz:5, num_conditions:2
condition:5, metric:[0.00011207 0.         0.        ]
condition:6, metric:[  0. 150. 150.]
condition batch eval, img shape:(400, 400, 400), sx:5, sy:5, sz:5, num_conditions:2
condition:7, metric:[  0. 150. 150.]
condition:8, metric:[  0. 150. 150.]
condition batch eval, img shape:(400, 400, 400), sx:5, sy:5, sz:5, num_conditions:2
condition:9, metric:[  0. 150. 150.]
condition:10, metric:[  0. 150. 150.]
condition batch eval, img shape:(400, 400, 400), sx:5, sy:5, sz:5, num_conditions:2
condition:11, metric:[  0. 150. 150.]
condition:12, metric:[  0. 150. 150.]
condition batch eval, img shape:(400, 400, 400), sx:5, sy:5, sz:5, num_conditions:2
condition:13, metric:[  0. 150. 150.]
condition:14, metric:[  0. 150. 150.]
condition batch eval, img shape:(400, 400, 400), sx:5, sy:5, sz:5, num_conditions:2
condition:15, metric:[  0. 150. 150.]
condition:16, metric:[  0. 150. 150.]
condition batch eval, img shape:(400, 400, 400), sx:5, sy:5, sz:5, num_conditions:2
condition:17, metric:[  0. 150. 150.]
condition:18, metric:[  0. 150. 150.]
condition batch eval, img shape:(400, 400, 400), sx:5, sy:5, sz:5, num_conditions:2
condition:19, metric:[  0. 150. 150.]
condition:20, metric:[  0. 150. 150.]
condition batch eval, img shape:(400, 400, 400), sx:5, sy:5, sz:5, num_conditions:2
condition:21, metric:[  0. 150. 150.]
condition:22, metric:[  0. 150. 150.]
condition batch eval, img shape:(400, 400, 400), sx:5, sy:5, sz:5, num_conditions:2
condition:23, metric:[  0. 150. 150.]
condition:24, metric:[  0. 150. 150.]
condition batch eval, img shape:(400, 400, 400), sx:5, sy:5, sz:5, num_conditions:2
condition:25, metric:[0.00039959 0.         0.        ]
condition:26, metric:[  0. 150. 150.]
condition batch eval, img shape:(400, 400, 400), sx:5, sy:5, sz:5, num_conditions:2
condition:27, metric:[0.36958945 0.         0.        ]
condition:28, metric:[  0. 150. 150.]
condition batch eval, img shape:(400, 400, 400), sx:5, sy:5, sz:5, num_conditions:2
condition:29, metric:[  0. 150. 150.]
condition:30, metric:[  0. 150. 150.]
condition batch eval, img shape:(400, 400, 400), sx:5, sy:5, sz:5, num_conditions:1
condition:31, metric:[  0. 150. 150.]
===>test image:/projects/weilab/liupeng/projects/frameworks/nnUNet/DATASET/nnUNet_preprocessed/Dataset200_Dataset101_CellMap_model_high_res/nnUNetPlans_3d_lowres_large_patch_test/jrc_fly-vnc-1_crop174.npy
condition batch eval, img shape:(200, 200, 200), sx:2, sy:2, sz:2, num_conditions:2
condition:1, metric:[0.22278737 0.         0.        ]
condition:2, metric:[  0. 150. 150.]
condition batch eval, img shape:(200, 200, 200), sx:2, sy:2, sz:2, num_conditions:2
condition:3, metric:[0.7005004 0.        0.       ]
condition:4, metric:[  0. 150. 150.]
condition batch eval, img shape:(200, 200, 200), sx:2, sy:2, sz:2, num_conditions:2
condition:5, metric:[0.44299451 0.         0.        ]
condition:6, metric:[  0. 150. 150.]
condition batch eval, img shape:(200, 200, 200), sx:2, sy:2, sz:2, num_conditions:2
condition:7, metric:[  0. 150. 150.]
condition:8, metric:[  0. 150. 150.]
condition batch eval, img shape:(200, 200, 200), sx:2, sy:2, sz:2, num_conditions:2
condition:9, metric:[  0. 150. 150.]
condition:10, metric:[  0. 150. 150.]
condition batch eval, img shape:(200, 200, 200), sx:2, sy:2, sz:2, num_conditions:2
condition:11, metric:[  0. 150. 150.]
condition:12, metric:[  0. 150. 150.]
condition batch eval, img shape:(200, 200, 200), sx:2, sy:2, sz:2, num_conditions:2
condition:13, metric:[  0. 150. 150.]
condition:14, metric:[  0. 150. 150.]
condition batch eval, img shape:(200, 200, 200), sx:2, sy:2, sz:2, num_conditions:2
condition:15, metric:[  0. 150. 150.]
condition:16, metric:[  0. 150. 150.]
condition batch eval, img shape:(200, 200, 200), sx:2, sy:2, sz:2, num_conditions:2
condition:17, metric:[  0. 150. 150.]
condition:18, metric:[  0. 150. 150.]
condition batch eval, img shape:(200, 200, 200), sx:2, sy:2, sz:2, num_conditions:2
condition:19, metric:[  0. 150. 150.]
condition:20, metric:[  0. 150. 150.]
condition batch eval, img shape:(200, 200, 200), sx:2, sy:2, sz:2, num_conditions:2
condition:21, metric:[  0. 150. 150.]
condition:22, metric:[  0. 150. 150.]
condition batch eval, img shape:(200, 200, 200), sx:2, sy:2, sz:2, num_conditions:2
condition:23, metric:[  0. 150. 150.]
condition:24, metric:[  0. 150. 150.]
condition batch eval, img shape:(200, 200, 200), sx:2, sy:2, sz:2, num_conditions:2
condition:25, metric:[  0. 150. 150.]
condition:26, metric:[  0. 150. 150.]
condition batch eval, img shape:(200, 200, 200), sx:2, sy:2, sz:2, num_conditions:2
condition:27, metric:[  0. 150. 150.]
condition:28, metric:[  0. 150. 150.]
condition batch eval, img shape:(200, 200, 200), sx:2, sy:2, sz:2, num_conditions:2
condition:29, metric:[  0. 150. 150.]
condition:30, metric:[  0. 150. 150.]
condition batch eval, img shape:(200, 200, 200), sx:2, sy:2, sz:2, num_conditions:1
condition:31, metric:[  0. 150. 150.]
===>test image:/projects/weilab/liupeng/projects/frameworks/nnUNet/DATASET/nnUNet_preprocessed/Dataset200_Dataset101_CellMap_model_high_res/nnUNetPlans_3d_lowres_large_patch_test/jrc_macrophage-2_crop31.npy
condition batch eval, img shape:(160, 160, 160), sx:1, sy:1, sz:1, num_conditions:2
condition:1, metric:[0.11315808 0.         0.        ]
condition:2, metric:[  0. 150. 150.]
condition batch eval, img shape:(160, 160, 160), sx:1, sy:1, sz:1, num_conditions:2
condition:3, metric:[0.81958384 0.         0.        ]
condition:4, metric:[  0. 150. 150.]
condition batch eval, img shape:(160, 160, 160), sx:1, sy:1, sz:1, num_conditions:2
condition:5, metric:[0.15318605 0.         0.        ]
condition:6, metric:[  0. 150. 150.]
condition batch eval, img shape:(160, 160, 160), sx:1, sy:1, sz:1, num_conditions:2
condition:7, metric:[  0. 150. 150.]
condition:8, metric:[  0. 150. 150.]
condition batch eval, img shape:(160, 160, 160), sx:1, sy:1, sz:1, num_conditions:2
condition:9, metric:[  0. 150. 150.]
condition:10, metric:[  0. 150. 150.]
condition batch eval, img shape:(160, 160, 160), sx:1, sy:1, sz:1, num_conditions:2
condition:11, metric:[  0. 150. 150.]
condition:12, metric:[  0. 150. 150.]
condition batch eval, img shape:(160, 160, 160), sx:1, sy:1, sz:1, num_conditions:2
condition:13, metric:[  0. 150. 150.]
condition:14, metric:[  0. 150. 150.]
condition batch eval, img shape:(160, 160, 160), sx:1, sy:1, sz:1, num_conditions:2
condition:15, metric:[  0. 150. 150.]
condition:16, metric:[  0. 150. 150.]
condition batch eval, img shape:(160, 160, 160), sx:1, sy:1, sz:1, num_conditions:2
condition:17, metric:[  0. 150. 150.]
condition:18, metric:[  0. 150. 150.]
condition batch eval, img shape:(160, 160, 160), sx:1, sy:1, sz:1, num_conditions:2
condition:19, metric:[  0. 150. 150.]
condition:20, metric:[  0. 150. 150.]
condition batch eval, img shape:(160, 160, 160), sx:1, sy:1, sz:1, num_conditions:2
condition:21, metric:[  0. 150. 150.]
condition:22, metric:[  0. 150. 150.]
condition batch eval, img shape:(160, 160, 160), sx:1, sy:1, sz:1, num_conditions:2
condition:23, metric:[  0. 150. 150.]
condition:24, metric:[  0. 150. 150.]
condition batch eval, img shape:(160, 160, 160), sx:1, sy:1, sz:1, num_conditions:2
condition:25, metric:[  0. 150. 150.]
condition:26, metric:[  0. 150. 150.]
condition batch eval, img shape:(160, 160, 160), sx:1, sy:1, sz:1, num_conditions:2
condition:27, metric:[  0. 150. 150.]
condition:28, metric:[  0. 150. 150.]
condition batch eval, img shape:(160, 160, 160), sx:1, sy:1, sz:1, num_conditions:2
condition:29, metric:[  0. 150. 150.]
condition:30, metric:[  0. 150. 150.]
condition batch eval, img shape:(160, 160, 160), sx:1, sy:1, sz:1, num_conditions:1
condition:31, metric:[  0. 150. 150.]
Validation end
avg metric shape: (31, 3)
iteration 29600 : model2_dice_score : 0.040469 model2_hd95 : 133.064516
save model to ../model/CellMap_202_CondBaseline_cond_baseline_cellmap_highres_SGD_SGD/unet_3D_old/model2_iter_29600.pth
iteration 29620 : loss : 0.140433  loss_ce : 0.206830  loss_dice : 0.074037
iteration 29640 : loss : 0.079027  loss_ce : 0.123985  loss_dice : 0.034070
iteration 29660 : loss : 0.258322  loss_ce : 0.332882  loss_dice : 0.183763
iteration 29680 : loss : 0.012433  loss_ce : 0.023595  loss_dice : 0.001270
iteration 29700 : loss : 0.130858  loss_ce : 0.185222  loss_dice : 0.076493
iteration 29720 : loss : 0.072152  loss_ce : 0.115836  loss_dice : 0.028468
iteration 29740 : loss : 0.258755  loss_ce : 0.039724  loss_dice : 0.477786
iteration 29760 : loss : 0.246447  loss_ce : 0.108789  loss_dice : 0.384105
iteration 29780 : loss : 0.193895  loss_ce : 0.286672  loss_dice : 0.101118
iteration 29800 : loss : 0.279451  loss_ce : 0.091893  loss_dice : 0.467010
iteration 29820 : loss : 0.041454  loss_ce : 0.066100  loss_dice : 0.016809
iteration 29840 : loss : 0.278930  loss_ce : 0.393274  loss_dice : 0.164586
iteration 29860 : loss : 0.089682  loss_ce : 0.135226  loss_dice : 0.044139
iteration 29880 : loss : 0.044512  loss_ce : 0.069803  loss_dice : 0.019221
iteration 29900 : loss : 0.260922  loss_ce : 0.021645  loss_dice : 0.500199
iteration 29920 : loss : 0.368088  loss_ce : 0.488618  loss_dice : 0.247559
iteration 29940 : loss : 0.265711  loss_ce : 0.381891  loss_dice : 0.149530
iteration 29960 : loss : 0.165287  loss_ce : 0.238131  loss_dice : 0.092444
iteration 29980 : loss : 0.152845  loss_ce : 0.165744  loss_dice : 0.139946
iteration 30000 : loss : 0.155517  loss_ce : 0.213862  loss_dice : 0.097173
began evaluation!
iteration 30000: validation sampled 4/17 cases
Total test images: 4
Validation begin
===>test image:/projects/weilab/liupeng/projects/frameworks/nnUNet/DATASET/nnUNet_preprocessed/Dataset200_Dataset101_CellMap_model_high_res/nnUNetPlans_3d_lowres_large_patch_test/jrc_mus-kidney_crop164.npy
condition batch eval, img shape:(200, 200, 200), sx:2, sy:2, sz:2, num_conditions:2
condition:1, metric:[0.0443766 0.        0.       ]
condition:2, metric:[  0. 150. 150.]
condition batch eval, img shape:(200, 200, 200), sx:2, sy:2, sz:2, num_conditions:2
condition:3, metric:[0.85178614 0.         0.        ]
condition:4, metric:[  0. 150. 150.]
condition batch eval, img shape:(200, 200, 200), sx:2, sy:2, sz:2, num_conditions:2
condition:5, metric:[0.02505593 0.         0.        ]
condition:6, metric:[  0. 150. 150.]
condition batch eval, img shape:(200, 200, 200), sx:2, sy:2, sz:2, num_conditions:2
condition:7, metric:[  0. 150. 150.]
condition:8, metric:[0.0736685 0.        0.       ]
condition batch eval, img shape:(200, 200, 200), sx:2, sy:2, sz:2, num_conditions:2
condition:9, metric:[  0. 150. 150.]
condition:10, metric:[  0. 150. 150.]
condition batch eval, img shape:(200, 200, 200), sx:2, sy:2, sz:2, num_conditions:2
condition:11, metric:[  0. 150. 150.]
condition:12, metric:[  0. 150. 150.]
condition batch eval, img shape:(200, 200, 200), sx:2, sy:2, sz:2, num_conditions:2
condition:13, metric:[  0. 150. 150.]
condition:14, metric:[  0. 150. 150.]
condition batch eval, img shape:(200, 200, 200), sx:2, sy:2, sz:2, num_conditions:2
condition:15, metric:[  0. 150. 150.]
condition:16, metric:[  0. 150. 150.]
condition batch eval, img shape:(200, 200, 200), sx:2, sy:2, sz:2, num_conditions:2
condition:17, metric:[  0. 150. 150.]
condition:18, metric:[  0. 150. 150.]
condition batch eval, img shape:(200, 200, 200), sx:2, sy:2, sz:2, num_conditions:2
condition:19, metric:[  0. 150. 150.]
condition:20, metric:[  0. 150. 150.]
condition batch eval, img shape:(200, 200, 200), sx:2, sy:2, sz:2, num_conditions:2
condition:21, metric:[  0. 150. 150.]
condition:22, metric:[  0. 150. 150.]
condition batch eval, img shape:(200, 200, 200), sx:2, sy:2, sz:2, num_conditions:2
condition:23, metric:[  0. 150. 150.]
condition:24, metric:[  0. 150. 150.]
condition batch eval, img shape:(200, 200, 200), sx:2, sy:2, sz:2, num_conditions:2
condition:25, metric:[  0. 150. 150.]
condition:26, metric:[  0. 150. 150.]
condition batch eval, img shape:(200, 200, 200), sx:2, sy:2, sz:2, num_conditions:2
condition:27, metric:[  0. 150. 150.]
condition:28, metric:[  0. 150. 150.]
condition batch eval, img shape:(200, 200, 200), sx:2, sy:2, sz:2, num_conditions:2
condition:29, metric:[  0. 150. 150.]
condition:30, metric:[  0. 150. 150.]
condition batch eval, img shape:(200, 200, 200), sx:2, sy:2, sz:2, num_conditions:1
condition:31, metric:[  0. 150. 150.]
===>test image:/projects/weilab/liupeng/projects/frameworks/nnUNet/DATASET/nnUNet_preprocessed/Dataset200_Dataset101_CellMap_model_high_res/nnUNetPlans_3d_lowres_large_patch_test/jrc_fly-vnc-1_crop174.npy
condition batch eval, img shape:(200, 200, 200), sx:2, sy:2, sz:2, num_conditions:2
condition:1, metric:[0.22081837 0.         0.        ]
condition:2, metric:[  0. 150. 150.]
condition batch eval, img shape:(200, 200, 200), sx:2, sy:2, sz:2, num_conditions:2
condition:3, metric:[0.71047125 0.         0.        ]
condition:4, metric:[  0. 150. 150.]
condition batch eval, img shape:(200, 200, 200), sx:2, sy:2, sz:2, num_conditions:2
condition:5, metric:[0.48935062 0.         0.        ]
condition:6, metric:[  0. 150. 150.]
condition batch eval, img shape:(200, 200, 200), sx:2, sy:2, sz:2, num_conditions:2
condition:7, metric:[  0. 150. 150.]
condition:8, metric:[  0. 150. 150.]
condition batch eval, img shape:(200, 200, 200), sx:2, sy:2, sz:2, num_conditions:2
condition:9, metric:[  0. 150. 150.]
condition:10, metric:[  0. 150. 150.]
condition batch eval, img shape:(200, 200, 200), sx:2, sy:2, sz:2, num_conditions:2
condition:11, metric:[  0. 150. 150.]
condition:12, metric:[  0. 150. 150.]
condition batch eval, img shape:(200, 200, 200), sx:2, sy:2, sz:2, num_conditions:2
condition:13, metric:[  0. 150. 150.]
condition:14, metric:[  0. 150. 150.]
condition batch eval, img shape:(200, 200, 200), sx:2, sy:2, sz:2, num_conditions:2
condition:15, metric:[  0. 150. 150.]
condition:16, metric:[  0. 150. 150.]
condition batch eval, img shape:(200, 200, 200), sx:2, sy:2, sz:2, num_conditions:2
condition:17, metric:[  0. 150. 150.]
condition:18, metric:[  0. 150. 150.]
condition batch eval, img shape:(200, 200, 200), sx:2, sy:2, sz:2, num_conditions:2
condition:19, metric:[  0. 150. 150.]
condition:20, metric:[  0. 150. 150.]
condition batch eval, img shape:(200, 200, 200), sx:2, sy:2, sz:2, num_conditions:2
condition:21, metric:[  0. 150. 150.]
condition:22, metric:[  0. 150. 150.]
condition batch eval, img shape:(200, 200, 200), sx:2, sy:2, sz:2, num_conditions:2
condition:23, metric:[  0. 150. 150.]
condition:24, metric:[  0. 150. 150.]
condition batch eval, img shape:(200, 200, 200), sx:2, sy:2, sz:2, num_conditions:2
condition:25, metric:[  0. 150. 150.]
condition:26, metric:[  0. 150. 150.]
condition batch eval, img shape:(200, 200, 200), sx:2, sy:2, sz:2, num_conditions:2
condition:27, metric:[  0. 150. 150.]
condition:28, metric:[  0. 150. 150.]
condition batch eval, img shape:(200, 200, 200), sx:2, sy:2, sz:2, num_conditions:2
condition:29, metric:[  0. 150. 150.]
condition:30, metric:[  0. 150. 150.]
condition batch eval, img shape:(200, 200, 200), sx:2, sy:2, sz:2, num_conditions:1
condition:31, metric:[  0. 150. 150.]
===>test image:/projects/weilab/liupeng/projects/frameworks/nnUNet/DATASET/nnUNet_preprocessed/Dataset200_Dataset101_CellMap_model_high_res/nnUNetPlans_3d_lowres_large_patch_test/jrc_mus-liver-zon-1_crop268.npy
condition batch eval, img shape:(400, 400, 400), sx:5, sy:5, sz:5, num_conditions:2
condition:1, metric:[  0. 150. 150.]
condition:2, metric:[  0. 150. 150.]
condition batch eval, img shape:(400, 400, 400), sx:5, sy:5, sz:5, num_conditions:2
condition:3, metric:[0.89585686 0.         0.        ]
condition:4, metric:[0. 0. 0.]
condition batch eval, img shape:(400, 400, 400), sx:5, sy:5, sz:5, num_conditions:2
condition:5, metric:[0.17922336 0.         0.        ]
condition:6, metric:[  0. 150. 150.]
condition batch eval, img shape:(400, 400, 400), sx:5, sy:5, sz:5, num_conditions:2
condition:7, metric:[  0. 150. 150.]
condition:8, metric:[  0. 150. 150.]
condition batch eval, img shape:(400, 400, 400), sx:5, sy:5, sz:5, num_conditions:2
condition:9, metric:[  0. 150. 150.]
condition:10, metric:[  0. 150. 150.]
condition batch eval, img shape:(400, 400, 400), sx:5, sy:5, sz:5, num_conditions:2
condition:11, metric:[  0. 150. 150.]
condition:12, metric:[  0. 150. 150.]
condition batch eval, img shape:(400, 400, 400), sx:5, sy:5, sz:5, num_conditions:2
condition:13, metric:[  0. 150. 150.]
condition:14, metric:[  0. 150. 150.]
condition batch eval, img shape:(400, 400, 400), sx:5, sy:5, sz:5, num_conditions:2
condition:15, metric:[  0. 150. 150.]
condition:16, metric:[  0. 150. 150.]
condition batch eval, img shape:(400, 400, 400), sx:5, sy:5, sz:5, num_conditions:2
condition:17, metric:[  0. 150. 150.]
condition:18, metric:[  0. 150. 150.]
condition batch eval, img shape:(400, 400, 400), sx:5, sy:5, sz:5, num_conditions:2
condition:19, metric:[  0. 150. 150.]
condition:20, metric:[  0. 150. 150.]
condition batch eval, img shape:(400, 400, 400), sx:5, sy:5, sz:5, num_conditions:2
condition:21, metric:[  0. 150. 150.]
condition:22, metric:[  0. 150. 150.]
condition batch eval, img shape:(400, 400, 400), sx:5, sy:5, sz:5, num_conditions:2
condition:23, metric:[  0. 150. 150.]
condition:24, metric:[  0. 150. 150.]
condition batch eval, img shape:(400, 400, 400), sx:5, sy:5, sz:5, num_conditions:2
condition:25, metric:[  0. 150. 150.]
condition:26, metric:[  0. 150. 150.]
condition batch eval, img shape:(400, 400, 400), sx:5, sy:5, sz:5, num_conditions:2
condition:27, metric:[  0. 150. 150.]
condition:28, metric:[  0. 150. 150.]
condition batch eval, img shape:(400, 400, 400), sx:5, sy:5, sz:5, num_conditions:2
condition:29, metric:[  0. 150. 150.]
condition:30, metric:[  0. 150. 150.]
condition batch eval, img shape:(400, 400, 400), sx:5, sy:5, sz:5, num_conditions:1
condition:31, metric:[  0. 150. 150.]
===>test image:/projects/weilab/liupeng/projects/frameworks/nnUNet/DATASET/nnUNet_preprocessed/Dataset200_Dataset101_CellMap_model_high_res/nnUNetPlans_3d_lowres_large_patch_test/jrc_cos7-1a_crop236.npy
condition batch eval, img shape:(200, 200, 200), sx:2, sy:2, sz:2, num_conditions:2
condition:1, metric:[  0. 150. 150.]
condition:2, metric:[  0. 150. 150.]
condition batch eval, img shape:(200, 200, 200), sx:2, sy:2, sz:2, num_conditions:2
condition:3, metric:[0.95730076 0.         0.        ]
condition:4, metric:[  0. 150. 150.]
condition batch eval, img shape:(200, 200, 200), sx:2, sy:2, sz:2, num_conditions:2
condition:5, metric:[0.34645469 0.         0.        ]
condition:6, metric:[  0. 150. 150.]
condition batch eval, img shape:(200, 200, 200), sx:2, sy:2, sz:2, num_conditions:2
condition:7, metric:[  0. 150. 150.]
condition:8, metric:[  0. 150. 150.]
condition batch eval, img shape:(200, 200, 200), sx:2, sy:2, sz:2, num_conditions:2
condition:9, metric:[  0. 150. 150.]
condition:10, metric:[  0. 150. 150.]
condition batch eval, img shape:(200, 200, 200), sx:2, sy:2, sz:2, num_conditions:2
condition:11, metric:[  0. 150. 150.]
condition:12, metric:[  0. 150. 150.]
condition batch eval, img shape:(200, 200, 200), sx:2, sy:2, sz:2, num_conditions:2
condition:13, metric:[  0. 150. 150.]
condition:14, metric:[  0. 150. 150.]
condition batch eval, img shape:(200, 200, 200), sx:2, sy:2, sz:2, num_conditions:2
condition:15, metric:[  0. 150. 150.]
condition:16, metric:[  0. 150. 150.]
condition batch eval, img shape:(200, 200, 200), sx:2, sy:2, sz:2, num_conditions:2
condition:17, metric:[  0. 150. 150.]
condition:18, metric:[  0. 150. 150.]
condition batch eval, img shape:(200, 200, 200), sx:2, sy:2, sz:2, num_conditions:2
condition:19, metric:[  0. 150. 150.]
condition:20, metric:[  0. 150. 150.]
condition batch eval, img shape:(200, 200, 200), sx:2, sy:2, sz:2, num_conditions:2
condition:21, metric:[  0. 150. 150.]
condition:22, metric:[  0. 150. 150.]
condition batch eval, img shape:(200, 200, 200), sx:2, sy:2, sz:2, num_conditions:2
condition:23, metric:[  0. 150. 150.]
condition:24, metric:[  0. 150. 150.]
condition batch eval, img shape:(200, 200, 200), sx:2, sy:2, sz:2, num_conditions:2
condition:25, metric:[  0. 150. 150.]
condition:26, metric:[  0. 150. 150.]
condition batch eval, img shape:(200, 200, 200), sx:2, sy:2, sz:2, num_conditions:2
condition:27, metric:[  0. 150. 150.]
condition:28, metric:[  0. 150. 150.]
condition batch eval, img shape:(200, 200, 200), sx:2, sy:2, sz:2, num_conditions:2
condition:29, metric:[  0. 150. 150.]
condition:30, metric:[  0. 150. 150.]
condition batch eval, img shape:(200, 200, 200), sx:2, sy:2, sz:2, num_conditions:1
condition:31, metric:[  0. 150. 150.]
Validation end
avg metric shape: (31, 3)
iteration 30000 : model2_dice_score : 0.038664 model2_hd95 : 135.483871
save model to ../model/CellMap_202_CondBaseline_cond_baseline_cellmap_highres_SGD_SGD/unet_3D_old/model2_iter_30000.pth
********** CondBaseline training done! **********
[1;34mwandb[0m: 
[1;34mwandb[0m: 🚀 View run [33mCellMap_CondBaseline_labeled202_SGD_SGD_cond_baseline_cellmap_highres[0m at: [34mhttps://wandb.ai/luckiepeng/semi-supervised-segmentation/runs/p8akuz3g[0m
[1;34mwandb[0m: Find logs at: [1;35mwandb/run-20260324_212455-p8akuz3g/logs[0m
Discord command not found, skipping notification
