==========================================================
Starting on g019
Time is Tue May  5 05:13:30 PM EDT 2026
SLURM_JOB_ID: 2440016
Node type: GPU
Running command: python train_semi-supervised.py
==========================================================
Python path: /projects/weilab/liupeng/conda/envs/ssl_seg/bin/python
Micromamba environment: ssl_seg
JUST_RUNTIME_DIR set to: /home/liupen/.just_runtime
{'exp': 'scalar_baseline_same_split_with_magicNet_3channels_nosemi', 'method': 'C3PS', 'train_3D': True, 'backbone': 'unet_3D_old', 'backbone2': 'unet_3D_condtion_decoder', 'dataset_name': 'BTCV', 'gpu': '0', 'continue_wandb': False, 'continue_training': False, 'wandb_id': '2jkdqxmi', 'model_checkpoint': '/projects/weilab/liupeng/semi-seg/model/LA_8_CCRPS_test_SGD_SGD/unet_3D_old/model1_iter_17600_dice_0.9036.pth', 'model2_checkpoint': '/projects/weilab/liupeng/semi-seg/model/LA_8_CCRPS_test_SGD_SGD/unet_3D_old/model2_iter_17600_dice_0.9036.pth', 'current_iter_num': 17600, 'began_semi_iter': 100000, 'began_condition_iter': 100000, 'began_eval_iter': 2000, 'val_freq': 400, 'val_sample_num': 4, 'condition_eval_batch_size': 2, 'save_checkpoint_freq': 200, 'max_iterations': 20000, 'iters_per_epoch': 100, 'num_epochs': 500, 'use_CAC': True, 'use_PL': False, 'deterministic': 1, 'initial_lr': 0.01, 'initial2_lr': 0.01, 'optimizer_type': 'SGD', 'optimizer2_type': 'SGD', 'model1_thresh': 0.9, 'model2_thresh': 0.95, 'seed': 1337, 'ema_decay': 0.99, 'consistency_type': 'mse', 'consistency': 0.1, 'consistency_rampup': 200.0, 'weight_decay': 1e-05, 'lr_scheduler_patience': 30, 'lr_scheduler_eps': 0.001, 'show_img_freq': 1000, 'train_log_interval': 20, 'dataloader_num_workers': 8, 'dataloader_prefetch_factor': 2, 'dataloader_persistent_workers': True, 'dataloader_pin_memory': True, 'sam': {'use_sam_refinement': False, 'sam_backend': 'medsam', 'sam_checkpoint': './pretrained/medsam_vit_b.pth', 'sam_model_type': 'vit_b', 'auto_download': True, 'download_url': 'https://drive.google.com/uc?id=1ARiB5RkSsWmAB_8mqWnwkjHVy46vzkhR', 'sam_refine_interval': 20, 'use_multiplanar': True, 'use_propagation': False, 'min_component_area': 100, 'bbox_expand_ratio': 0.05, 'max_expansion_ratio': 1.5, 'feature_layer': '', 'visualize_refine': True, 'visualize_interval': 20, 'visualize_case_index': 0, 'visualize_slice_strategy': 'max_change', 'save_compare_npz': True, 'confidence_alpha': 0.5, 'confidence_temperature': 1.0, 'spatial_smooth_sigma': 2.0, 'use_fn_recovery': False, 'fn_recovery_start_epoch': 50, 'fn_recovery_interval': 100, 'fn_iou_threshold': 0.1, 'fn_similarity_threshold': 0.7, 'fn_consistency_slices': 3, 'prototype_update_interval': 5, 'sam_points_per_side': 32, 'sam_pred_iou_thresh': 0.86}, 'METHOD': {'ICT': {'ict_alpha': 0.2}, 'MT': None, 'UAMT': None, 'CPS': None, 'DAN': None, 'EM': None, 'Baseline': None, 'URPC': None, 'C3PS': {'stride': 2, 'iou_bound_low': 0.1, 'iou_bound_high': 0.9, 'con_list': [1, 2, 3, 4, 5, 6, 7, 8, 9, 10, 11, 12, 13], 'addition_con_list': [], 'condition_group_mode': 'fixed', 'max_group_size': 3, 'con_groups': [1, 2, 3, 4, 5, 6, 7, 8, 9, 10, 11, 12, 13, [2, 3], [12, 13], [8, 9], [5, 7], [1, 11], [4, 6, 10]], 'condition_mode': 'scalar', 'embed_dim': 8, 'cond_dim': 32, 'cond_output_channels': 3, 'pseudo_filter_mode': 'binary'}, 'SharedC3PS': {'stride': 2, 'iou_bound_low': 0.1, 'iou_bound_high': 0.9, 'con_list': [1, 2, 3, 4, 5, 6, 7, 8, 9, 10, 11, 12, 13], 'addition_con_list': [], 'condition_group_mode': 'fixed', 'max_group_size': 3, 'con_groups': [1, 2, 3, 4, 5, 6, 7, 8, 9, 10, 11, 12, 13, [2, 3], [12, 13], [8, 9], [5, 7], [1, 11], [4, 6, 10]], 'condition_mode': 'film', 'embed_dim': 8, 'cond_dim': 32, 'cond_output_channels': 2}, 'ConNet': {'stride': 2, 'iou_bound_low': 0.1, 'iou_bound_high': 0.9, 'con_list': [1, 2, 3, 4, 5, 6, 7], 'addition_con_list': [8], 'condition_mode': 'film', 'embed_dim': 8, 'cond_dim': 32, 'cond_output_channels': 2}, 'McNet': None, 'CVCL': {'stride': 8, 'step_save': 2, 'iou_bound_low': 0.1, 'iou_bound_high': 0.9, 'con_list': [1, 2, 3, 4, 5, 6, 7], 'addition_con_list': [8], 'threshold': 0.5}, 'CVCL_partial': {'stride': 8, 'step_save': 2, 'iou_bound_low': 0.1, 'iou_bound_high': 0.9, 'con_list': [1, 2, 3, 4, 5], 'addition_con_list': [8], 'threshold': 0.5, 'began_partial': 4000}, 'CSSR': {'stride': 2, 'iou_bound_low': 0.1, 'iou_bound_high': 1.01, 'patch_size_large': [128, 256, 256]}, 'CTCT': {'cache_mode': 'part', 'zip': True, 'accumulation_steps': None, 'use_checkpoint': False, 'amp_opt_level': 'O1', 'tag': None, 'eval': False, 'throughput': False}, 'CAML': None}, 'DATASET': {'shuffle_train_list_like_magicnet': True, 'labeled_num': 5, 'labeled_num_pl': 60, 'labeled_bs': 1, 'batch_size': 2, 'patch_size': [96, 160, 160], 'cutout': True, 'rotate_trans': True, 'scale_trans': True, 'random_rotflip': False, 'edge_prob': 0.1, 'normalization': 'Zscore', 'LA': {'num_classes': 2, 'class_name_list': ['LA'], 'weights': [1.0], 'train_list': '/projects/weilab/liupeng/dataset/ssl_seg/LA/TrainingSet/LA_train.txt', 'train_list_pl': '/projects/weilab/liupeng/dataset/ssl_seg/LA/test.txt', 'test_list': '/projects/weilab/liupeng/dataset/ssl_seg/LA/TrainingSet/LA_test.txt', 'training_data_num': 80, 'testing_data_num': 20, 'cut_upper': 300, 'cut_lower': -200}, 'MMWHS': {'num_classes': 8, 'class_name_list': ['MYO', 'LA', 'LV', 'RA', 'AA', 'PA', 'RV', 'Foreground'], 'weights': [1.0, 1.0, 1.0, 1.0, 1.0, 1.0, 1.0], 'train_list': '/projects/weilab/liupeng/dataset/ssl_seg/Task012_Heart/MMWHS_train.txt', 'train_list_pl': '../data/Pancreas/pancreas_test.txt', 'test_list': '/projects/weilab/liupeng/dataset/ssl_seg/Task012_Heart/MMWHS_test.txt', 'training_data_num': 14, 'testing_data_num': 6, 'cut_upper': 300, 'cut_lower': -200}, 'MMWHS_MR': {'num_classes': 8, 'train_list': '../data/MMWHS_MR/train.txt', 'test_list': '../data/MMWHS_MR/test.txt', 'training_data_num': 14, 'testing_data_num': 6, 'cut_upper': 1000, 'cut_lower': -1000}, 'BCV': {'num_classes': 6, 'class_name_list': ['Spleen', 'Right_Kidney', 'Left_Kidney', 'Liver', 'Pancreas', 'Foreground'], 'weights': [1.0, 1.0, 1.0, 1.0, 1.0], 'train_list': '/projects/weilab/liupeng/dataset/ssl_seg/Task11_BCV/train.txt', 'train_list_pl': '/projects/weilab/liupeng/dataset/ssl_seg/Pancreas/pancreas_test.txt', 'test_list': '/projects/weilab/liupeng/dataset/ssl_seg/Task11_BCV/test.txt', 'training_data_num': 24, 'testing_data_num': 6, 'cut_upper': 275, 'cut_lower': -125}, 'BTCV': {'num_classes': 14, 'class_name_list': ['Spleen', 'Right_Kidney', 'Left_Kidney', 'Gallbladder', 'Esophagus', 'Liver', 'Stomach', 'Aorta', 'Inferior_Vena_Cava', 'Portal_Vein_And_Splenic_Vein', 'Pancreas', 'Right_Adrenal_Gland', 'Left_Adrenal_Gland', 'Foreground'], 'weights': [1, 1, 1, 1, 1, 1, 1, 1, 1, 1, 1, 1, 1], 'train_list': '/projects/weilab/liupeng/data/raw/ssl_seg/BTCV/Training_resampled_1.5_1.5_2.0_npy_zscore/train.txt', 'train_list_pl': '/projects/weilab/liupeng/data/raw/ssl_seg/BTCV/Training_resampled_1.5_1.5_2.0_npy_zscore/test.txt', 'test_list': '/projects/weilab/liupeng/data/raw/ssl_seg/BTCV/Training_resampled_1.5_1.5_2.0_npy_zscore/test.txt', 'training_data_num': 18, 'testing_data_num': 12, 'cut_upper': 275, 'cut_lower': -125}, 'FLARE': {'num_classes': 5, 'weights': [1.0, 1.0, 1.0, 1.0], 'class_name_list': ['Liver', 'Kidney', 'Spleen', 'Pancreas', 'Foreground'], 'train_list': '../data/AbdomenCT-1K/Flare_train.txt', 'test_list': '../data/AbdomenCT-1K/Flare_test.txt', 'train_list_pl': '../data/Pancreas/pancreas_test.txt', 'training_data_num': 200, 'testing_data_num': 161, 'cut_upper': 275, 'cut_lower': -125}, 'FLARE_FR': {'num_classes': 5, 'weights': [1.0, 1.0, 1.0, 1.0], 'class_name_list': ['Liver', 'Kidney', 'Spleen', 'Pancreas', 'Foreground'], 'train_list': '../data/AbdomenCT-1K/Flare_train_fullres.txt', 'test_list': '../data/AbdomenCT-1K/Flare_test_fullres.txt', 'train_list_pl': '../data/Pancreas/pancreas_test.txt', 'training_data_num': 200, 'testing_data_num': 161, 'cut_upper': 275, 'cut_lower': -125}, 'FLARE_MR': {'num_classes': 5, 'weights': [1.0, 1.0, 1.0, 1.0], 'class_name_list': ['Liver', 'Kidney', 'Spleen', 'Pancreas', 'Foreground'], 'train_list': '../data/AbdomenCT-1K/Flare_train_midres.txt', 'test_list': '../data/AbdomenCT-1K/Flare_test_midres.txt', 'train_list_pl': '../data/Pancreas/pancreas_test.txt', 'training_data_num': 200, 'testing_data_num': 161, 'cut_upper': 275, 'cut_lower': -125}}, 'model': {'name': 'Semi3DUNet', 'in_channels': 1, 'out_channels': 8, 'layer_order': 'gcr', 'f_maps': 16, 'num_levels': 5, 'num_groups': 8, 'final_sigmoid': False, 'is_segmentation': True}}
MagicNet-like split enabled. train_list=/projects/weilab/liupeng/data/raw/ssl_seg/BTCV/Training_resampled_1.5_1.5_2.0_npy_zscore/train.txt seed=1337 labeled=['0006', '0039', '0021', '0005', '0007'] unlabeled=['0031', '0040', '0027', '0024', '0037', '0026', '0010', '0009', '0023', '0028', '0030', '0034', '0033']
Using class DATASETSEMI **********
total img:18
lower:-125,upper:275
do affine:True, do cutout:True
condition list:[1, 2, 3, 4, 5, 6, 7, 8, 9, 10, 11, 12, 13]
Using class DATASETSEMI **********
C3PS fixed-epoch mode: 100 iters/epoch x 500 epochs => max_iterations=50000
================> Training C3PS<===============
iteration 1 :model1 loss : 2.007901model2 loss : 1.735971pseudo_supervision1 : 0.000000pseudo_supervision2 : 0.000000
iteration 20 :model1 loss : 1.244308model2 loss : 0.506522pseudo_supervision1 : 0.000000pseudo_supervision2 : 0.000000
began evaluation!
iteration 20: validation sampled 4/12 cases
Total test images: 4
Validation begin
Validation end
avg metric shape: (13, 3)
save model to ../model/BTCV_5_C3PS_scalar_baseline_same_split_with_magicNet_3channels_nosemi_SGD_SGD/unet_3D_old/iter_20_dice_0.0426
iteration 20 : model_dice_score : 0.042598 model_hd95 : 14.423077
began evaluation!
Total test images: 4
Validation begin
===>test image:/projects/weilab/liupeng/data/raw/ssl_seg/BTCV/Training_resampled_1.5_1.5_2.0_npy_zscore/img/img0004.npy
condition batch eval, img shape:(210, 203, 203), sx:3, sy:2, sz:2, num_conditions:2
condition:1, metric:[  0. 150. 150.]
condition:2, metric:[  0. 150. 150.]
condition batch eval, img shape:(210, 203, 203), sx:3, sy:2, sz:2, num_conditions:2
condition:3, metric:[  0. 150. 150.]
condition:4, metric:[  0. 150. 150.]
condition batch eval, img shape:(210, 203, 203), sx:3, sy:2, sz:2, num_conditions:2
condition:5, metric:[  0. 150. 150.]
condition:6, metric:[  0. 150. 150.]
condition batch eval, img shape:(210, 203, 203), sx:3, sy:2, sz:2, num_conditions:2
condition:7, metric:[  0. 150. 150.]
condition:8, metric:[  0. 150. 150.]
condition batch eval, img shape:(210, 203, 203), sx:3, sy:2, sz:2, num_conditions:2
condition:9, metric:[  0. 150. 150.]
condition:10, metric:[  0. 150. 150.]
condition batch eval, img shape:(210, 203, 203), sx:3, sy:2, sz:2, num_conditions:2
condition:11, metric:[  0. 150. 150.]
condition:12, metric:[  0. 150. 150.]
condition batch eval, img shape:(210, 203, 203), sx:3, sy:2, sz:2, num_conditions:1
condition:13, metric:[  0. 150. 150.]
===>test image:/projects/weilab/liupeng/data/raw/ssl_seg/BTCV/Training_resampled_1.5_1.5_2.0_npy_zscore/img/img0001.npy
condition batch eval, img shape:(220, 228, 228), sx:3, sy:3, sz:3, num_conditions:2
condition:1, metric:[  0. 150. 150.]
condition:2, metric:[  0. 150. 150.]
condition batch eval, img shape:(220, 228, 228), sx:3, sy:3, sz:3, num_conditions:2
condition:3, metric:[  0. 150. 150.]
condition:4, metric:[  0. 150. 150.]
condition batch eval, img shape:(220, 228, 228), sx:3, sy:3, sz:3, num_conditions:2
condition:5, metric:[  0. 150. 150.]
condition:6, metric:[  0. 150. 150.]
condition batch eval, img shape:(220, 228, 228), sx:3, sy:3, sz:3, num_conditions:2
condition:7, metric:[  0. 150. 150.]
condition:8, metric:[  0. 150. 150.]
condition batch eval, img shape:(220, 228, 228), sx:3, sy:3, sz:3, num_conditions:2
condition:9, metric:[  0. 150. 150.]
condition:10, metric:[  0. 150. 150.]
condition batch eval, img shape:(220, 228, 228), sx:3, sy:3, sz:3, num_conditions:2
condition:11, metric:[  0. 150. 150.]
condition:12, metric:[  0. 150. 150.]
condition batch eval, img shape:(220, 228, 228), sx:3, sy:3, sz:3, num_conditions:1
condition:13, metric:[  0. 150. 150.]
===>test image:/projects/weilab/liupeng/data/raw/ssl_seg/BTCV/Training_resampled_1.5_1.5_2.0_npy_zscore/img/img0002.npy
condition batch eval, img shape:(208, 246, 246), sx:3, sy:3, sz:3, num_conditions:2
condition:1, metric:[  0. 150. 150.]
condition:2, metric:[  0. 150. 150.]
condition batch eval, img shape:(208, 246, 246), sx:3, sy:3, sz:3, num_conditions:2
condition:3, metric:[  0. 150. 150.]
condition:4, metric:[  0. 150. 150.]
condition batch eval, img shape:(208, 246, 246), sx:3, sy:3, sz:3, num_conditions:2
condition:5, metric:[  0. 150. 150.]
condition:6, metric:[  0. 150. 150.]
condition batch eval, img shape:(208, 246, 246), sx:3, sy:3, sz:3, num_conditions:2
condition:7, metric:[  0. 150. 150.]
condition:8, metric:[  0. 150. 150.]
condition batch eval, img shape:(208, 246, 246), sx:3, sy:3, sz:3, num_conditions:2
condition:9, metric:[  0. 150. 150.]
condition:10, metric:[  0. 150. 150.]
condition batch eval, img shape:(208, 246, 246), sx:3, sy:3, sz:3, num_conditions:2
condition:11, metric:[  0. 150. 150.]
condition:12, metric:[  0. 150. 150.]
condition batch eval, img shape:(208, 246, 246), sx:3, sy:3, sz:3, num_conditions:1
condition:13, metric:[  0. 150. 150.]
===>test image:/projects/weilab/liupeng/data/raw/ssl_seg/BTCV/Training_resampled_1.5_1.5_2.0_npy_zscore/img/img0038.npy
condition batch eval, img shape:(250, 333, 333), sx:4, sy:4, sz:4, num_conditions:2
condition:1, metric:[  0. 150. 150.]
condition:2, metric:[  0. 150. 150.]
condition batch eval, img shape:(250, 333, 333), sx:4, sy:4, sz:4, num_conditions:2
condition:3, metric:[  0. 150. 150.]
condition:4, metric:[  0. 150. 150.]
condition batch eval, img shape:(250, 333, 333), sx:4, sy:4, sz:4, num_conditions:2
condition:5, metric:[  0. 150. 150.]
condition:6, metric:[  0. 150. 150.]
condition batch eval, img shape:(250, 333, 333), sx:4, sy:4, sz:4, num_conditions:2
condition:7, metric:[  0. 150. 150.]
condition:8, metric:[  0. 150. 150.]
condition batch eval, img shape:(250, 333, 333), sx:4, sy:4, sz:4, num_conditions:2
condition:9, metric:[  0. 150. 150.]
condition:10, metric:[  0. 150. 150.]
condition batch eval, img shape:(250, 333, 333), sx:4, sy:4, sz:4, num_conditions:2
condition:11, metric:[  0. 150. 150.]
condition:12, metric:[  0. 150. 150.]
condition batch eval, img shape:(250, 333, 333), sx:4, sy:4, sz:4, num_conditions:1
condition:13, metric:[  0. 150. 150.]
Validation end
avg metric shape: (13, 3)
iteration 20 : model2_dice_score : 0.000000 model2_hd95 : 150.000000
iteration 40 :model1 loss : 0.719371model2 loss : 0.410303pseudo_supervision1 : 0.000000pseudo_supervision2 : 0.000000
iteration 60 :model1 loss : 0.607268model2 loss : 0.290494pseudo_supervision1 : 0.000000pseudo_supervision2 : 0.000000
iteration 80 :model1 loss : 0.578561model2 loss : 0.688643pseudo_supervision1 : 0.000000pseudo_supervision2 : 0.000000
iteration 100 :model1 loss : 0.691447model2 loss : 0.432616pseudo_supervision1 : 0.000000pseudo_supervision2 : 0.000000
iteration 120 :model1 loss : 0.654687model2 loss : 0.677619pseudo_supervision1 : 0.000000pseudo_supervision2 : 0.000000
iteration 140 :model1 loss : 0.552246model2 loss : 0.531168pseudo_supervision1 : 0.000000pseudo_supervision2 : 0.000000
iteration 160 :model1 loss : 0.516219model2 loss : 0.463313pseudo_supervision1 : 0.000000pseudo_supervision2 : 0.000000
iteration 180 :model1 loss : 0.720679model2 loss : 1.028935pseudo_supervision1 : 0.000000pseudo_supervision2 : 0.000000
iteration 200 :model1 loss : 0.510571model2 loss : 0.545743pseudo_supervision1 : 0.000000pseudo_supervision2 : 0.000000
save model to ../model/BTCV_5_C3PS_scalar_baseline_same_split_with_magicNet_3channels_nosemi_SGD_SGD/unet_3D_old/model_iter_200.pth
save model2 to ../model/BTCV_5_C3PS_scalar_baseline_same_split_with_magicNet_3channels_nosemi_SGD_SGD/unet_3D_old/model2_iter_200.pth
iteration 220 :model1 loss : 0.668085model2 loss : 0.841185pseudo_supervision1 : 0.000000pseudo_supervision2 : 0.000000
iteration 240 :model1 loss : 0.503468model2 loss : 0.446653pseudo_supervision1 : 0.000000pseudo_supervision2 : 0.000000
iteration 260 :model1 loss : 0.604349model2 loss : 0.409202pseudo_supervision1 : 0.000000pseudo_supervision2 : 0.000000
iteration 280 :model1 loss : 0.564197model2 loss : 0.344855pseudo_supervision1 : 0.000000pseudo_supervision2 : 0.000000
iteration 300 :model1 loss : 0.612562model2 loss : 0.320974pseudo_supervision1 : 0.000000pseudo_supervision2 : 0.000000
iteration 320 :model1 loss : 0.506710model2 loss : 0.249408pseudo_supervision1 : 0.000000pseudo_supervision2 : 0.000000
iteration 340 :model1 loss : 0.529849model2 loss : 0.408786pseudo_supervision1 : 0.000000pseudo_supervision2 : 0.000000
iteration 360 :model1 loss : 0.514085model2 loss : 0.291511pseudo_supervision1 : 0.000000pseudo_supervision2 : 0.000000
iteration 380 :model1 loss : 0.501828model2 loss : 0.265146pseudo_supervision1 : 0.000000pseudo_supervision2 : 0.000000
iteration 400 :model1 loss : 0.508965model2 loss : 0.238067pseudo_supervision1 : 0.000000pseudo_supervision2 : 0.000000
save model to ../model/BTCV_5_C3PS_scalar_baseline_same_split_with_magicNet_3channels_nosemi_SGD_SGD/unet_3D_old/model_iter_400.pth
save model2 to ../model/BTCV_5_C3PS_scalar_baseline_same_split_with_magicNet_3channels_nosemi_SGD_SGD/unet_3D_old/model2_iter_400.pth
iteration 420 :model1 loss : 0.645525model2 loss : 0.363199pseudo_supervision1 : 0.000000pseudo_supervision2 : 0.000000
iteration 440 :model1 loss : 0.450363model2 loss : 0.337079pseudo_supervision1 : 0.000000pseudo_supervision2 : 0.000000
iteration 460 :model1 loss : 0.544568model2 loss : 0.357223pseudo_supervision1 : 0.000000pseudo_supervision2 : 0.000000
iteration 480 :model1 loss : 0.470503model2 loss : 0.316733pseudo_supervision1 : 0.000000pseudo_supervision2 : 0.000000
iteration 500 :model1 loss : 0.462121model2 loss : 0.270557pseudo_supervision1 : 0.000000pseudo_supervision2 : 0.000000
iteration 520 :model1 loss : 0.634090model2 loss : 0.302709pseudo_supervision1 : 0.000000pseudo_supervision2 : 0.000000
iteration 540 :model1 loss : 0.418117model2 loss : 0.200911pseudo_supervision1 : 0.000000pseudo_supervision2 : 0.000000
iteration 560 :model1 loss : 0.449005model2 loss : 0.261248pseudo_supervision1 : 0.000000pseudo_supervision2 : 0.000000
iteration 580 :model1 loss : 0.452874model2 loss : 0.285411pseudo_supervision1 : 0.000000pseudo_supervision2 : 0.000000
iteration 600 :model1 loss : 0.449586model2 loss : 0.256906pseudo_supervision1 : 0.000000pseudo_supervision2 : 0.000000
save model to ../model/BTCV_5_C3PS_scalar_baseline_same_split_with_magicNet_3channels_nosemi_SGD_SGD/unet_3D_old/model_iter_600.pth
save model2 to ../model/BTCV_5_C3PS_scalar_baseline_same_split_with_magicNet_3channels_nosemi_SGD_SGD/unet_3D_old/model2_iter_600.pth
iteration 620 :model1 loss : 0.527811model2 loss : 0.278313pseudo_supervision1 : 0.000000pseudo_supervision2 : 0.000000
iteration 640 :model1 loss : 0.424117model2 loss : 0.299369pseudo_supervision1 : 0.000000pseudo_supervision2 : 0.000000
iteration 660 :model1 loss : 0.394636model2 loss : 0.199822pseudo_supervision1 : 0.000000pseudo_supervision2 : 0.000000
iteration 680 :model1 loss : 0.394827model2 loss : 0.226512pseudo_supervision1 : 0.000000pseudo_supervision2 : 0.000000
iteration 700 :model1 loss : 0.373352model2 loss : 0.182956pseudo_supervision1 : 0.000000pseudo_supervision2 : 0.000000
iteration 720 :model1 loss : 0.523343model2 loss : 0.283570pseudo_supervision1 : 0.000000pseudo_supervision2 : 0.000000
iteration 740 :model1 loss : 0.437576model2 loss : 0.232772pseudo_supervision1 : 0.000000pseudo_supervision2 : 0.000000
iteration 760 :model1 loss : 0.372919model2 loss : 0.225292pseudo_supervision1 : 0.000000pseudo_supervision2 : 0.000000
iteration 780 :model1 loss : 0.399829model2 loss : 0.257227pseudo_supervision1 : 0.000000pseudo_supervision2 : 0.000000
iteration 800 :model1 loss : 0.422847model2 loss : 0.215589pseudo_supervision1 : 0.000000pseudo_supervision2 : 0.000000
save model to ../model/BTCV_5_C3PS_scalar_baseline_same_split_with_magicNet_3channels_nosemi_SGD_SGD/unet_3D_old/model_iter_800.pth
save model2 to ../model/BTCV_5_C3PS_scalar_baseline_same_split_with_magicNet_3channels_nosemi_SGD_SGD/unet_3D_old/model2_iter_800.pth
iteration 820 :model1 loss : 0.440696model2 loss : 0.231376pseudo_supervision1 : 0.000000pseudo_supervision2 : 0.000000
iteration 840 :model1 loss : 0.489467model2 loss : 0.247811pseudo_supervision1 : 0.000000pseudo_supervision2 : 0.000000
iteration 860 :model1 loss : 0.471869model2 loss : 0.436571pseudo_supervision1 : 0.000000pseudo_supervision2 : 0.000000
iteration 880 :model1 loss : 0.356453model2 loss : 0.250134pseudo_supervision1 : 0.000000pseudo_supervision2 : 0.000000
iteration 900 :model1 loss : 0.440237model2 loss : 0.266064pseudo_supervision1 : 0.000000pseudo_supervision2 : 0.000000
iteration 920 :model1 loss : 0.460679model2 loss : 0.263838pseudo_supervision1 : 0.000000pseudo_supervision2 : 0.000000
iteration 940 :model1 loss : 0.413442model2 loss : 0.274008pseudo_supervision1 : 0.000000pseudo_supervision2 : 0.000000
iteration 960 :model1 loss : 0.493350model2 loss : 0.261223pseudo_supervision1 : 0.000000pseudo_supervision2 : 0.000000
iteration 980 :model1 loss : 0.401042model2 loss : 0.241684pseudo_supervision1 : 0.000000pseudo_supervision2 : 0.000000
iteration 1000 :model1 loss : 0.425003model2 loss : 0.249362pseudo_supervision1 : 0.000000pseudo_supervision2 : 0.000000
save model to ../model/BTCV_5_C3PS_scalar_baseline_same_split_with_magicNet_3channels_nosemi_SGD_SGD/unet_3D_old/model_iter_1000.pth
save model2 to ../model/BTCV_5_C3PS_scalar_baseline_same_split_with_magicNet_3channels_nosemi_SGD_SGD/unet_3D_old/model2_iter_1000.pth
iteration 1020 :model1 loss : 0.422129model2 loss : 0.205010pseudo_supervision1 : 0.000000pseudo_supervision2 : 0.000000
iteration 1040 :model1 loss : 0.352067model2 loss : 0.238447pseudo_supervision1 : 0.000000pseudo_supervision2 : 0.000000
iteration 1060 :model1 loss : 0.381275model2 loss : 0.223110pseudo_supervision1 : 0.000000pseudo_supervision2 : 0.000000
iteration 1080 :model1 loss : 0.409479model2 loss : 0.380546pseudo_supervision1 : 0.000000pseudo_supervision2 : 0.000000
iteration 1100 :model1 loss : 0.342739model2 loss : 0.173695pseudo_supervision1 : 0.000000pseudo_supervision2 : 0.000000
iteration 1120 :model1 loss : 0.375049model2 loss : 0.217121pseudo_supervision1 : 0.000000pseudo_supervision2 : 0.000000
iteration 1140 :model1 loss : 0.338233model2 loss : 0.198130pseudo_supervision1 : 0.000000pseudo_supervision2 : 0.000000
iteration 1160 :model1 loss : 0.417496model2 loss : 0.249725pseudo_supervision1 : 0.000000pseudo_supervision2 : 0.000000
iteration 1180 :model1 loss : 0.399018model2 loss : 0.260668pseudo_supervision1 : 0.000000pseudo_supervision2 : 0.000000
iteration 1200 :model1 loss : 0.427814model2 loss : 0.297311pseudo_supervision1 : 0.000000pseudo_supervision2 : 0.000000
save model to ../model/BTCV_5_C3PS_scalar_baseline_same_split_with_magicNet_3channels_nosemi_SGD_SGD/unet_3D_old/model_iter_1200.pth
save model2 to ../model/BTCV_5_C3PS_scalar_baseline_same_split_with_magicNet_3channels_nosemi_SGD_SGD/unet_3D_old/model2_iter_1200.pth
iteration 1220 :model1 loss : 0.351473model2 loss : 0.207243pseudo_supervision1 : 0.000000pseudo_supervision2 : 0.000000
iteration 1240 :model1 loss : 0.429838model2 loss : 0.241753pseudo_supervision1 : 0.000000pseudo_supervision2 : 0.000000
iteration 1260 :model1 loss : 0.330590model2 loss : 0.216847pseudo_supervision1 : 0.000000pseudo_supervision2 : 0.000000
iteration 1280 :model1 loss : 0.310727model2 loss : 0.178283pseudo_supervision1 : 0.000000pseudo_supervision2 : 0.000000
iteration 1300 :model1 loss : 0.380758model2 loss : 0.212352pseudo_supervision1 : 0.000000pseudo_supervision2 : 0.000000
iteration 1320 :model1 loss : 0.392096model2 loss : 0.225599pseudo_supervision1 : 0.000000pseudo_supervision2 : 0.000000
iteration 1340 :model1 loss : 0.419968model2 loss : 0.307628pseudo_supervision1 : 0.000000pseudo_supervision2 : 0.000000
iteration 1360 :model1 loss : 0.445245model2 loss : 0.253419pseudo_supervision1 : 0.000000pseudo_supervision2 : 0.000000
iteration 1380 :model1 loss : 0.318314model2 loss : 0.213257pseudo_supervision1 : 0.000000pseudo_supervision2 : 0.000000
iteration 1400 :model1 loss : 0.425786model2 loss : 0.256056pseudo_supervision1 : 0.000000pseudo_supervision2 : 0.000000
save model to ../model/BTCV_5_C3PS_scalar_baseline_same_split_with_magicNet_3channels_nosemi_SGD_SGD/unet_3D_old/model_iter_1400.pth
save model2 to ../model/BTCV_5_C3PS_scalar_baseline_same_split_with_magicNet_3channels_nosemi_SGD_SGD/unet_3D_old/model2_iter_1400.pth
iteration 1420 :model1 loss : 0.388020model2 loss : 0.183233pseudo_supervision1 : 0.000000pseudo_supervision2 : 0.000000
iteration 1440 :model1 loss : 0.366674model2 loss : 0.216281pseudo_supervision1 : 0.000000pseudo_supervision2 : 0.000000
iteration 1460 :model1 loss : 0.372874model2 loss : 0.275481pseudo_supervision1 : 0.000000pseudo_supervision2 : 0.000000
iteration 1480 :model1 loss : 0.338437model2 loss : 0.192205pseudo_supervision1 : 0.000000pseudo_supervision2 : 0.000000
iteration 1500 :model1 loss : 0.378232model2 loss : 0.289594pseudo_supervision1 : 0.000000pseudo_supervision2 : 0.000000
iteration 1520 :model1 loss : 0.487129model2 loss : 0.351029pseudo_supervision1 : 0.000000pseudo_supervision2 : 0.000000
iteration 1540 :model1 loss : 0.357575model2 loss : 0.270132pseudo_supervision1 : 0.000000pseudo_supervision2 : 0.000000
iteration 1560 :model1 loss : 0.346988model2 loss : 0.148862pseudo_supervision1 : 0.000000pseudo_supervision2 : 0.000000
iteration 1580 :model1 loss : 0.322014model2 loss : 0.278277pseudo_supervision1 : 0.000000pseudo_supervision2 : 0.000000
iteration 1600 :model1 loss : 0.363263model2 loss : 0.175528pseudo_supervision1 : 0.000000pseudo_supervision2 : 0.000000
save model to ../model/BTCV_5_C3PS_scalar_baseline_same_split_with_magicNet_3channels_nosemi_SGD_SGD/unet_3D_old/model_iter_1600.pth
save model2 to ../model/BTCV_5_C3PS_scalar_baseline_same_split_with_magicNet_3channels_nosemi_SGD_SGD/unet_3D_old/model2_iter_1600.pth
iteration 1620 :model1 loss : 0.279364model2 loss : 0.216948pseudo_supervision1 : 0.000000pseudo_supervision2 : 0.000000
iteration 1640 :model1 loss : 0.277816model2 loss : 0.171525pseudo_supervision1 : 0.000000pseudo_supervision2 : 0.000000
iteration 1660 :model1 loss : 0.325677model2 loss : 0.209180pseudo_supervision1 : 0.000000pseudo_supervision2 : 0.000000
iteration 1680 :model1 loss : 0.334408model2 loss : 0.210530pseudo_supervision1 : 0.000000pseudo_supervision2 : 0.000000
iteration 1700 :model1 loss : 0.309312model2 loss : 0.190563pseudo_supervision1 : 0.000000pseudo_supervision2 : 0.000000
iteration 1720 :model1 loss : 0.473439model2 loss : 0.303710pseudo_supervision1 : 0.000000pseudo_supervision2 : 0.000000
iteration 1740 :model1 loss : 0.360799model2 loss : 0.175595pseudo_supervision1 : 0.000000pseudo_supervision2 : 0.000000
iteration 1760 :model1 loss : 0.346029model2 loss : 0.334378pseudo_supervision1 : 0.000000pseudo_supervision2 : 0.000000
iteration 1780 :model1 loss : 0.329576model2 loss : 0.201652pseudo_supervision1 : 0.000000pseudo_supervision2 : 0.000000
iteration 1800 :model1 loss : 0.353159model2 loss : 0.219762pseudo_supervision1 : 0.000000pseudo_supervision2 : 0.000000
save model to ../model/BTCV_5_C3PS_scalar_baseline_same_split_with_magicNet_3channels_nosemi_SGD_SGD/unet_3D_old/model_iter_1800.pth
save model2 to ../model/BTCV_5_C3PS_scalar_baseline_same_split_with_magicNet_3channels_nosemi_SGD_SGD/unet_3D_old/model2_iter_1800.pth
iteration 1820 :model1 loss : 0.476892model2 loss : 0.336416pseudo_supervision1 : 0.000000pseudo_supervision2 : 0.000000
iteration 1840 :model1 loss : 0.295434model2 loss : 0.215788pseudo_supervision1 : 0.000000pseudo_supervision2 : 0.000000
iteration 1860 :model1 loss : 0.349546model2 loss : 0.228658pseudo_supervision1 : 0.000000pseudo_supervision2 : 0.000000
iteration 1880 :model1 loss : 0.302143model2 loss : 0.176633pseudo_supervision1 : 0.000000pseudo_supervision2 : 0.000000
iteration 1900 :model1 loss : 0.333478model2 loss : 0.223453pseudo_supervision1 : 0.000000pseudo_supervision2 : 0.000000
iteration 1920 :model1 loss : 0.366291model2 loss : 0.214508pseudo_supervision1 : 0.000000pseudo_supervision2 : 0.000000
iteration 1940 :model1 loss : 0.314823model2 loss : 0.225410pseudo_supervision1 : 0.000000pseudo_supervision2 : 0.000000
iteration 1960 :model1 loss : 0.287363model2 loss : 0.201273pseudo_supervision1 : 0.000000pseudo_supervision2 : 0.000000
iteration 1980 :model1 loss : 0.314918model2 loss : 0.221165pseudo_supervision1 : 0.000000pseudo_supervision2 : 0.000000
iteration 2000 :model1 loss : 0.272228model2 loss : 0.199419pseudo_supervision1 : 0.000000pseudo_supervision2 : 0.000000
save model to ../model/BTCV_5_C3PS_scalar_baseline_same_split_with_magicNet_3channels_nosemi_SGD_SGD/unet_3D_old/model_iter_2000.pth
save model2 to ../model/BTCV_5_C3PS_scalar_baseline_same_split_with_magicNet_3channels_nosemi_SGD_SGD/unet_3D_old/model2_iter_2000.pth
iteration 2020 :model1 loss : 0.308001model2 loss : 0.182376pseudo_supervision1 : 0.000000pseudo_supervision2 : 0.000000
iteration 2040 :model1 loss : 0.349425model2 loss : 0.299431pseudo_supervision1 : 0.000000pseudo_supervision2 : 0.000000
iteration 2060 :model1 loss : 0.311648model2 loss : 0.221121pseudo_supervision1 : 0.000000pseudo_supervision2 : 0.000000
iteration 2080 :model1 loss : 0.319719model2 loss : 0.209986pseudo_supervision1 : 0.000000pseudo_supervision2 : 0.000000
iteration 2100 :model1 loss : 0.327225model2 loss : 0.418095pseudo_supervision1 : 0.000000pseudo_supervision2 : 0.000000
iteration 2120 :model1 loss : 0.299017model2 loss : 0.206878pseudo_supervision1 : 0.000000pseudo_supervision2 : 0.000000
iteration 2140 :model1 loss : 0.304184model2 loss : 0.148973pseudo_supervision1 : 0.000000pseudo_supervision2 : 0.000000
iteration 2160 :model1 loss : 0.371482model2 loss : 0.220907pseudo_supervision1 : 0.000000pseudo_supervision2 : 0.000000
iteration 2180 :model1 loss : 0.359177model2 loss : 0.211189pseudo_supervision1 : 0.000000pseudo_supervision2 : 0.000000
iteration 2200 :model1 loss : 0.444698model2 loss : 0.246786pseudo_supervision1 : 0.000000pseudo_supervision2 : 0.000000
save model to ../model/BTCV_5_C3PS_scalar_baseline_same_split_with_magicNet_3channels_nosemi_SGD_SGD/unet_3D_old/model_iter_2200.pth
save model2 to ../model/BTCV_5_C3PS_scalar_baseline_same_split_with_magicNet_3channels_nosemi_SGD_SGD/unet_3D_old/model2_iter_2200.pth
iteration 2220 :model1 loss : 0.313316model2 loss : 0.202333pseudo_supervision1 : 0.000000pseudo_supervision2 : 0.000000
iteration 2240 :model1 loss : 0.313083model2 loss : 0.214845pseudo_supervision1 : 0.000000pseudo_supervision2 : 0.000000
iteration 2260 :model1 loss : 0.364723model2 loss : 0.230654pseudo_supervision1 : 0.000000pseudo_supervision2 : 0.000000
iteration 2280 :model1 loss : 0.310364model2 loss : 0.146157pseudo_supervision1 : 0.000000pseudo_supervision2 : 0.000000
iteration 2300 :model1 loss : 0.314891model2 loss : 0.321075pseudo_supervision1 : 0.000000pseudo_supervision2 : 0.000000
iteration 2320 :model1 loss : 0.336453model2 loss : 0.165157pseudo_supervision1 : 0.000000pseudo_supervision2 : 0.000000
iteration 2340 :model1 loss : 0.314166model2 loss : 0.169960pseudo_supervision1 : 0.000000pseudo_supervision2 : 0.000000
iteration 2360 :model1 loss : 0.264190model2 loss : 0.194761pseudo_supervision1 : 0.000000pseudo_supervision2 : 0.000000
iteration 2380 :model1 loss : 0.295909model2 loss : 0.157378pseudo_supervision1 : 0.000000pseudo_supervision2 : 0.000000
iteration 2400 :model1 loss : 0.258377model2 loss : 0.140554pseudo_supervision1 : 0.000000pseudo_supervision2 : 0.000000
began evaluation!
iteration 2400: validation sampled 4/12 cases
Total test images: 4
Validation begin
Validation end
avg metric shape: (13, 3)
save model to ../model/BTCV_5_C3PS_scalar_baseline_same_split_with_magicNet_3channels_nosemi_SGD_SGD/unet_3D_old/iter_2400_dice_0.477
iteration 2400 : model_dice_score : 0.477034 model_hd95 : 37.500000
began evaluation!
Total test images: 4
Validation begin
===>test image:/projects/weilab/liupeng/data/raw/ssl_seg/BTCV/Training_resampled_1.5_1.5_2.0_npy_zscore/img/img0002.npy
condition batch eval, img shape:(208, 246, 246), sx:3, sy:3, sz:3, num_conditions:2
condition:1, metric:[0.14046704 0.         0.        ]
condition:2, metric:[0.03689793 0.         0.        ]
condition batch eval, img shape:(208, 246, 246), sx:3, sy:3, sz:3, num_conditions:2
condition:3, metric:[  0. 150. 150.]
condition:4, metric:[  0. 150. 150.]
condition batch eval, img shape:(208, 246, 246), sx:3, sy:3, sz:3, num_conditions:2
condition:5, metric:[  0. 150. 150.]
condition:6, metric:[  0. 150. 150.]
condition batch eval, img shape:(208, 246, 246), sx:3, sy:3, sz:3, num_conditions:2
condition:7, metric:[  0. 150. 150.]
condition:8, metric:[  0. 150. 150.]
condition batch eval, img shape:(208, 246, 246), sx:3, sy:3, sz:3, num_conditions:2
condition:9, metric:[  0. 150. 150.]
condition:10, metric:[  0. 150. 150.]
condition batch eval, img shape:(208, 246, 246), sx:3, sy:3, sz:3, num_conditions:2
condition:11, metric:[  0. 150. 150.]
condition:12, metric:[  0. 150. 150.]
condition batch eval, img shape:(208, 246, 246), sx:3, sy:3, sz:3, num_conditions:1
condition:13, metric:[  0. 150. 150.]
===>test image:/projects/weilab/liupeng/data/raw/ssl_seg/BTCV/Training_resampled_1.5_1.5_2.0_npy_zscore/img/img0029.npy
condition batch eval, img shape:(150, 299, 299), sx:2, sy:4, sz:4, num_conditions:2
condition:1, metric:[0.23803028 0.         0.        ]
condition:2, metric:[0.13136311 0.         0.        ]
condition batch eval, img shape:(150, 299, 299), sx:2, sy:4, sz:4, num_conditions:2
condition:3, metric:[  0. 150. 150.]
condition:4, metric:[  0. 150. 150.]
condition batch eval, img shape:(150, 299, 299), sx:2, sy:4, sz:4, num_conditions:2
condition:5, metric:[  0. 150. 150.]
condition:6, metric:[  0. 150. 150.]
condition batch eval, img shape:(150, 299, 299), sx:2, sy:4, sz:4, num_conditions:2
condition:7, metric:[  0. 150. 150.]
condition:8, metric:[  0. 150. 150.]
condition batch eval, img shape:(150, 299, 299), sx:2, sy:4, sz:4, num_conditions:2
condition:9, metric:[  0. 150. 150.]
condition:10, metric:[  0. 150. 150.]
condition batch eval, img shape:(150, 299, 299), sx:2, sy:4, sz:4, num_conditions:2
condition:11, metric:[  0. 150. 150.]
condition:12, metric:[  0. 150. 150.]
condition batch eval, img shape:(150, 299, 299), sx:2, sy:4, sz:4, num_conditions:1
condition:13, metric:[  0. 150. 150.]
===>test image:/projects/weilab/liupeng/data/raw/ssl_seg/BTCV/Training_resampled_1.5_1.5_2.0_npy_zscore/img/img0035.npy
condition batch eval, img shape:(235, 314, 314), sx:4, sy:4, sz:4, num_conditions:2
condition:1, metric:[0.14517722 0.         0.        ]
condition:2, metric:[0.07232964 0.         0.        ]
condition batch eval, img shape:(235, 314, 314), sx:4, sy:4, sz:4, num_conditions:2
condition:3, metric:[  0. 150. 150.]
condition:4, metric:[  0. 150. 150.]
condition batch eval, img shape:(235, 314, 314), sx:4, sy:4, sz:4, num_conditions:2
condition:5, metric:[  0. 150. 150.]
condition:6, metric:[  0. 150. 150.]
condition batch eval, img shape:(235, 314, 314), sx:4, sy:4, sz:4, num_conditions:2
condition:7, metric:[  0. 150. 150.]
condition:8, metric:[  0. 150. 150.]
condition batch eval, img shape:(235, 314, 314), sx:4, sy:4, sz:4, num_conditions:2
condition:9, metric:[  0. 150. 150.]
condition:10, metric:[  0. 150. 150.]
condition batch eval, img shape:(235, 314, 314), sx:4, sy:4, sz:4, num_conditions:2
condition:11, metric:[  0. 150. 150.]
condition:12, metric:[  0. 150. 150.]
condition batch eval, img shape:(235, 314, 314), sx:4, sy:4, sz:4, num_conditions:1
condition:13, metric:[  0. 150. 150.]
===>test image:/projects/weilab/liupeng/data/raw/ssl_seg/BTCV/Training_resampled_1.5_1.5_2.0_npy_zscore/img/img0032.npy
condition batch eval, img shape:(216, 253, 253), sx:3, sy:3, sz:3, num_conditions:2
condition:1, metric:[0.45427321 0.         0.        ]
condition:2, metric:[0.00336515 0.         0.        ]
condition batch eval, img shape:(216, 253, 253), sx:3, sy:3, sz:3, num_conditions:2
condition:3, metric:[  0. 150. 150.]
condition:4, metric:[  0. 150. 150.]
condition batch eval, img shape:(216, 253, 253), sx:3, sy:3, sz:3, num_conditions:2
condition:5, metric:[  0. 150. 150.]
condition:6, metric:[  0. 150. 150.]
condition batch eval, img shape:(216, 253, 253), sx:3, sy:3, sz:3, num_conditions:2
condition:7, metric:[  0. 150. 150.]
condition:8, metric:[  0. 150. 150.]
condition batch eval, img shape:(216, 253, 253), sx:3, sy:3, sz:3, num_conditions:2
condition:9, metric:[  0. 150. 150.]
condition:10, metric:[  0. 150. 150.]
condition batch eval, img shape:(216, 253, 253), sx:3, sy:3, sz:3, num_conditions:2
condition:11, metric:[  0. 150. 150.]
condition:12, metric:[  0. 150. 150.]
condition batch eval, img shape:(216, 253, 253), sx:3, sy:3, sz:3, num_conditions:1
condition:13, metric:[  0. 150. 150.]
Validation end
avg metric shape: (13, 3)
save model to ../model/BTCV_5_C3PS_scalar_baseline_same_split_with_magicNet_3channels_nosemi_SGD_SGD/unet_3D_old/iter_2400_dice_0.0235
iteration 2400 : model2_dice_score : 0.023498 model2_hd95 : 126.923077
save model to ../model/BTCV_5_C3PS_scalar_baseline_same_split_with_magicNet_3channels_nosemi_SGD_SGD/unet_3D_old/model_iter_2400.pth
save model2 to ../model/BTCV_5_C3PS_scalar_baseline_same_split_with_magicNet_3channels_nosemi_SGD_SGD/unet_3D_old/model2_iter_2400.pth
iteration 2420 :model1 loss : 0.276863model2 loss : 0.194018pseudo_supervision1 : 0.000000pseudo_supervision2 : 0.000000
iteration 2440 :model1 loss : 0.292500model2 loss : 0.200271pseudo_supervision1 : 0.000000pseudo_supervision2 : 0.000000
iteration 2460 :model1 loss : 0.263845model2 loss : 0.193058pseudo_supervision1 : 0.000000pseudo_supervision2 : 0.000000
iteration 2480 :model1 loss : 0.245316model2 loss : 0.219780pseudo_supervision1 : 0.000000pseudo_supervision2 : 0.000000
iteration 2500 :model1 loss : 0.269904model2 loss : 0.163739pseudo_supervision1 : 0.000000pseudo_supervision2 : 0.000000
iteration 2520 :model1 loss : 0.253248model2 loss : 0.153146pseudo_supervision1 : 0.000000pseudo_supervision2 : 0.000000
iteration 2540 :model1 loss : 0.354454model2 loss : 0.158115pseudo_supervision1 : 0.000000pseudo_supervision2 : 0.000000
iteration 2560 :model1 loss : 0.351322model2 loss : 0.181949pseudo_supervision1 : 0.000000pseudo_supervision2 : 0.000000
iteration 2580 :model1 loss : 0.268930model2 loss : 0.247008pseudo_supervision1 : 0.000000pseudo_supervision2 : 0.000000
iteration 2600 :model1 loss : 0.328876model2 loss : 0.285611pseudo_supervision1 : 0.000000pseudo_supervision2 : 0.000000
save model to ../model/BTCV_5_C3PS_scalar_baseline_same_split_with_magicNet_3channels_nosemi_SGD_SGD/unet_3D_old/model_iter_2600.pth
save model2 to ../model/BTCV_5_C3PS_scalar_baseline_same_split_with_magicNet_3channels_nosemi_SGD_SGD/unet_3D_old/model2_iter_2600.pth
iteration 2620 :model1 loss : 0.248550model2 loss : 0.274281pseudo_supervision1 : 0.000000pseudo_supervision2 : 0.000000
iteration 2640 :model1 loss : 0.251286model2 loss : 0.208710pseudo_supervision1 : 0.000000pseudo_supervision2 : 0.000000
iteration 2660 :model1 loss : 0.279784model2 loss : 0.213312pseudo_supervision1 : 0.000000pseudo_supervision2 : 0.000000
iteration 2680 :model1 loss : 0.238080model2 loss : 0.165573pseudo_supervision1 : 0.000000pseudo_supervision2 : 0.000000
iteration 2700 :model1 loss : 0.345225model2 loss : 0.234265pseudo_supervision1 : 0.000000pseudo_supervision2 : 0.000000
iteration 2720 :model1 loss : 0.318514model2 loss : 0.205273pseudo_supervision1 : 0.000000pseudo_supervision2 : 0.000000
iteration 2740 :model1 loss : 0.322912model2 loss : 0.131491pseudo_supervision1 : 0.000000pseudo_supervision2 : 0.000000
iteration 2760 :model1 loss : 0.252335model2 loss : 0.239516pseudo_supervision1 : 0.000000pseudo_supervision2 : 0.000000
iteration 2780 :model1 loss : 0.246674model2 loss : 0.213367pseudo_supervision1 : 0.000000pseudo_supervision2 : 0.000000
iteration 2800 :model1 loss : 0.222631model2 loss : 0.326475pseudo_supervision1 : 0.000000pseudo_supervision2 : 0.000000
began evaluation!
iteration 2800: validation sampled 4/12 cases
Total test images: 4
Validation begin
Validation end
avg metric shape: (13, 3)
save model to ../model/BTCV_5_C3PS_scalar_baseline_same_split_with_magicNet_3channels_nosemi_SGD_SGD/unet_3D_old/iter_2800_dice_0.5291
iteration 2800 : model_dice_score : 0.529095 model_hd95 : 25.961538
began evaluation!
Total test images: 4
Validation begin
===>test image:/projects/weilab/liupeng/data/raw/ssl_seg/BTCV/Training_resampled_1.5_1.5_2.0_npy_zscore/img/img0029.npy
condition batch eval, img shape:(150, 299, 299), sx:2, sy:4, sz:4, num_conditions:2
condition:1, metric:[0.31977902 0.         0.        ]
condition:2, metric:[0.52134282 0.         0.        ]
condition batch eval, img shape:(150, 299, 299), sx:2, sy:4, sz:4, num_conditions:2
condition:3, metric:[0.26181244 0.         0.        ]
condition:4, metric:[0. 0. 0.]
condition batch eval, img shape:(150, 299, 299), sx:2, sy:4, sz:4, num_conditions:2
condition:5, metric:[  0. 150. 150.]
condition:6, metric:[0. 0. 0.]
condition batch eval, img shape:(150, 299, 299), sx:2, sy:4, sz:4, num_conditions:2
condition:7, metric:[  0. 150. 150.]
condition:8, metric:[  0. 150. 150.]
condition batch eval, img shape:(150, 299, 299), sx:2, sy:4, sz:4, num_conditions:2
condition:9, metric:[  0. 150. 150.]
condition:10, metric:[  0. 150. 150.]
condition batch eval, img shape:(150, 299, 299), sx:2, sy:4, sz:4, num_conditions:2
condition:11, metric:[  0. 150. 150.]
condition:12, metric:[  0. 150. 150.]
condition batch eval, img shape:(150, 299, 299), sx:2, sy:4, sz:4, num_conditions:1
condition:13, metric:[  0. 150. 150.]
===>test image:/projects/weilab/liupeng/data/raw/ssl_seg/BTCV/Training_resampled_1.5_1.5_2.0_npy_zscore/img/img0036.npy
condition batch eval, img shape:(276, 255, 255), sx:4, sy:3, sz:3, num_conditions:2
condition:1, metric:[0.34027939 0.         0.        ]
condition:2, metric:[0.46753585 0.         0.        ]
condition batch eval, img shape:(276, 255, 255), sx:4, sy:3, sz:3, num_conditions:2
condition:3, metric:[0.0082547 0.        0.       ]
condition:4, metric:[  0. 150. 150.]
condition batch eval, img shape:(276, 255, 255), sx:4, sy:3, sz:3, num_conditions:2
condition:5, metric:[0. 0. 0.]
condition:6, metric:[0. 0. 0.]
condition batch eval, img shape:(276, 255, 255), sx:4, sy:3, sz:3, num_conditions:2
condition:7, metric:[0. 0. 0.]
condition:8, metric:[  0. 150. 150.]
condition batch eval, img shape:(276, 255, 255), sx:4, sy:3, sz:3, num_conditions:2
condition:9, metric:[  0. 150. 150.]
condition:10, metric:[  0. 150. 150.]
condition batch eval, img shape:(276, 255, 255), sx:4, sy:3, sz:3, num_conditions:2
condition:11, metric:[  0. 150. 150.]
condition:12, metric:[  0. 150. 150.]
condition batch eval, img shape:(276, 255, 255), sx:4, sy:3, sz:3, num_conditions:1
condition:13, metric:[  0. 150. 150.]
===>test image:/projects/weilab/liupeng/data/raw/ssl_seg/BTCV/Training_resampled_1.5_1.5_2.0_npy_zscore/img/img0002.npy
condition batch eval, img shape:(208, 246, 246), sx:3, sy:3, sz:3, num_conditions:2
condition:1, metric:[0.23171741 0.         0.        ]
condition:2, metric:[0.55735067 0.         0.        ]
condition batch eval, img shape:(208, 246, 246), sx:3, sy:3, sz:3, num_conditions:2
condition:3, metric:[0.17768431 0.         0.        ]
condition:4, metric:[0. 0. 0.]
condition batch eval, img shape:(208, 246, 246), sx:3, sy:3, sz:3, num_conditions:2
condition:5, metric:[  0. 150. 150.]
condition:6, metric:[  0. 150. 150.]
condition batch eval, img shape:(208, 246, 246), sx:3, sy:3, sz:3, num_conditions:2
condition:7, metric:[  0. 150. 150.]
condition:8, metric:[  0. 150. 150.]
condition batch eval, img shape:(208, 246, 246), sx:3, sy:3, sz:3, num_conditions:2
condition:9, metric:[  0. 150. 150.]
condition:10, metric:[  0. 150. 150.]
condition batch eval, img shape:(208, 246, 246), sx:3, sy:3, sz:3, num_conditions:2
condition:11, metric:[  0. 150. 150.]
condition:12, metric:[  0. 150. 150.]
condition batch eval, img shape:(208, 246, 246), sx:3, sy:3, sz:3, num_conditions:1
condition:13, metric:[  0. 150. 150.]
===>test image:/projects/weilab/liupeng/data/raw/ssl_seg/BTCV/Training_resampled_1.5_1.5_2.0_npy_zscore/img/img0022.npy
condition batch eval, img shape:(222, 262, 262), sx:3, sy:3, sz:3, num_conditions:2
condition:1, metric:[0.43024248 0.         0.        ]
condition:2, metric:[0.47343905 0.         0.        ]
condition batch eval, img shape:(222, 262, 262), sx:3, sy:3, sz:3, num_conditions:2
condition:3, metric:[0.00244772 0.         0.        ]
condition:4, metric:[0. 0. 0.]
condition batch eval, img shape:(222, 262, 262), sx:3, sy:3, sz:3, num_conditions:2
condition:5, metric:[0. 0. 0.]
condition:6, metric:[0. 0. 0.]
condition batch eval, img shape:(222, 262, 262), sx:3, sy:3, sz:3, num_conditions:2
condition:7, metric:[0. 0. 0.]
condition:8, metric:[0. 0. 0.]
condition batch eval, img shape:(222, 262, 262), sx:3, sy:3, sz:3, num_conditions:2
condition:9, metric:[0.02103082 0.         0.        ]
condition:10, metric:[0. 0. 0.]
condition batch eval, img shape:(222, 262, 262), sx:3, sy:3, sz:3, num_conditions:2
condition:11, metric:[  0. 150. 150.]
condition:12, metric:[  0. 150. 150.]
condition batch eval, img shape:(222, 262, 262), sx:3, sy:3, sz:3, num_conditions:1
condition:13, metric:[  0. 150. 150.]
Validation end
avg metric shape: (13, 3)
save model to ../model/BTCV_5_C3PS_scalar_baseline_same_split_with_magicNet_3channels_nosemi_SGD_SGD/unet_3D_old/iter_2800_dice_0.0733
iteration 2800 : model2_dice_score : 0.073325 model2_hd95 : 77.884615
save model to ../model/BTCV_5_C3PS_scalar_baseline_same_split_with_magicNet_3channels_nosemi_SGD_SGD/unet_3D_old/model_iter_2800.pth
save model2 to ../model/BTCV_5_C3PS_scalar_baseline_same_split_with_magicNet_3channels_nosemi_SGD_SGD/unet_3D_old/model2_iter_2800.pth
iteration 2820 :model1 loss : 0.224379model2 loss : 0.297666pseudo_supervision1 : 0.000000pseudo_supervision2 : 0.000000
iteration 2840 :model1 loss : 0.248375model2 loss : 0.366045pseudo_supervision1 : 0.000000pseudo_supervision2 : 0.000000
iteration 2860 :model1 loss : 0.297418model2 loss : 0.169464pseudo_supervision1 : 0.000000pseudo_supervision2 : 0.000000
iteration 2880 :model1 loss : 0.287568model2 loss : 0.261423pseudo_supervision1 : 0.000000pseudo_supervision2 : 0.000000
iteration 2900 :model1 loss : 0.279317model2 loss : 0.300626pseudo_supervision1 : 0.000000pseudo_supervision2 : 0.000000
iteration 2920 :model1 loss : 0.234955model2 loss : 0.147320pseudo_supervision1 : 0.000000pseudo_supervision2 : 0.000000
iteration 2940 :model1 loss : 0.259054model2 loss : 0.192668pseudo_supervision1 : 0.000000pseudo_supervision2 : 0.000000
iteration 2960 :model1 loss : 0.333619model2 loss : 0.152533pseudo_supervision1 : 0.000000pseudo_supervision2 : 0.000000
iteration 2980 :model1 loss : 0.220153model2 loss : 0.165679pseudo_supervision1 : 0.000000pseudo_supervision2 : 0.000000
iteration 3000 :model1 loss : 0.256784model2 loss : 0.171590pseudo_supervision1 : 0.000000pseudo_supervision2 : 0.000000
save model to ../model/BTCV_5_C3PS_scalar_baseline_same_split_with_magicNet_3channels_nosemi_SGD_SGD/unet_3D_old/model_iter_3000.pth
save model2 to ../model/BTCV_5_C3PS_scalar_baseline_same_split_with_magicNet_3channels_nosemi_SGD_SGD/unet_3D_old/model2_iter_3000.pth
iteration 3020 :model1 loss : 0.255322model2 loss : 0.170526pseudo_supervision1 : 0.000000pseudo_supervision2 : 0.000000
iteration 3040 :model1 loss : 0.275282model2 loss : 0.234008pseudo_supervision1 : 0.000000pseudo_supervision2 : 0.000000
iteration 3060 :model1 loss : 0.308265model2 loss : 0.201429pseudo_supervision1 : 0.000000pseudo_supervision2 : 0.000000
iteration 3080 :model1 loss : 0.219976model2 loss : 0.202309pseudo_supervision1 : 0.000000pseudo_supervision2 : 0.000000
iteration 3100 :model1 loss : 0.353904model2 loss : 0.186876pseudo_supervision1 : 0.000000pseudo_supervision2 : 0.000000
iteration 3120 :model1 loss : 0.366241model2 loss : 0.213434pseudo_supervision1 : 0.000000pseudo_supervision2 : 0.000000
iteration 3140 :model1 loss : 0.280095model2 loss : 0.224984pseudo_supervision1 : 0.000000pseudo_supervision2 : 0.000000
iteration 3160 :model1 loss : 0.307669model2 loss : 0.128859pseudo_supervision1 : 0.000000pseudo_supervision2 : 0.000000
iteration 3180 :model1 loss : 0.315391model2 loss : 0.236680pseudo_supervision1 : 0.000000pseudo_supervision2 : 0.000000
iteration 3200 :model1 loss : 0.472693model2 loss : 0.334984pseudo_supervision1 : 0.000000pseudo_supervision2 : 0.000000
began evaluation!
iteration 3200: validation sampled 4/12 cases
Total test images: 4
Validation begin
Validation end
avg metric shape: (13, 3)
iteration 3200 : model_dice_score : 0.486898 model_hd95 : 25.961538
began evaluation!
Total test images: 4
Validation begin
===>test image:/projects/weilab/liupeng/data/raw/ssl_seg/BTCV/Training_resampled_1.5_1.5_2.0_npy_zscore/img/img0029.npy
condition batch eval, img shape:(150, 299, 299), sx:2, sy:4, sz:4, num_conditions:2
condition:1, metric:[0.31112591 0.         0.        ]
condition:2, metric:[0.49624348 0.         0.        ]
condition batch eval, img shape:(150, 299, 299), sx:2, sy:4, sz:4, num_conditions:2
condition:3, metric:[0.20262243 0.         0.        ]
condition:4, metric:[0. 0. 0.]
condition batch eval, img shape:(150, 299, 299), sx:2, sy:4, sz:4, num_conditions:2
condition:5, metric:[0. 0. 0.]
condition:6, metric:[0. 0. 0.]
condition batch eval, img shape:(150, 299, 299), sx:2, sy:4, sz:4, num_conditions:2
condition:7, metric:[0. 0. 0.]
condition:8, metric:[0.08446073 0.         0.        ]
condition batch eval, img shape:(150, 299, 299), sx:2, sy:4, sz:4, num_conditions:2
condition:9, metric:[0.00039902 0.         0.        ]
condition:10, metric:[  0. 150. 150.]
condition batch eval, img shape:(150, 299, 299), sx:2, sy:4, sz:4, num_conditions:2
condition:11, metric:[  0. 150. 150.]
condition:12, metric:[  0. 150. 150.]
condition batch eval, img shape:(150, 299, 299), sx:2, sy:4, sz:4, num_conditions:1
condition:13, metric:[  0. 150. 150.]
===>test image:/projects/weilab/liupeng/data/raw/ssl_seg/BTCV/Training_resampled_1.5_1.5_2.0_npy_zscore/img/img0025.npy
condition batch eval, img shape:(212, 284, 284), sx:3, sy:3, sz:3, num_conditions:2
condition:1, metric:[0.47985511 0.         0.        ]
condition:2, metric:[0.18693011 0.         0.        ]
condition batch eval, img shape:(212, 284, 284), sx:3, sy:3, sz:3, num_conditions:2
condition:3, metric:[0. 0. 0.]
condition:4, metric:[0. 0. 0.]
condition batch eval, img shape:(212, 284, 284), sx:3, sy:3, sz:3, num_conditions:2
condition:5, metric:[0.04943737 0.         0.        ]
condition:6, metric:[0. 0. 0.]
condition batch eval, img shape:(212, 284, 284), sx:3, sy:3, sz:3, num_conditions:2
condition:7, metric:[0. 0. 0.]
condition:8, metric:[0.0032878 0.        0.       ]
condition batch eval, img shape:(212, 284, 284), sx:3, sy:3, sz:3, num_conditions:2
condition:9, metric:[0. 0. 0.]
condition:10, metric:[  0. 150. 150.]
condition batch eval, img shape:(212, 284, 284), sx:3, sy:3, sz:3, num_conditions:2
condition:11, metric:[  0. 150. 150.]
condition:12, metric:[  0. 150. 150.]
condition batch eval, img shape:(212, 284, 284), sx:3, sy:3, sz:3, num_conditions:1
condition:13, metric:[  0. 150. 150.]
===>test image:/projects/weilab/liupeng/data/raw/ssl_seg/BTCV/Training_resampled_1.5_1.5_2.0_npy_zscore/img/img0035.npy
condition batch eval, img shape:(235, 314, 314), sx:4, sy:4, sz:4, num_conditions:2
condition:1, metric:[0.37922302 0.         0.        ]
condition:2, metric:[0.44809396 0.         0.        ]
condition batch eval, img shape:(235, 314, 314), sx:4, sy:4, sz:4, num_conditions:2
condition:3, metric:[0.12777126 0.         0.        ]
condition:4, metric:[  0. 150. 150.]
condition batch eval, img shape:(235, 314, 314), sx:4, sy:4, sz:4, num_conditions:2
condition:5, metric:[0.034032 0.       0.      ]
condition:6, metric:[0. 0. 0.]
condition batch eval, img shape:(235, 314, 314), sx:4, sy:4, sz:4, num_conditions:2
condition:7, metric:[0. 0. 0.]
condition:8, metric:[0.1223414 0.        0.       ]
condition batch eval, img shape:(235, 314, 314), sx:4, sy:4, sz:4, num_conditions:2
condition:9, metric:[0.0657714 0.        0.       ]
condition:10, metric:[0. 0. 0.]
condition batch eval, img shape:(235, 314, 314), sx:4, sy:4, sz:4, num_conditions:2
condition:11, metric:[0. 0. 0.]
condition:12, metric:[0. 0. 0.]
condition batch eval, img shape:(235, 314, 314), sx:4, sy:4, sz:4, num_conditions:1
condition:13, metric:[0. 0. 0.]
===>test image:/projects/weilab/liupeng/data/raw/ssl_seg/BTCV/Training_resampled_1.5_1.5_2.0_npy_zscore/img/img0022.npy
condition batch eval, img shape:(222, 262, 262), sx:3, sy:3, sz:3, num_conditions:2
condition:1, metric:[0.46454022 0.         0.        ]
condition:2, metric:[0.47098329 0.         0.        ]
condition batch eval, img shape:(222, 262, 262), sx:3, sy:3, sz:3, num_conditions:2
condition:3, metric:[0.14090195 0.         0.        ]
condition:4, metric:[0. 0. 0.]
condition batch eval, img shape:(222, 262, 262), sx:3, sy:3, sz:3, num_conditions:2
condition:5, metric:[0. 0. 0.]
condition:6, metric:[0. 0. 0.]
condition batch eval, img shape:(222, 262, 262), sx:3, sy:3, sz:3, num_conditions:2
condition:7, metric:[0. 0. 0.]
condition:8, metric:[0.30857261 0.         0.        ]
condition batch eval, img shape:(222, 262, 262), sx:3, sy:3, sz:3, num_conditions:2
condition:9, metric:[0.07594245 0.         0.        ]
condition:10, metric:[0. 0. 0.]
condition batch eval, img shape:(222, 262, 262), sx:3, sy:3, sz:3, num_conditions:2
condition:11, metric:[0. 0. 0.]
condition:12, metric:[0. 0. 0.]
condition batch eval, img shape:(222, 262, 262), sx:3, sy:3, sz:3, num_conditions:1
condition:13, metric:[0. 0. 0.]
Validation end
avg metric shape: (13, 3)
save model to ../model/BTCV_5_C3PS_scalar_baseline_same_split_with_magicNet_3channels_nosemi_SGD_SGD/unet_3D_old/iter_3200_dice_0.0856
iteration 3200 : model2_dice_score : 0.085626 model2_hd95 : 25.961538
save model to ../model/BTCV_5_C3PS_scalar_baseline_same_split_with_magicNet_3channels_nosemi_SGD_SGD/unet_3D_old/model_iter_3200.pth
save model2 to ../model/BTCV_5_C3PS_scalar_baseline_same_split_with_magicNet_3channels_nosemi_SGD_SGD/unet_3D_old/model2_iter_3200.pth
iteration 3220 :model1 loss : 0.267790model2 loss : 0.188750pseudo_supervision1 : 0.000000pseudo_supervision2 : 0.000000
iteration 3240 :model1 loss : 0.200379model2 loss : 0.166286pseudo_supervision1 : 0.000000pseudo_supervision2 : 0.000000
iteration 3260 :model1 loss : 0.277970model2 loss : 0.179892pseudo_supervision1 : 0.000000pseudo_supervision2 : 0.000000
iteration 3280 :model1 loss : 0.236871model2 loss : 0.165863pseudo_supervision1 : 0.000000pseudo_supervision2 : 0.000000
iteration 3300 :model1 loss : 0.227290model2 loss : 0.177967pseudo_supervision1 : 0.000000pseudo_supervision2 : 0.000000
iteration 3320 :model1 loss : 0.267103model2 loss : 0.181273pseudo_supervision1 : 0.000000pseudo_supervision2 : 0.000000
iteration 3340 :model1 loss : 0.267446model2 loss : 0.211021pseudo_supervision1 : 0.000000pseudo_supervision2 : 0.000000
iteration 3360 :model1 loss : 0.212091model2 loss : 0.197551pseudo_supervision1 : 0.000000pseudo_supervision2 : 0.000000
iteration 3380 :model1 loss : 0.267771model2 loss : 0.226314pseudo_supervision1 : 0.000000pseudo_supervision2 : 0.000000
iteration 3400 :model1 loss : 0.228740model2 loss : 0.190908pseudo_supervision1 : 0.000000pseudo_supervision2 : 0.000000
save model to ../model/BTCV_5_C3PS_scalar_baseline_same_split_with_magicNet_3channels_nosemi_SGD_SGD/unet_3D_old/model_iter_3400.pth
save model2 to ../model/BTCV_5_C3PS_scalar_baseline_same_split_with_magicNet_3channels_nosemi_SGD_SGD/unet_3D_old/model2_iter_3400.pth
iteration 3420 :model1 loss : 0.285275model2 loss : 0.146656pseudo_supervision1 : 0.000000pseudo_supervision2 : 0.000000
iteration 3440 :model1 loss : 0.300693model2 loss : 0.161970pseudo_supervision1 : 0.000000pseudo_supervision2 : 0.000000
iteration 3460 :model1 loss : 0.249319model2 loss : 0.166829pseudo_supervision1 : 0.000000pseudo_supervision2 : 0.000000
iteration 3480 :model1 loss : 0.211178model2 loss : 0.192283pseudo_supervision1 : 0.000000pseudo_supervision2 : 0.000000
iteration 3500 :model1 loss : 0.408248model2 loss : 0.191070pseudo_supervision1 : 0.000000pseudo_supervision2 : 0.000000
iteration 3520 :model1 loss : 0.258433model2 loss : 0.171162pseudo_supervision1 : 0.000000pseudo_supervision2 : 0.000000
iteration 3540 :model1 loss : 0.266789model2 loss : 0.357438pseudo_supervision1 : 0.000000pseudo_supervision2 : 0.000000
iteration 3560 :model1 loss : 0.254635model2 loss : 0.203347pseudo_supervision1 : 0.000000pseudo_supervision2 : 0.000000
iteration 3580 :model1 loss : 0.317671model2 loss : 0.246291pseudo_supervision1 : 0.000000pseudo_supervision2 : 0.000000
iteration 3600 :model1 loss : 0.366479model2 loss : 0.157930pseudo_supervision1 : 0.000000pseudo_supervision2 : 0.000000
began evaluation!
iteration 3600: validation sampled 4/12 cases
Total test images: 4
Validation begin
Validation end
avg metric shape: (13, 3)
save model to ../model/BTCV_5_C3PS_scalar_baseline_same_split_with_magicNet_3channels_nosemi_SGD_SGD/unet_3D_old/iter_3600_dice_0.544
iteration 3600 : model_dice_score : 0.544021 model_hd95 : 23.076923
began evaluation!
Total test images: 4
Validation begin
===>test image:/projects/weilab/liupeng/data/raw/ssl_seg/BTCV/Training_resampled_1.5_1.5_2.0_npy_zscore/img/img0001.npy
condition batch eval, img shape:(220, 228, 228), sx:3, sy:3, sz:3, num_conditions:2
condition:1, metric:[0.51522907 0.         0.        ]
condition:2, metric:[0.21198676 0.         0.        ]
condition batch eval, img shape:(220, 228, 228), sx:3, sy:3, sz:3, num_conditions:2
condition:3, metric:[0.40938484 0.         0.        ]
condition:4, metric:[0. 0. 0.]
condition batch eval, img shape:(220, 228, 228), sx:3, sy:3, sz:3, num_conditions:2
condition:5, metric:[0. 0. 0.]
condition:6, metric:[0. 0. 0.]
condition batch eval, img shape:(220, 228, 228), sx:3, sy:3, sz:3, num_conditions:2
condition:7, metric:[0. 0. 0.]
condition:8, metric:[0.0094985 0.        0.       ]
condition batch eval, img shape:(220, 228, 228), sx:3, sy:3, sz:3, num_conditions:2
condition:9, metric:[0.01105615 0.         0.        ]
condition:10, metric:[  0. 150. 150.]
condition batch eval, img shape:(220, 228, 228), sx:3, sy:3, sz:3, num_conditions:2
condition:11, metric:[  0. 150. 150.]
condition:12, metric:[  0. 150. 150.]
condition batch eval, img shape:(220, 228, 228), sx:3, sy:3, sz:3, num_conditions:1
condition:13, metric:[  0. 150. 150.]
===>test image:/projects/weilab/liupeng/data/raw/ssl_seg/BTCV/Training_resampled_1.5_1.5_2.0_npy_zscore/img/img0025.npy
condition batch eval, img shape:(212, 284, 284), sx:3, sy:3, sz:3, num_conditions:2
condition:1, metric:[0.61389762 0.         0.        ]
condition:2, metric:[0.03814392 0.         0.        ]
condition batch eval, img shape:(212, 284, 284), sx:3, sy:3, sz:3, num_conditions:2
condition:3, metric:[0.03581377 0.         0.        ]
condition:4, metric:[0. 0. 0.]
condition batch eval, img shape:(212, 284, 284), sx:3, sy:3, sz:3, num_conditions:2
condition:5, metric:[0.00472813 0.         0.        ]
condition:6, metric:[0. 0. 0.]
condition batch eval, img shape:(212, 284, 284), sx:3, sy:3, sz:3, num_conditions:2
condition:7, metric:[0. 0. 0.]
condition:8, metric:[0.02181368 0.         0.        ]
condition batch eval, img shape:(212, 284, 284), sx:3, sy:3, sz:3, num_conditions:2
condition:9, metric:[0. 0. 0.]
condition:10, metric:[  0. 150. 150.]
condition batch eval, img shape:(212, 284, 284), sx:3, sy:3, sz:3, num_conditions:2
condition:11, metric:[  0. 150. 150.]
condition:12, metric:[  0. 150. 150.]
condition batch eval, img shape:(212, 284, 284), sx:3, sy:3, sz:3, num_conditions:1
condition:13, metric:[  0. 150. 150.]
===>test image:/projects/weilab/liupeng/data/raw/ssl_seg/BTCV/Training_resampled_1.5_1.5_2.0_npy_zscore/img/img0002.npy
condition batch eval, img shape:(208, 246, 246), sx:3, sy:3, sz:3, num_conditions:2
condition:1, metric:[0.3388545 0.        0.       ]
condition:2, metric:[0.41268454 0.         0.        ]
condition batch eval, img shape:(208, 246, 246), sx:3, sy:3, sz:3, num_conditions:2
condition:3, metric:[0.51290195 0.         0.        ]
condition:4, metric:[0. 0. 0.]
condition batch eval, img shape:(208, 246, 246), sx:3, sy:3, sz:3, num_conditions:2
condition:5, metric:[0. 0. 0.]
condition:6, metric:[0. 0. 0.]
condition batch eval, img shape:(208, 246, 246), sx:3, sy:3, sz:3, num_conditions:2
condition:7, metric:[0. 0. 0.]
condition:8, metric:[0.01055589 0.         0.        ]
condition batch eval, img shape:(208, 246, 246), sx:3, sy:3, sz:3, num_conditions:2
condition:9, metric:[0.01545137 0.         0.        ]
condition:10, metric:[  0. 150. 150.]
condition batch eval, img shape:(208, 246, 246), sx:3, sy:3, sz:3, num_conditions:2
condition:11, metric:[  0. 150. 150.]
condition:12, metric:[  0. 150. 150.]
condition batch eval, img shape:(208, 246, 246), sx:3, sy:3, sz:3, num_conditions:1
condition:13, metric:[  0. 150. 150.]
===>test image:/projects/weilab/liupeng/data/raw/ssl_seg/BTCV/Training_resampled_1.5_1.5_2.0_npy_zscore/img/img0029.npy
condition batch eval, img shape:(150, 299, 299), sx:2, sy:4, sz:4, num_conditions:2
condition:1, metric:[0.43703401 0.         0.        ]
condition:2, metric:[0.46518159 0.         0.        ]
condition batch eval, img shape:(150, 299, 299), sx:2, sy:4, sz:4, num_conditions:2
condition:3, metric:[0.64342019 0.         0.        ]
condition:4, metric:[0. 0. 0.]
condition batch eval, img shape:(150, 299, 299), sx:2, sy:4, sz:4, num_conditions:2
condition:5, metric:[0. 0. 0.]
condition:6, metric:[0. 0. 0.]
condition batch eval, img shape:(150, 299, 299), sx:2, sy:4, sz:4, num_conditions:2
condition:7, metric:[0. 0. 0.]
condition:8, metric:[0.05513353 0.         0.        ]
condition batch eval, img shape:(150, 299, 299), sx:2, sy:4, sz:4, num_conditions:2
condition:9, metric:[0. 0. 0.]
condition:10, metric:[0. 0. 0.]
condition batch eval, img shape:(150, 299, 299), sx:2, sy:4, sz:4, num_conditions:2
condition:11, metric:[0. 0. 0.]
condition:12, metric:[  0. 150. 150.]
condition batch eval, img shape:(150, 299, 299), sx:2, sy:4, sz:4, num_conditions:1
condition:13, metric:[  0. 150. 150.]
Validation end
avg metric shape: (13, 3)
save model to ../model/BTCV_5_C3PS_scalar_baseline_same_split_with_magicNet_3channels_nosemi_SGD_SGD/unet_3D_old/iter_3600_dice_0.0916
iteration 3600 : model2_dice_score : 0.091592 model2_hd95 : 40.384615
save model to ../model/BTCV_5_C3PS_scalar_baseline_same_split_with_magicNet_3channels_nosemi_SGD_SGD/unet_3D_old/model_iter_3600.pth
save model2 to ../model/BTCV_5_C3PS_scalar_baseline_same_split_with_magicNet_3channels_nosemi_SGD_SGD/unet_3D_old/model2_iter_3600.pth
iteration 3620 :model1 loss : 0.260825model2 loss : 0.159495pseudo_supervision1 : 0.000000pseudo_supervision2 : 0.000000
iteration 3640 :model1 loss : 0.241244model2 loss : 0.180578pseudo_supervision1 : 0.000000pseudo_supervision2 : 0.000000
iteration 3660 :model1 loss : 0.220742model2 loss : 0.194355pseudo_supervision1 : 0.000000pseudo_supervision2 : 0.000000
iteration 3680 :model1 loss : 0.270289model2 loss : 0.205374pseudo_supervision1 : 0.000000pseudo_supervision2 : 0.000000
iteration 3700 :model1 loss : 0.401842model2 loss : 0.156999pseudo_supervision1 : 0.000000pseudo_supervision2 : 0.000000
iteration 3720 :model1 loss : 0.215562model2 loss : 0.173970pseudo_supervision1 : 0.000000pseudo_supervision2 : 0.000000
iteration 3740 :model1 loss : 0.372722model2 loss : 0.216442pseudo_supervision1 : 0.000000pseudo_supervision2 : 0.000000
iteration 3760 :model1 loss : 0.333657model2 loss : 0.214720pseudo_supervision1 : 0.000000pseudo_supervision2 : 0.000000
iteration 3780 :model1 loss : 0.282363model2 loss : 0.416676pseudo_supervision1 : 0.000000pseudo_supervision2 : 0.000000
iteration 3800 :model1 loss : 0.254121model2 loss : 0.187100pseudo_supervision1 : 0.000000pseudo_supervision2 : 0.000000
save model to ../model/BTCV_5_C3PS_scalar_baseline_same_split_with_magicNet_3channels_nosemi_SGD_SGD/unet_3D_old/model_iter_3800.pth
save model2 to ../model/BTCV_5_C3PS_scalar_baseline_same_split_with_magicNet_3channels_nosemi_SGD_SGD/unet_3D_old/model2_iter_3800.pth
iteration 3820 :model1 loss : 0.306309model2 loss : 0.177091pseudo_supervision1 : 0.000000pseudo_supervision2 : 0.000000
iteration 3840 :model1 loss : 0.230150model2 loss : 0.136018pseudo_supervision1 : 0.000000pseudo_supervision2 : 0.000000
iteration 3860 :model1 loss : 0.473991model2 loss : 0.340980pseudo_supervision1 : 0.000000pseudo_supervision2 : 0.000000
iteration 3880 :model1 loss : 0.198491model2 loss : 0.141749pseudo_supervision1 : 0.000000pseudo_supervision2 : 0.000000
iteration 3900 :model1 loss : 0.311163model2 loss : 0.188067pseudo_supervision1 : 0.000000pseudo_supervision2 : 0.000000
iteration 3920 :model1 loss : 0.254582model2 loss : 0.191198pseudo_supervision1 : 0.000000pseudo_supervision2 : 0.000000
iteration 3940 :model1 loss : 0.249819model2 loss : 0.119984pseudo_supervision1 : 0.000000pseudo_supervision2 : 0.000000
iteration 3960 :model1 loss : 0.257747model2 loss : 0.206208pseudo_supervision1 : 0.000000pseudo_supervision2 : 0.000000
iteration 3980 :model1 loss : 0.226432model2 loss : 0.223081pseudo_supervision1 : 0.000000pseudo_supervision2 : 0.000000
iteration 4000 :model1 loss : 0.371306model2 loss : 0.195482pseudo_supervision1 : 0.000000pseudo_supervision2 : 0.000000
began evaluation!
iteration 4000: validation sampled 4/12 cases
Total test images: 4
Validation begin
Validation end
avg metric shape: (13, 3)
iteration 4000 : model_dice_score : 0.532125 model_hd95 : 28.846154
began evaluation!
Total test images: 4
Validation begin
===>test image:/projects/weilab/liupeng/data/raw/ssl_seg/BTCV/Training_resampled_1.5_1.5_2.0_npy_zscore/img/img0029.npy
condition batch eval, img shape:(150, 299, 299), sx:2, sy:4, sz:4, num_conditions:2
condition:1, metric:[0.21916105 0.         0.        ]
condition:2, metric:[0.61679135 0.         0.        ]
condition batch eval, img shape:(150, 299, 299), sx:2, sy:4, sz:4, num_conditions:2
condition:3, metric:[0.23906939 0.         0.        ]
condition:4, metric:[0. 0. 0.]
condition batch eval, img shape:(150, 299, 299), sx:2, sy:4, sz:4, num_conditions:2
condition:5, metric:[  0. 150. 150.]
condition:6, metric:[  0. 150. 150.]
condition batch eval, img shape:(150, 299, 299), sx:2, sy:4, sz:4, num_conditions:2
condition:7, metric:[  0. 150. 150.]
condition:8, metric:[  0. 150. 150.]
condition batch eval, img shape:(150, 299, 299), sx:2, sy:4, sz:4, num_conditions:2
condition:9, metric:[  0. 150. 150.]
condition:10, metric:[  0. 150. 150.]
condition batch eval, img shape:(150, 299, 299), sx:2, sy:4, sz:4, num_conditions:2
condition:11, metric:[  0. 150. 150.]
condition:12, metric:[  0. 150. 150.]
condition batch eval, img shape:(150, 299, 299), sx:2, sy:4, sz:4, num_conditions:1
condition:13, metric:[  0. 150. 150.]
===>test image:/projects/weilab/liupeng/data/raw/ssl_seg/BTCV/Training_resampled_1.5_1.5_2.0_npy_zscore/img/img0032.npy
condition batch eval, img shape:(216, 253, 253), sx:3, sy:3, sz:3, num_conditions:2
condition:1, metric:[0.44659763 0.         0.        ]
condition:2, metric:[0.44593242 0.         0.        ]
condition batch eval, img shape:(216, 253, 253), sx:3, sy:3, sz:3, num_conditions:2
condition:3, metric:[0.18173019 0.         0.        ]
condition:4, metric:[0. 0. 0.]
condition batch eval, img shape:(216, 253, 253), sx:3, sy:3, sz:3, num_conditions:2
condition:5, metric:[  0. 150. 150.]
condition:6, metric:[  0. 150. 150.]
condition batch eval, img shape:(216, 253, 253), sx:3, sy:3, sz:3, num_conditions:2
condition:7, metric:[  0. 150. 150.]
condition:8, metric:[  0. 150. 150.]
condition batch eval, img shape:(216, 253, 253), sx:3, sy:3, sz:3, num_conditions:2
condition:9, metric:[  0. 150. 150.]
condition:10, metric:[  0. 150. 150.]
condition batch eval, img shape:(216, 253, 253), sx:3, sy:3, sz:3, num_conditions:2
condition:11, metric:[  0. 150. 150.]
condition:12, metric:[  0. 150. 150.]
condition batch eval, img shape:(216, 253, 253), sx:3, sy:3, sz:3, num_conditions:1
condition:13, metric:[  0. 150. 150.]
===>test image:/projects/weilab/liupeng/data/raw/ssl_seg/BTCV/Training_resampled_1.5_1.5_2.0_npy_zscore/img/img0008.npy
condition batch eval, img shape:(222, 249, 249), sx:3, sy:3, sz:3, num_conditions:2
condition:1, metric:[0.66927528 0.         0.        ]
condition:2, metric:[0.0002724 0.        0.       ]
condition batch eval, img shape:(222, 249, 249), sx:3, sy:3, sz:3, num_conditions:2
condition:3, metric:[0. 0. 0.]
condition:4, metric:[0. 0. 0.]
condition batch eval, img shape:(222, 249, 249), sx:3, sy:3, sz:3, num_conditions:2
condition:5, metric:[  0. 150. 150.]
condition:6, metric:[  0. 150. 150.]
condition batch eval, img shape:(222, 249, 249), sx:3, sy:3, sz:3, num_conditions:2
condition:7, metric:[  0. 150. 150.]
condition:8, metric:[  0. 150. 150.]
condition batch eval, img shape:(222, 249, 249), sx:3, sy:3, sz:3, num_conditions:2
condition:9, metric:[  0. 150. 150.]
condition:10, metric:[  0. 150. 150.]
condition batch eval, img shape:(222, 249, 249), sx:3, sy:3, sz:3, num_conditions:2
condition:11, metric:[  0. 150. 150.]
condition:12, metric:[  0. 150. 150.]
condition batch eval, img shape:(222, 249, 249), sx:3, sy:3, sz:3, num_conditions:1
condition:13, metric:[  0. 150. 150.]
===>test image:/projects/weilab/liupeng/data/raw/ssl_seg/BTCV/Training_resampled_1.5_1.5_2.0_npy_zscore/img/img0002.npy
condition batch eval, img shape:(208, 246, 246), sx:3, sy:3, sz:3, num_conditions:2
condition:1, metric:[0.11589033 0.         0.        ]
condition:2, metric:[0.43190412 0.         0.        ]
condition batch eval, img shape:(208, 246, 246), sx:3, sy:3, sz:3, num_conditions:2
condition:3, metric:[0.28165939 0.         0.        ]
condition:4, metric:[  0. 150. 150.]
condition batch eval, img shape:(208, 246, 246), sx:3, sy:3, sz:3, num_conditions:2
condition:5, metric:[  0. 150. 150.]
condition:6, metric:[  0. 150. 150.]
condition batch eval, img shape:(208, 246, 246), sx:3, sy:3, sz:3, num_conditions:2
condition:7, metric:[  0. 150. 150.]
condition:8, metric:[  0. 150. 150.]
condition batch eval, img shape:(208, 246, 246), sx:3, sy:3, sz:3, num_conditions:2
condition:9, metric:[  0. 150. 150.]
condition:10, metric:[  0. 150. 150.]
condition batch eval, img shape:(208, 246, 246), sx:3, sy:3, sz:3, num_conditions:2
condition:11, metric:[  0. 150. 150.]
condition:12, metric:[  0. 150. 150.]
condition batch eval, img shape:(208, 246, 246), sx:3, sy:3, sz:3, num_conditions:1
condition:13, metric:[  0. 150. 150.]
Validation end
avg metric shape: (13, 3)
iteration 4000 : model2_dice_score : 0.070159 model2_hd95 : 106.730769
save model to ../model/BTCV_5_C3PS_scalar_baseline_same_split_with_magicNet_3channels_nosemi_SGD_SGD/unet_3D_old/model_iter_4000.pth
save model2 to ../model/BTCV_5_C3PS_scalar_baseline_same_split_with_magicNet_3channels_nosemi_SGD_SGD/unet_3D_old/model2_iter_4000.pth
iteration 4020 :model1 loss : 0.232536model2 loss : 0.332062pseudo_supervision1 : 0.000000pseudo_supervision2 : 0.000000
iteration 4040 :model1 loss : 0.257164model2 loss : 0.277722pseudo_supervision1 : 0.000000pseudo_supervision2 : 0.000000
iteration 4060 :model1 loss : 0.230451model2 loss : 0.161154pseudo_supervision1 : 0.000000pseudo_supervision2 : 0.000000
iteration 4080 :model1 loss : 0.451388model2 loss : 0.250243pseudo_supervision1 : 0.000000pseudo_supervision2 : 0.000000
iteration 4100 :model1 loss : 0.223456model2 loss : 0.194149pseudo_supervision1 : 0.000000pseudo_supervision2 : 0.000000
iteration 4120 :model1 loss : 0.216678model2 loss : 0.148023pseudo_supervision1 : 0.000000pseudo_supervision2 : 0.000000
iteration 4140 :model1 loss : 0.359475model2 loss : 0.157003pseudo_supervision1 : 0.000000pseudo_supervision2 : 0.000000
iteration 4160 :model1 loss : 0.217875model2 loss : 0.138776pseudo_supervision1 : 0.000000pseudo_supervision2 : 0.000000
iteration 4180 :model1 loss : 0.287338model2 loss : 0.314667pseudo_supervision1 : 0.000000pseudo_supervision2 : 0.000000
iteration 4200 :model1 loss : 0.260473model2 loss : 0.142267pseudo_supervision1 : 0.000000pseudo_supervision2 : 0.000000
save model to ../model/BTCV_5_C3PS_scalar_baseline_same_split_with_magicNet_3channels_nosemi_SGD_SGD/unet_3D_old/model_iter_4200.pth
save model2 to ../model/BTCV_5_C3PS_scalar_baseline_same_split_with_magicNet_3channels_nosemi_SGD_SGD/unet_3D_old/model2_iter_4200.pth
iteration 4220 :model1 loss : 0.387304model2 loss : 0.194217pseudo_supervision1 : 0.000000pseudo_supervision2 : 0.000000
iteration 4240 :model1 loss : 0.212477model2 loss : 0.179850pseudo_supervision1 : 0.000000pseudo_supervision2 : 0.000000
iteration 4260 :model1 loss : 0.240260model2 loss : 0.210202pseudo_supervision1 : 0.000000pseudo_supervision2 : 0.000000
iteration 4280 :model1 loss : 0.208432model2 loss : 0.142952pseudo_supervision1 : 0.000000pseudo_supervision2 : 0.000000
iteration 4300 :model1 loss : 0.338551model2 loss : 0.197938pseudo_supervision1 : 0.000000pseudo_supervision2 : 0.000000
iteration 4320 :model1 loss : 0.266647model2 loss : 0.214503pseudo_supervision1 : 0.000000pseudo_supervision2 : 0.000000
iteration 4340 :model1 loss : 0.193930model2 loss : 0.113525pseudo_supervision1 : 0.000000pseudo_supervision2 : 0.000000
iteration 4360 :model1 loss : 0.221488model2 loss : 0.222777pseudo_supervision1 : 0.000000pseudo_supervision2 : 0.000000
iteration 4380 :model1 loss : 0.212922model2 loss : 0.150505pseudo_supervision1 : 0.000000pseudo_supervision2 : 0.000000
iteration 4400 :model1 loss : 0.239154model2 loss : 0.221377pseudo_supervision1 : 0.000000pseudo_supervision2 : 0.000000
began evaluation!
iteration 4400: validation sampled 4/12 cases
Total test images: 4
Validation begin
Validation end
avg metric shape: (13, 3)
iteration 4400 : model_dice_score : 0.523465 model_hd95 : 25.961538
began evaluation!
Total test images: 4
Validation begin
===>test image:/projects/weilab/liupeng/data/raw/ssl_seg/BTCV/Training_resampled_1.5_1.5_2.0_npy_zscore/img/img0004.npy
condition batch eval, img shape:(210, 203, 203), sx:3, sy:2, sz:2, num_conditions:2
condition:1, metric:[0. 0. 0.]
condition:2, metric:[0.65615592 0.         0.        ]
condition batch eval, img shape:(210, 203, 203), sx:3, sy:2, sz:2, num_conditions:2
condition:3, metric:[0.00420357 0.         0.        ]
condition:4, metric:[0. 0. 0.]
condition batch eval, img shape:(210, 203, 203), sx:3, sy:2, sz:2, num_conditions:2
condition:5, metric:[0.05664395 0.         0.        ]
condition:6, metric:[0. 0. 0.]
condition batch eval, img shape:(210, 203, 203), sx:3, sy:2, sz:2, num_conditions:2
condition:7, metric:[0. 0. 0.]
condition:8, metric:[0.36397645 0.         0.        ]
condition batch eval, img shape:(210, 203, 203), sx:3, sy:2, sz:2, num_conditions:2
condition:9, metric:[0.42392705 0.         0.        ]
condition:10, metric:[0.03280757 0.         0.        ]
condition batch eval, img shape:(210, 203, 203), sx:3, sy:2, sz:2, num_conditions:2
condition:11, metric:[0.00529276 0.         0.        ]
condition:12, metric:[0. 0. 0.]
condition batch eval, img shape:(210, 203, 203), sx:3, sy:2, sz:2, num_conditions:1
condition:13, metric:[0. 0. 0.]
===>test image:/projects/weilab/liupeng/data/raw/ssl_seg/BTCV/Training_resampled_1.5_1.5_2.0_npy_zscore/img/img0022.npy
condition batch eval, img shape:(222, 262, 262), sx:3, sy:3, sz:3, num_conditions:2
condition:1, metric:[0.30617025 0.         0.        ]
condition:2, metric:[0.71847184 0.         0.        ]
condition batch eval, img shape:(222, 262, 262), sx:3, sy:3, sz:3, num_conditions:2
condition:3, metric:[0.00911524 0.         0.        ]
condition:4, metric:[0. 0. 0.]
condition batch eval, img shape:(222, 262, 262), sx:3, sy:3, sz:3, num_conditions:2
condition:5, metric:[0.12730203 0.         0.        ]
condition:6, metric:[0. 0. 0.]
condition batch eval, img shape:(222, 262, 262), sx:3, sy:3, sz:3, num_conditions:2
condition:7, metric:[0. 0. 0.]
condition:8, metric:[0.75751764 0.         0.        ]
condition batch eval, img shape:(222, 262, 262), sx:3, sy:3, sz:3, num_conditions:2
condition:9, metric:[0.25824981 0.         0.        ]
condition:10, metric:[0.03933266 0.         0.        ]
condition batch eval, img shape:(222, 262, 262), sx:3, sy:3, sz:3, num_conditions:2
condition:11, metric:[0.00928855 0.         0.        ]
condition:12, metric:[0.00212414 0.         0.        ]
condition batch eval, img shape:(222, 262, 262), sx:3, sy:3, sz:3, num_conditions:1
condition:13, metric:[0. 0. 0.]
===>test image:/projects/weilab/liupeng/data/raw/ssl_seg/BTCV/Training_resampled_1.5_1.5_2.0_npy_zscore/img/img0003.npy
condition batch eval, img shape:(297, 307, 307), sx:5, sy:4, sz:4, num_conditions:2
condition:1, metric:[0.37169545 0.         0.        ]
condition:2, metric:[0.69082115 0.         0.        ]
condition batch eval, img shape:(297, 307, 307), sx:5, sy:4, sz:4, num_conditions:2
condition:3, metric:[0.01306819 0.         0.        ]
condition:4, metric:[0. 0. 0.]
condition batch eval, img shape:(297, 307, 307), sx:5, sy:4, sz:4, num_conditions:2
condition:5, metric:[0. 0. 0.]
condition:6, metric:[0.0001171 0.        0.       ]
condition batch eval, img shape:(297, 307, 307), sx:5, sy:4, sz:4, num_conditions:2
condition:7, metric:[0.03147204 0.         0.        ]
condition:8, metric:[0.254936 0.       0.      ]
condition batch eval, img shape:(297, 307, 307), sx:5, sy:4, sz:4, num_conditions:2
condition:9, metric:[0.04810604 0.         0.        ]
condition:10, metric:[0. 0. 0.]
condition batch eval, img shape:(297, 307, 307), sx:5, sy:4, sz:4, num_conditions:2
condition:11, metric:[0. 0. 0.]
condition:12, metric:[0. 0. 0.]
condition batch eval, img shape:(297, 307, 307), sx:5, sy:4, sz:4, num_conditions:1
condition:13, metric:[0. 0. 0.]
===>test image:/projects/weilab/liupeng/data/raw/ssl_seg/BTCV/Training_resampled_1.5_1.5_2.0_npy_zscore/img/img0036.npy
condition batch eval, img shape:(276, 255, 255), sx:4, sy:3, sz:3, num_conditions:2
condition:1, metric:[0.3835635 0.        0.       ]
condition:2, metric:[0.65978911 0.         0.        ]
condition batch eval, img shape:(276, 255, 255), sx:4, sy:3, sz:3, num_conditions:2
condition:3, metric:[0.08988207 0.         0.        ]
condition:4, metric:[0. 0. 0.]
condition batch eval, img shape:(276, 255, 255), sx:4, sy:3, sz:3, num_conditions:2
condition:5, metric:[0.35 0.   0.  ]
condition:6, metric:[0. 0. 0.]
condition batch eval, img shape:(276, 255, 255), sx:4, sy:3, sz:3, num_conditions:2
condition:7, metric:[0.00126475 0.         0.        ]
condition:8, metric:[0.53865965 0.         0.        ]
condition batch eval, img shape:(276, 255, 255), sx:4, sy:3, sz:3, num_conditions:2
condition:9, metric:[0.02612303 0.         0.        ]
condition:10, metric:[0. 0. 0.]
condition batch eval, img shape:(276, 255, 255), sx:4, sy:3, sz:3, num_conditions:2
condition:11, metric:[0. 0. 0.]
condition:12, metric:[0. 0. 0.]
condition batch eval, img shape:(276, 255, 255), sx:4, sy:3, sz:3, num_conditions:1
condition:13, metric:[0. 0. 0.]
Validation end
avg metric shape: (13, 3)
save model to ../model/BTCV_5_C3PS_scalar_baseline_same_split_with_magicNet_3channels_nosemi_SGD_SGD/unet_3D_old/iter_4400_dice_0.139
iteration 4400 : model2_dice_score : 0.139040 model2_hd95 : 0.000000
save model to ../model/BTCV_5_C3PS_scalar_baseline_same_split_with_magicNet_3channels_nosemi_SGD_SGD/unet_3D_old/model_iter_4400.pth
save model2 to ../model/BTCV_5_C3PS_scalar_baseline_same_split_with_magicNet_3channels_nosemi_SGD_SGD/unet_3D_old/model2_iter_4400.pth
iteration 4420 :model1 loss : 0.292592model2 loss : 0.199973pseudo_supervision1 : 0.000000pseudo_supervision2 : 0.000000
iteration 4440 :model1 loss : 0.248633model2 loss : 0.210715pseudo_supervision1 : 0.000000pseudo_supervision2 : 0.000000
iteration 4460 :model1 loss : 0.242191model2 loss : 0.141840pseudo_supervision1 : 0.000000pseudo_supervision2 : 0.000000
iteration 4480 :model1 loss : 0.199414model2 loss : 0.137478pseudo_supervision1 : 0.000000pseudo_supervision2 : 0.000000
iteration 4500 :model1 loss : 0.446944model2 loss : 0.260886pseudo_supervision1 : 0.000000pseudo_supervision2 : 0.000000
iteration 4520 :model1 loss : 0.199347model2 loss : 0.196191pseudo_supervision1 : 0.000000pseudo_supervision2 : 0.000000
iteration 4540 :model1 loss : 0.293387model2 loss : 0.150432pseudo_supervision1 : 0.000000pseudo_supervision2 : 0.000000
iteration 4560 :model1 loss : 0.302230model2 loss : 0.241982pseudo_supervision1 : 0.000000pseudo_supervision2 : 0.000000
iteration 4580 :model1 loss : 0.312739model2 loss : 0.111373pseudo_supervision1 : 0.000000pseudo_supervision2 : 0.000000
iteration 4600 :model1 loss : 0.339001model2 loss : 0.155303pseudo_supervision1 : 0.000000pseudo_supervision2 : 0.000000
save model to ../model/BTCV_5_C3PS_scalar_baseline_same_split_with_magicNet_3channels_nosemi_SGD_SGD/unet_3D_old/model_iter_4600.pth
save model2 to ../model/BTCV_5_C3PS_scalar_baseline_same_split_with_magicNet_3channels_nosemi_SGD_SGD/unet_3D_old/model2_iter_4600.pth
iteration 4620 :model1 loss : 0.204084model2 loss : 0.149966pseudo_supervision1 : 0.000000pseudo_supervision2 : 0.000000
iteration 4640 :model1 loss : 0.221850model2 loss : 0.170843pseudo_supervision1 : 0.000000pseudo_supervision2 : 0.000000
iteration 4660 :model1 loss : 0.212007model2 loss : 0.186403pseudo_supervision1 : 0.000000pseudo_supervision2 : 0.000000
iteration 4680 :model1 loss : 0.218978model2 loss : 0.188088pseudo_supervision1 : 0.000000pseudo_supervision2 : 0.000000
iteration 4700 :model1 loss : 0.220018model2 loss : 0.211114pseudo_supervision1 : 0.000000pseudo_supervision2 : 0.000000
iteration 4720 :model1 loss : 0.189316model2 loss : 0.127468pseudo_supervision1 : 0.000000pseudo_supervision2 : 0.000000
iteration 4740 :model1 loss : 0.248206model2 loss : 0.279167pseudo_supervision1 : 0.000000pseudo_supervision2 : 0.000000
iteration 4760 :model1 loss : 0.233412model2 loss : 0.211355pseudo_supervision1 : 0.000000pseudo_supervision2 : 0.000000
iteration 4780 :model1 loss : 0.190975model2 loss : 0.183941pseudo_supervision1 : 0.000000pseudo_supervision2 : 0.000000
iteration 4800 :model1 loss : 0.247967model2 loss : 0.124643pseudo_supervision1 : 0.000000pseudo_supervision2 : 0.000000
began evaluation!
iteration 4800: validation sampled 4/12 cases
Total test images: 4
Validation begin
Validation end
avg metric shape: (13, 3)
save model to ../model/BTCV_5_C3PS_scalar_baseline_same_split_with_magicNet_3channels_nosemi_SGD_SGD/unet_3D_old/iter_4800_dice_0.5471
iteration 4800 : model_dice_score : 0.547053 model_hd95 : 11.538462
began evaluation!
Total test images: 4
Validation begin
===>test image:/projects/weilab/liupeng/data/raw/ssl_seg/BTCV/Training_resampled_1.5_1.5_2.0_npy_zscore/img/img0038.npy
condition batch eval, img shape:(250, 333, 333), sx:4, sy:4, sz:4, num_conditions:2
condition:1, metric:[0.39278334 0.         0.        ]
condition:2, metric:[0.3875214 0.        0.       ]
condition batch eval, img shape:(250, 333, 333), sx:4, sy:4, sz:4, num_conditions:2
condition:3, metric:[0.45915654 0.         0.        ]
condition:4, metric:[0. 0. 0.]
condition batch eval, img shape:(250, 333, 333), sx:4, sy:4, sz:4, num_conditions:2
condition:5, metric:[0.03314986 0.         0.        ]
condition:6, metric:[0.00261187 0.         0.        ]
condition batch eval, img shape:(250, 333, 333), sx:4, sy:4, sz:4, num_conditions:2
condition:7, metric:[0.01589755 0.         0.        ]
condition:8, metric:[0.36705428 0.         0.        ]
condition batch eval, img shape:(250, 333, 333), sx:4, sy:4, sz:4, num_conditions:2
condition:9, metric:[0.24372189 0.         0.        ]
condition:10, metric:[0.06347727 0.         0.        ]
condition batch eval, img shape:(250, 333, 333), sx:4, sy:4, sz:4, num_conditions:2
condition:11, metric:[0.134267 0.       0.      ]
condition:12, metric:[0. 0. 0.]
condition batch eval, img shape:(250, 333, 333), sx:4, sy:4, sz:4, num_conditions:1
condition:13, metric:[0. 0. 0.]
===>test image:/projects/weilab/liupeng/data/raw/ssl_seg/BTCV/Training_resampled_1.5_1.5_2.0_npy_zscore/img/img0002.npy
condition batch eval, img shape:(208, 246, 246), sx:3, sy:3, sz:3, num_conditions:2
condition:1, metric:[0.27704924 0.         0.        ]
condition:2, metric:[0.53787445 0.         0.        ]
condition batch eval, img shape:(208, 246, 246), sx:3, sy:3, sz:3, num_conditions:2
condition:3, metric:[0.55829889 0.         0.        ]
condition:4, metric:[0.3856778 0.        0.       ]
condition batch eval, img shape:(208, 246, 246), sx:3, sy:3, sz:3, num_conditions:2
condition:5, metric:[0.05084835 0.         0.        ]
condition:6, metric:[0.04195259 0.         0.        ]
condition batch eval, img shape:(208, 246, 246), sx:3, sy:3, sz:3, num_conditions:2
condition:7, metric:[0.03078051 0.         0.        ]
condition:8, metric:[0.0331639 0.        0.       ]
condition batch eval, img shape:(208, 246, 246), sx:3, sy:3, sz:3, num_conditions:2
condition:9, metric:[0.2882939 0.        0.       ]
condition:10, metric:[0.09115134 0.         0.        ]
condition batch eval, img shape:(208, 246, 246), sx:3, sy:3, sz:3, num_conditions:2
condition:11, metric:[0.341891 0.       0.      ]
condition:12, metric:[0. 0. 0.]
condition batch eval, img shape:(208, 246, 246), sx:3, sy:3, sz:3, num_conditions:1
condition:13, metric:[0. 0. 0.]
===>test image:/projects/weilab/liupeng/data/raw/ssl_seg/BTCV/Training_resampled_1.5_1.5_2.0_npy_zscore/img/img0004.npy
condition batch eval, img shape:(210, 203, 203), sx:3, sy:2, sz:2, num_conditions:2
condition:1, metric:[0.36826663 0.         0.        ]
condition:2, metric:[0.46580479 0.         0.        ]
condition batch eval, img shape:(210, 203, 203), sx:3, sy:2, sz:2, num_conditions:2
condition:3, metric:[0.53172453 0.         0.        ]
condition:4, metric:[0.0094086 0.        0.       ]
condition batch eval, img shape:(210, 203, 203), sx:3, sy:2, sz:2, num_conditions:2
condition:5, metric:[0.04137267 0.         0.        ]
condition:6, metric:[0.00536257 0.         0.        ]
condition batch eval, img shape:(210, 203, 203), sx:3, sy:2, sz:2, num_conditions:2
condition:7, metric:[0.10833052 0.         0.        ]
condition:8, metric:[0.11015446 0.         0.        ]
condition batch eval, img shape:(210, 203, 203), sx:3, sy:2, sz:2, num_conditions:2
condition:9, metric:[0.28426652 0.         0.        ]
condition:10, metric:[0.0101291 0.        0.       ]
condition batch eval, img shape:(210, 203, 203), sx:3, sy:2, sz:2, num_conditions:2
condition:11, metric:[0.18321742 0.         0.        ]
condition:12, metric:[0. 0. 0.]
condition batch eval, img shape:(210, 203, 203), sx:3, sy:2, sz:2, num_conditions:1
condition:13, metric:[0. 0. 0.]
===>test image:/projects/weilab/liupeng/data/raw/ssl_seg/BTCV/Training_resampled_1.5_1.5_2.0_npy_zscore/img/img0003.npy
condition batch eval, img shape:(297, 307, 307), sx:5, sy:4, sz:4, num_conditions:2
condition:1, metric:[0.39338767 0.         0.        ]
condition:2, metric:[0.49274056 0.         0.        ]
condition batch eval, img shape:(297, 307, 307), sx:5, sy:4, sz:4, num_conditions:2
condition:3, metric:[0.48747715 0.         0.        ]
condition:4, metric:[0.01860465 0.         0.        ]
condition batch eval, img shape:(297, 307, 307), sx:5, sy:4, sz:4, num_conditions:2
condition:5, metric:[0. 0. 0.]
condition:6, metric:[0.00724272 0.         0.        ]
condition batch eval, img shape:(297, 307, 307), sx:5, sy:4, sz:4, num_conditions:2
condition:7, metric:[0.01507978 0.         0.        ]
condition:8, metric:[0.14680096 0.         0.        ]
condition batch eval, img shape:(297, 307, 307), sx:5, sy:4, sz:4, num_conditions:2
condition:9, metric:[0.18270483 0.         0.        ]
condition:10, metric:[0. 0. 0.]
condition batch eval, img shape:(297, 307, 307), sx:5, sy:4, sz:4, num_conditions:2
condition:11, metric:[0. 0. 0.]
condition:12, metric:[0. 0. 0.]
condition batch eval, img shape:(297, 307, 307), sx:5, sy:4, sz:4, num_conditions:1
condition:13, metric:[0. 0. 0.]
Validation end
avg metric shape: (13, 3)
save model to ../model/BTCV_5_C3PS_scalar_baseline_same_split_with_magicNet_3channels_nosemi_SGD_SGD/unet_3D_old/iter_4800_dice_0.1654
iteration 4800 : model2_dice_score : 0.165360 model2_hd95 : 0.000000
save model to ../model/BTCV_5_C3PS_scalar_baseline_same_split_with_magicNet_3channels_nosemi_SGD_SGD/unet_3D_old/model_iter_4800.pth
save model2 to ../model/BTCV_5_C3PS_scalar_baseline_same_split_with_magicNet_3channels_nosemi_SGD_SGD/unet_3D_old/model2_iter_4800.pth
iteration 4820 :model1 loss : 0.190052model2 loss : 0.195852pseudo_supervision1 : 0.000000pseudo_supervision2 : 0.000000
iteration 4840 :model1 loss : 0.269849model2 loss : 0.153908pseudo_supervision1 : 0.000000pseudo_supervision2 : 0.000000
iteration 4860 :model1 loss : 0.213128model2 loss : 0.097258pseudo_supervision1 : 0.000000pseudo_supervision2 : 0.000000
iteration 4880 :model1 loss : 0.181301model2 loss : 0.185367pseudo_supervision1 : 0.000000pseudo_supervision2 : 0.000000
iteration 4900 :model1 loss : 0.246602model2 loss : 0.127100pseudo_supervision1 : 0.000000pseudo_supervision2 : 0.000000
iteration 4920 :model1 loss : 0.206311model2 loss : 0.164633pseudo_supervision1 : 0.000000pseudo_supervision2 : 0.000000
iteration 4940 :model1 loss : 0.293416model2 loss : 0.178856pseudo_supervision1 : 0.000000pseudo_supervision2 : 0.000000
iteration 4960 :model1 loss : 0.435104model2 loss : 0.329670pseudo_supervision1 : 0.000000pseudo_supervision2 : 0.000000
iteration 4980 :model1 loss : 0.452060model2 loss : 0.265940pseudo_supervision1 : 0.000000pseudo_supervision2 : 0.000000
iteration 5000 :model1 loss : 0.391401model2 loss : 0.168832pseudo_supervision1 : 0.000000pseudo_supervision2 : 0.000000
save model to ../model/BTCV_5_C3PS_scalar_baseline_same_split_with_magicNet_3channels_nosemi_SGD_SGD/unet_3D_old/model_iter_5000.pth
save model2 to ../model/BTCV_5_C3PS_scalar_baseline_same_split_with_magicNet_3channels_nosemi_SGD_SGD/unet_3D_old/model2_iter_5000.pth
iteration 5020 :model1 loss : 0.188229model2 loss : 0.122514pseudo_supervision1 : 0.000000pseudo_supervision2 : 0.000000
iteration 5040 :model1 loss : 0.353597model2 loss : 0.249114pseudo_supervision1 : 0.000000pseudo_supervision2 : 0.000000
iteration 5060 :model1 loss : 0.201224model2 loss : 0.143867pseudo_supervision1 : 0.000000pseudo_supervision2 : 0.000000
iteration 5080 :model1 loss : 0.198662model2 loss : 0.229402pseudo_supervision1 : 0.000000pseudo_supervision2 : 0.000000
iteration 5100 :model1 loss : 0.196507model2 loss : 0.169461pseudo_supervision1 : 0.000000pseudo_supervision2 : 0.000000
iteration 5120 :model1 loss : 0.307124model2 loss : 0.194243pseudo_supervision1 : 0.000000pseudo_supervision2 : 0.000000
iteration 5140 :model1 loss : 0.247918model2 loss : 0.214996pseudo_supervision1 : 0.000000pseudo_supervision2 : 0.000000
iteration 5160 :model1 loss : 0.170921model2 loss : 0.193117pseudo_supervision1 : 0.000000pseudo_supervision2 : 0.000000
iteration 5180 :model1 loss : 0.413763model2 loss : 0.145693pseudo_supervision1 : 0.000000pseudo_supervision2 : 0.000000
iteration 5200 :model1 loss : 0.315872model2 loss : 0.111068pseudo_supervision1 : 0.000000pseudo_supervision2 : 0.000000
began evaluation!
iteration 5200: validation sampled 4/12 cases
Total test images: 4
Validation begin
Validation end
avg metric shape: (13, 3)
save model to ../model/BTCV_5_C3PS_scalar_baseline_same_split_with_magicNet_3channels_nosemi_SGD_SGD/unet_3D_old/iter_5200_dice_0.6126
iteration 5200 : model_dice_score : 0.612579 model_hd95 : 14.423077
began evaluation!
Total test images: 4
Validation begin
===>test image:/projects/weilab/liupeng/data/raw/ssl_seg/BTCV/Training_resampled_1.5_1.5_2.0_npy_zscore/img/img0004.npy
condition batch eval, img shape:(210, 203, 203), sx:3, sy:2, sz:2, num_conditions:2
condition:1, metric:[0.4222853 0.        0.       ]
condition:2, metric:[0.4139547 0.        0.       ]
condition batch eval, img shape:(210, 203, 203), sx:3, sy:2, sz:2, num_conditions:2
condition:3, metric:[0.46322007 0.         0.        ]
condition:4, metric:[0. 0. 0.]
condition batch eval, img shape:(210, 203, 203), sx:3, sy:2, sz:2, num_conditions:2
condition:5, metric:[0. 0. 0.]
condition:6, metric:[0. 0. 0.]
condition batch eval, img shape:(210, 203, 203), sx:3, sy:2, sz:2, num_conditions:2
condition:7, metric:[0. 0. 0.]
condition:8, metric:[0. 0. 0.]
condition batch eval, img shape:(210, 203, 203), sx:3, sy:2, sz:2, num_conditions:2
condition:9, metric:[0.18420568 0.         0.        ]
condition:10, metric:[0. 0. 0.]
condition batch eval, img shape:(210, 203, 203), sx:3, sy:2, sz:2, num_conditions:2
condition:11, metric:[0. 0. 0.]
condition:12, metric:[0. 0. 0.]
condition batch eval, img shape:(210, 203, 203), sx:3, sy:2, sz:2, num_conditions:1
condition:13, metric:[  0. 150. 150.]
===>test image:/projects/weilab/liupeng/data/raw/ssl_seg/BTCV/Training_resampled_1.5_1.5_2.0_npy_zscore/img/img0032.npy
condition batch eval, img shape:(216, 253, 253), sx:3, sy:3, sz:3, num_conditions:2
condition:1, metric:[0.39252977 0.         0.        ]
condition:2, metric:[0.43627486 0.         0.        ]
condition batch eval, img shape:(216, 253, 253), sx:3, sy:3, sz:3, num_conditions:2
condition:3, metric:[0.58823934 0.         0.        ]
condition:4, metric:[0.1318318 0.        0.       ]
condition batch eval, img shape:(216, 253, 253), sx:3, sy:3, sz:3, num_conditions:2
condition:5, metric:[0.00725295 0.         0.        ]
condition:6, metric:[0. 0. 0.]
condition batch eval, img shape:(216, 253, 253), sx:3, sy:3, sz:3, num_conditions:2
condition:7, metric:[0. 0. 0.]
condition:8, metric:[0.07894008 0.         0.        ]
condition batch eval, img shape:(216, 253, 253), sx:3, sy:3, sz:3, num_conditions:2
condition:9, metric:[0.4197956 0.        0.       ]
condition:10, metric:[0.00350501 0.         0.        ]
condition batch eval, img shape:(216, 253, 253), sx:3, sy:3, sz:3, num_conditions:2
condition:11, metric:[0.07522517 0.         0.        ]
condition:12, metric:[0. 0. 0.]
condition batch eval, img shape:(216, 253, 253), sx:3, sy:3, sz:3, num_conditions:1
condition:13, metric:[0. 0. 0.]
===>test image:/projects/weilab/liupeng/data/raw/ssl_seg/BTCV/Training_resampled_1.5_1.5_2.0_npy_zscore/img/img0036.npy
condition batch eval, img shape:(276, 255, 255), sx:4, sy:3, sz:3, num_conditions:2
condition:1, metric:[0.47192184 0.         0.        ]
condition:2, metric:[0.4468479 0.        0.       ]
condition batch eval, img shape:(276, 255, 255), sx:4, sy:3, sz:3, num_conditions:2
condition:3, metric:[0.35853016 0.         0.        ]
condition:4, metric:[0. 0. 0.]
condition batch eval, img shape:(276, 255, 255), sx:4, sy:3, sz:3, num_conditions:2
condition:5, metric:[0. 0. 0.]
condition:6, metric:[0. 0. 0.]
condition batch eval, img shape:(276, 255, 255), sx:4, sy:3, sz:3, num_conditions:2
condition:7, metric:[0. 0. 0.]
condition:8, metric:[0.06546522 0.         0.        ]
condition batch eval, img shape:(276, 255, 255), sx:4, sy:3, sz:3, num_conditions:2
condition:9, metric:[0.12748031 0.         0.        ]
condition:10, metric:[0. 0. 0.]
condition batch eval, img shape:(276, 255, 255), sx:4, sy:3, sz:3, num_conditions:2
condition:11, metric:[0. 0. 0.]
condition:12, metric:[0. 0. 0.]
condition batch eval, img shape:(276, 255, 255), sx:4, sy:3, sz:3, num_conditions:1
condition:13, metric:[0. 0. 0.]
===>test image:/projects/weilab/liupeng/data/raw/ssl_seg/BTCV/Training_resampled_1.5_1.5_2.0_npy_zscore/img/img0001.npy
condition batch eval, img shape:(220, 228, 228), sx:3, sy:3, sz:3, num_conditions:2
condition:1, metric:[0.50101808 0.         0.        ]
condition:2, metric:[0.25462198 0.         0.        ]
condition batch eval, img shape:(220, 228, 228), sx:3, sy:3, sz:3, num_conditions:2
condition:3, metric:[0.36595329 0.         0.        ]
condition:4, metric:[0. 0. 0.]
condition batch eval, img shape:(220, 228, 228), sx:3, sy:3, sz:3, num_conditions:2
condition:5, metric:[0. 0. 0.]
condition:6, metric:[0. 0. 0.]
condition batch eval, img shape:(220, 228, 228), sx:3, sy:3, sz:3, num_conditions:2
condition:7, metric:[0. 0. 0.]
condition:8, metric:[0. 0. 0.]
condition batch eval, img shape:(220, 228, 228), sx:3, sy:3, sz:3, num_conditions:2
condition:9, metric:[0.12109515 0.         0.        ]
condition:10, metric:[0. 0. 0.]
condition batch eval, img shape:(220, 228, 228), sx:3, sy:3, sz:3, num_conditions:2
condition:11, metric:[0. 0. 0.]
condition:12, metric:[0. 0. 0.]
condition batch eval, img shape:(220, 228, 228), sx:3, sy:3, sz:3, num_conditions:1
condition:13, metric:[0. 0. 0.]
Validation end
avg metric shape: (13, 3)
iteration 5200 : model2_dice_score : 0.121735 model2_hd95 : 2.884615
save model to ../model/BTCV_5_C3PS_scalar_baseline_same_split_with_magicNet_3channels_nosemi_SGD_SGD/unet_3D_old/model_iter_5200.pth
save model2 to ../model/BTCV_5_C3PS_scalar_baseline_same_split_with_magicNet_3channels_nosemi_SGD_SGD/unet_3D_old/model2_iter_5200.pth
iteration 5220 :model1 loss : 0.267963model2 loss : 0.080732pseudo_supervision1 : 0.000000pseudo_supervision2 : 0.000000
iteration 5240 :model1 loss : 0.278783model2 loss : 0.118923pseudo_supervision1 : 0.000000pseudo_supervision2 : 0.000000
iteration 5260 :model1 loss : 0.213137model2 loss : 0.143223pseudo_supervision1 : 0.000000pseudo_supervision2 : 0.000000
iteration 5280 :model1 loss : 0.186985model2 loss : 0.244224pseudo_supervision1 : 0.000000pseudo_supervision2 : 0.000000
iteration 5300 :model1 loss : 0.240464model2 loss : 0.113388pseudo_supervision1 : 0.000000pseudo_supervision2 : 0.000000
iteration 5320 :model1 loss : 0.186496model2 loss : 0.154607pseudo_supervision1 : 0.000000pseudo_supervision2 : 0.000000
iteration 5340 :model1 loss : 0.184401model2 loss : 0.191130pseudo_supervision1 : 0.000000pseudo_supervision2 : 0.000000
iteration 5360 :model1 loss : 0.206864model2 loss : 0.189889pseudo_supervision1 : 0.000000pseudo_supervision2 : 0.000000
iteration 5380 :model1 loss : 0.205045model2 loss : 0.201458pseudo_supervision1 : 0.000000pseudo_supervision2 : 0.000000
iteration 5400 :model1 loss : 0.238639model2 loss : 0.267077pseudo_supervision1 : 0.000000pseudo_supervision2 : 0.000000
save model to ../model/BTCV_5_C3PS_scalar_baseline_same_split_with_magicNet_3channels_nosemi_SGD_SGD/unet_3D_old/model_iter_5400.pth
save model2 to ../model/BTCV_5_C3PS_scalar_baseline_same_split_with_magicNet_3channels_nosemi_SGD_SGD/unet_3D_old/model2_iter_5400.pth
iteration 5420 :model1 loss : 0.203276model2 loss : 0.113515pseudo_supervision1 : 0.000000pseudo_supervision2 : 0.000000
iteration 5440 :model1 loss : 0.199184model2 loss : 0.154832pseudo_supervision1 : 0.000000pseudo_supervision2 : 0.000000
iteration 5460 :model1 loss : 0.242078model2 loss : 0.268327pseudo_supervision1 : 0.000000pseudo_supervision2 : 0.000000
iteration 5480 :model1 loss : 0.200357model2 loss : 0.231601pseudo_supervision1 : 0.000000pseudo_supervision2 : 0.000000
iteration 5500 :model1 loss : 0.426593model2 loss : 0.251503pseudo_supervision1 : 0.000000pseudo_supervision2 : 0.000000
iteration 5520 :model1 loss : 0.192390model2 loss : 0.161822pseudo_supervision1 : 0.000000pseudo_supervision2 : 0.000000
iteration 5540 :model1 loss : 0.233349model2 loss : 0.215058pseudo_supervision1 : 0.000000pseudo_supervision2 : 0.000000
iteration 5560 :model1 loss : 0.171222model2 loss : 0.150979pseudo_supervision1 : 0.000000pseudo_supervision2 : 0.000000
iteration 5580 :model1 loss : 0.209814model2 loss : 0.157925pseudo_supervision1 : 0.000000pseudo_supervision2 : 0.000000
iteration 5600 :model1 loss : 0.245867model2 loss : 0.241448pseudo_supervision1 : 0.000000pseudo_supervision2 : 0.000000
began evaluation!
iteration 5600: validation sampled 4/12 cases
Total test images: 4
Validation begin
Validation end
avg metric shape: (13, 3)
iteration 5600 : model_dice_score : 0.569228 model_hd95 : 11.538462
began evaluation!
Total test images: 4
Validation begin
===>test image:/projects/weilab/liupeng/data/raw/ssl_seg/BTCV/Training_resampled_1.5_1.5_2.0_npy_zscore/img/img0022.npy
condition batch eval, img shape:(222, 262, 262), sx:3, sy:3, sz:3, num_conditions:2
condition:1, metric:[0.50715441 0.         0.        ]
condition:2, metric:[0.54600369 0.         0.        ]
condition batch eval, img shape:(222, 262, 262), sx:3, sy:3, sz:3, num_conditions:2
condition:3, metric:[0.41111701 0.         0.        ]
condition:4, metric:[0. 0. 0.]
condition batch eval, img shape:(222, 262, 262), sx:3, sy:3, sz:3, num_conditions:2
condition:5, metric:[0. 0. 0.]
condition:6, metric:[  0. 150. 150.]
condition batch eval, img shape:(222, 262, 262), sx:3, sy:3, sz:3, num_conditions:2
condition:7, metric:[  0. 150. 150.]
condition:8, metric:[0.00131044 0.         0.        ]
condition batch eval, img shape:(222, 262, 262), sx:3, sy:3, sz:3, num_conditions:2
condition:9, metric:[  0. 150. 150.]
condition:10, metric:[  0. 150. 150.]
condition batch eval, img shape:(222, 262, 262), sx:3, sy:3, sz:3, num_conditions:2
condition:11, metric:[  0. 150. 150.]
condition:12, metric:[  0. 150. 150.]
condition batch eval, img shape:(222, 262, 262), sx:3, sy:3, sz:3, num_conditions:1
condition:13, metric:[  0. 150. 150.]
===>test image:/projects/weilab/liupeng/data/raw/ssl_seg/BTCV/Training_resampled_1.5_1.5_2.0_npy_zscore/img/img0025.npy
condition batch eval, img shape:(212, 284, 284), sx:3, sy:3, sz:3, num_conditions:2
condition:1, metric:[0.62793601 0.         0.        ]
condition:2, metric:[0.33741524 0.         0.        ]
condition batch eval, img shape:(212, 284, 284), sx:3, sy:3, sz:3, num_conditions:2
condition:3, metric:[0. 0. 0.]
condition:4, metric:[  0. 150. 150.]
condition batch eval, img shape:(212, 284, 284), sx:3, sy:3, sz:3, num_conditions:2
condition:5, metric:[  0. 150. 150.]
condition:6, metric:[  0. 150. 150.]
condition batch eval, img shape:(212, 284, 284), sx:3, sy:3, sz:3, num_conditions:2
condition:7, metric:[  0. 150. 150.]
condition:8, metric:[  0. 150. 150.]
condition batch eval, img shape:(212, 284, 284), sx:3, sy:3, sz:3, num_conditions:2
condition:9, metric:[  0. 150. 150.]
condition:10, metric:[  0. 150. 150.]
condition batch eval, img shape:(212, 284, 284), sx:3, sy:3, sz:3, num_conditions:2
condition:11, metric:[  0. 150. 150.]
condition:12, metric:[  0. 150. 150.]
condition batch eval, img shape:(212, 284, 284), sx:3, sy:3, sz:3, num_conditions:1
condition:13, metric:[  0. 150. 150.]
===>test image:/projects/weilab/liupeng/data/raw/ssl_seg/BTCV/Training_resampled_1.5_1.5_2.0_npy_zscore/img/img0001.npy
condition batch eval, img shape:(220, 228, 228), sx:3, sy:3, sz:3, num_conditions:2
condition:1, metric:[0.45066355 0.         0.        ]
condition:2, metric:[0.38040685 0.         0.        ]
condition batch eval, img shape:(220, 228, 228), sx:3, sy:3, sz:3, num_conditions:2
condition:3, metric:[0.16959039 0.         0.        ]
condition:4, metric:[0. 0. 0.]
condition batch eval, img shape:(220, 228, 228), sx:3, sy:3, sz:3, num_conditions:2
condition:5, metric:[0. 0. 0.]
condition:6, metric:[  0. 150. 150.]
condition batch eval, img shape:(220, 228, 228), sx:3, sy:3, sz:3, num_conditions:2
condition:7, metric:[  0. 150. 150.]
condition:8, metric:[  0. 150. 150.]
condition batch eval, img shape:(220, 228, 228), sx:3, sy:3, sz:3, num_conditions:2
condition:9, metric:[  0. 150. 150.]
condition:10, metric:[  0. 150. 150.]
condition batch eval, img shape:(220, 228, 228), sx:3, sy:3, sz:3, num_conditions:2
condition:11, metric:[  0. 150. 150.]
condition:12, metric:[  0. 150. 150.]
condition batch eval, img shape:(220, 228, 228), sx:3, sy:3, sz:3, num_conditions:1
condition:13, metric:[  0. 150. 150.]
===>test image:/projects/weilab/liupeng/data/raw/ssl_seg/BTCV/Training_resampled_1.5_1.5_2.0_npy_zscore/img/img0008.npy
condition batch eval, img shape:(222, 249, 249), sx:3, sy:3, sz:3, num_conditions:2
condition:1, metric:[0.60702534 0.         0.        ]
condition:2, metric:[0.00614378 0.         0.        ]
condition batch eval, img shape:(222, 249, 249), sx:3, sy:3, sz:3, num_conditions:2
condition:3, metric:[0. 0. 0.]
condition:4, metric:[0. 0. 0.]
condition batch eval, img shape:(222, 249, 249), sx:3, sy:3, sz:3, num_conditions:2
condition:5, metric:[  0. 150. 150.]
condition:6, metric:[  0. 150. 150.]
condition batch eval, img shape:(222, 249, 249), sx:3, sy:3, sz:3, num_conditions:2
condition:7, metric:[  0. 150. 150.]
condition:8, metric:[  0. 150. 150.]
condition batch eval, img shape:(222, 249, 249), sx:3, sy:3, sz:3, num_conditions:2
condition:9, metric:[  0. 150. 150.]
condition:10, metric:[  0. 150. 150.]
condition batch eval, img shape:(222, 249, 249), sx:3, sy:3, sz:3, num_conditions:2
condition:11, metric:[  0. 150. 150.]
condition:12, metric:[  0. 150. 150.]
condition batch eval, img shape:(222, 249, 249), sx:3, sy:3, sz:3, num_conditions:1
condition:13, metric:[  0. 150. 150.]
Validation end
avg metric shape: (13, 3)
iteration 5600 : model2_dice_score : 0.077784 model2_hd95 : 98.076923
save model to ../model/BTCV_5_C3PS_scalar_baseline_same_split_with_magicNet_3channels_nosemi_SGD_SGD/unet_3D_old/model_iter_5600.pth
save model2 to ../model/BTCV_5_C3PS_scalar_baseline_same_split_with_magicNet_3channels_nosemi_SGD_SGD/unet_3D_old/model2_iter_5600.pth
iteration 5620 :model1 loss : 0.256602model2 loss : 0.115585pseudo_supervision1 : 0.000000pseudo_supervision2 : 0.000000
iteration 5640 :model1 loss : 0.390556model2 loss : 0.107984pseudo_supervision1 : 0.000000pseudo_supervision2 : 0.000000
iteration 5660 :model1 loss : 0.203822model2 loss : 0.221481pseudo_supervision1 : 0.000000pseudo_supervision2 : 0.000000
iteration 5680 :model1 loss : 0.199729model2 loss : 0.132461pseudo_supervision1 : 0.000000pseudo_supervision2 : 0.000000
iteration 5700 :model1 loss : 0.217865model2 loss : 0.240513pseudo_supervision1 : 0.000000pseudo_supervision2 : 0.000000
iteration 5720 :model1 loss : 0.213246model2 loss : 0.195191pseudo_supervision1 : 0.000000pseudo_supervision2 : 0.000000
iteration 5740 :model1 loss : 0.170462model2 loss : 0.176715pseudo_supervision1 : 0.000000pseudo_supervision2 : 0.000000
iteration 5760 :model1 loss : 0.220403model2 loss : 0.213641pseudo_supervision1 : 0.000000pseudo_supervision2 : 0.000000
iteration 5780 :model1 loss : 0.177129model2 loss : 0.212762pseudo_supervision1 : 0.000000pseudo_supervision2 : 0.000000
iteration 5800 :model1 loss : 0.174561model2 loss : 0.121495pseudo_supervision1 : 0.000000pseudo_supervision2 : 0.000000
save model to ../model/BTCV_5_C3PS_scalar_baseline_same_split_with_magicNet_3channels_nosemi_SGD_SGD/unet_3D_old/model_iter_5800.pth
save model2 to ../model/BTCV_5_C3PS_scalar_baseline_same_split_with_magicNet_3channels_nosemi_SGD_SGD/unet_3D_old/model2_iter_5800.pth
iteration 5820 :model1 loss : 0.307768model2 loss : 0.154053pseudo_supervision1 : 0.000000pseudo_supervision2 : 0.000000
iteration 5840 :model1 loss : 0.223884model2 loss : 0.125434pseudo_supervision1 : 0.000000pseudo_supervision2 : 0.000000
iteration 5860 :model1 loss : 0.230414model2 loss : 0.184518pseudo_supervision1 : 0.000000pseudo_supervision2 : 0.000000
iteration 5880 :model1 loss : 0.195879model2 loss : 0.480083pseudo_supervision1 : 0.000000pseudo_supervision2 : 0.000000
iteration 5900 :model1 loss : 0.205732model2 loss : 0.185223pseudo_supervision1 : 0.000000pseudo_supervision2 : 0.000000
iteration 5920 :model1 loss : 0.267169model2 loss : 0.141704pseudo_supervision1 : 0.000000pseudo_supervision2 : 0.000000
iteration 5940 :model1 loss : 0.232191model2 loss : 0.403320pseudo_supervision1 : 0.000000pseudo_supervision2 : 0.000000
iteration 5960 :model1 loss : 0.205057model2 loss : 0.124983pseudo_supervision1 : 0.000000pseudo_supervision2 : 0.000000
iteration 5980 :model1 loss : 0.219821model2 loss : 0.117308pseudo_supervision1 : 0.000000pseudo_supervision2 : 0.000000
iteration 6000 :model1 loss : 0.185571model2 loss : 0.178350pseudo_supervision1 : 0.000000pseudo_supervision2 : 0.000000
began evaluation!
iteration 6000: validation sampled 4/12 cases
Total test images: 4
Validation begin
Validation end
avg metric shape: (13, 3)
iteration 6000 : model_dice_score : 0.580352 model_hd95 : 11.538462
began evaluation!
Total test images: 4
Validation begin
===>test image:/projects/weilab/liupeng/data/raw/ssl_seg/BTCV/Training_resampled_1.5_1.5_2.0_npy_zscore/img/img0022.npy
condition batch eval, img shape:(222, 262, 262), sx:3, sy:3, sz:3, num_conditions:2
condition:1, metric:[0.56978173 0.         0.        ]
condition:2, metric:[0.43438247 0.         0.        ]
condition batch eval, img shape:(222, 262, 262), sx:3, sy:3, sz:3, num_conditions:2
condition:3, metric:[0.63936522 0.         0.        ]
condition:4, metric:[0.02355242 0.         0.        ]
condition batch eval, img shape:(222, 262, 262), sx:3, sy:3, sz:3, num_conditions:2
condition:5, metric:[0. 0. 0.]
condition:6, metric:[0.00559149 0.         0.        ]
condition batch eval, img shape:(222, 262, 262), sx:3, sy:3, sz:3, num_conditions:2
condition:7, metric:[0. 0. 0.]
condition:8, metric:[0.14905459 0.         0.        ]
condition batch eval, img shape:(222, 262, 262), sx:3, sy:3, sz:3, num_conditions:2
condition:9, metric:[0.42588129 0.         0.        ]
condition:10, metric:[0.02014463 0.         0.        ]
condition batch eval, img shape:(222, 262, 262), sx:3, sy:3, sz:3, num_conditions:2
condition:11, metric:[0.05828992 0.         0.        ]
condition:12, metric:[0. 0. 0.]
condition batch eval, img shape:(222, 262, 262), sx:3, sy:3, sz:3, num_conditions:1
condition:13, metric:[0. 0. 0.]
===>test image:/projects/weilab/liupeng/data/raw/ssl_seg/BTCV/Training_resampled_1.5_1.5_2.0_npy_zscore/img/img0029.npy
condition batch eval, img shape:(150, 299, 299), sx:2, sy:4, sz:4, num_conditions:2
condition:1, metric:[0.43170803 0.         0.        ]
condition:2, metric:[0.4754211 0.        0.       ]
condition batch eval, img shape:(150, 299, 299), sx:2, sy:4, sz:4, num_conditions:2
condition:3, metric:[0.55534261 0.         0.        ]
condition:4, metric:[0.03013962 0.         0.        ]
condition batch eval, img shape:(150, 299, 299), sx:2, sy:4, sz:4, num_conditions:2
condition:5, metric:[0. 0. 0.]
condition:6, metric:[0.03422436 0.         0.        ]
condition batch eval, img shape:(150, 299, 299), sx:2, sy:4, sz:4, num_conditions:2
condition:7, metric:[0.00703306 0.         0.        ]
condition:8, metric:[0.25324844 0.         0.        ]
condition batch eval, img shape:(150, 299, 299), sx:2, sy:4, sz:4, num_conditions:2
condition:9, metric:[0.17585693 0.         0.        ]
condition:10, metric:[0.03742341 0.         0.        ]
condition batch eval, img shape:(150, 299, 299), sx:2, sy:4, sz:4, num_conditions:2
condition:11, metric:[0. 0. 0.]
condition:12, metric:[0. 0. 0.]
condition batch eval, img shape:(150, 299, 299), sx:2, sy:4, sz:4, num_conditions:1
condition:13, metric:[  0. 150. 150.]
===>test image:/projects/weilab/liupeng/data/raw/ssl_seg/BTCV/Training_resampled_1.5_1.5_2.0_npy_zscore/img/img0004.npy
condition batch eval, img shape:(210, 203, 203), sx:3, sy:2, sz:2, num_conditions:2
condition:1, metric:[0.33265807 0.         0.        ]
condition:2, metric:[0.37897782 0.         0.        ]
condition batch eval, img shape:(210, 203, 203), sx:3, sy:2, sz:2, num_conditions:2
condition:3, metric:[0.57732867 0.         0.        ]
condition:4, metric:[0. 0. 0.]
condition batch eval, img shape:(210, 203, 203), sx:3, sy:2, sz:2, num_conditions:2
condition:5, metric:[0. 0. 0.]
condition:6, metric:[0.00745846 0.         0.        ]
condition batch eval, img shape:(210, 203, 203), sx:3, sy:2, sz:2, num_conditions:2
condition:7, metric:[0. 0. 0.]
condition:8, metric:[0.05131495 0.         0.        ]
condition batch eval, img shape:(210, 203, 203), sx:3, sy:2, sz:2, num_conditions:2
condition:9, metric:[0.07210169 0.         0.        ]
condition:10, metric:[0.03370466 0.         0.        ]
condition batch eval, img shape:(210, 203, 203), sx:3, sy:2, sz:2, num_conditions:2
condition:11, metric:[0.1379092 0.        0.       ]
condition:12, metric:[0. 0. 0.]
condition batch eval, img shape:(210, 203, 203), sx:3, sy:2, sz:2, num_conditions:1
condition:13, metric:[0. 0. 0.]
===>test image:/projects/weilab/liupeng/data/raw/ssl_seg/BTCV/Training_resampled_1.5_1.5_2.0_npy_zscore/img/img0008.npy
condition batch eval, img shape:(222, 249, 249), sx:3, sy:3, sz:3, num_conditions:2
condition:1, metric:[0.55996098 0.         0.        ]
condition:2, metric:[0.01736453 0.         0.        ]
condition batch eval, img shape:(222, 249, 249), sx:3, sy:3, sz:3, num_conditions:2
condition:3, metric:[0. 0. 0.]
condition:4, metric:[0.32221129 0.         0.        ]
condition batch eval, img shape:(222, 249, 249), sx:3, sy:3, sz:3, num_conditions:2
condition:5, metric:[0.03590455 0.         0.        ]
condition:6, metric:[0.00733665 0.         0.        ]
condition batch eval, img shape:(222, 249, 249), sx:3, sy:3, sz:3, num_conditions:2
condition:7, metric:[0.00053741 0.         0.        ]
condition:8, metric:[0.00825549 0.         0.        ]
condition batch eval, img shape:(222, 249, 249), sx:3, sy:3, sz:3, num_conditions:2
condition:9, metric:[0.09775988 0.         0.        ]
condition:10, metric:[0.00358905 0.         0.        ]
condition batch eval, img shape:(222, 249, 249), sx:3, sy:3, sz:3, num_conditions:2
condition:11, metric:[0.07295461 0.         0.        ]
condition:12, metric:[0. 0. 0.]
condition batch eval, img shape:(222, 249, 249), sx:3, sy:3, sz:3, num_conditions:1
condition:13, metric:[0. 0. 0.]
Validation end
avg metric shape: (13, 3)
iteration 6000 : model2_dice_score : 0.135457 model2_hd95 : 2.884615
save model to ../model/BTCV_5_C3PS_scalar_baseline_same_split_with_magicNet_3channels_nosemi_SGD_SGD/unet_3D_old/model_iter_6000.pth
save model2 to ../model/BTCV_5_C3PS_scalar_baseline_same_split_with_magicNet_3channels_nosemi_SGD_SGD/unet_3D_old/model2_iter_6000.pth
iteration 6020 :model1 loss : 0.191675model2 loss : 0.167606pseudo_supervision1 : 0.000000pseudo_supervision2 : 0.000000
iteration 6040 :model1 loss : 0.232499model2 loss : 0.139751pseudo_supervision1 : 0.000000pseudo_supervision2 : 0.000000
iteration 6060 :model1 loss : 0.215670model2 loss : 0.162212pseudo_supervision1 : 0.000000pseudo_supervision2 : 0.000000
iteration 6080 :model1 loss : 0.235341model2 loss : 0.231121pseudo_supervision1 : 0.000000pseudo_supervision2 : 0.000000
iteration 6100 :model1 loss : 0.179694model2 loss : 0.137780pseudo_supervision1 : 0.000000pseudo_supervision2 : 0.000000
iteration 6120 :model1 loss : 0.210552model2 loss : 0.203825pseudo_supervision1 : 0.000000pseudo_supervision2 : 0.000000
iteration 6140 :model1 loss : 0.188089model2 loss : 0.092342pseudo_supervision1 : 0.000000pseudo_supervision2 : 0.000000
iteration 6160 :model1 loss : 0.471493model2 loss : 0.340524pseudo_supervision1 : 0.000000pseudo_supervision2 : 0.000000
iteration 6180 :model1 loss : 0.340988model2 loss : 0.095429pseudo_supervision1 : 0.000000pseudo_supervision2 : 0.000000
iteration 6200 :model1 loss : 0.180747model2 loss : 0.169229pseudo_supervision1 : 0.000000pseudo_supervision2 : 0.000000
save model to ../model/BTCV_5_C3PS_scalar_baseline_same_split_with_magicNet_3channels_nosemi_SGD_SGD/unet_3D_old/model_iter_6200.pth
save model2 to ../model/BTCV_5_C3PS_scalar_baseline_same_split_with_magicNet_3channels_nosemi_SGD_SGD/unet_3D_old/model2_iter_6200.pth
iteration 6220 :model1 loss : 0.278523model2 loss : 0.204320pseudo_supervision1 : 0.000000pseudo_supervision2 : 0.000000
iteration 6240 :model1 loss : 0.425591model2 loss : 0.245478pseudo_supervision1 : 0.000000pseudo_supervision2 : 0.000000
iteration 6260 :model1 loss : 0.197166model2 loss : 0.169530pseudo_supervision1 : 0.000000pseudo_supervision2 : 0.000000
iteration 6280 :model1 loss : 0.230741model2 loss : 0.206453pseudo_supervision1 : 0.000000pseudo_supervision2 : 0.000000
iteration 6300 :model1 loss : 0.363317model2 loss : 0.120996pseudo_supervision1 : 0.000000pseudo_supervision2 : 0.000000
iteration 6320 :model1 loss : 0.277091model2 loss : 0.190563pseudo_supervision1 : 0.000000pseudo_supervision2 : 0.000000
iteration 6340 :model1 loss : 0.156889model2 loss : 0.158571pseudo_supervision1 : 0.000000pseudo_supervision2 : 0.000000
iteration 6360 :model1 loss : 0.309254model2 loss : 0.155199pseudo_supervision1 : 0.000000pseudo_supervision2 : 0.000000
iteration 6380 :model1 loss : 0.246303model2 loss : 0.200656pseudo_supervision1 : 0.000000pseudo_supervision2 : 0.000000
iteration 6400 :model1 loss : 0.184717model2 loss : 0.216019pseudo_supervision1 : 0.000000pseudo_supervision2 : 0.000000
began evaluation!
iteration 6400: validation sampled 4/12 cases
Total test images: 4
Validation begin
Validation end
avg metric shape: (13, 3)
iteration 6400 : model_dice_score : 0.552239 model_hd95 : 11.538462
began evaluation!
Total test images: 4
Validation begin
===>test image:/projects/weilab/liupeng/data/raw/ssl_seg/BTCV/Training_resampled_1.5_1.5_2.0_npy_zscore/img/img0025.npy
condition batch eval, img shape:(212, 284, 284), sx:3, sy:3, sz:3, num_conditions:2
condition:1, metric:[0.69136597 0.         0.        ]
condition:2, metric:[0.21556528 0.         0.        ]
condition batch eval, img shape:(212, 284, 284), sx:3, sy:3, sz:3, num_conditions:2
condition:3, metric:[0. 0. 0.]
condition:4, metric:[0. 0. 0.]
condition batch eval, img shape:(212, 284, 284), sx:3, sy:3, sz:3, num_conditions:2
condition:5, metric:[0. 0. 0.]
condition:6, metric:[0.22715316 0.         0.        ]
condition batch eval, img shape:(212, 284, 284), sx:3, sy:3, sz:3, num_conditions:2
condition:7, metric:[0. 0. 0.]
condition:8, metric:[0.41022838 0.         0.        ]
condition batch eval, img shape:(212, 284, 284), sx:3, sy:3, sz:3, num_conditions:2
condition:9, metric:[0.38261658 0.         0.        ]
condition:10, metric:[0. 0. 0.]
condition batch eval, img shape:(212, 284, 284), sx:3, sy:3, sz:3, num_conditions:2
condition:11, metric:[0. 0. 0.]
condition:12, metric:[0. 0. 0.]
condition batch eval, img shape:(212, 284, 284), sx:3, sy:3, sz:3, num_conditions:1
condition:13, metric:[0. 0. 0.]
===>test image:/projects/weilab/liupeng/data/raw/ssl_seg/BTCV/Training_resampled_1.5_1.5_2.0_npy_zscore/img/img0008.npy
condition batch eval, img shape:(222, 249, 249), sx:3, sy:3, sz:3, num_conditions:2
condition:1, metric:[0.54498715 0.         0.        ]
condition:2, metric:[0.02994782 0.         0.        ]
condition batch eval, img shape:(222, 249, 249), sx:3, sy:3, sz:3, num_conditions:2
condition:3, metric:[0. 0. 0.]
condition:4, metric:[0.25750136 0.         0.        ]
condition batch eval, img shape:(222, 249, 249), sx:3, sy:3, sz:3, num_conditions:2
condition:5, metric:[2.83057588e-05 0.00000000e+00 0.00000000e+00]
condition:6, metric:[0.47306155 0.         0.        ]
condition batch eval, img shape:(222, 249, 249), sx:3, sy:3, sz:3, num_conditions:2
condition:7, metric:[0.00106166 0.         0.        ]
condition:8, metric:[0.46716971 0.         0.        ]
condition batch eval, img shape:(222, 249, 249), sx:3, sy:3, sz:3, num_conditions:2
condition:9, metric:[0.42834256 0.         0.        ]
condition:10, metric:[0.00114295 0.         0.        ]
condition batch eval, img shape:(222, 249, 249), sx:3, sy:3, sz:3, num_conditions:2
condition:11, metric:[0.13768116 0.         0.        ]
condition:12, metric:[0. 0. 0.]
condition batch eval, img shape:(222, 249, 249), sx:3, sy:3, sz:3, num_conditions:1
condition:13, metric:[  0. 150. 150.]
===>test image:/projects/weilab/liupeng/data/raw/ssl_seg/BTCV/Training_resampled_1.5_1.5_2.0_npy_zscore/img/img0036.npy
condition batch eval, img shape:(276, 255, 255), sx:4, sy:3, sz:3, num_conditions:2
condition:1, metric:[0.62510463 0.         0.        ]
condition:2, metric:[0.60534399 0.         0.        ]
condition batch eval, img shape:(276, 255, 255), sx:4, sy:3, sz:3, num_conditions:2
condition:3, metric:[0.09264384 0.         0.        ]
condition:4, metric:[0.00196078 0.         0.        ]
condition batch eval, img shape:(276, 255, 255), sx:4, sy:3, sz:3, num_conditions:2
condition:5, metric:[0. 0. 0.]
condition:6, metric:[0.16533748 0.         0.        ]
condition batch eval, img shape:(276, 255, 255), sx:4, sy:3, sz:3, num_conditions:2
condition:7, metric:[0. 0. 0.]
condition:8, metric:[0.51873309 0.         0.        ]
condition batch eval, img shape:(276, 255, 255), sx:4, sy:3, sz:3, num_conditions:2
condition:9, metric:[0.32620915 0.         0.        ]
condition:10, metric:[0. 0. 0.]
condition batch eval, img shape:(276, 255, 255), sx:4, sy:3, sz:3, num_conditions:2
condition:11, metric:[0.00150499 0.         0.        ]
condition:12, metric:[0. 0. 0.]
condition batch eval, img shape:(276, 255, 255), sx:4, sy:3, sz:3, num_conditions:1
condition:13, metric:[0. 0. 0.]
===>test image:/projects/weilab/liupeng/data/raw/ssl_seg/BTCV/Training_resampled_1.5_1.5_2.0_npy_zscore/img/img0004.npy
condition batch eval, img shape:(210, 203, 203), sx:3, sy:2, sz:2, num_conditions:2
condition:1, metric:[0.06620864 0.         0.        ]
condition:2, metric:[0.63734961 0.         0.        ]
condition batch eval, img shape:(210, 203, 203), sx:3, sy:2, sz:2, num_conditions:2
condition:3, metric:[0.01138343 0.         0.        ]
condition:4, metric:[0. 0. 0.]
condition batch eval, img shape:(210, 203, 203), sx:3, sy:2, sz:2, num_conditions:2
condition:5, metric:[0. 0. 0.]
condition:6, metric:[0.3725921 0.        0.       ]
condition batch eval, img shape:(210, 203, 203), sx:3, sy:2, sz:2, num_conditions:2
condition:7, metric:[0.03623599 0.         0.        ]
condition:8, metric:[0.36138291 0.         0.        ]
condition batch eval, img shape:(210, 203, 203), sx:3, sy:2, sz:2, num_conditions:2
condition:9, metric:[0.4102252 0.        0.       ]
condition:10, metric:[0. 0. 0.]
condition batch eval, img shape:(210, 203, 203), sx:3, sy:2, sz:2, num_conditions:2
condition:11, metric:[0. 0. 0.]
condition:12, metric:[0. 0. 0.]
condition batch eval, img shape:(210, 203, 203), sx:3, sy:2, sz:2, num_conditions:1
condition:13, metric:[0. 0. 0.]
Validation end
avg metric shape: (13, 3)
iteration 6400 : model2_dice_score : 0.163463 model2_hd95 : 2.884615
save model to ../model/BTCV_5_C3PS_scalar_baseline_same_split_with_magicNet_3channels_nosemi_SGD_SGD/unet_3D_old/model_iter_6400.pth
save model2 to ../model/BTCV_5_C3PS_scalar_baseline_same_split_with_magicNet_3channels_nosemi_SGD_SGD/unet_3D_old/model2_iter_6400.pth
iteration 6420 :model1 loss : 0.209590model2 loss : 0.145994pseudo_supervision1 : 0.000000pseudo_supervision2 : 0.000000
iteration 6440 :model1 loss : 0.265702model2 loss : 0.163867pseudo_supervision1 : 0.000000pseudo_supervision2 : 0.000000
iteration 6460 :model1 loss : 0.227849model2 loss : 0.197985pseudo_supervision1 : 0.000000pseudo_supervision2 : 0.000000
iteration 6480 :model1 loss : 0.212976model2 loss : 0.211486pseudo_supervision1 : 0.000000pseudo_supervision2 : 0.000000
iteration 6500 :model1 loss : 0.188991model2 loss : 0.136785pseudo_supervision1 : 0.000000pseudo_supervision2 : 0.000000
iteration 6520 :model1 loss : 0.204532model2 loss : 0.135332pseudo_supervision1 : 0.000000pseudo_supervision2 : 0.000000
iteration 6540 :model1 loss : 0.276003model2 loss : 0.149511pseudo_supervision1 : 0.000000pseudo_supervision2 : 0.000000
iteration 6560 :model1 loss : 0.274146model2 loss : 0.101972pseudo_supervision1 : 0.000000pseudo_supervision2 : 0.000000
iteration 6580 :model1 loss : 0.187214model2 loss : 0.184931pseudo_supervision1 : 0.000000pseudo_supervision2 : 0.000000
iteration 6600 :model1 loss : 0.177244model2 loss : 0.152293pseudo_supervision1 : 0.000000pseudo_supervision2 : 0.000000
save model to ../model/BTCV_5_C3PS_scalar_baseline_same_split_with_magicNet_3channels_nosemi_SGD_SGD/unet_3D_old/model_iter_6600.pth
save model2 to ../model/BTCV_5_C3PS_scalar_baseline_same_split_with_magicNet_3channels_nosemi_SGD_SGD/unet_3D_old/model2_iter_6600.pth
iteration 6620 :model1 loss : 0.197160model2 loss : 0.090669pseudo_supervision1 : 0.000000pseudo_supervision2 : 0.000000
iteration 6640 :model1 loss : 0.341143model2 loss : 0.195506pseudo_supervision1 : 0.000000pseudo_supervision2 : 0.000000
iteration 6660 :model1 loss : 0.303215model2 loss : 0.066280pseudo_supervision1 : 0.000000pseudo_supervision2 : 0.000000
iteration 6680 :model1 loss : 0.192714model2 loss : 0.082911pseudo_supervision1 : 0.000000pseudo_supervision2 : 0.000000
iteration 6700 :model1 loss : 0.259800model2 loss : 0.179975pseudo_supervision1 : 0.000000pseudo_supervision2 : 0.000000
iteration 6720 :model1 loss : 0.438343model2 loss : 0.211097pseudo_supervision1 : 0.000000pseudo_supervision2 : 0.000000
iteration 6740 :model1 loss : 0.282064model2 loss : 0.149220pseudo_supervision1 : 0.000000pseudo_supervision2 : 0.000000
iteration 6760 :model1 loss : 0.197719model2 loss : 0.140522pseudo_supervision1 : 0.000000pseudo_supervision2 : 0.000000
iteration 6780 :model1 loss : 0.204745model2 loss : 0.177136pseudo_supervision1 : 0.000000pseudo_supervision2 : 0.000000
iteration 6800 :model1 loss : 0.211464model2 loss : 0.201812pseudo_supervision1 : 0.000000pseudo_supervision2 : 0.000000
began evaluation!
iteration 6800: validation sampled 4/12 cases
Total test images: 4
Validation begin
Validation end
avg metric shape: (13, 3)
iteration 6800 : model_dice_score : 0.561139 model_hd95 : 14.423077
began evaluation!
Total test images: 4
Validation begin
===>test image:/projects/weilab/liupeng/data/raw/ssl_seg/BTCV/Training_resampled_1.5_1.5_2.0_npy_zscore/img/img0022.npy
condition batch eval, img shape:(222, 262, 262), sx:3, sy:3, sz:3, num_conditions:2
condition:1, metric:[0.51860356 0.         0.        ]
condition:2, metric:[0.56258681 0.         0.        ]
condition batch eval, img shape:(222, 262, 262), sx:3, sy:3, sz:3, num_conditions:2
condition:3, metric:[0.1084106 0.        0.       ]
condition:4, metric:[0.0766728 0.        0.       ]
condition batch eval, img shape:(222, 262, 262), sx:3, sy:3, sz:3, num_conditions:2
condition:5, metric:[0. 0. 0.]
condition:6, metric:[7.93077047e-05 0.00000000e+00 0.00000000e+00]
condition batch eval, img shape:(222, 262, 262), sx:3, sy:3, sz:3, num_conditions:2
condition:7, metric:[0. 0. 0.]
condition:8, metric:[0.87178423 0.         0.        ]
condition batch eval, img shape:(222, 262, 262), sx:3, sy:3, sz:3, num_conditions:2
condition:9, metric:[0.22815486 0.         0.        ]
condition:10, metric:[0.00447219 0.         0.        ]
condition batch eval, img shape:(222, 262, 262), sx:3, sy:3, sz:3, num_conditions:2
condition:11, metric:[0.00784929 0.         0.        ]
condition:12, metric:[  0. 150. 150.]
condition batch eval, img shape:(222, 262, 262), sx:3, sy:3, sz:3, num_conditions:1
condition:13, metric:[  0. 150. 150.]
===>test image:/projects/weilab/liupeng/data/raw/ssl_seg/BTCV/Training_resampled_1.5_1.5_2.0_npy_zscore/img/img0032.npy
condition batch eval, img shape:(216, 253, 253), sx:3, sy:3, sz:3, num_conditions:2
condition:1, metric:[0.40689582 0.         0.        ]
condition:2, metric:[0.61483442 0.         0.        ]
condition batch eval, img shape:(216, 253, 253), sx:3, sy:3, sz:3, num_conditions:2
condition:3, metric:[0.12211633 0.         0.        ]
condition:4, metric:[0.47176634 0.         0.        ]
condition batch eval, img shape:(216, 253, 253), sx:3, sy:3, sz:3, num_conditions:2
condition:5, metric:[0. 0. 0.]
condition:6, metric:[0.00031915 0.         0.        ]
condition batch eval, img shape:(216, 253, 253), sx:3, sy:3, sz:3, num_conditions:2
condition:7, metric:[0.00615077 0.         0.        ]
condition:8, metric:[0.52379066 0.         0.        ]
condition batch eval, img shape:(216, 253, 253), sx:3, sy:3, sz:3, num_conditions:2
condition:9, metric:[0.15809729 0.         0.        ]
condition:10, metric:[0. 0. 0.]
condition batch eval, img shape:(216, 253, 253), sx:3, sy:3, sz:3, num_conditions:2
condition:11, metric:[0.00801221 0.         0.        ]
condition:12, metric:[0. 0. 0.]
condition batch eval, img shape:(216, 253, 253), sx:3, sy:3, sz:3, num_conditions:1
condition:13, metric:[  0. 150. 150.]
===>test image:/projects/weilab/liupeng/data/raw/ssl_seg/BTCV/Training_resampled_1.5_1.5_2.0_npy_zscore/img/img0036.npy
condition batch eval, img shape:(276, 255, 255), sx:4, sy:3, sz:3, num_conditions:2
condition:1, metric:[0.63536603 0.         0.        ]
condition:2, metric:[0.63397832 0.         0.        ]
condition batch eval, img shape:(276, 255, 255), sx:4, sy:3, sz:3, num_conditions:2
condition:3, metric:[0.01676684 0.         0.        ]
condition:4, metric:[0.0113888 0.        0.       ]
condition batch eval, img shape:(276, 255, 255), sx:4, sy:3, sz:3, num_conditions:2
condition:5, metric:[0.04395991 0.         0.        ]
condition:6, metric:[  0. 150. 150.]
condition batch eval, img shape:(276, 255, 255), sx:4, sy:3, sz:3, num_conditions:2
condition:7, metric:[0. 0. 0.]
condition:8, metric:[0.59172037 0.         0.        ]
condition batch eval, img shape:(276, 255, 255), sx:4, sy:3, sz:3, num_conditions:2
condition:9, metric:[0.03598847 0.         0.        ]
condition:10, metric:[0. 0. 0.]
condition batch eval, img shape:(276, 255, 255), sx:4, sy:3, sz:3, num_conditions:2
condition:11, metric:[0. 0. 0.]
condition:12, metric:[  0. 150. 150.]
condition batch eval, img shape:(276, 255, 255), sx:4, sy:3, sz:3, num_conditions:1
condition:13, metric:[  0. 150. 150.]
===>test image:/projects/weilab/liupeng/data/raw/ssl_seg/BTCV/Training_resampled_1.5_1.5_2.0_npy_zscore/img/img0003.npy
condition batch eval, img shape:(297, 307, 307), sx:5, sy:4, sz:4, num_conditions:2
condition:1, metric:[0.36948574 0.         0.        ]
condition:2, metric:[0.52246466 0.         0.        ]
condition batch eval, img shape:(297, 307, 307), sx:5, sy:4, sz:4, num_conditions:2
condition:3, metric:[0.01108699 0.         0.        ]
condition:4, metric:[0.1939229 0.        0.       ]
condition batch eval, img shape:(297, 307, 307), sx:5, sy:4, sz:4, num_conditions:2
condition:5, metric:[0. 0. 0.]
condition:6, metric:[0. 0. 0.]
condition batch eval, img shape:(297, 307, 307), sx:5, sy:4, sz:4, num_conditions:2
condition:7, metric:[0. 0. 0.]
condition:8, metric:[0.48270943 0.         0.        ]
condition batch eval, img shape:(297, 307, 307), sx:5, sy:4, sz:4, num_conditions:2
condition:9, metric:[0.07362438 0.         0.        ]
condition:10, metric:[0. 0. 0.]
condition batch eval, img shape:(297, 307, 307), sx:5, sy:4, sz:4, num_conditions:2
condition:11, metric:[  0. 150. 150.]
condition:12, metric:[  0. 150. 150.]
condition batch eval, img shape:(297, 307, 307), sx:5, sy:4, sz:4, num_conditions:1
condition:13, metric:[  0. 150. 150.]
Validation end
avg metric shape: (13, 3)
iteration 6800 : model2_dice_score : 0.159867 model2_hd95 : 25.961538
save model to ../model/BTCV_5_C3PS_scalar_baseline_same_split_with_magicNet_3channels_nosemi_SGD_SGD/unet_3D_old/model_iter_6800.pth
save model2 to ../model/BTCV_5_C3PS_scalar_baseline_same_split_with_magicNet_3channels_nosemi_SGD_SGD/unet_3D_old/model2_iter_6800.pth
iteration 6820 :model1 loss : 0.288903model2 loss : 0.198047pseudo_supervision1 : 0.000000pseudo_supervision2 : 0.000000
iteration 6840 :model1 loss : 0.196534model2 loss : 0.182378pseudo_supervision1 : 0.000000pseudo_supervision2 : 0.000000
iteration 6860 :model1 loss : 0.162766model2 loss : 0.110249pseudo_supervision1 : 0.000000pseudo_supervision2 : 0.000000
iteration 6880 :model1 loss : 0.162070model2 loss : 0.135468pseudo_supervision1 : 0.000000pseudo_supervision2 : 0.000000
iteration 6900 :model1 loss : 0.207216model2 loss : 0.181532pseudo_supervision1 : 0.000000pseudo_supervision2 : 0.000000
iteration 6920 :model1 loss : 0.169788model2 loss : 0.183015pseudo_supervision1 : 0.000000pseudo_supervision2 : 0.000000
iteration 6940 :model1 loss : 0.200475model2 loss : 0.156420pseudo_supervision1 : 0.000000pseudo_supervision2 : 0.000000
iteration 6960 :model1 loss : 0.469339model2 loss : 0.335662pseudo_supervision1 : 0.000000pseudo_supervision2 : 0.000000
iteration 6980 :model1 loss : 0.206870model2 loss : 0.169305pseudo_supervision1 : 0.000000pseudo_supervision2 : 0.000000
iteration 7000 :model1 loss : 0.184706model2 loss : 0.171972pseudo_supervision1 : 0.000000pseudo_supervision2 : 0.000000
save model to ../model/BTCV_5_C3PS_scalar_baseline_same_split_with_magicNet_3channels_nosemi_SGD_SGD/unet_3D_old/model_iter_7000.pth
save model2 to ../model/BTCV_5_C3PS_scalar_baseline_same_split_with_magicNet_3channels_nosemi_SGD_SGD/unet_3D_old/model2_iter_7000.pth
iteration 7020 :model1 loss : 0.335908model2 loss : 0.119023pseudo_supervision1 : 0.000000pseudo_supervision2 : 0.000000
iteration 7040 :model1 loss : 0.183632model2 loss : 0.243723pseudo_supervision1 : 0.000000pseudo_supervision2 : 0.000000
iteration 7060 :model1 loss : 0.194985model2 loss : 0.123736pseudo_supervision1 : 0.000000pseudo_supervision2 : 0.000000
iteration 7080 :model1 loss : 0.211550model2 loss : 0.158012pseudo_supervision1 : 0.000000pseudo_supervision2 : 0.000000
iteration 7100 :model1 loss : 0.164826model2 loss : 0.107025pseudo_supervision1 : 0.000000pseudo_supervision2 : 0.000000
iteration 7120 :model1 loss : 0.186673model2 loss : 0.224114pseudo_supervision1 : 0.000000pseudo_supervision2 : 0.000000
iteration 7140 :model1 loss : 0.173408model2 loss : 0.103267pseudo_supervision1 : 0.000000pseudo_supervision2 : 0.000000
iteration 7160 :model1 loss : 0.295831model2 loss : 0.106537pseudo_supervision1 : 0.000000pseudo_supervision2 : 0.000000
iteration 7180 :model1 loss : 0.321221model2 loss : 0.121501pseudo_supervision1 : 0.000000pseudo_supervision2 : 0.000000
iteration 7200 :model1 loss : 0.209198model2 loss : 0.191183pseudo_supervision1 : 0.000000pseudo_supervision2 : 0.000000
began evaluation!
iteration 7200: validation sampled 4/12 cases
Total test images: 4
Validation begin
Validation end
avg metric shape: (13, 3)
save model to ../model/BTCV_5_C3PS_scalar_baseline_same_split_with_magicNet_3channels_nosemi_SGD_SGD/unet_3D_old/iter_7200_dice_0.615
iteration 7200 : model_dice_score : 0.615011 model_hd95 : 14.423077
began evaluation!
Total test images: 4
Validation begin
===>test image:/projects/weilab/liupeng/data/raw/ssl_seg/BTCV/Training_resampled_1.5_1.5_2.0_npy_zscore/img/img0035.npy
condition batch eval, img shape:(235, 314, 314), sx:4, sy:4, sz:4, num_conditions:2
condition:1, metric:[0.52941609 0.         0.        ]
condition:2, metric:[0.51526424 0.         0.        ]
condition batch eval, img shape:(235, 314, 314), sx:4, sy:4, sz:4, num_conditions:2
condition:3, metric:[0.80918139 0.         0.        ]
condition:4, metric:[  0. 150. 150.]
condition batch eval, img shape:(235, 314, 314), sx:4, sy:4, sz:4, num_conditions:2
condition:5, metric:[0. 0. 0.]
condition:6, metric:[0.10029783 0.         0.        ]
condition batch eval, img shape:(235, 314, 314), sx:4, sy:4, sz:4, num_conditions:2
condition:7, metric:[0.01350445 0.         0.        ]
condition:8, metric:[0.7364589 0.        0.       ]
condition batch eval, img shape:(235, 314, 314), sx:4, sy:4, sz:4, num_conditions:2
condition:9, metric:[0.36655292 0.         0.        ]
condition:10, metric:[0.0080087 0.        0.       ]
condition batch eval, img shape:(235, 314, 314), sx:4, sy:4, sz:4, num_conditions:2
condition:11, metric:[0.02791933 0.         0.        ]
condition:12, metric:[0. 0. 0.]
condition batch eval, img shape:(235, 314, 314), sx:4, sy:4, sz:4, num_conditions:1
condition:13, metric:[0. 0. 0.]
===>test image:/projects/weilab/liupeng/data/raw/ssl_seg/BTCV/Training_resampled_1.5_1.5_2.0_npy_zscore/img/img0004.npy
condition batch eval, img shape:(210, 203, 203), sx:3, sy:2, sz:2, num_conditions:2
condition:1, metric:[0.13597952 0.         0.        ]
condition:2, metric:[0.43407838 0.         0.        ]
condition batch eval, img shape:(210, 203, 203), sx:3, sy:2, sz:2, num_conditions:2
condition:3, metric:[0.80119847 0.         0.        ]
condition:4, metric:[0. 0. 0.]
condition batch eval, img shape:(210, 203, 203), sx:3, sy:2, sz:2, num_conditions:2
condition:5, metric:[0. 0. 0.]
condition:6, metric:[0.29005166 0.         0.        ]
condition batch eval, img shape:(210, 203, 203), sx:3, sy:2, sz:2, num_conditions:2
condition:7, metric:[0. 0. 0.]
condition:8, metric:[0.69586437 0.         0.        ]
condition batch eval, img shape:(210, 203, 203), sx:3, sy:2, sz:2, num_conditions:2
condition:9, metric:[0.48364967 0.         0.        ]
condition:10, metric:[0. 0. 0.]
condition batch eval, img shape:(210, 203, 203), sx:3, sy:2, sz:2, num_conditions:2
condition:11, metric:[0.00012107 0.         0.        ]
condition:12, metric:[  0. 150. 150.]
condition batch eval, img shape:(210, 203, 203), sx:3, sy:2, sz:2, num_conditions:1
condition:13, metric:[  0. 150. 150.]
===>test image:/projects/weilab/liupeng/data/raw/ssl_seg/BTCV/Training_resampled_1.5_1.5_2.0_npy_zscore/img/img0002.npy
condition batch eval, img shape:(208, 246, 246), sx:3, sy:3, sz:3, num_conditions:2
condition:1, metric:[0.08249161 0.         0.        ]
condition:2, metric:[0.58870314 0.         0.        ]
condition batch eval, img shape:(208, 246, 246), sx:3, sy:3, sz:3, num_conditions:2
condition:3, metric:[0.85332924 0.         0.        ]
condition:4, metric:[0.09807063 0.         0.        ]
condition batch eval, img shape:(208, 246, 246), sx:3, sy:3, sz:3, num_conditions:2
condition:5, metric:[0.01335036 0.         0.        ]
condition:6, metric:[0.27860583 0.         0.        ]
condition batch eval, img shape:(208, 246, 246), sx:3, sy:3, sz:3, num_conditions:2
condition:7, metric:[0.01218676 0.         0.        ]
condition:8, metric:[0.73887253 0.         0.        ]
condition batch eval, img shape:(208, 246, 246), sx:3, sy:3, sz:3, num_conditions:2
condition:9, metric:[0.24292482 0.         0.        ]
condition:10, metric:[0.04071788 0.         0.        ]
condition batch eval, img shape:(208, 246, 246), sx:3, sy:3, sz:3, num_conditions:2
condition:11, metric:[0.151341 0.       0.      ]
condition:12, metric:[0. 0. 0.]
condition batch eval, img shape:(208, 246, 246), sx:3, sy:3, sz:3, num_conditions:1
condition:13, metric:[0. 0. 0.]
===>test image:/projects/weilab/liupeng/data/raw/ssl_seg/BTCV/Training_resampled_1.5_1.5_2.0_npy_zscore/img/img0008.npy
condition batch eval, img shape:(222, 249, 249), sx:3, sy:3, sz:3, num_conditions:2
condition:1, metric:[0.56072454 0.         0.        ]
condition:2, metric:[0.03100824 0.         0.        ]
condition batch eval, img shape:(222, 249, 249), sx:3, sy:3, sz:3, num_conditions:2
condition:3, metric:[0.00639579 0.         0.        ]
condition:4, metric:[0.4379538 0.        0.       ]
condition batch eval, img shape:(222, 249, 249), sx:3, sy:3, sz:3, num_conditions:2
condition:5, metric:[0. 0. 0.]
condition:6, metric:[0.28763031 0.         0.        ]
condition batch eval, img shape:(222, 249, 249), sx:3, sy:3, sz:3, num_conditions:2
condition:7, metric:[0.03042941 0.         0.        ]
condition:8, metric:[0.73169088 0.         0.        ]
condition batch eval, img shape:(222, 249, 249), sx:3, sy:3, sz:3, num_conditions:2
condition:9, metric:[0.50285714 0.         0.        ]
condition:10, metric:[0.01773639 0.         0.        ]
condition batch eval, img shape:(222, 249, 249), sx:3, sy:3, sz:3, num_conditions:2
condition:11, metric:[0.2165863 0.        0.       ]
condition:12, metric:[0. 0. 0.]
condition batch eval, img shape:(222, 249, 249), sx:3, sy:3, sz:3, num_conditions:1
condition:13, metric:[0. 0. 0.]
Validation end
avg metric shape: (13, 3)
save model to ../model/BTCV_5_C3PS_scalar_baseline_same_split_with_magicNet_3channels_nosemi_SGD_SGD/unet_3D_old/iter_7200_dice_0.2283
iteration 7200 : model2_dice_score : 0.228291 model2_hd95 : 8.653846
save model to ../model/BTCV_5_C3PS_scalar_baseline_same_split_with_magicNet_3channels_nosemi_SGD_SGD/unet_3D_old/model_iter_7200.pth
save model2 to ../model/BTCV_5_C3PS_scalar_baseline_same_split_with_magicNet_3channels_nosemi_SGD_SGD/unet_3D_old/model2_iter_7200.pth
iteration 7220 :model1 loss : 0.168639model2 loss : 0.123837pseudo_supervision1 : 0.000000pseudo_supervision2 : 0.000000
iteration 7240 :model1 loss : 0.319590model2 loss : 0.179646pseudo_supervision1 : 0.000000pseudo_supervision2 : 0.000000
iteration 7260 :model1 loss : 0.469208model2 loss : 0.337323pseudo_supervision1 : 0.000000pseudo_supervision2 : 0.000000
iteration 7280 :model1 loss : 0.275859model2 loss : 0.163784pseudo_supervision1 : 0.000000pseudo_supervision2 : 0.000000
iteration 7300 :model1 loss : 0.215941model2 loss : 0.152637pseudo_supervision1 : 0.000000pseudo_supervision2 : 0.000000
iteration 7320 :model1 loss : 0.221964model2 loss : 0.182678pseudo_supervision1 : 0.000000pseudo_supervision2 : 0.000000
iteration 7340 :model1 loss : 0.199562model2 loss : 0.204866pseudo_supervision1 : 0.000000pseudo_supervision2 : 0.000000
iteration 7360 :model1 loss : 0.187709model2 loss : 0.172745pseudo_supervision1 : 0.000000pseudo_supervision2 : 0.000000
iteration 7380 :model1 loss : 0.464183model2 loss : 0.277302pseudo_supervision1 : 0.000000pseudo_supervision2 : 0.000000
iteration 7400 :model1 loss : 0.195261model2 loss : 0.304755pseudo_supervision1 : 0.000000pseudo_supervision2 : 0.000000
save model to ../model/BTCV_5_C3PS_scalar_baseline_same_split_with_magicNet_3channels_nosemi_SGD_SGD/unet_3D_old/model_iter_7400.pth
save model2 to ../model/BTCV_5_C3PS_scalar_baseline_same_split_with_magicNet_3channels_nosemi_SGD_SGD/unet_3D_old/model2_iter_7400.pth
iteration 7420 :model1 loss : 0.163166model2 loss : 0.173504pseudo_supervision1 : 0.000000pseudo_supervision2 : 0.000000
iteration 7440 :model1 loss : 0.214110model2 loss : 0.182916pseudo_supervision1 : 0.000000pseudo_supervision2 : 0.000000
iteration 7460 :model1 loss : 0.246405model2 loss : 0.217696pseudo_supervision1 : 0.000000pseudo_supervision2 : 0.000000
iteration 7480 :model1 loss : 0.182331model2 loss : 0.204647pseudo_supervision1 : 0.000000pseudo_supervision2 : 0.000000
iteration 7500 :model1 loss : 0.174706model2 loss : 0.145062pseudo_supervision1 : 0.000000pseudo_supervision2 : 0.000000
iteration 7520 :model1 loss : 0.183369model2 loss : 0.157632pseudo_supervision1 : 0.000000pseudo_supervision2 : 0.000000
iteration 7540 :model1 loss : 0.215835model2 loss : 0.127567pseudo_supervision1 : 0.000000pseudo_supervision2 : 0.000000
iteration 7560 :model1 loss : 0.250535model2 loss : 0.225583pseudo_supervision1 : 0.000000pseudo_supervision2 : 0.000000
iteration 7580 :model1 loss : 0.161837model2 loss : 0.159111pseudo_supervision1 : 0.000000pseudo_supervision2 : 0.000000
iteration 7600 :model1 loss : 0.201479model2 loss : 0.129492pseudo_supervision1 : 0.000000pseudo_supervision2 : 0.000000
began evaluation!
iteration 7600: validation sampled 4/12 cases
Total test images: 4
Validation begin
Validation end
avg metric shape: (13, 3)
save model to ../model/BTCV_5_C3PS_scalar_baseline_same_split_with_magicNet_3channels_nosemi_SGD_SGD/unet_3D_old/iter_7600_dice_0.6441
iteration 7600 : model_dice_score : 0.644056 model_hd95 : 11.538462
began evaluation!
Total test images: 4
Validation begin
===>test image:/projects/weilab/liupeng/data/raw/ssl_seg/BTCV/Training_resampled_1.5_1.5_2.0_npy_zscore/img/img0004.npy
condition batch eval, img shape:(210, 203, 203), sx:3, sy:2, sz:2, num_conditions:2
condition:1, metric:[0.34727914 0.         0.        ]
condition:2, metric:[0.37051059 0.         0.        ]
condition batch eval, img shape:(210, 203, 203), sx:3, sy:2, sz:2, num_conditions:2
condition:3, metric:[0.72416526 0.         0.        ]
condition:4, metric:[0. 0. 0.]
condition batch eval, img shape:(210, 203, 203), sx:3, sy:2, sz:2, num_conditions:2
condition:5, metric:[0. 0. 0.]
condition:6, metric:[0.17574481 0.         0.        ]
condition batch eval, img shape:(210, 203, 203), sx:3, sy:2, sz:2, num_conditions:2
condition:7, metric:[0.04186757 0.         0.        ]
condition:8, metric:[0.60869565 0.         0.        ]
condition batch eval, img shape:(210, 203, 203), sx:3, sy:2, sz:2, num_conditions:2
condition:9, metric:[0.2308706 0.        0.       ]
condition:10, metric:[0. 0. 0.]
condition batch eval, img shape:(210, 203, 203), sx:3, sy:2, sz:2, num_conditions:2
condition:11, metric:[0.08238611 0.         0.        ]
condition:12, metric:[0. 0. 0.]
condition batch eval, img shape:(210, 203, 203), sx:3, sy:2, sz:2, num_conditions:1
condition:13, metric:[0.00106045 0.         0.        ]
===>test image:/projects/weilab/liupeng/data/raw/ssl_seg/BTCV/Training_resampled_1.5_1.5_2.0_npy_zscore/img/img0002.npy
condition batch eval, img shape:(208, 246, 246), sx:3, sy:3, sz:3, num_conditions:2
condition:1, metric:[0.32056115 0.         0.        ]
condition:2, metric:[0.49568671 0.         0.        ]
condition batch eval, img shape:(208, 246, 246), sx:3, sy:3, sz:3, num_conditions:2
condition:3, metric:[0.82798056 0.         0.        ]
condition:4, metric:[0.15756117 0.         0.        ]
condition batch eval, img shape:(208, 246, 246), sx:3, sy:3, sz:3, num_conditions:2
condition:5, metric:[0. 0. 0.]
condition:6, metric:[0.28516734 0.         0.        ]
condition batch eval, img shape:(208, 246, 246), sx:3, sy:3, sz:3, num_conditions:2
condition:7, metric:[0.32192232 0.         0.        ]
condition:8, metric:[0.54730704 0.         0.        ]
condition batch eval, img shape:(208, 246, 246), sx:3, sy:3, sz:3, num_conditions:2
condition:9, metric:[0.12854997 0.         0.        ]
condition:10, metric:[0.06068623 0.         0.        ]
condition batch eval, img shape:(208, 246, 246), sx:3, sy:3, sz:3, num_conditions:2
condition:11, metric:[0.05062459 0.         0.        ]
condition:12, metric:[0. 0. 0.]
condition batch eval, img shape:(208, 246, 246), sx:3, sy:3, sz:3, num_conditions:1
condition:13, metric:[0. 0. 0.]
===>test image:/projects/weilab/liupeng/data/raw/ssl_seg/BTCV/Training_resampled_1.5_1.5_2.0_npy_zscore/img/img0029.npy
condition batch eval, img shape:(150, 299, 299), sx:2, sy:4, sz:4, num_conditions:2
condition:1, metric:[0.50130789 0.         0.        ]
condition:2, metric:[0.4579106 0.        0.       ]
condition batch eval, img shape:(150, 299, 299), sx:2, sy:4, sz:4, num_conditions:2
condition:3, metric:[0.60328207 0.         0.        ]
condition:4, metric:[0.0333969 0.        0.       ]
condition batch eval, img shape:(150, 299, 299), sx:2, sy:4, sz:4, num_conditions:2
condition:5, metric:[0.00089492 0.         0.        ]
condition:6, metric:[0.20147424 0.         0.        ]
condition batch eval, img shape:(150, 299, 299), sx:2, sy:4, sz:4, num_conditions:2
condition:7, metric:[0.32384863 0.         0.        ]
condition:8, metric:[0.79686607 0.         0.        ]
condition batch eval, img shape:(150, 299, 299), sx:2, sy:4, sz:4, num_conditions:2
condition:9, metric:[0.16363858 0.         0.        ]
condition:10, metric:[0.09404762 0.         0.        ]
condition batch eval, img shape:(150, 299, 299), sx:2, sy:4, sz:4, num_conditions:2
condition:11, metric:[0.09497875 0.         0.        ]
condition:12, metric:[0. 0. 0.]
condition batch eval, img shape:(150, 299, 299), sx:2, sy:4, sz:4, num_conditions:1
condition:13, metric:[0. 0. 0.]
===>test image:/projects/weilab/liupeng/data/raw/ssl_seg/BTCV/Training_resampled_1.5_1.5_2.0_npy_zscore/img/img0036.npy
condition batch eval, img shape:(276, 255, 255), sx:4, sy:3, sz:3, num_conditions:2
condition:1, metric:[0.65422385 0.         0.        ]
condition:2, metric:[0.45959178 0.         0.        ]
condition batch eval, img shape:(276, 255, 255), sx:4, sy:3, sz:3, num_conditions:2
condition:3, metric:[0.87651035 0.         0.        ]
condition:4, metric:[0.00018221 0.         0.        ]
condition batch eval, img shape:(276, 255, 255), sx:4, sy:3, sz:3, num_conditions:2
condition:5, metric:[0. 0. 0.]
condition:6, metric:[0.03210034 0.         0.        ]
condition batch eval, img shape:(276, 255, 255), sx:4, sy:3, sz:3, num_conditions:2
condition:7, metric:[0.03592993 0.         0.        ]
condition:8, metric:[0.6624711 0.        0.       ]
condition batch eval, img shape:(276, 255, 255), sx:4, sy:3, sz:3, num_conditions:2
condition:9, metric:[0.00162866 0.         0.        ]
condition:10, metric:[0. 0. 0.]
condition batch eval, img shape:(276, 255, 255), sx:4, sy:3, sz:3, num_conditions:2
condition:11, metric:[0. 0. 0.]
condition:12, metric:[0. 0. 0.]
condition batch eval, img shape:(276, 255, 255), sx:4, sy:3, sz:3, num_conditions:1
condition:13, metric:[0. 0. 0.]
Validation end
avg metric shape: (13, 3)
iteration 7600 : model2_dice_score : 0.226402 model2_hd95 : 0.000000
save model to ../model/BTCV_5_C3PS_scalar_baseline_same_split_with_magicNet_3channels_nosemi_SGD_SGD/unet_3D_old/model_iter_7600.pth
save model2 to ../model/BTCV_5_C3PS_scalar_baseline_same_split_with_magicNet_3channels_nosemi_SGD_SGD/unet_3D_old/model2_iter_7600.pth
iteration 7620 :model1 loss : 0.218943model2 loss : 0.087014pseudo_supervision1 : 0.000000pseudo_supervision2 : 0.000000
iteration 7640 :model1 loss : 0.324967model2 loss : 0.079114pseudo_supervision1 : 0.000000pseudo_supervision2 : 0.000000
iteration 7660 :model1 loss : 0.221254model2 loss : 0.101935pseudo_supervision1 : 0.000000pseudo_supervision2 : 0.000000
iteration 7680 :model1 loss : 0.263679model2 loss : 0.152978pseudo_supervision1 : 0.000000pseudo_supervision2 : 0.000000
iteration 7700 :model1 loss : 0.278582model2 loss : 0.147960pseudo_supervision1 : 0.000000pseudo_supervision2 : 0.000000
iteration 7720 :model1 loss : 0.196484model2 loss : 0.080739pseudo_supervision1 : 0.000000pseudo_supervision2 : 0.000000
iteration 7740 :model1 loss : 0.269549model2 loss : 0.118673pseudo_supervision1 : 0.000000pseudo_supervision2 : 0.000000
iteration 7760 :model1 loss : 0.212924model2 loss : 0.184742pseudo_supervision1 : 0.000000pseudo_supervision2 : 0.000000
iteration 7780 :model1 loss : 0.240584model2 loss : 0.163127pseudo_supervision1 : 0.000000pseudo_supervision2 : 0.000000
iteration 7800 :model1 loss : 0.215764model2 loss : 0.136768pseudo_supervision1 : 0.000000pseudo_supervision2 : 0.000000
save model to ../model/BTCV_5_C3PS_scalar_baseline_same_split_with_magicNet_3channels_nosemi_SGD_SGD/unet_3D_old/model_iter_7800.pth
save model2 to ../model/BTCV_5_C3PS_scalar_baseline_same_split_with_magicNet_3channels_nosemi_SGD_SGD/unet_3D_old/model2_iter_7800.pth
iteration 7820 :model1 loss : 0.176674model2 loss : 0.177747pseudo_supervision1 : 0.000000pseudo_supervision2 : 0.000000
iteration 7840 :model1 loss : 0.380091model2 loss : 0.257516pseudo_supervision1 : 0.000000pseudo_supervision2 : 0.000000
iteration 7860 :model1 loss : 0.194802model2 loss : 0.183872pseudo_supervision1 : 0.000000pseudo_supervision2 : 0.000000
iteration 7880 :model1 loss : 0.242663model2 loss : 0.220686pseudo_supervision1 : 0.000000pseudo_supervision2 : 0.000000
iteration 7900 :model1 loss : 0.188554model2 loss : 0.139892pseudo_supervision1 : 0.000000pseudo_supervision2 : 0.000000
iteration 7920 :model1 loss : 0.195327model2 loss : 0.083615pseudo_supervision1 : 0.000000pseudo_supervision2 : 0.000000
iteration 7940 :model1 loss : 0.158298model2 loss : 0.145004pseudo_supervision1 : 0.000000pseudo_supervision2 : 0.000000
iteration 7960 :model1 loss : 0.174787model2 loss : 0.165882pseudo_supervision1 : 0.000000pseudo_supervision2 : 0.000000
iteration 7980 :model1 loss : 0.200901model2 loss : 0.276238pseudo_supervision1 : 0.000000pseudo_supervision2 : 0.000000
iteration 8000 :model1 loss : 0.188387model2 loss : 0.219894pseudo_supervision1 : 0.000000pseudo_supervision2 : 0.000000
began evaluation!
iteration 8000: validation sampled 4/12 cases
Total test images: 4
Validation begin
Validation end
avg metric shape: (13, 3)
iteration 8000 : model_dice_score : 0.591867 model_hd95 : 17.307692
began evaluation!
Total test images: 4
Validation begin
===>test image:/projects/weilab/liupeng/data/raw/ssl_seg/BTCV/Training_resampled_1.5_1.5_2.0_npy_zscore/img/img0001.npy
condition batch eval, img shape:(220, 228, 228), sx:3, sy:3, sz:3, num_conditions:2
condition:1, metric:[0.68751213 0.         0.        ]
condition:2, metric:[0.44613866 0.         0.        ]
condition batch eval, img shape:(220, 228, 228), sx:3, sy:3, sz:3, num_conditions:2
condition:3, metric:[0.37239093 0.         0.        ]
condition:4, metric:[0. 0. 0.]
condition batch eval, img shape:(220, 228, 228), sx:3, sy:3, sz:3, num_conditions:2
condition:5, metric:[0.14409555 0.         0.        ]
condition:6, metric:[1.03452735e-05 0.00000000e+00 0.00000000e+00]
condition batch eval, img shape:(220, 228, 228), sx:3, sy:3, sz:3, num_conditions:2
condition:7, metric:[0. 0. 0.]
condition:8, metric:[0.21595214 0.         0.        ]
condition batch eval, img shape:(220, 228, 228), sx:3, sy:3, sz:3, num_conditions:2
condition:9, metric:[0.24125514 0.         0.        ]
condition:10, metric:[0. 0. 0.]
condition batch eval, img shape:(220, 228, 228), sx:3, sy:3, sz:3, num_conditions:2
condition:11, metric:[0. 0. 0.]
condition:12, metric:[  0. 150. 150.]
condition batch eval, img shape:(220, 228, 228), sx:3, sy:3, sz:3, num_conditions:1
condition:13, metric:[  0. 150. 150.]
===>test image:/projects/weilab/liupeng/data/raw/ssl_seg/BTCV/Training_resampled_1.5_1.5_2.0_npy_zscore/img/img0008.npy
condition batch eval, img shape:(222, 249, 249), sx:3, sy:3, sz:3, num_conditions:2
condition:1, metric:[0.61634031 0.         0.        ]
condition:2, metric:[0.00041121 0.         0.        ]
condition batch eval, img shape:(222, 249, 249), sx:3, sy:3, sz:3, num_conditions:2
condition:3, metric:[0. 0. 0.]
condition:4, metric:[0.61605951 0.         0.        ]
condition batch eval, img shape:(222, 249, 249), sx:3, sy:3, sz:3, num_conditions:2
condition:5, metric:[0. 0. 0.]
condition:6, metric:[0.00076867 0.         0.        ]
condition batch eval, img shape:(222, 249, 249), sx:3, sy:3, sz:3, num_conditions:2
condition:7, metric:[0.0005377 0.        0.       ]
condition:8, metric:[0.4172744 0.        0.       ]
condition batch eval, img shape:(222, 249, 249), sx:3, sy:3, sz:3, num_conditions:2
condition:9, metric:[0.59064468 0.         0.        ]
condition:10, metric:[0. 0. 0.]
condition batch eval, img shape:(222, 249, 249), sx:3, sy:3, sz:3, num_conditions:2
condition:11, metric:[0. 0. 0.]
condition:12, metric:[  0. 150. 150.]
condition batch eval, img shape:(222, 249, 249), sx:3, sy:3, sz:3, num_conditions:1
condition:13, metric:[  0. 150. 150.]
===>test image:/projects/weilab/liupeng/data/raw/ssl_seg/BTCV/Training_resampled_1.5_1.5_2.0_npy_zscore/img/img0035.npy
condition batch eval, img shape:(235, 314, 314), sx:4, sy:4, sz:4, num_conditions:2
condition:1, metric:[0.57810985 0.         0.        ]
condition:2, metric:[0.49111835 0.         0.        ]
condition batch eval, img shape:(235, 314, 314), sx:4, sy:4, sz:4, num_conditions:2
condition:3, metric:[0.62546234 0.         0.        ]
condition:4, metric:[  0. 150. 150.]
condition batch eval, img shape:(235, 314, 314), sx:4, sy:4, sz:4, num_conditions:2
condition:5, metric:[0. 0. 0.]
condition:6, metric:[0. 0. 0.]
condition batch eval, img shape:(235, 314, 314), sx:4, sy:4, sz:4, num_conditions:2
condition:7, metric:[0. 0. 0.]
condition:8, metric:[0.30622506 0.         0.        ]
condition batch eval, img shape:(235, 314, 314), sx:4, sy:4, sz:4, num_conditions:2
condition:9, metric:[0.21426762 0.         0.        ]
condition:10, metric:[0. 0. 0.]
condition batch eval, img shape:(235, 314, 314), sx:4, sy:4, sz:4, num_conditions:2
condition:11, metric:[  0. 150. 150.]
condition:12, metric:[  0. 150. 150.]
condition batch eval, img shape:(235, 314, 314), sx:4, sy:4, sz:4, num_conditions:1
condition:13, metric:[  0. 150. 150.]
===>test image:/projects/weilab/liupeng/data/raw/ssl_seg/BTCV/Training_resampled_1.5_1.5_2.0_npy_zscore/img/img0032.npy
condition batch eval, img shape:(216, 253, 253), sx:3, sy:3, sz:3, num_conditions:2
condition:1, metric:[0.54746843 0.         0.        ]
condition:2, metric:[0.6895542 0.        0.       ]
condition batch eval, img shape:(216, 253, 253), sx:3, sy:3, sz:3, num_conditions:2
condition:3, metric:[0.35358185 0.         0.        ]
condition:4, metric:[0.38593974 0.         0.        ]
condition batch eval, img shape:(216, 253, 253), sx:3, sy:3, sz:3, num_conditions:2
condition:5, metric:[0. 0. 0.]
condition:6, metric:[0.00035726 0.         0.        ]
condition batch eval, img shape:(216, 253, 253), sx:3, sy:3, sz:3, num_conditions:2
condition:7, metric:[0. 0. 0.]
condition:8, metric:[0.40142256 0.         0.        ]
condition batch eval, img shape:(216, 253, 253), sx:3, sy:3, sz:3, num_conditions:2
condition:9, metric:[0.25952635 0.         0.        ]
condition:10, metric:[0. 0. 0.]
condition batch eval, img shape:(216, 253, 253), sx:3, sy:3, sz:3, num_conditions:2
condition:11, metric:[0. 0. 0.]
condition:12, metric:[  0. 150. 150.]
condition batch eval, img shape:(216, 253, 253), sx:3, sy:3, sz:3, num_conditions:1
condition:13, metric:[  0. 150. 150.]
Validation end
avg metric shape: (13, 3)
iteration 8000 : model2_dice_score : 0.176970 model2_hd95 : 28.846154
save model to ../model/BTCV_5_C3PS_scalar_baseline_same_split_with_magicNet_3channels_nosemi_SGD_SGD/unet_3D_old/model_iter_8000.pth
save model2 to ../model/BTCV_5_C3PS_scalar_baseline_same_split_with_magicNet_3channels_nosemi_SGD_SGD/unet_3D_old/model2_iter_8000.pth
iteration 8020 :model1 loss : 0.186669model2 loss : 0.188816pseudo_supervision1 : 0.000000pseudo_supervision2 : 0.000000
iteration 8040 :model1 loss : 0.259257model2 loss : 0.111010pseudo_supervision1 : 0.000000pseudo_supervision2 : 0.000000
iteration 8060 :model1 loss : 0.193259model2 loss : 0.087111pseudo_supervision1 : 0.000000pseudo_supervision2 : 0.000000
iteration 8080 :model1 loss : 0.468645model2 loss : 0.335014pseudo_supervision1 : 0.000000pseudo_supervision2 : 0.000000
iteration 8100 :model1 loss : 0.174204model2 loss : 0.234334pseudo_supervision1 : 0.000000pseudo_supervision2 : 0.000000
iteration 8120 :model1 loss : 0.411109model2 loss : 0.228086pseudo_supervision1 : 0.000000pseudo_supervision2 : 0.000000
iteration 8140 :model1 loss : 0.179141model2 loss : 0.109160pseudo_supervision1 : 0.000000pseudo_supervision2 : 0.000000
iteration 8160 :model1 loss : 0.163704model2 loss : 0.137595pseudo_supervision1 : 0.000000pseudo_supervision2 : 0.000000
iteration 8180 :model1 loss : 0.168785model2 loss : 0.168691pseudo_supervision1 : 0.000000pseudo_supervision2 : 0.000000
iteration 8200 :model1 loss : 0.297636model2 loss : 0.171737pseudo_supervision1 : 0.000000pseudo_supervision2 : 0.000000
save model to ../model/BTCV_5_C3PS_scalar_baseline_same_split_with_magicNet_3channels_nosemi_SGD_SGD/unet_3D_old/model_iter_8200.pth
save model2 to ../model/BTCV_5_C3PS_scalar_baseline_same_split_with_magicNet_3channels_nosemi_SGD_SGD/unet_3D_old/model2_iter_8200.pth
iteration 8220 :model1 loss : 0.169280model2 loss : 0.101645pseudo_supervision1 : 0.000000pseudo_supervision2 : 0.000000
iteration 8240 :model1 loss : 0.219888model2 loss : 0.143332pseudo_supervision1 : 0.000000pseudo_supervision2 : 0.000000
iteration 8260 :model1 loss : 0.163908model2 loss : 0.133136pseudo_supervision1 : 0.000000pseudo_supervision2 : 0.000000
iteration 8280 :model1 loss : 0.194417model2 loss : 0.112843pseudo_supervision1 : 0.000000pseudo_supervision2 : 0.000000
iteration 8300 :model1 loss : 0.181925model2 loss : 0.114342pseudo_supervision1 : 0.000000pseudo_supervision2 : 0.000000
iteration 8320 :model1 loss : 0.359212model2 loss : 0.137654pseudo_supervision1 : 0.000000pseudo_supervision2 : 0.000000
iteration 8340 :model1 loss : 0.155691model2 loss : 0.128323pseudo_supervision1 : 0.000000pseudo_supervision2 : 0.000000
iteration 8360 :model1 loss : 0.191286model2 loss : 0.191785pseudo_supervision1 : 0.000000pseudo_supervision2 : 0.000000
iteration 8380 :model1 loss : 0.364208model2 loss : 0.101384pseudo_supervision1 : 0.000000pseudo_supervision2 : 0.000000
iteration 8400 :model1 loss : 0.439508model2 loss : 0.197965pseudo_supervision1 : 0.000000pseudo_supervision2 : 0.000000
began evaluation!
iteration 8400: validation sampled 4/12 cases
Total test images: 4
Validation begin
Validation end
avg metric shape: (13, 3)
iteration 8400 : model_dice_score : 0.621710 model_hd95 : 11.538462
began evaluation!
Total test images: 4
Validation begin
===>test image:/projects/weilab/liupeng/data/raw/ssl_seg/BTCV/Training_resampled_1.5_1.5_2.0_npy_zscore/img/img0036.npy
condition batch eval, img shape:(276, 255, 255), sx:4, sy:3, sz:3, num_conditions:2
condition:1, metric:[0.70438003 0.         0.        ]
condition:2, metric:[0.80754044 0.         0.        ]
condition batch eval, img shape:(276, 255, 255), sx:4, sy:3, sz:3, num_conditions:2
condition:3, metric:[0.81731502 0.         0.        ]
condition:4, metric:[0.04651754 0.         0.        ]
condition batch eval, img shape:(276, 255, 255), sx:4, sy:3, sz:3, num_conditions:2
condition:5, metric:[0.00324783 0.         0.        ]
condition:6, metric:[0.52590102 0.         0.        ]
condition batch eval, img shape:(276, 255, 255), sx:4, sy:3, sz:3, num_conditions:2
condition:7, metric:[0.3008545 0.        0.       ]
condition:8, metric:[0.64112192 0.         0.        ]
condition batch eval, img shape:(276, 255, 255), sx:4, sy:3, sz:3, num_conditions:2
condition:9, metric:[0.25783981 0.         0.        ]
condition:10, metric:[0.05998876 0.         0.        ]
condition batch eval, img shape:(276, 255, 255), sx:4, sy:3, sz:3, num_conditions:2
condition:11, metric:[0.08052896 0.         0.        ]
condition:12, metric:[0.01167057 0.         0.        ]
condition batch eval, img shape:(276, 255, 255), sx:4, sy:3, sz:3, num_conditions:1
condition:13, metric:[0.00347064 0.         0.        ]
===>test image:/projects/weilab/liupeng/data/raw/ssl_seg/BTCV/Training_resampled_1.5_1.5_2.0_npy_zscore/img/img0004.npy
condition batch eval, img shape:(210, 203, 203), sx:3, sy:2, sz:2, num_conditions:2
condition:1, metric:[0.39635747 0.         0.        ]
condition:2, metric:[0.593102 0.       0.      ]
condition batch eval, img shape:(210, 203, 203), sx:3, sy:2, sz:2, num_conditions:2
condition:3, metric:[0.79970608 0.         0.        ]
condition:4, metric:[0.05182668 0.         0.        ]
condition batch eval, img shape:(210, 203, 203), sx:3, sy:2, sz:2, num_conditions:2
condition:5, metric:[0. 0. 0.]
condition:6, metric:[0.73598958 0.         0.        ]
condition batch eval, img shape:(210, 203, 203), sx:3, sy:2, sz:2, num_conditions:2
condition:7, metric:[0.12638672 0.         0.        ]
condition:8, metric:[0.31928311 0.         0.        ]
condition batch eval, img shape:(210, 203, 203), sx:3, sy:2, sz:2, num_conditions:2
condition:9, metric:[0.46024504 0.         0.        ]
condition:10, metric:[0.04520734 0.         0.        ]
condition batch eval, img shape:(210, 203, 203), sx:3, sy:2, sz:2, num_conditions:2
condition:11, metric:[0.05360717 0.         0.        ]
condition:12, metric:[0. 0. 0.]
condition batch eval, img shape:(210, 203, 203), sx:3, sy:2, sz:2, num_conditions:1
condition:13, metric:[0.0068408 0.        0.       ]
===>test image:/projects/weilab/liupeng/data/raw/ssl_seg/BTCV/Training_resampled_1.5_1.5_2.0_npy_zscore/img/img0038.npy
condition batch eval, img shape:(250, 333, 333), sx:4, sy:4, sz:4, num_conditions:2
condition:1, metric:[0.6025379 0.        0.       ]
condition:2, metric:[0.525952 0.       0.      ]
condition batch eval, img shape:(250, 333, 333), sx:4, sy:4, sz:4, num_conditions:2
condition:3, metric:[0.64157748 0.         0.        ]
condition:4, metric:[0.00418649 0.         0.        ]
condition batch eval, img shape:(250, 333, 333), sx:4, sy:4, sz:4, num_conditions:2
condition:5, metric:[0.00311389 0.         0.        ]
condition:6, metric:[0.55408915 0.         0.        ]
condition batch eval, img shape:(250, 333, 333), sx:4, sy:4, sz:4, num_conditions:2
condition:7, metric:[0.14159803 0.         0.        ]
condition:8, metric:[0.66710098 0.         0.        ]
condition batch eval, img shape:(250, 333, 333), sx:4, sy:4, sz:4, num_conditions:2
condition:9, metric:[0.25844064 0.         0.        ]
condition:10, metric:[0.04800885 0.         0.        ]
condition batch eval, img shape:(250, 333, 333), sx:4, sy:4, sz:4, num_conditions:2
condition:11, metric:[0.11054746 0.         0.        ]
condition:12, metric:[0.00386938 0.         0.        ]
condition batch eval, img shape:(250, 333, 333), sx:4, sy:4, sz:4, num_conditions:1
condition:13, metric:[0.00745672 0.         0.        ]
===>test image:/projects/weilab/liupeng/data/raw/ssl_seg/BTCV/Training_resampled_1.5_1.5_2.0_npy_zscore/img/img0001.npy
condition batch eval, img shape:(220, 228, 228), sx:3, sy:3, sz:3, num_conditions:2
condition:1, metric:[0.73299487 0.         0.        ]
condition:2, metric:[0.42234791 0.         0.        ]
condition batch eval, img shape:(220, 228, 228), sx:3, sy:3, sz:3, num_conditions:2
condition:3, metric:[0.69207443 0.         0.        ]
condition:4, metric:[0.02068605 0.         0.        ]
condition batch eval, img shape:(220, 228, 228), sx:3, sy:3, sz:3, num_conditions:2
condition:5, metric:[0.0233739 0.        0.       ]
condition:6, metric:[0.77269192 0.         0.        ]
condition batch eval, img shape:(220, 228, 228), sx:3, sy:3, sz:3, num_conditions:2
condition:7, metric:[0.08618315 0.         0.        ]
condition:8, metric:[0.61424372 0.         0.        ]
condition batch eval, img shape:(220, 228, 228), sx:3, sy:3, sz:3, num_conditions:2
condition:9, metric:[0.39323684 0.         0.        ]
condition:10, metric:[0.11421802 0.         0.        ]
condition batch eval, img shape:(220, 228, 228), sx:3, sy:3, sz:3, num_conditions:2
condition:11, metric:[0.08807241 0.         0.        ]
condition:12, metric:[0. 0. 0.]
condition batch eval, img shape:(220, 228, 228), sx:3, sy:3, sz:3, num_conditions:1
condition:13, metric:[0. 0. 0.]
Validation end
avg metric shape: (13, 3)
save model to ../model/BTCV_5_C3PS_scalar_baseline_same_split_with_magicNet_3channels_nosemi_SGD_SGD/unet_3D_old/iter_8400_dice_0.2957
iteration 8400 : model2_dice_score : 0.295722 model2_hd95 : 0.000000
save model to ../model/BTCV_5_C3PS_scalar_baseline_same_split_with_magicNet_3channels_nosemi_SGD_SGD/unet_3D_old/model_iter_8400.pth
save model2 to ../model/BTCV_5_C3PS_scalar_baseline_same_split_with_magicNet_3channels_nosemi_SGD_SGD/unet_3D_old/model2_iter_8400.pth
iteration 8420 :model1 loss : 0.221350model2 loss : 0.126951pseudo_supervision1 : 0.000000pseudo_supervision2 : 0.000000
iteration 8440 :model1 loss : 0.160134model2 loss : 0.180021pseudo_supervision1 : 0.000000pseudo_supervision2 : 0.000000
iteration 8460 :model1 loss : 0.160133model2 loss : 0.187024pseudo_supervision1 : 0.000000pseudo_supervision2 : 0.000000
iteration 8480 :model1 loss : 0.163324model2 loss : 0.123932pseudo_supervision1 : 0.000000pseudo_supervision2 : 0.000000
iteration 8500 :model1 loss : 0.249067model2 loss : 0.118214pseudo_supervision1 : 0.000000pseudo_supervision2 : 0.000000
iteration 8520 :model1 loss : 0.200942model2 loss : 0.073570pseudo_supervision1 : 0.000000pseudo_supervision2 : 0.000000
iteration 8540 :model1 loss : 0.356481model2 loss : 0.076705pseudo_supervision1 : 0.000000pseudo_supervision2 : 0.000000
iteration 8560 :model1 loss : 0.242866model2 loss : 0.092307pseudo_supervision1 : 0.000000pseudo_supervision2 : 0.000000
iteration 8580 :model1 loss : 0.178142model2 loss : 0.094202pseudo_supervision1 : 0.000000pseudo_supervision2 : 0.000000
iteration 8600 :model1 loss : 0.200978model2 loss : 0.179810pseudo_supervision1 : 0.000000pseudo_supervision2 : 0.000000
save model to ../model/BTCV_5_C3PS_scalar_baseline_same_split_with_magicNet_3channels_nosemi_SGD_SGD/unet_3D_old/model_iter_8600.pth
save model2 to ../model/BTCV_5_C3PS_scalar_baseline_same_split_with_magicNet_3channels_nosemi_SGD_SGD/unet_3D_old/model2_iter_8600.pth
iteration 8620 :model1 loss : 0.237298model2 loss : 0.051783pseudo_supervision1 : 0.000000pseudo_supervision2 : 0.000000
iteration 8640 :model1 loss : 0.354687model2 loss : 0.062811pseudo_supervision1 : 0.000000pseudo_supervision2 : 0.000000
iteration 8660 :model1 loss : 0.413728model2 loss : 0.093686pseudo_supervision1 : 0.000000pseudo_supervision2 : 0.000000
iteration 8680 :model1 loss : 0.252394model2 loss : 0.177673pseudo_supervision1 : 0.000000pseudo_supervision2 : 0.000000
iteration 8700 :model1 loss : 0.203129model2 loss : 0.188386pseudo_supervision1 : 0.000000pseudo_supervision2 : 0.000000
iteration 8720 :model1 loss : 0.181322model2 loss : 0.135938pseudo_supervision1 : 0.000000pseudo_supervision2 : 0.000000
iteration 8740 :model1 loss : 0.167510model2 loss : 0.206261pseudo_supervision1 : 0.000000pseudo_supervision2 : 0.000000
iteration 8760 :model1 loss : 0.348389model2 loss : 0.229516pseudo_supervision1 : 0.000000pseudo_supervision2 : 0.000000
iteration 8780 :model1 loss : 0.199366model2 loss : 0.103168pseudo_supervision1 : 0.000000pseudo_supervision2 : 0.000000
iteration 8800 :model1 loss : 0.164513model2 loss : 0.184150pseudo_supervision1 : 0.000000pseudo_supervision2 : 0.000000
began evaluation!
iteration 8800: validation sampled 4/12 cases
Total test images: 4
Validation begin
Validation end
avg metric shape: (13, 3)
iteration 8800 : model_dice_score : 0.575680 model_hd95 : 14.423077
began evaluation!
Total test images: 4
Validation begin
===>test image:/projects/weilab/liupeng/data/raw/ssl_seg/BTCV/Training_resampled_1.5_1.5_2.0_npy_zscore/img/img0001.npy
condition batch eval, img shape:(220, 228, 228), sx:3, sy:3, sz:3, num_conditions:2
condition:1, metric:[0.60606101 0.         0.        ]
condition:2, metric:[0.44368731 0.         0.        ]
condition batch eval, img shape:(220, 228, 228), sx:3, sy:3, sz:3, num_conditions:2
condition:3, metric:[0.70788774 0.         0.        ]
condition:4, metric:[0.03195522 0.         0.        ]
condition batch eval, img shape:(220, 228, 228), sx:3, sy:3, sz:3, num_conditions:2
condition:5, metric:[0.01804366 0.         0.        ]
condition:6, metric:[0.77934735 0.         0.        ]
condition batch eval, img shape:(220, 228, 228), sx:3, sy:3, sz:3, num_conditions:2
condition:7, metric:[0.46532228 0.         0.        ]
condition:8, metric:[0.3282712 0.        0.       ]
condition batch eval, img shape:(220, 228, 228), sx:3, sy:3, sz:3, num_conditions:2
condition:9, metric:[0.40536131 0.         0.        ]
condition:10, metric:[0.17152322 0.         0.        ]
condition batch eval, img shape:(220, 228, 228), sx:3, sy:3, sz:3, num_conditions:2
condition:11, metric:[0.17544084 0.         0.        ]
condition:12, metric:[0. 0. 0.]
condition batch eval, img shape:(220, 228, 228), sx:3, sy:3, sz:3, num_conditions:1
condition:13, metric:[0.01971466 0.         0.        ]
===>test image:/projects/weilab/liupeng/data/raw/ssl_seg/BTCV/Training_resampled_1.5_1.5_2.0_npy_zscore/img/img0035.npy
condition batch eval, img shape:(235, 314, 314), sx:4, sy:4, sz:4, num_conditions:2
condition:1, metric:[0.60814302 0.         0.        ]
condition:2, metric:[0.58148582 0.         0.        ]
condition batch eval, img shape:(235, 314, 314), sx:4, sy:4, sz:4, num_conditions:2
condition:3, metric:[0.70892711 0.         0.        ]
condition:4, metric:[  0. 150. 150.]
condition batch eval, img shape:(235, 314, 314), sx:4, sy:4, sz:4, num_conditions:2
condition:5, metric:[0. 0. 0.]
condition:6, metric:[0.79024555 0.         0.        ]
condition batch eval, img shape:(235, 314, 314), sx:4, sy:4, sz:4, num_conditions:2
condition:7, metric:[0.23520921 0.         0.        ]
condition:8, metric:[0.2942826 0.        0.       ]
condition batch eval, img shape:(235, 314, 314), sx:4, sy:4, sz:4, num_conditions:2
condition:9, metric:[0.47680232 0.         0.        ]
condition:10, metric:[0.14278299 0.         0.        ]
condition batch eval, img shape:(235, 314, 314), sx:4, sy:4, sz:4, num_conditions:2
condition:11, metric:[0.04269679 0.         0.        ]
condition:12, metric:[0. 0. 0.]
condition batch eval, img shape:(235, 314, 314), sx:4, sy:4, sz:4, num_conditions:1
condition:13, metric:[0. 0. 0.]
===>test image:/projects/weilab/liupeng/data/raw/ssl_seg/BTCV/Training_resampled_1.5_1.5_2.0_npy_zscore/img/img0038.npy
condition batch eval, img shape:(250, 333, 333), sx:4, sy:4, sz:4, num_conditions:2
condition:1, metric:[0.60462536 0.         0.        ]
condition:2, metric:[0.49546349 0.         0.        ]
condition batch eval, img shape:(250, 333, 333), sx:4, sy:4, sz:4, num_conditions:2
condition:3, metric:[0.67346871 0.         0.        ]
condition:4, metric:[0.00272127 0.         0.        ]
condition batch eval, img shape:(250, 333, 333), sx:4, sy:4, sz:4, num_conditions:2
condition:5, metric:[0. 0. 0.]
condition:6, metric:[0.69606284 0.         0.        ]
condition batch eval, img shape:(250, 333, 333), sx:4, sy:4, sz:4, num_conditions:2
condition:7, metric:[0.1917958 0.        0.       ]
condition:8, metric:[0.51318321 0.         0.        ]
condition batch eval, img shape:(250, 333, 333), sx:4, sy:4, sz:4, num_conditions:2
condition:9, metric:[0.32079507 0.         0.        ]
condition:10, metric:[0.14008802 0.         0.        ]
condition batch eval, img shape:(250, 333, 333), sx:4, sy:4, sz:4, num_conditions:2
condition:11, metric:[0.19749376 0.         0.        ]
condition:12, metric:[0.01315357 0.         0.        ]
condition batch eval, img shape:(250, 333, 333), sx:4, sy:4, sz:4, num_conditions:1
condition:13, metric:[0.12336263 0.         0.        ]
===>test image:/projects/weilab/liupeng/data/raw/ssl_seg/BTCV/Training_resampled_1.5_1.5_2.0_npy_zscore/img/img0008.npy
condition batch eval, img shape:(222, 249, 249), sx:3, sy:3, sz:3, num_conditions:2
condition:1, metric:[0.6342084 0.        0.       ]
condition:2, metric:[0.01226715 0.         0.        ]
condition batch eval, img shape:(222, 249, 249), sx:3, sy:3, sz:3, num_conditions:2
condition:3, metric:[0.0230069 0.        0.       ]
condition:4, metric:[0.35635277 0.         0.        ]
condition batch eval, img shape:(222, 249, 249), sx:3, sy:3, sz:3, num_conditions:2
condition:5, metric:[0. 0. 0.]
condition:6, metric:[0.84208461 0.         0.        ]
condition batch eval, img shape:(222, 249, 249), sx:3, sy:3, sz:3, num_conditions:2
condition:7, metric:[0.23023546 0.         0.        ]
condition:8, metric:[0.25770746 0.         0.        ]
condition batch eval, img shape:(222, 249, 249), sx:3, sy:3, sz:3, num_conditions:2
condition:9, metric:[0.53784989 0.         0.        ]
condition:10, metric:[0.06312647 0.         0.        ]
condition batch eval, img shape:(222, 249, 249), sx:3, sy:3, sz:3, num_conditions:2
condition:11, metric:[0.37725749 0.         0.        ]
condition:12, metric:[0. 0. 0.]
condition batch eval, img shape:(222, 249, 249), sx:3, sy:3, sz:3, num_conditions:1
condition:13, metric:[0.06696911 0.         0.        ]
Validation end
avg metric shape: (13, 3)
save model to ../model/BTCV_5_C3PS_scalar_baseline_same_split_with_magicNet_3channels_nosemi_SGD_SGD/unet_3D_old/iter_8800_dice_0.2963
iteration 8800 : model2_dice_score : 0.296278 model2_hd95 : 2.884615
save model to ../model/BTCV_5_C3PS_scalar_baseline_same_split_with_magicNet_3channels_nosemi_SGD_SGD/unet_3D_old/model_iter_8800.pth
save model2 to ../model/BTCV_5_C3PS_scalar_baseline_same_split_with_magicNet_3channels_nosemi_SGD_SGD/unet_3D_old/model2_iter_8800.pth
iteration 8820 :model1 loss : 0.214583model2 loss : 0.178009pseudo_supervision1 : 0.000000pseudo_supervision2 : 0.000000
iteration 8840 :model1 loss : 0.212209model2 loss : 0.090678pseudo_supervision1 : 0.000000pseudo_supervision2 : 0.000000
iteration 8860 :model1 loss : 0.163069model2 loss : 0.196924pseudo_supervision1 : 0.000000pseudo_supervision2 : 0.000000
iteration 8880 :model1 loss : 0.194935model2 loss : 0.249755pseudo_supervision1 : 0.000000pseudo_supervision2 : 0.000000
iteration 8900 :model1 loss : 0.204084model2 loss : 0.185405pseudo_supervision1 : 0.000000pseudo_supervision2 : 0.000000
iteration 8920 :model1 loss : 0.186409model2 loss : 0.161421pseudo_supervision1 : 0.000000pseudo_supervision2 : 0.000000
iteration 8940 :model1 loss : 0.276959model2 loss : 0.094617pseudo_supervision1 : 0.000000pseudo_supervision2 : 0.000000
iteration 8960 :model1 loss : 0.302621model2 loss : 0.074655pseudo_supervision1 : 0.000000pseudo_supervision2 : 0.000000
iteration 8980 :model1 loss : 0.202273model2 loss : 0.127708pseudo_supervision1 : 0.000000pseudo_supervision2 : 0.000000
iteration 9000 :model1 loss : 0.450518model2 loss : 0.235452pseudo_supervision1 : 0.000000pseudo_supervision2 : 0.000000
save model to ../model/BTCV_5_C3PS_scalar_baseline_same_split_with_magicNet_3channels_nosemi_SGD_SGD/unet_3D_old/model_iter_9000.pth
save model2 to ../model/BTCV_5_C3PS_scalar_baseline_same_split_with_magicNet_3channels_nosemi_SGD_SGD/unet_3D_old/model2_iter_9000.pth
iteration 9020 :model1 loss : 0.182566model2 loss : 0.243573pseudo_supervision1 : 0.000000pseudo_supervision2 : 0.000000
iteration 9040 :model1 loss : 0.168312model2 loss : 0.273351pseudo_supervision1 : 0.000000pseudo_supervision2 : 0.000000
iteration 9060 :model1 loss : 0.192616model2 loss : 0.164588pseudo_supervision1 : 0.000000pseudo_supervision2 : 0.000000
iteration 9080 :model1 loss : 0.252901model2 loss : 0.130273pseudo_supervision1 : 0.000000pseudo_supervision2 : 0.000000
iteration 9100 :model1 loss : 0.206724model2 loss : 0.195231pseudo_supervision1 : 0.000000pseudo_supervision2 : 0.000000
iteration 9120 :model1 loss : 0.271092model2 loss : 0.167140pseudo_supervision1 : 0.000000pseudo_supervision2 : 0.000000
iteration 9140 :model1 loss : 0.181477model2 loss : 0.115010pseudo_supervision1 : 0.000000pseudo_supervision2 : 0.000000
iteration 9160 :model1 loss : 0.156820model2 loss : 0.180931pseudo_supervision1 : 0.000000pseudo_supervision2 : 0.000000
iteration 9180 :model1 loss : 0.166148model2 loss : 0.194705pseudo_supervision1 : 0.000000pseudo_supervision2 : 0.000000
iteration 9200 :model1 loss : 0.199794model2 loss : 0.192869pseudo_supervision1 : 0.000000pseudo_supervision2 : 0.000000
began evaluation!
iteration 9200: validation sampled 4/12 cases
Total test images: 4
Validation begin
Validation end
avg metric shape: (13, 3)
iteration 9200 : model_dice_score : 0.527353 model_hd95 : 17.307692
began evaluation!
Total test images: 4
Validation begin
===>test image:/projects/weilab/liupeng/data/raw/ssl_seg/BTCV/Training_resampled_1.5_1.5_2.0_npy_zscore/img/img0035.npy
condition batch eval, img shape:(235, 314, 314), sx:4, sy:4, sz:4, num_conditions:2
condition:1, metric:[0.58637522 0.         0.        ]
condition:2, metric:[0.56912978 0.         0.        ]
condition batch eval, img shape:(235, 314, 314), sx:4, sy:4, sz:4, num_conditions:2
condition:3, metric:[0.70745959 0.         0.        ]
condition:4, metric:[  0. 150. 150.]
condition batch eval, img shape:(235, 314, 314), sx:4, sy:4, sz:4, num_conditions:2
condition:5, metric:[0. 0. 0.]
condition:6, metric:[0.39664863 0.         0.        ]
condition batch eval, img shape:(235, 314, 314), sx:4, sy:4, sz:4, num_conditions:2
condition:7, metric:[0.11542301 0.         0.        ]
condition:8, metric:[0.43080561 0.         0.        ]
condition batch eval, img shape:(235, 314, 314), sx:4, sy:4, sz:4, num_conditions:2
condition:9, metric:[0.5496322 0.        0.       ]
condition:10, metric:[0.0755105 0.        0.       ]
condition batch eval, img shape:(235, 314, 314), sx:4, sy:4, sz:4, num_conditions:2
condition:11, metric:[0.09727068 0.         0.        ]
condition:12, metric:[0. 0. 0.]
condition batch eval, img shape:(235, 314, 314), sx:4, sy:4, sz:4, num_conditions:1
condition:13, metric:[0. 0. 0.]
===>test image:/projects/weilab/liupeng/data/raw/ssl_seg/BTCV/Training_resampled_1.5_1.5_2.0_npy_zscore/img/img0003.npy
condition batch eval, img shape:(297, 307, 307), sx:5, sy:4, sz:4, num_conditions:2
condition:1, metric:[0.52916297 0.         0.        ]
condition:2, metric:[0.66906939 0.         0.        ]
condition batch eval, img shape:(297, 307, 307), sx:5, sy:4, sz:4, num_conditions:2
condition:3, metric:[0.46845805 0.         0.        ]
condition:4, metric:[0.2646481 0.        0.       ]
condition batch eval, img shape:(297, 307, 307), sx:5, sy:4, sz:4, num_conditions:2
condition:5, metric:[0. 0. 0.]
condition:6, metric:[0.4717575 0.        0.       ]
condition batch eval, img shape:(297, 307, 307), sx:5, sy:4, sz:4, num_conditions:2
condition:7, metric:[0.12113974 0.         0.        ]
condition:8, metric:[0.64287286 0.         0.        ]
condition batch eval, img shape:(297, 307, 307), sx:5, sy:4, sz:4, num_conditions:2
condition:9, metric:[0.40888093 0.         0.        ]
condition:10, metric:[0. 0. 0.]
condition batch eval, img shape:(297, 307, 307), sx:5, sy:4, sz:4, num_conditions:2
condition:11, metric:[0. 0. 0.]
condition:12, metric:[0. 0. 0.]
condition batch eval, img shape:(297, 307, 307), sx:5, sy:4, sz:4, num_conditions:1
condition:13, metric:[0. 0. 0.]
===>test image:/projects/weilab/liupeng/data/raw/ssl_seg/BTCV/Training_resampled_1.5_1.5_2.0_npy_zscore/img/img0004.npy
condition batch eval, img shape:(210, 203, 203), sx:3, sy:2, sz:2, num_conditions:2
condition:1, metric:[0.38550019 0.         0.        ]
condition:2, metric:[0.5596847 0.        0.       ]
condition batch eval, img shape:(210, 203, 203), sx:3, sy:2, sz:2, num_conditions:2
condition:3, metric:[0.82111808 0.         0.        ]
condition:4, metric:[0.06266471 0.         0.        ]
condition batch eval, img shape:(210, 203, 203), sx:3, sy:2, sz:2, num_conditions:2
condition:5, metric:[0. 0. 0.]
condition:6, metric:[0.69848284 0.         0.        ]
condition batch eval, img shape:(210, 203, 203), sx:3, sy:2, sz:2, num_conditions:2
condition:7, metric:[0.18098028 0.         0.        ]
condition:8, metric:[0.3678351 0.        0.       ]
condition batch eval, img shape:(210, 203, 203), sx:3, sy:2, sz:2, num_conditions:2
condition:9, metric:[0.47506613 0.         0.        ]
condition:10, metric:[0.0764369 0.        0.       ]
condition batch eval, img shape:(210, 203, 203), sx:3, sy:2, sz:2, num_conditions:2
condition:11, metric:[0.02096317 0.         0.        ]
condition:12, metric:[0. 0. 0.]
condition batch eval, img shape:(210, 203, 203), sx:3, sy:2, sz:2, num_conditions:1
condition:13, metric:[0. 0. 0.]
===>test image:/projects/weilab/liupeng/data/raw/ssl_seg/BTCV/Training_resampled_1.5_1.5_2.0_npy_zscore/img/img0025.npy
condition batch eval, img shape:(212, 284, 284), sx:3, sy:3, sz:3, num_conditions:2
condition:1, metric:[0.72888598 0.         0.        ]
condition:2, metric:[0.31525305 0.         0.        ]
condition batch eval, img shape:(212, 284, 284), sx:3, sy:3, sz:3, num_conditions:2
condition:3, metric:[0.05409364 0.         0.        ]
condition:4, metric:[0.71958945 0.         0.        ]
condition batch eval, img shape:(212, 284, 284), sx:3, sy:3, sz:3, num_conditions:2
condition:5, metric:[0. 0. 0.]
condition:6, metric:[0.58279095 0.         0.        ]
condition batch eval, img shape:(212, 284, 284), sx:3, sy:3, sz:3, num_conditions:2
condition:7, metric:[0.14288171 0.         0.        ]
condition:8, metric:[0.53020284 0.         0.        ]
condition batch eval, img shape:(212, 284, 284), sx:3, sy:3, sz:3, num_conditions:2
condition:9, metric:[0.41467882 0.         0.        ]
condition:10, metric:[0.00368305 0.         0.        ]
condition batch eval, img shape:(212, 284, 284), sx:3, sy:3, sz:3, num_conditions:2
condition:11, metric:[0.00373446 0.         0.        ]
condition:12, metric:[0. 0. 0.]
condition batch eval, img shape:(212, 284, 284), sx:3, sy:3, sz:3, num_conditions:1
condition:13, metric:[0. 0. 0.]
Validation end
avg metric shape: (13, 3)
iteration 9200 : model2_dice_score : 0.274015 model2_hd95 : 2.884615
save model to ../model/BTCV_5_C3PS_scalar_baseline_same_split_with_magicNet_3channels_nosemi_SGD_SGD/unet_3D_old/model_iter_9200.pth
save model2 to ../model/BTCV_5_C3PS_scalar_baseline_same_split_with_magicNet_3channels_nosemi_SGD_SGD/unet_3D_old/model2_iter_9200.pth
iteration 9220 :model1 loss : 0.152223model2 loss : 0.145017pseudo_supervision1 : 0.000000pseudo_supervision2 : 0.000000
iteration 9240 :model1 loss : 0.159060model2 loss : 0.195275pseudo_supervision1 : 0.000000pseudo_supervision2 : 0.000000
iteration 9260 :model1 loss : 0.242368model2 loss : 0.086285pseudo_supervision1 : 0.000000pseudo_supervision2 : 0.000000
iteration 9280 :model1 loss : 0.169958model2 loss : 0.105889pseudo_supervision1 : 0.000000pseudo_supervision2 : 0.000000
iteration 9300 :model1 loss : 0.174445model2 loss : 0.163914pseudo_supervision1 : 0.000000pseudo_supervision2 : 0.000000
iteration 9320 :model1 loss : 0.194534model2 loss : 0.191419pseudo_supervision1 : 0.000000pseudo_supervision2 : 0.000000
iteration 9340 :model1 loss : 0.226220model2 loss : 0.132983pseudo_supervision1 : 0.000000pseudo_supervision2 : 0.000000
iteration 9360 :model1 loss : 0.159905model2 loss : 0.116846pseudo_supervision1 : 0.000000pseudo_supervision2 : 0.000000
iteration 9380 :model1 loss : 0.162089model2 loss : 0.143478pseudo_supervision1 : 0.000000pseudo_supervision2 : 0.000000
iteration 9400 :model1 loss : 0.268629model2 loss : 0.127449pseudo_supervision1 : 0.000000pseudo_supervision2 : 0.000000
save model to ../model/BTCV_5_C3PS_scalar_baseline_same_split_with_magicNet_3channels_nosemi_SGD_SGD/unet_3D_old/model_iter_9400.pth
save model2 to ../model/BTCV_5_C3PS_scalar_baseline_same_split_with_magicNet_3channels_nosemi_SGD_SGD/unet_3D_old/model2_iter_9400.pth
iteration 9420 :model1 loss : 0.283069model2 loss : 0.062608pseudo_supervision1 : 0.000000pseudo_supervision2 : 0.000000
iteration 9440 :model1 loss : 0.469215model2 loss : 0.335681pseudo_supervision1 : 0.000000pseudo_supervision2 : 0.000000
iteration 9460 :model1 loss : 0.157643model2 loss : 0.111474pseudo_supervision1 : 0.000000pseudo_supervision2 : 0.000000
iteration 9480 :model1 loss : 0.204647model2 loss : 0.079465pseudo_supervision1 : 0.000000pseudo_supervision2 : 0.000000
iteration 9500 :model1 loss : 0.343734model2 loss : 0.175141pseudo_supervision1 : 0.000000pseudo_supervision2 : 0.000000
iteration 9520 :model1 loss : 0.145164model2 loss : 0.091821pseudo_supervision1 : 0.000000pseudo_supervision2 : 0.000000
iteration 9540 :model1 loss : 0.153906model2 loss : 0.145678pseudo_supervision1 : 0.000000pseudo_supervision2 : 0.000000
iteration 9560 :model1 loss : 0.326162model2 loss : 0.046339pseudo_supervision1 : 0.000000pseudo_supervision2 : 0.000000
iteration 9580 :model1 loss : 0.207244model2 loss : 0.100315pseudo_supervision1 : 0.000000pseudo_supervision2 : 0.000000
iteration 9600 :model1 loss : 0.269148model2 loss : 0.206160pseudo_supervision1 : 0.000000pseudo_supervision2 : 0.000000
began evaluation!
iteration 9600: validation sampled 4/12 cases
Total test images: 4
Validation begin
Validation end
avg metric shape: (13, 3)
iteration 9600 : model_dice_score : 0.533632 model_hd95 : 5.769231
began evaluation!
Total test images: 4
Validation begin
===>test image:/projects/weilab/liupeng/data/raw/ssl_seg/BTCV/Training_resampled_1.5_1.5_2.0_npy_zscore/img/img0008.npy
condition batch eval, img shape:(222, 249, 249), sx:3, sy:3, sz:3, num_conditions:2
condition:1, metric:[0.71452891 0.         0.        ]
condition:2, metric:[0.00792496 0.         0.        ]
condition batch eval, img shape:(222, 249, 249), sx:3, sy:3, sz:3, num_conditions:2
condition:3, metric:[0.00721836 0.         0.        ]
condition:4, metric:[0.59980898 0.         0.        ]
condition batch eval, img shape:(222, 249, 249), sx:3, sy:3, sz:3, num_conditions:2
condition:5, metric:[0. 0. 0.]
condition:6, metric:[0.85572645 0.         0.        ]
condition batch eval, img shape:(222, 249, 249), sx:3, sy:3, sz:3, num_conditions:2
condition:7, metric:[0.15805406 0.         0.        ]
condition:8, metric:[0.31995407 0.         0.        ]
condition batch eval, img shape:(222, 249, 249), sx:3, sy:3, sz:3, num_conditions:2
condition:9, metric:[0.5238989 0.        0.       ]
condition:10, metric:[0.00585987 0.         0.        ]
condition batch eval, img shape:(222, 249, 249), sx:3, sy:3, sz:3, num_conditions:2
condition:11, metric:[0.19417298 0.         0.        ]
condition:12, metric:[0. 0. 0.]
condition batch eval, img shape:(222, 249, 249), sx:3, sy:3, sz:3, num_conditions:1
condition:13, metric:[0. 0. 0.]
===>test image:/projects/weilab/liupeng/data/raw/ssl_seg/BTCV/Training_resampled_1.5_1.5_2.0_npy_zscore/img/img0001.npy
condition batch eval, img shape:(220, 228, 228), sx:3, sy:3, sz:3, num_conditions:2
condition:1, metric:[0.35422204 0.         0.        ]
condition:2, metric:[0.2557912 0.        0.       ]
condition batch eval, img shape:(220, 228, 228), sx:3, sy:3, sz:3, num_conditions:2
condition:3, metric:[0.71985662 0.         0.        ]
condition:4, metric:[0.00865733 0.         0.        ]
condition batch eval, img shape:(220, 228, 228), sx:3, sy:3, sz:3, num_conditions:2
condition:5, metric:[0.01407475 0.         0.        ]
condition:6, metric:[0.80850135 0.         0.        ]
condition batch eval, img shape:(220, 228, 228), sx:3, sy:3, sz:3, num_conditions:2
condition:7, metric:[0.40006171 0.         0.        ]
condition:8, metric:[0.45728131 0.         0.        ]
condition batch eval, img shape:(220, 228, 228), sx:3, sy:3, sz:3, num_conditions:2
condition:9, metric:[0.48011106 0.         0.        ]
condition:10, metric:[0.16137622 0.         0.        ]
condition batch eval, img shape:(220, 228, 228), sx:3, sy:3, sz:3, num_conditions:2
condition:11, metric:[0.014662 0.       0.      ]
condition:12, metric:[0. 0. 0.]
condition batch eval, img shape:(220, 228, 228), sx:3, sy:3, sz:3, num_conditions:1
condition:13, metric:[0. 0. 0.]
===>test image:/projects/weilab/liupeng/data/raw/ssl_seg/BTCV/Training_resampled_1.5_1.5_2.0_npy_zscore/img/img0003.npy
condition batch eval, img shape:(297, 307, 307), sx:5, sy:4, sz:4, num_conditions:2
condition:1, metric:[0.36099976 0.         0.        ]
condition:2, metric:[0.55741985 0.         0.        ]
condition batch eval, img shape:(297, 307, 307), sx:5, sy:4, sz:4, num_conditions:2
condition:3, metric:[0.78320877 0.         0.        ]
condition:4, metric:[0.11993441 0.         0.        ]
condition batch eval, img shape:(297, 307, 307), sx:5, sy:4, sz:4, num_conditions:2
condition:5, metric:[0. 0. 0.]
condition:6, metric:[0.6155781 0.        0.       ]
condition batch eval, img shape:(297, 307, 307), sx:5, sy:4, sz:4, num_conditions:2
condition:7, metric:[0.32187242 0.         0.        ]
condition:8, metric:[0.60887563 0.         0.        ]
condition batch eval, img shape:(297, 307, 307), sx:5, sy:4, sz:4, num_conditions:2
condition:9, metric:[0.37481079 0.         0.        ]
condition:10, metric:[0. 0. 0.]
condition batch eval, img shape:(297, 307, 307), sx:5, sy:4, sz:4, num_conditions:2
condition:11, metric:[0. 0. 0.]
condition:12, metric:[0. 0. 0.]
condition batch eval, img shape:(297, 307, 307), sx:5, sy:4, sz:4, num_conditions:1
condition:13, metric:[0. 0. 0.]
===>test image:/projects/weilab/liupeng/data/raw/ssl_seg/BTCV/Training_resampled_1.5_1.5_2.0_npy_zscore/img/img0025.npy
condition batch eval, img shape:(212, 284, 284), sx:3, sy:3, sz:3, num_conditions:2
condition:1, metric:[0.37529078 0.         0.        ]
condition:2, metric:[0.05176862 0.         0.        ]
condition batch eval, img shape:(212, 284, 284), sx:3, sy:3, sz:3, num_conditions:2
condition:3, metric:[0.33882198 0.         0.        ]
condition:4, metric:[0.74102231 0.         0.        ]
condition batch eval, img shape:(212, 284, 284), sx:3, sy:3, sz:3, num_conditions:2
condition:5, metric:[0. 0. 0.]
condition:6, metric:[0.74947599 0.         0.        ]
condition batch eval, img shape:(212, 284, 284), sx:3, sy:3, sz:3, num_conditions:2
condition:7, metric:[0.34663668 0.         0.        ]
condition:8, metric:[0.52348458 0.         0.        ]
condition batch eval, img shape:(212, 284, 284), sx:3, sy:3, sz:3, num_conditions:2
condition:9, metric:[0.43461345 0.         0.        ]
condition:10, metric:[0.00048858 0.         0.        ]
condition batch eval, img shape:(212, 284, 284), sx:3, sy:3, sz:3, num_conditions:2
condition:11, metric:[0. 0. 0.]
condition:12, metric:[0. 0. 0.]
condition batch eval, img shape:(212, 284, 284), sx:3, sy:3, sz:3, num_conditions:1
condition:13, metric:[  0. 150. 150.]
Validation end
avg metric shape: (13, 3)
iteration 9600 : model2_dice_score : 0.276270 model2_hd95 : 2.884615
save model to ../model/BTCV_5_C3PS_scalar_baseline_same_split_with_magicNet_3channels_nosemi_SGD_SGD/unet_3D_old/model_iter_9600.pth
save model2 to ../model/BTCV_5_C3PS_scalar_baseline_same_split_with_magicNet_3channels_nosemi_SGD_SGD/unet_3D_old/model2_iter_9600.pth
iteration 9620 :model1 loss : 0.218293model2 loss : 0.144020pseudo_supervision1 : 0.000000pseudo_supervision2 : 0.000000
iteration 9640 :model1 loss : 0.164122model2 loss : 0.167500pseudo_supervision1 : 0.000000pseudo_supervision2 : 0.000000
iteration 9660 :model1 loss : 0.297584model2 loss : 0.151461pseudo_supervision1 : 0.000000pseudo_supervision2 : 0.000000
iteration 9680 :model1 loss : 0.174803model2 loss : 0.179916pseudo_supervision1 : 0.000000pseudo_supervision2 : 0.000000
iteration 9700 :model1 loss : 0.326757model2 loss : 0.076702pseudo_supervision1 : 0.000000pseudo_supervision2 : 0.000000
iteration 9720 :model1 loss : 0.229458model2 loss : 0.157080pseudo_supervision1 : 0.000000pseudo_supervision2 : 0.000000
iteration 9740 :model1 loss : 0.218690model2 loss : 0.151673pseudo_supervision1 : 0.000000pseudo_supervision2 : 0.000000
iteration 9760 :model1 loss : 0.167126model2 loss : 0.166226pseudo_supervision1 : 0.000000pseudo_supervision2 : 0.000000
iteration 9780 :model1 loss : 0.155279model2 loss : 0.139861pseudo_supervision1 : 0.000000pseudo_supervision2 : 0.000000
iteration 9800 :model1 loss : 0.243523model2 loss : 0.079025pseudo_supervision1 : 0.000000pseudo_supervision2 : 0.000000
save model to ../model/BTCV_5_C3PS_scalar_baseline_same_split_with_magicNet_3channels_nosemi_SGD_SGD/unet_3D_old/model_iter_9800.pth
save model2 to ../model/BTCV_5_C3PS_scalar_baseline_same_split_with_magicNet_3channels_nosemi_SGD_SGD/unet_3D_old/model2_iter_9800.pth
iteration 9820 :model1 loss : 0.148162model2 loss : 0.158016pseudo_supervision1 : 0.000000pseudo_supervision2 : 0.000000
iteration 9840 :model1 loss : 0.174666model2 loss : 0.115352pseudo_supervision1 : 0.000000pseudo_supervision2 : 0.000000
iteration 9860 :model1 loss : 0.183526model2 loss : 0.205124pseudo_supervision1 : 0.000000pseudo_supervision2 : 0.000000
iteration 9880 :model1 loss : 0.272827model2 loss : 0.140128pseudo_supervision1 : 0.000000pseudo_supervision2 : 0.000000
iteration 9900 :model1 loss : 0.166223model2 loss : 0.098378pseudo_supervision1 : 0.000000pseudo_supervision2 : 0.000000
iteration 9920 :model1 loss : 0.168369model2 loss : 0.160829pseudo_supervision1 : 0.000000pseudo_supervision2 : 0.000000
iteration 9940 :model1 loss : 0.172981model2 loss : 0.197158pseudo_supervision1 : 0.000000pseudo_supervision2 : 0.000000
iteration 9960 :model1 loss : 0.241726model2 loss : 0.126021pseudo_supervision1 : 0.000000pseudo_supervision2 : 0.000000
iteration 9980 :model1 loss : 0.150744model2 loss : 0.063976pseudo_supervision1 : 0.000000pseudo_supervision2 : 0.000000
iteration 10000 :model1 loss : 0.245977model2 loss : 0.060100pseudo_supervision1 : 0.000000pseudo_supervision2 : 0.000000
began evaluation!
iteration 10000: validation sampled 4/12 cases
Total test images: 4
Validation begin
Validation end
avg metric shape: (13, 3)
iteration 10000 : model_dice_score : 0.618452 model_hd95 : 5.769231
began evaluation!
Total test images: 4
Validation begin
===>test image:/projects/weilab/liupeng/data/raw/ssl_seg/BTCV/Training_resampled_1.5_1.5_2.0_npy_zscore/img/img0025.npy
condition batch eval, img shape:(212, 284, 284), sx:3, sy:3, sz:3, num_conditions:2
condition:1, metric:[0.81884412 0.         0.        ]
condition:2, metric:[0.10711969 0.         0.        ]
condition batch eval, img shape:(212, 284, 284), sx:3, sy:3, sz:3, num_conditions:2
condition:3, metric:[0.16252855 0.         0.        ]
condition:4, metric:[0.80807888 0.         0.        ]
condition batch eval, img shape:(212, 284, 284), sx:3, sy:3, sz:3, num_conditions:2
condition:5, metric:[0. 0. 0.]
condition:6, metric:[0.00034053 0.         0.        ]
condition batch eval, img shape:(212, 284, 284), sx:3, sy:3, sz:3, num_conditions:2
condition:7, metric:[1.04579538e-05 0.00000000e+00 0.00000000e+00]
condition:8, metric:[0.64796472 0.         0.        ]
condition batch eval, img shape:(212, 284, 284), sx:3, sy:3, sz:3, num_conditions:2
condition:9, metric:[0.07834828 0.         0.        ]
condition:10, metric:[0. 0. 0.]
condition batch eval, img shape:(212, 284, 284), sx:3, sy:3, sz:3, num_conditions:2
condition:11, metric:[0. 0. 0.]
condition:12, metric:[  0. 150. 150.]
condition batch eval, img shape:(212, 284, 284), sx:3, sy:3, sz:3, num_conditions:1
condition:13, metric:[  0. 150. 150.]
===>test image:/projects/weilab/liupeng/data/raw/ssl_seg/BTCV/Training_resampled_1.5_1.5_2.0_npy_zscore/img/img0002.npy
condition batch eval, img shape:(208, 246, 246), sx:3, sy:3, sz:3, num_conditions:2
condition:1, metric:[0.56083082 0.         0.        ]
condition:2, metric:[0.74446326 0.         0.        ]
condition batch eval, img shape:(208, 246, 246), sx:3, sy:3, sz:3, num_conditions:2
condition:3, metric:[0.82446871 0.         0.        ]
condition:4, metric:[0.76591438 0.         0.        ]
condition batch eval, img shape:(208, 246, 246), sx:3, sy:3, sz:3, num_conditions:2
condition:5, metric:[0.0049011 0.        0.       ]
condition:6, metric:[0.00018597 0.         0.        ]
condition batch eval, img shape:(208, 246, 246), sx:3, sy:3, sz:3, num_conditions:2
condition:7, metric:[0.00411762 0.         0.        ]
condition:8, metric:[0.83623176 0.         0.        ]
condition batch eval, img shape:(208, 246, 246), sx:3, sy:3, sz:3, num_conditions:2
condition:9, metric:[0.38146473 0.         0.        ]
condition:10, metric:[0.11295965 0.         0.        ]
condition batch eval, img shape:(208, 246, 246), sx:3, sy:3, sz:3, num_conditions:2
condition:11, metric:[0.13130209 0.         0.        ]
condition:12, metric:[  0. 150. 150.]
condition batch eval, img shape:(208, 246, 246), sx:3, sy:3, sz:3, num_conditions:1
condition:13, metric:[  0. 150. 150.]
===>test image:/projects/weilab/liupeng/data/raw/ssl_seg/BTCV/Training_resampled_1.5_1.5_2.0_npy_zscore/img/img0001.npy
condition batch eval, img shape:(220, 228, 228), sx:3, sy:3, sz:3, num_conditions:2
condition:1, metric:[0.75053677 0.         0.        ]
condition:2, metric:[0.46719013 0.         0.        ]
condition batch eval, img shape:(220, 228, 228), sx:3, sy:3, sz:3, num_conditions:2
condition:3, metric:[0.71141904 0.         0.        ]
condition:4, metric:[0.07155494 0.         0.        ]
condition batch eval, img shape:(220, 228, 228), sx:3, sy:3, sz:3, num_conditions:2
condition:5, metric:[0.13215387 0.         0.        ]
condition:6, metric:[0.00067438 0.         0.        ]
condition batch eval, img shape:(220, 228, 228), sx:3, sy:3, sz:3, num_conditions:2
condition:7, metric:[0. 0. 0.]
condition:8, metric:[0.54506088 0.         0.        ]
condition batch eval, img shape:(220, 228, 228), sx:3, sy:3, sz:3, num_conditions:2
condition:9, metric:[0.16998386 0.         0.        ]
condition:10, metric:[0.03605002 0.         0.        ]
condition batch eval, img shape:(220, 228, 228), sx:3, sy:3, sz:3, num_conditions:2
condition:11, metric:[0.0119384 0.        0.       ]
condition:12, metric:[  0. 150. 150.]
condition batch eval, img shape:(220, 228, 228), sx:3, sy:3, sz:3, num_conditions:1
condition:13, metric:[  0. 150. 150.]
===>test image:/projects/weilab/liupeng/data/raw/ssl_seg/BTCV/Training_resampled_1.5_1.5_2.0_npy_zscore/img/img0032.npy
condition batch eval, img shape:(216, 253, 253), sx:3, sy:3, sz:3, num_conditions:2
condition:1, metric:[0.57322679 0.         0.        ]
condition:2, metric:[0.81527317 0.         0.        ]
condition batch eval, img shape:(216, 253, 253), sx:3, sy:3, sz:3, num_conditions:2
condition:3, metric:[0.8069405 0.        0.       ]
condition:4, metric:[0.63346105 0.         0.        ]
condition batch eval, img shape:(216, 253, 253), sx:3, sy:3, sz:3, num_conditions:2
condition:5, metric:[0.0345848 0.        0.       ]
condition:6, metric:[6.49156745e-05 0.00000000e+00 0.00000000e+00]
condition batch eval, img shape:(216, 253, 253), sx:3, sy:3, sz:3, num_conditions:2
condition:7, metric:[0.00049759 0.         0.        ]
condition:8, metric:[0.55274096 0.         0.        ]
condition batch eval, img shape:(216, 253, 253), sx:3, sy:3, sz:3, num_conditions:2
condition:9, metric:[0.2944501 0.        0.       ]
condition:10, metric:[0.03648244 0.         0.        ]
condition batch eval, img shape:(216, 253, 253), sx:3, sy:3, sz:3, num_conditions:2
condition:11, metric:[0.06273983 0.         0.        ]
condition:12, metric:[0. 0. 0.]
condition batch eval, img shape:(216, 253, 253), sx:3, sy:3, sz:3, num_conditions:1
condition:13, metric:[  0. 150. 150.]
Validation end
avg metric shape: (13, 3)
iteration 10000 : model2_dice_score : 0.263406 model2_hd95 : 20.192308
save model to ../model/BTCV_5_C3PS_scalar_baseline_same_split_with_magicNet_3channels_nosemi_SGD_SGD/unet_3D_old/model_iter_10000.pth
save model2 to ../model/BTCV_5_C3PS_scalar_baseline_same_split_with_magicNet_3channels_nosemi_SGD_SGD/unet_3D_old/model2_iter_10000.pth
iteration 10020 :model1 loss : 0.191198model2 loss : 0.176037pseudo_supervision1 : 0.000000pseudo_supervision2 : 0.000000
iteration 10040 :model1 loss : 0.296875model2 loss : 0.054616pseudo_supervision1 : 0.000000pseudo_supervision2 : 0.000000
iteration 10060 :model1 loss : 0.165116model2 loss : 0.115224pseudo_supervision1 : 0.000000pseudo_supervision2 : 0.000000
iteration 10080 :model1 loss : 0.194092model2 loss : 0.083425pseudo_supervision1 : 0.000000pseudo_supervision2 : 0.000000
iteration 10100 :model1 loss : 0.173324model2 loss : 0.193723pseudo_supervision1 : 0.000000pseudo_supervision2 : 0.000000
iteration 10120 :model1 loss : 0.244465model2 loss : 0.052837pseudo_supervision1 : 0.000000pseudo_supervision2 : 0.000000
iteration 10140 :model1 loss : 0.335400model2 loss : 0.060766pseudo_supervision1 : 0.000000pseudo_supervision2 : 0.000000
iteration 10160 :model1 loss : 0.182608model2 loss : 0.161683pseudo_supervision1 : 0.000000pseudo_supervision2 : 0.000000
iteration 10180 :model1 loss : 0.151901model2 loss : 0.087783pseudo_supervision1 : 0.000000pseudo_supervision2 : 0.000000
iteration 10200 :model1 loss : 0.167695model2 loss : 0.210701pseudo_supervision1 : 0.000000pseudo_supervision2 : 0.000000
save model to ../model/BTCV_5_C3PS_scalar_baseline_same_split_with_magicNet_3channels_nosemi_SGD_SGD/unet_3D_old/model_iter_10200.pth
save model2 to ../model/BTCV_5_C3PS_scalar_baseline_same_split_with_magicNet_3channels_nosemi_SGD_SGD/unet_3D_old/model2_iter_10200.pth
iteration 10220 :model1 loss : 0.243192model2 loss : 0.055498pseudo_supervision1 : 0.000000pseudo_supervision2 : 0.000000
iteration 10240 :model1 loss : 0.172233model2 loss : 0.134479pseudo_supervision1 : 0.000000pseudo_supervision2 : 0.000000
iteration 10260 :model1 loss : 0.302953model2 loss : 0.142573pseudo_supervision1 : 0.000000pseudo_supervision2 : 0.000000
iteration 10280 :model1 loss : 0.184123model2 loss : 0.244057pseudo_supervision1 : 0.000000pseudo_supervision2 : 0.000000
iteration 10300 :model1 loss : 0.149740model2 loss : 0.086393pseudo_supervision1 : 0.000000pseudo_supervision2 : 0.000000
iteration 10320 :model1 loss : 0.158539model2 loss : 0.085548pseudo_supervision1 : 0.000000pseudo_supervision2 : 0.000000
iteration 10340 :model1 loss : 0.174488model2 loss : 0.123276pseudo_supervision1 : 0.000000pseudo_supervision2 : 0.000000
iteration 10360 :model1 loss : 0.178060model2 loss : 0.281118pseudo_supervision1 : 0.000000pseudo_supervision2 : 0.000000
iteration 10380 :model1 loss : 0.267953model2 loss : 0.139163pseudo_supervision1 : 0.000000pseudo_supervision2 : 0.000000
iteration 10400 :model1 loss : 0.179832model2 loss : 0.250739pseudo_supervision1 : 0.000000pseudo_supervision2 : 0.000000
began evaluation!
iteration 10400: validation sampled 4/12 cases
Total test images: 4
Validation begin
Validation end
avg metric shape: (13, 3)
iteration 10400 : model_dice_score : 0.605212 model_hd95 : 2.884615
began evaluation!
Total test images: 4
Validation begin
===>test image:/projects/weilab/liupeng/data/raw/ssl_seg/BTCV/Training_resampled_1.5_1.5_2.0_npy_zscore/img/img0032.npy
condition batch eval, img shape:(216, 253, 253), sx:3, sy:3, sz:3, num_conditions:2
condition:1, metric:[0.5716955 0.        0.       ]
condition:2, metric:[0.84208203 0.         0.        ]
condition batch eval, img shape:(216, 253, 253), sx:3, sy:3, sz:3, num_conditions:2
condition:3, metric:[0.80837076 0.         0.        ]
condition:4, metric:[0.67744057 0.         0.        ]
condition batch eval, img shape:(216, 253, 253), sx:3, sy:3, sz:3, num_conditions:2
condition:5, metric:[0.03234073 0.         0.        ]
condition:6, metric:[0.84865331 0.         0.        ]
condition batch eval, img shape:(216, 253, 253), sx:3, sy:3, sz:3, num_conditions:2
condition:7, metric:[0.44328504 0.         0.        ]
condition:8, metric:[0.18124768 0.         0.        ]
condition batch eval, img shape:(216, 253, 253), sx:3, sy:3, sz:3, num_conditions:2
condition:9, metric:[0.26188299 0.         0.        ]
condition:10, metric:[0.02214651 0.         0.        ]
condition batch eval, img shape:(216, 253, 253), sx:3, sy:3, sz:3, num_conditions:2
condition:11, metric:[0.12667986 0.         0.        ]
condition:12, metric:[0. 0. 0.]
condition batch eval, img shape:(216, 253, 253), sx:3, sy:3, sz:3, num_conditions:1
condition:13, metric:[0. 0. 0.]
===>test image:/projects/weilab/liupeng/data/raw/ssl_seg/BTCV/Training_resampled_1.5_1.5_2.0_npy_zscore/img/img0022.npy
condition batch eval, img shape:(222, 262, 262), sx:3, sy:3, sz:3, num_conditions:2
condition:1, metric:[0.64743438 0.         0.        ]
condition:2, metric:[0.71220238 0.         0.        ]
condition batch eval, img shape:(222, 262, 262), sx:3, sy:3, sz:3, num_conditions:2
condition:3, metric:[0.84266253 0.         0.        ]
condition:4, metric:[0.19504575 0.         0.        ]
condition batch eval, img shape:(222, 262, 262), sx:3, sy:3, sz:3, num_conditions:2
condition:5, metric:[0.02285497 0.         0.        ]
condition:6, metric:[0.85726136 0.         0.        ]
condition batch eval, img shape:(222, 262, 262), sx:3, sy:3, sz:3, num_conditions:2
condition:7, metric:[0.09369211 0.         0.        ]
condition:8, metric:[0.58282786 0.         0.        ]
condition batch eval, img shape:(222, 262, 262), sx:3, sy:3, sz:3, num_conditions:2
condition:9, metric:[0.43958323 0.         0.        ]
condition:10, metric:[0.07527885 0.         0.        ]
condition batch eval, img shape:(222, 262, 262), sx:3, sy:3, sz:3, num_conditions:2
condition:11, metric:[0.09196041 0.         0.        ]
condition:12, metric:[0.0180624 0.        0.       ]
condition batch eval, img shape:(222, 262, 262), sx:3, sy:3, sz:3, num_conditions:1
condition:13, metric:[0. 0. 0.]
===>test image:/projects/weilab/liupeng/data/raw/ssl_seg/BTCV/Training_resampled_1.5_1.5_2.0_npy_zscore/img/img0038.npy
condition batch eval, img shape:(250, 333, 333), sx:4, sy:4, sz:4, num_conditions:2
condition:1, metric:[0.64684715 0.         0.        ]
condition:2, metric:[0.4192321 0.        0.       ]
condition batch eval, img shape:(250, 333, 333), sx:4, sy:4, sz:4, num_conditions:2
condition:3, metric:[0.60095501 0.         0.        ]
condition:4, metric:[0.00025629 0.         0.        ]
condition batch eval, img shape:(250, 333, 333), sx:4, sy:4, sz:4, num_conditions:2
condition:5, metric:[0.00132566 0.         0.        ]
condition:6, metric:[0.71135934 0.         0.        ]
condition batch eval, img shape:(250, 333, 333), sx:4, sy:4, sz:4, num_conditions:2
condition:7, metric:[0.16800666 0.         0.        ]
condition:8, metric:[0.64929731 0.         0.        ]
condition batch eval, img shape:(250, 333, 333), sx:4, sy:4, sz:4, num_conditions:2
condition:9, metric:[0.30179141 0.         0.        ]
condition:10, metric:[0.03890284 0.         0.        ]
condition batch eval, img shape:(250, 333, 333), sx:4, sy:4, sz:4, num_conditions:2
condition:11, metric:[0.01905274 0.         0.        ]
condition:12, metric:[0. 0. 0.]
condition batch eval, img shape:(250, 333, 333), sx:4, sy:4, sz:4, num_conditions:1
condition:13, metric:[  0. 150. 150.]
===>test image:/projects/weilab/liupeng/data/raw/ssl_seg/BTCV/Training_resampled_1.5_1.5_2.0_npy_zscore/img/img0008.npy
condition batch eval, img shape:(222, 249, 249), sx:3, sy:3, sz:3, num_conditions:2
condition:1, metric:[0.75675616 0.         0.        ]
condition:2, metric:[0.01964714 0.         0.        ]
condition batch eval, img shape:(222, 249, 249), sx:3, sy:3, sz:3, num_conditions:2
condition:3, metric:[0.00658328 0.         0.        ]
condition:4, metric:[0.63723106 0.         0.        ]
condition batch eval, img shape:(222, 249, 249), sx:3, sy:3, sz:3, num_conditions:2
condition:5, metric:[0. 0. 0.]
condition:6, metric:[0.88429593 0.         0.        ]
condition batch eval, img shape:(222, 249, 249), sx:3, sy:3, sz:3, num_conditions:2
condition:7, metric:[0.17877264 0.         0.        ]
condition:8, metric:[0.28836308 0.         0.        ]
condition batch eval, img shape:(222, 249, 249), sx:3, sy:3, sz:3, num_conditions:2
condition:9, metric:[0.7246329 0.        0.       ]
condition:10, metric:[0.06149509 0.         0.        ]
condition batch eval, img shape:(222, 249, 249), sx:3, sy:3, sz:3, num_conditions:2
condition:11, metric:[0.23533898 0.         0.        ]
condition:12, metric:[0. 0. 0.]
condition batch eval, img shape:(222, 249, 249), sx:3, sy:3, sz:3, num_conditions:1
condition:13, metric:[0. 0. 0.]
Validation end
avg metric shape: (13, 3)
save model to ../model/BTCV_5_C3PS_scalar_baseline_same_split_with_magicNet_3channels_nosemi_SGD_SGD/unet_3D_old/iter_10400_dice_0.322
iteration 10400 : model2_dice_score : 0.322016 model2_hd95 : 2.884615
save model to ../model/BTCV_5_C3PS_scalar_baseline_same_split_with_magicNet_3channels_nosemi_SGD_SGD/unet_3D_old/model_iter_10400.pth
save model2 to ../model/BTCV_5_C3PS_scalar_baseline_same_split_with_magicNet_3channels_nosemi_SGD_SGD/unet_3D_old/model2_iter_10400.pth
iteration 10420 :model1 loss : 0.325940model2 loss : 0.217305pseudo_supervision1 : 0.000000pseudo_supervision2 : 0.000000
iteration 10440 :model1 loss : 0.194829model2 loss : 0.101209pseudo_supervision1 : 0.000000pseudo_supervision2 : 0.000000
iteration 10460 :model1 loss : 0.355737model2 loss : 0.083321pseudo_supervision1 : 0.000000pseudo_supervision2 : 0.000000
iteration 10480 :model1 loss : 0.193772model2 loss : 0.188904pseudo_supervision1 : 0.000000pseudo_supervision2 : 0.000000
iteration 10500 :model1 loss : 0.157118model2 loss : 0.138087pseudo_supervision1 : 0.000000pseudo_supervision2 : 0.000000
iteration 10520 :model1 loss : 0.136768model2 loss : 0.094245pseudo_supervision1 : 0.000000pseudo_supervision2 : 0.000000
iteration 10540 :model1 loss : 0.150771model2 loss : 0.145602pseudo_supervision1 : 0.000000pseudo_supervision2 : 0.000000
iteration 10560 :model1 loss : 0.229055model2 loss : 0.171901pseudo_supervision1 : 0.000000pseudo_supervision2 : 0.000000
iteration 10580 :model1 loss : 0.309115model2 loss : 0.074235pseudo_supervision1 : 0.000000pseudo_supervision2 : 0.000000
iteration 10600 :model1 loss : 0.211394model2 loss : 0.162030pseudo_supervision1 : 0.000000pseudo_supervision2 : 0.000000
save model to ../model/BTCV_5_C3PS_scalar_baseline_same_split_with_magicNet_3channels_nosemi_SGD_SGD/unet_3D_old/model_iter_10600.pth
save model2 to ../model/BTCV_5_C3PS_scalar_baseline_same_split_with_magicNet_3channels_nosemi_SGD_SGD/unet_3D_old/model2_iter_10600.pth
iteration 10620 :model1 loss : 0.389827model2 loss : 0.172959pseudo_supervision1 : 0.000000pseudo_supervision2 : 0.000000
iteration 10640 :model1 loss : 0.154390model2 loss : 0.202033pseudo_supervision1 : 0.000000pseudo_supervision2 : 0.000000
iteration 10660 :model1 loss : 0.274507model2 loss : 0.048251pseudo_supervision1 : 0.000000pseudo_supervision2 : 0.000000
iteration 10680 :model1 loss : 0.175433model2 loss : 0.076948pseudo_supervision1 : 0.000000pseudo_supervision2 : 0.000000
iteration 10700 :model1 loss : 0.167521model2 loss : 0.172204pseudo_supervision1 : 0.000000pseudo_supervision2 : 0.000000
iteration 10720 :model1 loss : 0.159925model2 loss : 0.105937pseudo_supervision1 : 0.000000pseudo_supervision2 : 0.000000
iteration 10740 :model1 loss : 0.125417model2 loss : 0.141690pseudo_supervision1 : 0.000000pseudo_supervision2 : 0.000000
iteration 10760 :model1 loss : 0.169653model2 loss : 0.136038pseudo_supervision1 : 0.000000pseudo_supervision2 : 0.000000
iteration 10780 :model1 loss : 0.249827model2 loss : 0.092857pseudo_supervision1 : 0.000000pseudo_supervision2 : 0.000000
iteration 10800 :model1 loss : 0.263455model2 loss : 0.126752pseudo_supervision1 : 0.000000pseudo_supervision2 : 0.000000
began evaluation!
iteration 10800: validation sampled 4/12 cases
Total test images: 4
Validation begin
Validation end
avg metric shape: (13, 3)
iteration 10800 : model_dice_score : 0.637865 model_hd95 : 0.000000
began evaluation!
Total test images: 4
Validation begin
===>test image:/projects/weilab/liupeng/data/raw/ssl_seg/BTCV/Training_resampled_1.5_1.5_2.0_npy_zscore/img/img0038.npy
condition batch eval, img shape:(250, 333, 333), sx:4, sy:4, sz:4, num_conditions:2
condition:1, metric:[0.73802706 0.         0.        ]
condition:2, metric:[0.5345165 0.        0.       ]
condition batch eval, img shape:(250, 333, 333), sx:4, sy:4, sz:4, num_conditions:2
condition:3, metric:[0.65134948 0.         0.        ]
condition:4, metric:[0. 0. 0.]
condition batch eval, img shape:(250, 333, 333), sx:4, sy:4, sz:4, num_conditions:2
condition:5, metric:[0. 0. 0.]
condition:6, metric:[0.57983825 0.         0.        ]
condition batch eval, img shape:(250, 333, 333), sx:4, sy:4, sz:4, num_conditions:2
condition:7, metric:[0.07807825 0.         0.        ]
condition:8, metric:[0.72827926 0.         0.        ]
condition batch eval, img shape:(250, 333, 333), sx:4, sy:4, sz:4, num_conditions:2
condition:9, metric:[0.33222055 0.         0.        ]
condition:10, metric:[0.16450457 0.         0.        ]
condition batch eval, img shape:(250, 333, 333), sx:4, sy:4, sz:4, num_conditions:2
condition:11, metric:[0.18051444 0.         0.        ]
condition:12, metric:[0. 0. 0.]
condition batch eval, img shape:(250, 333, 333), sx:4, sy:4, sz:4, num_conditions:1
condition:13, metric:[  0. 150. 150.]
===>test image:/projects/weilab/liupeng/data/raw/ssl_seg/BTCV/Training_resampled_1.5_1.5_2.0_npy_zscore/img/img0002.npy
condition batch eval, img shape:(208, 246, 246), sx:3, sy:3, sz:3, num_conditions:2
condition:1, metric:[0.73192141 0.         0.        ]
condition:2, metric:[0.81563374 0.         0.        ]
condition batch eval, img shape:(208, 246, 246), sx:3, sy:3, sz:3, num_conditions:2
condition:3, metric:[0.85888308 0.         0.        ]
condition:4, metric:[0.71958855 0.         0.        ]
condition batch eval, img shape:(208, 246, 246), sx:3, sy:3, sz:3, num_conditions:2
condition:5, metric:[0.01278156 0.         0.        ]
condition:6, metric:[0.77796657 0.         0.        ]
condition batch eval, img shape:(208, 246, 246), sx:3, sy:3, sz:3, num_conditions:2
condition:7, metric:[0.57622072 0.         0.        ]
condition:8, metric:[0.71378819 0.         0.        ]
condition batch eval, img shape:(208, 246, 246), sx:3, sy:3, sz:3, num_conditions:2
condition:9, metric:[0.61352615 0.         0.        ]
condition:10, metric:[0.09796039 0.         0.        ]
condition batch eval, img shape:(208, 246, 246), sx:3, sy:3, sz:3, num_conditions:2
condition:11, metric:[0.4864846 0.        0.       ]
condition:12, metric:[0. 0. 0.]
condition batch eval, img shape:(208, 246, 246), sx:3, sy:3, sz:3, num_conditions:1
condition:13, metric:[0. 0. 0.]
===>test image:/projects/weilab/liupeng/data/raw/ssl_seg/BTCV/Training_resampled_1.5_1.5_2.0_npy_zscore/img/img0022.npy
condition batch eval, img shape:(222, 262, 262), sx:3, sy:3, sz:3, num_conditions:2
condition:1, metric:[0.7425873 0.        0.       ]
condition:2, metric:[0.71517666 0.         0.        ]
condition batch eval, img shape:(222, 262, 262), sx:3, sy:3, sz:3, num_conditions:2
condition:3, metric:[0.80505345 0.         0.        ]
condition:4, metric:[0.14373717 0.         0.        ]
condition batch eval, img shape:(222, 262, 262), sx:3, sy:3, sz:3, num_conditions:2
condition:5, metric:[0.00188887 0.         0.        ]
condition:6, metric:[0.5483529 0.        0.       ]
condition batch eval, img shape:(222, 262, 262), sx:3, sy:3, sz:3, num_conditions:2
condition:7, metric:[0.09807501 0.         0.        ]
condition:8, metric:[0.86196149 0.         0.        ]
condition batch eval, img shape:(222, 262, 262), sx:3, sy:3, sz:3, num_conditions:2
condition:9, metric:[0.56309152 0.         0.        ]
condition:10, metric:[0.08548334 0.         0.        ]
condition batch eval, img shape:(222, 262, 262), sx:3, sy:3, sz:3, num_conditions:2
condition:11, metric:[0.22361101 0.         0.        ]
condition:12, metric:[0. 0. 0.]
condition batch eval, img shape:(222, 262, 262), sx:3, sy:3, sz:3, num_conditions:1
condition:13, metric:[0. 0. 0.]
===>test image:/projects/weilab/liupeng/data/raw/ssl_seg/BTCV/Training_resampled_1.5_1.5_2.0_npy_zscore/img/img0036.npy
condition batch eval, img shape:(276, 255, 255), sx:4, sy:3, sz:3, num_conditions:2
condition:1, metric:[0.78623004 0.         0.        ]
condition:2, metric:[0.76167909 0.         0.        ]
condition batch eval, img shape:(276, 255, 255), sx:4, sy:3, sz:3, num_conditions:2
condition:3, metric:[0.93219497 0.         0.        ]
condition:4, metric:[0.17058174 0.         0.        ]
condition batch eval, img shape:(276, 255, 255), sx:4, sy:3, sz:3, num_conditions:2
condition:5, metric:[0.04339843 0.         0.        ]
condition:6, metric:[0.65950329 0.         0.        ]
condition batch eval, img shape:(276, 255, 255), sx:4, sy:3, sz:3, num_conditions:2
condition:7, metric:[0.59856618 0.         0.        ]
condition:8, metric:[0.68276889 0.         0.        ]
condition batch eval, img shape:(276, 255, 255), sx:4, sy:3, sz:3, num_conditions:2
condition:9, metric:[0.45009338 0.         0.        ]
condition:10, metric:[0.1050155 0.        0.       ]
condition batch eval, img shape:(276, 255, 255), sx:4, sy:3, sz:3, num_conditions:2
condition:11, metric:[0.06200903 0.         0.        ]
condition:12, metric:[0. 0. 0.]
condition batch eval, img shape:(276, 255, 255), sx:4, sy:3, sz:3, num_conditions:1
condition:13, metric:[  0. 150. 150.]
Validation end
avg metric shape: (13, 3)
save model to ../model/BTCV_5_C3PS_scalar_baseline_same_split_with_magicNet_3channels_nosemi_SGD_SGD/unet_3D_old/iter_10800_dice_0.3929
iteration 10800 : model2_dice_score : 0.392945 model2_hd95 : 5.769231
save model to ../model/BTCV_5_C3PS_scalar_baseline_same_split_with_magicNet_3channels_nosemi_SGD_SGD/unet_3D_old/model_iter_10800.pth
save model2 to ../model/BTCV_5_C3PS_scalar_baseline_same_split_with_magicNet_3channels_nosemi_SGD_SGD/unet_3D_old/model2_iter_10800.pth
iteration 10820 :model1 loss : 0.193176model2 loss : 0.189219pseudo_supervision1 : 0.000000pseudo_supervision2 : 0.000000
iteration 10840 :model1 loss : 0.187468model2 loss : 0.143154pseudo_supervision1 : 0.000000pseudo_supervision2 : 0.000000
iteration 10860 :model1 loss : 0.182231model2 loss : 0.136852pseudo_supervision1 : 0.000000pseudo_supervision2 : 0.000000
iteration 10880 :model1 loss : 0.181881model2 loss : 0.177136pseudo_supervision1 : 0.000000pseudo_supervision2 : 0.000000
iteration 10900 :model1 loss : 0.151684model2 loss : 0.119817pseudo_supervision1 : 0.000000pseudo_supervision2 : 0.000000
iteration 10920 :model1 loss : 0.220557model2 loss : 0.112088pseudo_supervision1 : 0.000000pseudo_supervision2 : 0.000000
iteration 10940 :model1 loss : 0.193584model2 loss : 0.188865pseudo_supervision1 : 0.000000pseudo_supervision2 : 0.000000
iteration 10960 :model1 loss : 0.202606model2 loss : 0.153042pseudo_supervision1 : 0.000000pseudo_supervision2 : 0.000000
iteration 10980 :model1 loss : 0.156713model2 loss : 0.192230pseudo_supervision1 : 0.000000pseudo_supervision2 : 0.000000
iteration 11000 :model1 loss : 0.151386model2 loss : 0.209718pseudo_supervision1 : 0.000000pseudo_supervision2 : 0.000000
save model to ../model/BTCV_5_C3PS_scalar_baseline_same_split_with_magicNet_3channels_nosemi_SGD_SGD/unet_3D_old/model_iter_11000.pth
save model2 to ../model/BTCV_5_C3PS_scalar_baseline_same_split_with_magicNet_3channels_nosemi_SGD_SGD/unet_3D_old/model2_iter_11000.pth
iteration 11020 :model1 loss : 0.209821model2 loss : 0.069334pseudo_supervision1 : 0.000000pseudo_supervision2 : 0.000000
iteration 11040 :model1 loss : 0.213837model2 loss : 0.065833pseudo_supervision1 : 0.000000pseudo_supervision2 : 0.000000
iteration 11060 :model1 loss : 0.213512model2 loss : 0.193867pseudo_supervision1 : 0.000000pseudo_supervision2 : 0.000000
iteration 11080 :model1 loss : 0.149539model2 loss : 0.084417pseudo_supervision1 : 0.000000pseudo_supervision2 : 0.000000
iteration 11100 :model1 loss : 0.140895model2 loss : 0.202974pseudo_supervision1 : 0.000000pseudo_supervision2 : 0.000000
iteration 11120 :model1 loss : 0.145969model2 loss : 0.136368pseudo_supervision1 : 0.000000pseudo_supervision2 : 0.000000
iteration 11140 :model1 loss : 0.237831model2 loss : 0.080875pseudo_supervision1 : 0.000000pseudo_supervision2 : 0.000000
iteration 11160 :model1 loss : 0.175717model2 loss : 0.114834pseudo_supervision1 : 0.000000pseudo_supervision2 : 0.000000
iteration 11180 :model1 loss : 0.299295model2 loss : 0.054246pseudo_supervision1 : 0.000000pseudo_supervision2 : 0.000000
iteration 11200 :model1 loss : 0.161716model2 loss : 0.189198pseudo_supervision1 : 0.000000pseudo_supervision2 : 0.000000
began evaluation!
iteration 11200: validation sampled 4/12 cases
Total test images: 4
Validation begin
Validation end
avg metric shape: (13, 3)
iteration 11200 : model_dice_score : 0.563680 model_hd95 : 5.769231
began evaluation!
Total test images: 4
Validation begin
===>test image:/projects/weilab/liupeng/data/raw/ssl_seg/BTCV/Training_resampled_1.5_1.5_2.0_npy_zscore/img/img0003.npy
condition batch eval, img shape:(297, 307, 307), sx:5, sy:4, sz:4, num_conditions:2
condition:1, metric:[0.59462167 0.         0.        ]
condition:2, metric:[0.49105222 0.         0.        ]
condition batch eval, img shape:(297, 307, 307), sx:5, sy:4, sz:4, num_conditions:2
condition:3, metric:[0.58825352 0.         0.        ]
condition:4, metric:[0.01646209 0.         0.        ]
condition batch eval, img shape:(297, 307, 307), sx:5, sy:4, sz:4, num_conditions:2
condition:5, metric:[0. 0. 0.]
condition:6, metric:[0.21721218 0.         0.        ]
condition batch eval, img shape:(297, 307, 307), sx:5, sy:4, sz:4, num_conditions:2
condition:7, metric:[0.10651277 0.         0.        ]
condition:8, metric:[0.60249744 0.         0.        ]
condition batch eval, img shape:(297, 307, 307), sx:5, sy:4, sz:4, num_conditions:2
condition:9, metric:[0.3217705 0.        0.       ]
condition:10, metric:[0. 0. 0.]
condition batch eval, img shape:(297, 307, 307), sx:5, sy:4, sz:4, num_conditions:2
condition:11, metric:[  0. 150. 150.]
condition:12, metric:[  0. 150. 150.]
condition batch eval, img shape:(297, 307, 307), sx:5, sy:4, sz:4, num_conditions:1
condition:13, metric:[  0. 150. 150.]
===>test image:/projects/weilab/liupeng/data/raw/ssl_seg/BTCV/Training_resampled_1.5_1.5_2.0_npy_zscore/img/img0001.npy
condition batch eval, img shape:(220, 228, 228), sx:3, sy:3, sz:3, num_conditions:2
condition:1, metric:[0.87522659 0.         0.        ]
condition:2, metric:[0.50513918 0.         0.        ]
condition batch eval, img shape:(220, 228, 228), sx:3, sy:3, sz:3, num_conditions:2
condition:3, metric:[0.72064895 0.         0.        ]
condition:4, metric:[0.0108127 0.        0.       ]
condition batch eval, img shape:(220, 228, 228), sx:3, sy:3, sz:3, num_conditions:2
condition:5, metric:[0.00360334 0.         0.        ]
condition:6, metric:[0.70648502 0.         0.        ]
condition batch eval, img shape:(220, 228, 228), sx:3, sy:3, sz:3, num_conditions:2
condition:7, metric:[0.26728569 0.         0.        ]
condition:8, metric:[0.37531459 0.         0.        ]
condition batch eval, img shape:(220, 228, 228), sx:3, sy:3, sz:3, num_conditions:2
condition:9, metric:[0.43927559 0.         0.        ]
condition:10, metric:[0.0992418 0.        0.       ]
condition batch eval, img shape:(220, 228, 228), sx:3, sy:3, sz:3, num_conditions:2
condition:11, metric:[0.01579679 0.         0.        ]
condition:12, metric:[  0. 150. 150.]
condition batch eval, img shape:(220, 228, 228), sx:3, sy:3, sz:3, num_conditions:1
condition:13, metric:[  0. 150. 150.]
===>test image:/projects/weilab/liupeng/data/raw/ssl_seg/BTCV/Training_resampled_1.5_1.5_2.0_npy_zscore/img/img0032.npy
condition batch eval, img shape:(216, 253, 253), sx:3, sy:3, sz:3, num_conditions:2
condition:1, metric:[0.68894804 0.         0.        ]
condition:2, metric:[0.71989052 0.         0.        ]
condition batch eval, img shape:(216, 253, 253), sx:3, sy:3, sz:3, num_conditions:2
condition:3, metric:[0.78371167 0.         0.        ]
condition:4, metric:[0.27757469 0.         0.        ]
condition batch eval, img shape:(216, 253, 253), sx:3, sy:3, sz:3, num_conditions:2
condition:5, metric:[0.00250724 0.         0.        ]
condition:6, metric:[0.69486677 0.         0.        ]
condition batch eval, img shape:(216, 253, 253), sx:3, sy:3, sz:3, num_conditions:2
condition:7, metric:[0.4799508 0.        0.       ]
condition:8, metric:[0.32485025 0.         0.        ]
condition batch eval, img shape:(216, 253, 253), sx:3, sy:3, sz:3, num_conditions:2
condition:9, metric:[0.52501968 0.         0.        ]
condition:10, metric:[0.097922 0.       0.      ]
condition batch eval, img shape:(216, 253, 253), sx:3, sy:3, sz:3, num_conditions:2
condition:11, metric:[0.15327166 0.         0.        ]
condition:12, metric:[0. 0. 0.]
condition batch eval, img shape:(216, 253, 253), sx:3, sy:3, sz:3, num_conditions:1
condition:13, metric:[0. 0. 0.]
===>test image:/projects/weilab/liupeng/data/raw/ssl_seg/BTCV/Training_resampled_1.5_1.5_2.0_npy_zscore/img/img0008.npy
condition batch eval, img shape:(222, 249, 249), sx:3, sy:3, sz:3, num_conditions:2
condition:1, metric:[0.80649698 0.         0.        ]
condition:2, metric:[0.00563491 0.         0.        ]
condition batch eval, img shape:(222, 249, 249), sx:3, sy:3, sz:3, num_conditions:2
condition:3, metric:[0.05293185 0.         0.        ]
condition:4, metric:[0.43993303 0.         0.        ]
condition batch eval, img shape:(222, 249, 249), sx:3, sy:3, sz:3, num_conditions:2
condition:5, metric:[0. 0. 0.]
condition:6, metric:[0.86795851 0.         0.        ]
condition batch eval, img shape:(222, 249, 249), sx:3, sy:3, sz:3, num_conditions:2
condition:7, metric:[0.51080785 0.         0.        ]
condition:8, metric:[0.41173345 0.         0.        ]
condition batch eval, img shape:(222, 249, 249), sx:3, sy:3, sz:3, num_conditions:2
condition:9, metric:[0.56140471 0.         0.        ]
condition:10, metric:[0. 0. 0.]
condition batch eval, img shape:(222, 249, 249), sx:3, sy:3, sz:3, num_conditions:2
condition:11, metric:[0.0357452 0.        0.       ]
condition:12, metric:[0. 0. 0.]
condition batch eval, img shape:(222, 249, 249), sx:3, sy:3, sz:3, num_conditions:1
condition:13, metric:[0. 0. 0.]
Validation end
avg metric shape: (13, 3)
iteration 11200 : model2_dice_score : 0.296123 model2_hd95 : 14.423077
save model to ../model/BTCV_5_C3PS_scalar_baseline_same_split_with_magicNet_3channels_nosemi_SGD_SGD/unet_3D_old/model_iter_11200.pth
save model2 to ../model/BTCV_5_C3PS_scalar_baseline_same_split_with_magicNet_3channels_nosemi_SGD_SGD/unet_3D_old/model2_iter_11200.pth
iteration 11220 :model1 loss : 0.195298model2 loss : 0.057985pseudo_supervision1 : 0.000000pseudo_supervision2 : 0.000000
iteration 11240 :model1 loss : 0.201244model2 loss : 0.173886pseudo_supervision1 : 0.000000pseudo_supervision2 : 0.000000
iteration 11260 :model1 loss : 0.168777model2 loss : 0.089376pseudo_supervision1 : 0.000000pseudo_supervision2 : 0.000000
iteration 11280 :model1 loss : 0.219674model2 loss : 0.114022pseudo_supervision1 : 0.000000pseudo_supervision2 : 0.000000
iteration 11300 :model1 loss : 0.150474model2 loss : 0.095570pseudo_supervision1 : 0.000000pseudo_supervision2 : 0.000000
iteration 11320 :model1 loss : 0.182355model2 loss : 0.091314pseudo_supervision1 : 0.000000pseudo_supervision2 : 0.000000
iteration 11340 :model1 loss : 0.179069model2 loss : 0.126392pseudo_supervision1 : 0.000000pseudo_supervision2 : 0.000000
iteration 11360 :model1 loss : 0.226888model2 loss : 0.117309pseudo_supervision1 : 0.000000pseudo_supervision2 : 0.000000
iteration 11380 :model1 loss : 0.183162model2 loss : 0.072222pseudo_supervision1 : 0.000000pseudo_supervision2 : 0.000000
iteration 11400 :model1 loss : 0.223381model2 loss : 0.104516pseudo_supervision1 : 0.000000pseudo_supervision2 : 0.000000
save model to ../model/BTCV_5_C3PS_scalar_baseline_same_split_with_magicNet_3channels_nosemi_SGD_SGD/unet_3D_old/model_iter_11400.pth
save model2 to ../model/BTCV_5_C3PS_scalar_baseline_same_split_with_magicNet_3channels_nosemi_SGD_SGD/unet_3D_old/model2_iter_11400.pth
iteration 11420 :model1 loss : 0.152325model2 loss : 0.082010pseudo_supervision1 : 0.000000pseudo_supervision2 : 0.000000
iteration 11440 :model1 loss : 0.222410model2 loss : 0.143097pseudo_supervision1 : 0.000000pseudo_supervision2 : 0.000000
iteration 11460 :model1 loss : 0.269738model2 loss : 0.046545pseudo_supervision1 : 0.000000pseudo_supervision2 : 0.000000
iteration 11480 :model1 loss : 0.157424model2 loss : 0.160050pseudo_supervision1 : 0.000000pseudo_supervision2 : 0.000000
iteration 11500 :model1 loss : 0.162783model2 loss : 0.107800pseudo_supervision1 : 0.000000pseudo_supervision2 : 0.000000
iteration 11520 :model1 loss : 0.180303model2 loss : 0.116979pseudo_supervision1 : 0.000000pseudo_supervision2 : 0.000000
iteration 11540 :model1 loss : 0.134879model2 loss : 0.064500pseudo_supervision1 : 0.000000pseudo_supervision2 : 0.000000
iteration 11560 :model1 loss : 0.207680model2 loss : 0.057173pseudo_supervision1 : 0.000000pseudo_supervision2 : 0.000000
iteration 11580 :model1 loss : 0.151429model2 loss : 0.126589pseudo_supervision1 : 0.000000pseudo_supervision2 : 0.000000
iteration 11600 :model1 loss : 0.177253model2 loss : 0.183802pseudo_supervision1 : 0.000000pseudo_supervision2 : 0.000000
began evaluation!
iteration 11600: validation sampled 4/12 cases
Total test images: 4
Validation begin
Validation end
avg metric shape: (13, 3)
save model to ../model/BTCV_5_C3PS_scalar_baseline_same_split_with_magicNet_3channels_nosemi_SGD_SGD/unet_3D_old/iter_11600_dice_0.6536
iteration 11600 : model_dice_score : 0.653550 model_hd95 : 0.000000
began evaluation!
Total test images: 4
Validation begin
===>test image:/projects/weilab/liupeng/data/raw/ssl_seg/BTCV/Training_resampled_1.5_1.5_2.0_npy_zscore/img/img0001.npy
condition batch eval, img shape:(220, 228, 228), sx:3, sy:3, sz:3, num_conditions:2
condition:1, metric:[0.8764128 0.        0.       ]
condition:2, metric:[0.62988194 0.         0.        ]
condition batch eval, img shape:(220, 228, 228), sx:3, sy:3, sz:3, num_conditions:2
condition:3, metric:[0.73296506 0.         0.        ]
condition:4, metric:[0. 0. 0.]
condition batch eval, img shape:(220, 228, 228), sx:3, sy:3, sz:3, num_conditions:2
condition:5, metric:[0.08260562 0.         0.        ]
condition:6, metric:[0.5167224 0.        0.       ]
condition batch eval, img shape:(220, 228, 228), sx:3, sy:3, sz:3, num_conditions:2
condition:7, metric:[0.58122964 0.         0.        ]
condition:8, metric:[0.6281769 0.        0.       ]
condition batch eval, img shape:(220, 228, 228), sx:3, sy:3, sz:3, num_conditions:2
condition:9, metric:[0.39783972 0.         0.        ]
condition:10, metric:[0.11128472 0.         0.        ]
condition batch eval, img shape:(220, 228, 228), sx:3, sy:3, sz:3, num_conditions:2
condition:11, metric:[8.00672565e-05 0.00000000e+00 0.00000000e+00]
condition:12, metric:[  0. 150. 150.]
condition batch eval, img shape:(220, 228, 228), sx:3, sy:3, sz:3, num_conditions:1
condition:13, metric:[  0. 150. 150.]
===>test image:/projects/weilab/liupeng/data/raw/ssl_seg/BTCV/Training_resampled_1.5_1.5_2.0_npy_zscore/img/img0038.npy
condition batch eval, img shape:(250, 333, 333), sx:4, sy:4, sz:4, num_conditions:2
condition:1, metric:[0.64380218 0.         0.        ]
condition:2, metric:[0.48193236 0.         0.        ]
condition batch eval, img shape:(250, 333, 333), sx:4, sy:4, sz:4, num_conditions:2
condition:3, metric:[0.71252829 0.         0.        ]
condition:4, metric:[0. 0. 0.]
condition batch eval, img shape:(250, 333, 333), sx:4, sy:4, sz:4, num_conditions:2
condition:5, metric:[0. 0. 0.]
condition:6, metric:[0.41968793 0.         0.        ]
condition batch eval, img shape:(250, 333, 333), sx:4, sy:4, sz:4, num_conditions:2
condition:7, metric:[0.07751692 0.         0.        ]
condition:8, metric:[0.78624691 0.         0.        ]
condition batch eval, img shape:(250, 333, 333), sx:4, sy:4, sz:4, num_conditions:2
condition:9, metric:[0.23893743 0.         0.        ]
condition:10, metric:[  0. 150. 150.]
condition batch eval, img shape:(250, 333, 333), sx:4, sy:4, sz:4, num_conditions:2
condition:11, metric:[  0. 150. 150.]
condition:12, metric:[  0. 150. 150.]
condition batch eval, img shape:(250, 333, 333), sx:4, sy:4, sz:4, num_conditions:1
condition:13, metric:[  0. 150. 150.]
===>test image:/projects/weilab/liupeng/data/raw/ssl_seg/BTCV/Training_resampled_1.5_1.5_2.0_npy_zscore/img/img0029.npy
condition batch eval, img shape:(150, 299, 299), sx:2, sy:4, sz:4, num_conditions:2
condition:1, metric:[0.82561409 0.         0.        ]
condition:2, metric:[0.85880926 0.         0.        ]
condition batch eval, img shape:(150, 299, 299), sx:2, sy:4, sz:4, num_conditions:2
condition:3, metric:[0.73127753 0.         0.        ]
condition:4, metric:[0.08685779 0.         0.        ]
condition batch eval, img shape:(150, 299, 299), sx:2, sy:4, sz:4, num_conditions:2
condition:5, metric:[0. 0. 0.]
condition:6, metric:[0.37978786 0.         0.        ]
condition batch eval, img shape:(150, 299, 299), sx:2, sy:4, sz:4, num_conditions:2
condition:7, metric:[0.28015612 0.         0.        ]
condition:8, metric:[0.87853137 0.         0.        ]
condition batch eval, img shape:(150, 299, 299), sx:2, sy:4, sz:4, num_conditions:2
condition:9, metric:[0.54372964 0.         0.        ]
condition:10, metric:[0.21491045 0.         0.        ]
condition batch eval, img shape:(150, 299, 299), sx:2, sy:4, sz:4, num_conditions:2
condition:11, metric:[  0. 150. 150.]
condition:12, metric:[  0. 150. 150.]
condition batch eval, img shape:(150, 299, 299), sx:2, sy:4, sz:4, num_conditions:1
condition:13, metric:[  0. 150. 150.]
===>test image:/projects/weilab/liupeng/data/raw/ssl_seg/BTCV/Training_resampled_1.5_1.5_2.0_npy_zscore/img/img0002.npy
condition batch eval, img shape:(208, 246, 246), sx:3, sy:3, sz:3, num_conditions:2
condition:1, metric:[0.77206253 0.         0.        ]
condition:2, metric:[0.86342174 0.         0.        ]
condition batch eval, img shape:(208, 246, 246), sx:3, sy:3, sz:3, num_conditions:2
condition:3, metric:[0.88822448 0.         0.        ]
condition:4, metric:[0.58928282 0.         0.        ]
condition batch eval, img shape:(208, 246, 246), sx:3, sy:3, sz:3, num_conditions:2
condition:5, metric:[0. 0. 0.]
condition:6, metric:[0.591177 0.       0.      ]
condition batch eval, img shape:(208, 246, 246), sx:3, sy:3, sz:3, num_conditions:2
condition:7, metric:[0.69283816 0.         0.        ]
condition:8, metric:[0.8412009 0.        0.       ]
condition batch eval, img shape:(208, 246, 246), sx:3, sy:3, sz:3, num_conditions:2
condition:9, metric:[0.50967419 0.         0.        ]
condition:10, metric:[0.10654628 0.         0.        ]
condition batch eval, img shape:(208, 246, 246), sx:3, sy:3, sz:3, num_conditions:2
condition:11, metric:[0.12677701 0.         0.        ]
condition:12, metric:[  0. 150. 150.]
condition batch eval, img shape:(208, 246, 246), sx:3, sy:3, sz:3, num_conditions:1
condition:13, metric:[  0. 150. 150.]
Validation end
avg metric shape: (13, 3)
iteration 11600 : model2_dice_score : 0.359591 model2_hd95 : 31.730769
save model to ../model/BTCV_5_C3PS_scalar_baseline_same_split_with_magicNet_3channels_nosemi_SGD_SGD/unet_3D_old/model_iter_11600.pth
save model2 to ../model/BTCV_5_C3PS_scalar_baseline_same_split_with_magicNet_3channels_nosemi_SGD_SGD/unet_3D_old/model2_iter_11600.pth
iteration 11620 :model1 loss : 0.306273model2 loss : 0.063605pseudo_supervision1 : 0.000000pseudo_supervision2 : 0.000000
iteration 11640 :model1 loss : 0.355611model2 loss : 0.052163pseudo_supervision1 : 0.000000pseudo_supervision2 : 0.000000
iteration 11660 :model1 loss : 0.353675model2 loss : 0.115964pseudo_supervision1 : 0.000000pseudo_supervision2 : 0.000000
iteration 11680 :model1 loss : 0.301044model2 loss : 0.266343pseudo_supervision1 : 0.000000pseudo_supervision2 : 0.000000
iteration 11700 :model1 loss : 0.152471model2 loss : 0.133980pseudo_supervision1 : 0.000000pseudo_supervision2 : 0.000000
iteration 11720 :model1 loss : 0.139510model2 loss : 0.133213pseudo_supervision1 : 0.000000pseudo_supervision2 : 0.000000
iteration 11740 :model1 loss : 0.127569model2 loss : 0.175781pseudo_supervision1 : 0.000000pseudo_supervision2 : 0.000000
iteration 11760 :model1 loss : 0.169260model2 loss : 0.139149pseudo_supervision1 : 0.000000pseudo_supervision2 : 0.000000
iteration 11780 :model1 loss : 0.214986model2 loss : 0.101161pseudo_supervision1 : 0.000000pseudo_supervision2 : 0.000000
iteration 11800 :model1 loss : 0.148604model2 loss : 0.114655pseudo_supervision1 : 0.000000pseudo_supervision2 : 0.000000
save model to ../model/BTCV_5_C3PS_scalar_baseline_same_split_with_magicNet_3channels_nosemi_SGD_SGD/unet_3D_old/model_iter_11800.pth
save model2 to ../model/BTCV_5_C3PS_scalar_baseline_same_split_with_magicNet_3channels_nosemi_SGD_SGD/unet_3D_old/model2_iter_11800.pth
iteration 11820 :model1 loss : 0.177914model2 loss : 0.093342pseudo_supervision1 : 0.000000pseudo_supervision2 : 0.000000
iteration 11840 :model1 loss : 0.309381model2 loss : 0.079178pseudo_supervision1 : 0.000000pseudo_supervision2 : 0.000000
iteration 11860 :model1 loss : 0.144140model2 loss : 0.147130pseudo_supervision1 : 0.000000pseudo_supervision2 : 0.000000
iteration 11880 :model1 loss : 0.205437model2 loss : 0.057092pseudo_supervision1 : 0.000000pseudo_supervision2 : 0.000000
iteration 11900 :model1 loss : 0.173340model2 loss : 0.060551pseudo_supervision1 : 0.000000pseudo_supervision2 : 0.000000
iteration 11920 :model1 loss : 0.144737model2 loss : 0.093427pseudo_supervision1 : 0.000000pseudo_supervision2 : 0.000000
iteration 11940 :model1 loss : 0.159047model2 loss : 0.068527pseudo_supervision1 : 0.000000pseudo_supervision2 : 0.000000
iteration 11960 :model1 loss : 0.217123model2 loss : 0.070208pseudo_supervision1 : 0.000000pseudo_supervision2 : 0.000000
iteration 11980 :model1 loss : 0.151084model2 loss : 0.158481pseudo_supervision1 : 0.000000pseudo_supervision2 : 0.000000
iteration 12000 :model1 loss : 0.149352model2 loss : 0.113283pseudo_supervision1 : 0.000000pseudo_supervision2 : 0.000000
began evaluation!
iteration 12000: validation sampled 4/12 cases
Total test images: 4
Validation begin
Validation end
avg metric shape: (13, 3)
iteration 12000 : model_dice_score : 0.629801 model_hd95 : 5.769231
began evaluation!
Total test images: 4
Validation begin
===>test image:/projects/weilab/liupeng/data/raw/ssl_seg/BTCV/Training_resampled_1.5_1.5_2.0_npy_zscore/img/img0004.npy
condition batch eval, img shape:(210, 203, 203), sx:3, sy:2, sz:2, num_conditions:2
condition:1, metric:[0.74730762 0.         0.        ]
condition:2, metric:[0.63084964 0.         0.        ]
condition batch eval, img shape:(210, 203, 203), sx:3, sy:2, sz:2, num_conditions:2
condition:3, metric:[0.83699303 0.         0.        ]
condition:4, metric:[0. 0. 0.]
condition batch eval, img shape:(210, 203, 203), sx:3, sy:2, sz:2, num_conditions:2
condition:5, metric:[0.02089114 0.         0.        ]
condition:6, metric:[0.86583496 0.         0.        ]
condition batch eval, img shape:(210, 203, 203), sx:3, sy:2, sz:2, num_conditions:2
condition:7, metric:[0.11188643 0.         0.        ]
condition:8, metric:[0.38254621 0.         0.        ]
condition batch eval, img shape:(210, 203, 203), sx:3, sy:2, sz:2, num_conditions:2
condition:9, metric:[0.26536039 0.         0.        ]
condition:10, metric:[0. 0. 0.]
condition batch eval, img shape:(210, 203, 203), sx:3, sy:2, sz:2, num_conditions:2
condition:11, metric:[  0. 150. 150.]
condition:12, metric:[  0. 150. 150.]
condition batch eval, img shape:(210, 203, 203), sx:3, sy:2, sz:2, num_conditions:1
condition:13, metric:[  0. 150. 150.]
===>test image:/projects/weilab/liupeng/data/raw/ssl_seg/BTCV/Training_resampled_1.5_1.5_2.0_npy_zscore/img/img0008.npy
condition batch eval, img shape:(222, 249, 249), sx:3, sy:3, sz:3, num_conditions:2
condition:1, metric:[0.80010931 0.         0.        ]
condition:2, metric:[0.03807839 0.         0.        ]
condition batch eval, img shape:(222, 249, 249), sx:3, sy:3, sz:3, num_conditions:2
condition:3, metric:[0.04835742 0.         0.        ]
condition:4, metric:[0.51038976 0.         0.        ]
condition batch eval, img shape:(222, 249, 249), sx:3, sy:3, sz:3, num_conditions:2
condition:5, metric:[0. 0. 0.]
condition:6, metric:[0.90342834 0.         0.        ]
condition batch eval, img shape:(222, 249, 249), sx:3, sy:3, sz:3, num_conditions:2
condition:7, metric:[0.53053618 0.         0.        ]
condition:8, metric:[0.52073552 0.         0.        ]
condition batch eval, img shape:(222, 249, 249), sx:3, sy:3, sz:3, num_conditions:2
condition:9, metric:[0.40919732 0.         0.        ]
condition:10, metric:[0. 0. 0.]
condition batch eval, img shape:(222, 249, 249), sx:3, sy:3, sz:3, num_conditions:2
condition:11, metric:[0.00346166 0.         0.        ]
condition:12, metric:[  0. 150. 150.]
condition batch eval, img shape:(222, 249, 249), sx:3, sy:3, sz:3, num_conditions:1
condition:13, metric:[  0. 150. 150.]
===>test image:/projects/weilab/liupeng/data/raw/ssl_seg/BTCV/Training_resampled_1.5_1.5_2.0_npy_zscore/img/img0029.npy
condition batch eval, img shape:(150, 299, 299), sx:2, sy:4, sz:4, num_conditions:2
condition:1, metric:[0.74219231 0.         0.        ]
condition:2, metric:[0.71119139 0.         0.        ]
condition batch eval, img shape:(150, 299, 299), sx:2, sy:4, sz:4, num_conditions:2
condition:3, metric:[0.71289118 0.         0.        ]
condition:4, metric:[0.0387859 0.        0.       ]
condition batch eval, img shape:(150, 299, 299), sx:2, sy:4, sz:4, num_conditions:2
condition:5, metric:[0.03447969 0.         0.        ]
condition:6, metric:[0.89589242 0.         0.        ]
condition batch eval, img shape:(150, 299, 299), sx:2, sy:4, sz:4, num_conditions:2
condition:7, metric:[0.36483981 0.         0.        ]
condition:8, metric:[0.72133783 0.         0.        ]
condition batch eval, img shape:(150, 299, 299), sx:2, sy:4, sz:4, num_conditions:2
condition:9, metric:[0.48924612 0.         0.        ]
condition:10, metric:[0.17528551 0.         0.        ]
condition batch eval, img shape:(150, 299, 299), sx:2, sy:4, sz:4, num_conditions:2
condition:11, metric:[  0. 150. 150.]
condition:12, metric:[  0. 150. 150.]
condition batch eval, img shape:(150, 299, 299), sx:2, sy:4, sz:4, num_conditions:1
condition:13, metric:[  0. 150. 150.]
===>test image:/projects/weilab/liupeng/data/raw/ssl_seg/BTCV/Training_resampled_1.5_1.5_2.0_npy_zscore/img/img0032.npy
condition batch eval, img shape:(216, 253, 253), sx:3, sy:3, sz:3, num_conditions:2
condition:1, metric:[0.63834227 0.         0.        ]
condition:2, metric:[0.66288931 0.         0.        ]
condition batch eval, img shape:(216, 253, 253), sx:3, sy:3, sz:3, num_conditions:2
condition:3, metric:[0.73123756 0.         0.        ]
condition:4, metric:[0.16175433 0.         0.        ]
condition batch eval, img shape:(216, 253, 253), sx:3, sy:3, sz:3, num_conditions:2
condition:5, metric:[0.05852674 0.         0.        ]
condition:6, metric:[0.84769871 0.         0.        ]
condition batch eval, img shape:(216, 253, 253), sx:3, sy:3, sz:3, num_conditions:2
condition:7, metric:[0.60391992 0.         0.        ]
condition:8, metric:[0.55500158 0.         0.        ]
condition batch eval, img shape:(216, 253, 253), sx:3, sy:3, sz:3, num_conditions:2
condition:9, metric:[0.34900058 0.         0.        ]
condition:10, metric:[0.08355424 0.         0.        ]
condition batch eval, img shape:(216, 253, 253), sx:3, sy:3, sz:3, num_conditions:2
condition:11, metric:[0.15587423 0.         0.        ]
condition:12, metric:[0. 0. 0.]
condition batch eval, img shape:(216, 253, 253), sx:3, sy:3, sz:3, num_conditions:1
condition:13, metric:[0. 0. 0.]
Validation end
avg metric shape: (13, 3)
iteration 12000 : model2_dice_score : 0.333844 model2_hd95 : 23.076923
save model to ../model/BTCV_5_C3PS_scalar_baseline_same_split_with_magicNet_3channels_nosemi_SGD_SGD/unet_3D_old/model_iter_12000.pth
save model2 to ../model/BTCV_5_C3PS_scalar_baseline_same_split_with_magicNet_3channels_nosemi_SGD_SGD/unet_3D_old/model2_iter_12000.pth
iteration 12020 :model1 loss : 0.189620model2 loss : 0.053476pseudo_supervision1 : 0.000000pseudo_supervision2 : 0.000000
iteration 12040 :model1 loss : 0.172159model2 loss : 0.242634pseudo_supervision1 : 0.000000pseudo_supervision2 : 0.000000
iteration 12060 :model1 loss : 0.196853model2 loss : 0.091349pseudo_supervision1 : 0.000000pseudo_supervision2 : 0.000000
iteration 12080 :model1 loss : 0.160046model2 loss : 0.141170pseudo_supervision1 : 0.000000pseudo_supervision2 : 0.000000
iteration 12100 :model1 loss : 0.468450model2 loss : 0.335409pseudo_supervision1 : 0.000000pseudo_supervision2 : 0.000000
iteration 12120 :model1 loss : 0.155381model2 loss : 0.160279pseudo_supervision1 : 0.000000pseudo_supervision2 : 0.000000
iteration 12140 :model1 loss : 0.158569model2 loss : 0.150345pseudo_supervision1 : 0.000000pseudo_supervision2 : 0.000000
iteration 12160 :model1 loss : 0.136186model2 loss : 0.159137pseudo_supervision1 : 0.000000pseudo_supervision2 : 0.000000
iteration 12180 :model1 loss : 0.164385model2 loss : 0.080999pseudo_supervision1 : 0.000000pseudo_supervision2 : 0.000000
iteration 12200 :model1 loss : 0.176948model2 loss : 0.092711pseudo_supervision1 : 0.000000pseudo_supervision2 : 0.000000
save model to ../model/BTCV_5_C3PS_scalar_baseline_same_split_with_magicNet_3channels_nosemi_SGD_SGD/unet_3D_old/model_iter_12200.pth
save model2 to ../model/BTCV_5_C3PS_scalar_baseline_same_split_with_magicNet_3channels_nosemi_SGD_SGD/unet_3D_old/model2_iter_12200.pth
iteration 12220 :model1 loss : 0.170333model2 loss : 0.160570pseudo_supervision1 : 0.000000pseudo_supervision2 : 0.000000
iteration 12240 :model1 loss : 0.210891model2 loss : 0.049888pseudo_supervision1 : 0.000000pseudo_supervision2 : 0.000000
iteration 12260 :model1 loss : 0.151185model2 loss : 0.203115pseudo_supervision1 : 0.000000pseudo_supervision2 : 0.000000
iteration 12280 :model1 loss : 0.152995model2 loss : 0.084619pseudo_supervision1 : 0.000000pseudo_supervision2 : 0.000000
iteration 12300 :model1 loss : 0.242458model2 loss : 0.063662pseudo_supervision1 : 0.000000pseudo_supervision2 : 0.000000
iteration 12320 :model1 loss : 0.121848model2 loss : 0.080064pseudo_supervision1 : 0.000000pseudo_supervision2 : 0.000000
iteration 12340 :model1 loss : 0.163536model2 loss : 0.065541pseudo_supervision1 : 0.000000pseudo_supervision2 : 0.000000
iteration 12360 :model1 loss : 0.192959model2 loss : 0.106210pseudo_supervision1 : 0.000000pseudo_supervision2 : 0.000000
iteration 12380 :model1 loss : 0.137707model2 loss : 0.114648pseudo_supervision1 : 0.000000pseudo_supervision2 : 0.000000
iteration 12400 :model1 loss : 0.176432model2 loss : 0.145512pseudo_supervision1 : 0.000000pseudo_supervision2 : 0.000000
began evaluation!
iteration 12400: validation sampled 4/12 cases
Total test images: 4
Validation begin
Validation end
avg metric shape: (13, 3)
iteration 12400 : model_dice_score : 0.545850 model_hd95 : 5.769231
began evaluation!
Total test images: 4
Validation begin
===>test image:/projects/weilab/liupeng/data/raw/ssl_seg/BTCV/Training_resampled_1.5_1.5_2.0_npy_zscore/img/img0035.npy
condition batch eval, img shape:(235, 314, 314), sx:4, sy:4, sz:4, num_conditions:2
condition:1, metric:[0.79546529 0.         0.        ]
condition:2, metric:[0.51784936 0.         0.        ]
condition batch eval, img shape:(235, 314, 314), sx:4, sy:4, sz:4, num_conditions:2
condition:3, metric:[0.84160727 0.         0.        ]
condition:4, metric:[  0. 150. 150.]
condition batch eval, img shape:(235, 314, 314), sx:4, sy:4, sz:4, num_conditions:2
condition:5, metric:[0.0005819 0.        0.       ]
condition:6, metric:[0.84046991 0.         0.        ]
condition batch eval, img shape:(235, 314, 314), sx:4, sy:4, sz:4, num_conditions:2
condition:7, metric:[0.56639476 0.         0.        ]
condition:8, metric:[0.40251491 0.         0.        ]
condition batch eval, img shape:(235, 314, 314), sx:4, sy:4, sz:4, num_conditions:2
condition:9, metric:[0.52631251 0.         0.        ]
condition:10, metric:[0.15744458 0.         0.        ]
condition batch eval, img shape:(235, 314, 314), sx:4, sy:4, sz:4, num_conditions:2
condition:11, metric:[0.30625472 0.         0.        ]
condition:12, metric:[0. 0. 0.]
condition batch eval, img shape:(235, 314, 314), sx:4, sy:4, sz:4, num_conditions:1
condition:13, metric:[0. 0. 0.]
===>test image:/projects/weilab/liupeng/data/raw/ssl_seg/BTCV/Training_resampled_1.5_1.5_2.0_npy_zscore/img/img0038.npy
condition batch eval, img shape:(250, 333, 333), sx:4, sy:4, sz:4, num_conditions:2
condition:1, metric:[0.72807404 0.         0.        ]
condition:2, metric:[0.35599692 0.         0.        ]
condition batch eval, img shape:(250, 333, 333), sx:4, sy:4, sz:4, num_conditions:2
condition:3, metric:[0.80172149 0.         0.        ]
condition:4, metric:[0. 0. 0.]
condition batch eval, img shape:(250, 333, 333), sx:4, sy:4, sz:4, num_conditions:2
condition:5, metric:[0.02707888 0.         0.        ]
condition:6, metric:[0.74542463 0.         0.        ]
condition batch eval, img shape:(250, 333, 333), sx:4, sy:4, sz:4, num_conditions:2
condition:7, metric:[0.24928941 0.         0.        ]
condition:8, metric:[0.57445427 0.         0.        ]
condition batch eval, img shape:(250, 333, 333), sx:4, sy:4, sz:4, num_conditions:2
condition:9, metric:[0.33986223 0.         0.        ]
condition:10, metric:[0.14472494 0.         0.        ]
condition batch eval, img shape:(250, 333, 333), sx:4, sy:4, sz:4, num_conditions:2
condition:11, metric:[0.31542123 0.         0.        ]
condition:12, metric:[0.0032041 0.        0.       ]
condition batch eval, img shape:(250, 333, 333), sx:4, sy:4, sz:4, num_conditions:1
condition:13, metric:[0. 0. 0.]
===>test image:/projects/weilab/liupeng/data/raw/ssl_seg/BTCV/Training_resampled_1.5_1.5_2.0_npy_zscore/img/img0008.npy
condition batch eval, img shape:(222, 249, 249), sx:3, sy:3, sz:3, num_conditions:2
condition:1, metric:[0.83710407 0.         0.        ]
condition:2, metric:[0.01398688 0.         0.        ]
condition batch eval, img shape:(222, 249, 249), sx:3, sy:3, sz:3, num_conditions:2
condition:3, metric:[0.04432577 0.         0.        ]
condition:4, metric:[0.39488198 0.         0.        ]
condition batch eval, img shape:(222, 249, 249), sx:3, sy:3, sz:3, num_conditions:2
condition:5, metric:[0.00748663 0.         0.        ]
condition:6, metric:[0.85073023 0.         0.        ]
condition batch eval, img shape:(222, 249, 249), sx:3, sy:3, sz:3, num_conditions:2
condition:7, metric:[0.47463805 0.         0.        ]
condition:8, metric:[0.51289423 0.         0.        ]
condition batch eval, img shape:(222, 249, 249), sx:3, sy:3, sz:3, num_conditions:2
condition:9, metric:[0.65211763 0.         0.        ]
condition:10, metric:[0.09415451 0.         0.        ]
condition batch eval, img shape:(222, 249, 249), sx:3, sy:3, sz:3, num_conditions:2
condition:11, metric:[0.34895982 0.         0.        ]
condition:12, metric:[0. 0. 0.]
condition batch eval, img shape:(222, 249, 249), sx:3, sy:3, sz:3, num_conditions:1
condition:13, metric:[0. 0. 0.]
===>test image:/projects/weilab/liupeng/data/raw/ssl_seg/BTCV/Training_resampled_1.5_1.5_2.0_npy_zscore/img/img0003.npy
condition batch eval, img shape:(297, 307, 307), sx:5, sy:4, sz:4, num_conditions:2
condition:1, metric:[0.73707761 0.         0.        ]
condition:2, metric:[0.53189713 0.         0.        ]
condition batch eval, img shape:(297, 307, 307), sx:5, sy:4, sz:4, num_conditions:2
condition:3, metric:[0.82932063 0.         0.        ]
condition:4, metric:[0. 0. 0.]
condition batch eval, img shape:(297, 307, 307), sx:5, sy:4, sz:4, num_conditions:2
condition:5, metric:[0. 0. 0.]
condition:6, metric:[0.66221662 0.         0.        ]
condition batch eval, img shape:(297, 307, 307), sx:5, sy:4, sz:4, num_conditions:2
condition:7, metric:[0.37472895 0.         0.        ]
condition:8, metric:[0.61085557 0.         0.        ]
condition batch eval, img shape:(297, 307, 307), sx:5, sy:4, sz:4, num_conditions:2
condition:9, metric:[0.57010619 0.         0.        ]
condition:10, metric:[0.0800291 0.        0.       ]
condition batch eval, img shape:(297, 307, 307), sx:5, sy:4, sz:4, num_conditions:2
condition:11, metric:[0. 0. 0.]
condition:12, metric:[0. 0. 0.]
condition batch eval, img shape:(297, 307, 307), sx:5, sy:4, sz:4, num_conditions:1
condition:13, metric:[0. 0. 0.]
Validation end
avg metric shape: (13, 3)
iteration 12400 : model2_dice_score : 0.343609 model2_hd95 : 2.884615
save model to ../model/BTCV_5_C3PS_scalar_baseline_same_split_with_magicNet_3channels_nosemi_SGD_SGD/unet_3D_old/model_iter_12400.pth
save model2 to ../model/BTCV_5_C3PS_scalar_baseline_same_split_with_magicNet_3channels_nosemi_SGD_SGD/unet_3D_old/model2_iter_12400.pth
iteration 12420 :model1 loss : 0.211793model2 loss : 0.101947pseudo_supervision1 : 0.000000pseudo_supervision2 : 0.000000
iteration 12440 :model1 loss : 0.149910model2 loss : 0.064369pseudo_supervision1 : 0.000000pseudo_supervision2 : 0.000000
iteration 12460 :model1 loss : 0.170754model2 loss : 0.148006pseudo_supervision1 : 0.000000pseudo_supervision2 : 0.000000
iteration 12480 :model1 loss : 0.136008model2 loss : 0.112021pseudo_supervision1 : 0.000000pseudo_supervision2 : 0.000000
iteration 12500 :model1 loss : 0.201811model2 loss : 0.062397pseudo_supervision1 : 0.000000pseudo_supervision2 : 0.000000
iteration 12520 :model1 loss : 0.145391model2 loss : 0.094400pseudo_supervision1 : 0.000000pseudo_supervision2 : 0.000000
iteration 12540 :model1 loss : 0.156828model2 loss : 0.150711pseudo_supervision1 : 0.000000pseudo_supervision2 : 0.000000
iteration 12560 :model1 loss : 0.225817model2 loss : 0.051113pseudo_supervision1 : 0.000000pseudo_supervision2 : 0.000000
iteration 12580 :model1 loss : 0.258016model2 loss : 0.248255pseudo_supervision1 : 0.000000pseudo_supervision2 : 0.000000
iteration 12600 :model1 loss : 0.437362model2 loss : 0.195020pseudo_supervision1 : 0.000000pseudo_supervision2 : 0.000000
save model to ../model/BTCV_5_C3PS_scalar_baseline_same_split_with_magicNet_3channels_nosemi_SGD_SGD/unet_3D_old/model_iter_12600.pth
save model2 to ../model/BTCV_5_C3PS_scalar_baseline_same_split_with_magicNet_3channels_nosemi_SGD_SGD/unet_3D_old/model2_iter_12600.pth
iteration 12620 :model1 loss : 0.224641model2 loss : 0.052426pseudo_supervision1 : 0.000000pseudo_supervision2 : 0.000000
iteration 12640 :model1 loss : 0.216320model2 loss : 0.073262pseudo_supervision1 : 0.000000pseudo_supervision2 : 0.000000
iteration 12660 :model1 loss : 0.353847model2 loss : 0.058353pseudo_supervision1 : 0.000000pseudo_supervision2 : 0.000000
iteration 12680 :model1 loss : 0.156337model2 loss : 0.123912pseudo_supervision1 : 0.000000pseudo_supervision2 : 0.000000
iteration 12700 :model1 loss : 0.145988model2 loss : 0.090530pseudo_supervision1 : 0.000000pseudo_supervision2 : 0.000000
iteration 12720 :model1 loss : 0.137253model2 loss : 0.098441pseudo_supervision1 : 0.000000pseudo_supervision2 : 0.000000
iteration 12740 :model1 loss : 0.169302model2 loss : 0.139811pseudo_supervision1 : 0.000000pseudo_supervision2 : 0.000000
iteration 12760 :model1 loss : 0.164739model2 loss : 0.088080pseudo_supervision1 : 0.000000pseudo_supervision2 : 0.000000
iteration 12780 :model1 loss : 0.160192model2 loss : 0.169610pseudo_supervision1 : 0.000000pseudo_supervision2 : 0.000000
iteration 12800 :model1 loss : 0.135550model2 loss : 0.183695pseudo_supervision1 : 0.000000pseudo_supervision2 : 0.000000
began evaluation!
iteration 12800: validation sampled 4/12 cases
Total test images: 4
Validation begin
Validation end
avg metric shape: (13, 3)
save model to ../model/BTCV_5_C3PS_scalar_baseline_same_split_with_magicNet_3channels_nosemi_SGD_SGD/unet_3D_old/iter_12800_dice_0.6537
iteration 12800 : model_dice_score : 0.653656 model_hd95 : 2.884615
began evaluation!
Total test images: 4
Validation begin
===>test image:/projects/weilab/liupeng/data/raw/ssl_seg/BTCV/Training_resampled_1.5_1.5_2.0_npy_zscore/img/img0002.npy
condition batch eval, img shape:(208, 246, 246), sx:3, sy:3, sz:3, num_conditions:2
condition:1, metric:[0.73956931 0.         0.        ]
condition:2, metric:[0.85459678 0.         0.        ]
condition batch eval, img shape:(208, 246, 246), sx:3, sy:3, sz:3, num_conditions:2
condition:3, metric:[0.86849646 0.         0.        ]
condition:4, metric:[0.42367808 0.         0.        ]
condition batch eval, img shape:(208, 246, 246), sx:3, sy:3, sz:3, num_conditions:2
condition:5, metric:[0.00352517 0.         0.        ]
condition:6, metric:[0.91550772 0.         0.        ]
condition batch eval, img shape:(208, 246, 246), sx:3, sy:3, sz:3, num_conditions:2
condition:7, metric:[0.82883014 0.         0.        ]
condition:8, metric:[0.6434998 0.        0.       ]
condition batch eval, img shape:(208, 246, 246), sx:3, sy:3, sz:3, num_conditions:2
condition:9, metric:[0.66491883 0.         0.        ]
condition:10, metric:[0.10114735 0.         0.        ]
condition batch eval, img shape:(208, 246, 246), sx:3, sy:3, sz:3, num_conditions:2
condition:11, metric:[0.33777957 0.         0.        ]
condition:12, metric:[0. 0. 0.]
condition batch eval, img shape:(208, 246, 246), sx:3, sy:3, sz:3, num_conditions:1
condition:13, metric:[0. 0. 0.]
===>test image:/projects/weilab/liupeng/data/raw/ssl_seg/BTCV/Training_resampled_1.5_1.5_2.0_npy_zscore/img/img0029.npy
condition batch eval, img shape:(150, 299, 299), sx:2, sy:4, sz:4, num_conditions:2
condition:1, metric:[0.67030362 0.         0.        ]
condition:2, metric:[0.78758556 0.         0.        ]
condition batch eval, img shape:(150, 299, 299), sx:2, sy:4, sz:4, num_conditions:2
condition:3, metric:[0.86983604 0.         0.        ]
condition:4, metric:[0. 0. 0.]
condition batch eval, img shape:(150, 299, 299), sx:2, sy:4, sz:4, num_conditions:2
condition:5, metric:[0. 0. 0.]
condition:6, metric:[0.8955003 0.        0.       ]
condition batch eval, img shape:(150, 299, 299), sx:2, sy:4, sz:4, num_conditions:2
condition:7, metric:[0.73654002 0.         0.        ]
condition:8, metric:[0.80447433 0.         0.        ]
condition batch eval, img shape:(150, 299, 299), sx:2, sy:4, sz:4, num_conditions:2
condition:9, metric:[0.65729721 0.         0.        ]
condition:10, metric:[0.15013445 0.         0.        ]
condition batch eval, img shape:(150, 299, 299), sx:2, sy:4, sz:4, num_conditions:2
condition:11, metric:[0.2315827 0.        0.       ]
condition:12, metric:[  0. 150. 150.]
condition batch eval, img shape:(150, 299, 299), sx:2, sy:4, sz:4, num_conditions:1
condition:13, metric:[  0. 150. 150.]
===>test image:/projects/weilab/liupeng/data/raw/ssl_seg/BTCV/Training_resampled_1.5_1.5_2.0_npy_zscore/img/img0022.npy
condition batch eval, img shape:(222, 262, 262), sx:3, sy:3, sz:3, num_conditions:2
condition:1, metric:[0.72101335 0.         0.        ]
condition:2, metric:[0.75331992 0.         0.        ]
condition batch eval, img shape:(222, 262, 262), sx:3, sy:3, sz:3, num_conditions:2
condition:3, metric:[0.87862762 0.         0.        ]
condition:4, metric:[0.11838223 0.         0.        ]
condition batch eval, img shape:(222, 262, 262), sx:3, sy:3, sz:3, num_conditions:2
condition:5, metric:[0.00051357 0.         0.        ]
condition:6, metric:[0.87778901 0.         0.        ]
condition batch eval, img shape:(222, 262, 262), sx:3, sy:3, sz:3, num_conditions:2
condition:7, metric:[0.31609735 0.         0.        ]
condition:8, metric:[0.84159772 0.         0.        ]
condition batch eval, img shape:(222, 262, 262), sx:3, sy:3, sz:3, num_conditions:2
condition:9, metric:[0.60424374 0.         0.        ]
condition:10, metric:[0.13053613 0.         0.        ]
condition batch eval, img shape:(222, 262, 262), sx:3, sy:3, sz:3, num_conditions:2
condition:11, metric:[0.24110032 0.         0.        ]
condition:12, metric:[0. 0. 0.]
condition batch eval, img shape:(222, 262, 262), sx:3, sy:3, sz:3, num_conditions:1
condition:13, metric:[  0. 150. 150.]
===>test image:/projects/weilab/liupeng/data/raw/ssl_seg/BTCV/Training_resampled_1.5_1.5_2.0_npy_zscore/img/img0036.npy
condition batch eval, img shape:(276, 255, 255), sx:4, sy:3, sz:3, num_conditions:2
condition:1, metric:[0.75326486 0.         0.        ]
condition:2, metric:[0.86706582 0.         0.        ]
condition batch eval, img shape:(276, 255, 255), sx:4, sy:3, sz:3, num_conditions:2
condition:3, metric:[0.91829248 0.         0.        ]
condition:4, metric:[0. 0. 0.]
condition batch eval, img shape:(276, 255, 255), sx:4, sy:3, sz:3, num_conditions:2
condition:5, metric:[0.00316386 0.         0.        ]
condition:6, metric:[0.79646295 0.         0.        ]
condition batch eval, img shape:(276, 255, 255), sx:4, sy:3, sz:3, num_conditions:2
condition:7, metric:[0.85441095 0.         0.        ]
condition:8, metric:[0.6329921 0.        0.       ]
condition batch eval, img shape:(276, 255, 255), sx:4, sy:3, sz:3, num_conditions:2
condition:9, metric:[0.54953736 0.         0.        ]
condition:10, metric:[0.10863527 0.         0.        ]
condition batch eval, img shape:(276, 255, 255), sx:4, sy:3, sz:3, num_conditions:2
condition:11, metric:[0.00416424 0.         0.        ]
condition:12, metric:[0. 0. 0.]
condition batch eval, img shape:(276, 255, 255), sx:4, sy:3, sz:3, num_conditions:1
condition:13, metric:[  0. 150. 150.]
Validation end
avg metric shape: (13, 3)
save model to ../model/BTCV_5_C3PS_scalar_baseline_same_split_with_magicNet_3channels_nosemi_SGD_SGD/unet_3D_old/iter_12800_dice_0.4453
iteration 12800 : model2_dice_score : 0.445308 model2_hd95 : 11.538462
save model to ../model/BTCV_5_C3PS_scalar_baseline_same_split_with_magicNet_3channels_nosemi_SGD_SGD/unet_3D_old/model_iter_12800.pth
save model2 to ../model/BTCV_5_C3PS_scalar_baseline_same_split_with_magicNet_3channels_nosemi_SGD_SGD/unet_3D_old/model2_iter_12800.pth
iteration 12820 :model1 loss : 0.194929model2 loss : 0.185328pseudo_supervision1 : 0.000000pseudo_supervision2 : 0.000000
iteration 12840 :model1 loss : 0.265228model2 loss : 0.107790pseudo_supervision1 : 0.000000pseudo_supervision2 : 0.000000
iteration 12860 :model1 loss : 0.368652model2 loss : 0.177203pseudo_supervision1 : 0.000000pseudo_supervision2 : 0.000000
iteration 12880 :model1 loss : 0.145118model2 loss : 0.083524pseudo_supervision1 : 0.000000pseudo_supervision2 : 0.000000
iteration 12900 :model1 loss : 0.148036model2 loss : 0.162709pseudo_supervision1 : 0.000000pseudo_supervision2 : 0.000000
iteration 12920 :model1 loss : 0.152965model2 loss : 0.140237pseudo_supervision1 : 0.000000pseudo_supervision2 : 0.000000
iteration 12940 :model1 loss : 0.166706model2 loss : 0.153441pseudo_supervision1 : 0.000000pseudo_supervision2 : 0.000000
iteration 12960 :model1 loss : 0.203383model2 loss : 0.142531pseudo_supervision1 : 0.000000pseudo_supervision2 : 0.000000
iteration 12980 :model1 loss : 0.152318model2 loss : 0.101611pseudo_supervision1 : 0.000000pseudo_supervision2 : 0.000000
iteration 13000 :model1 loss : 0.220742model2 loss : 0.096189pseudo_supervision1 : 0.000000pseudo_supervision2 : 0.000000
save model to ../model/BTCV_5_C3PS_scalar_baseline_same_split_with_magicNet_3channels_nosemi_SGD_SGD/unet_3D_old/model_iter_13000.pth
save model2 to ../model/BTCV_5_C3PS_scalar_baseline_same_split_with_magicNet_3channels_nosemi_SGD_SGD/unet_3D_old/model2_iter_13000.pth
iteration 13020 :model1 loss : 0.178823model2 loss : 0.074767pseudo_supervision1 : 0.000000pseudo_supervision2 : 0.000000
iteration 13040 :model1 loss : 0.149671model2 loss : 0.104736pseudo_supervision1 : 0.000000pseudo_supervision2 : 0.000000
iteration 13060 :model1 loss : 0.161153model2 loss : 0.185483pseudo_supervision1 : 0.000000pseudo_supervision2 : 0.000000
iteration 13080 :model1 loss : 0.146849model2 loss : 0.075696pseudo_supervision1 : 0.000000pseudo_supervision2 : 0.000000
iteration 13100 :model1 loss : 0.166926model2 loss : 0.120283pseudo_supervision1 : 0.000000pseudo_supervision2 : 0.000000
iteration 13120 :model1 loss : 0.147613model2 loss : 0.083519pseudo_supervision1 : 0.000000pseudo_supervision2 : 0.000000
iteration 13140 :model1 loss : 0.211229model2 loss : 0.169781pseudo_supervision1 : 0.000000pseudo_supervision2 : 0.000000
iteration 13160 :model1 loss : 0.150574model2 loss : 0.118532pseudo_supervision1 : 0.000000pseudo_supervision2 : 0.000000
iteration 13180 :model1 loss : 0.164992model2 loss : 0.121417pseudo_supervision1 : 0.000000pseudo_supervision2 : 0.000000
iteration 13200 :model1 loss : 0.159078model2 loss : 0.210076pseudo_supervision1 : 0.000000pseudo_supervision2 : 0.000000
began evaluation!
iteration 13200: validation sampled 4/12 cases
Total test images: 4
Validation begin
Validation end
avg metric shape: (13, 3)
save model to ../model/BTCV_5_C3PS_scalar_baseline_same_split_with_magicNet_3channels_nosemi_SGD_SGD/unet_3D_old/iter_13200_dice_0.6575
iteration 13200 : model_dice_score : 0.657480 model_hd95 : 0.000000
began evaluation!
Total test images: 4
Validation begin
===>test image:/projects/weilab/liupeng/data/raw/ssl_seg/BTCV/Training_resampled_1.5_1.5_2.0_npy_zscore/img/img0002.npy
condition batch eval, img shape:(208, 246, 246), sx:3, sy:3, sz:3, num_conditions:2
condition:1, metric:[0.82220978 0.         0.        ]
condition:2, metric:[0.88964051 0.         0.        ]
condition batch eval, img shape:(208, 246, 246), sx:3, sy:3, sz:3, num_conditions:2
condition:3, metric:[0.89859325 0.         0.        ]
condition:4, metric:[0.61008729 0.         0.        ]
condition batch eval, img shape:(208, 246, 246), sx:3, sy:3, sz:3, num_conditions:2
condition:5, metric:[0. 0. 0.]
condition:6, metric:[0.82813334 0.         0.        ]
condition batch eval, img shape:(208, 246, 246), sx:3, sy:3, sz:3, num_conditions:2
condition:7, metric:[0.44669402 0.         0.        ]
condition:8, metric:[0.8148392 0.        0.       ]
condition batch eval, img shape:(208, 246, 246), sx:3, sy:3, sz:3, num_conditions:2
condition:9, metric:[0.41230769 0.         0.        ]
condition:10, metric:[0.06139394 0.         0.        ]
condition batch eval, img shape:(208, 246, 246), sx:3, sy:3, sz:3, num_conditions:2
condition:11, metric:[0.13243192 0.         0.        ]
condition:12, metric:[0. 0. 0.]
condition batch eval, img shape:(208, 246, 246), sx:3, sy:3, sz:3, num_conditions:1
condition:13, metric:[0. 0. 0.]
===>test image:/projects/weilab/liupeng/data/raw/ssl_seg/BTCV/Training_resampled_1.5_1.5_2.0_npy_zscore/img/img0025.npy
condition batch eval, img shape:(212, 284, 284), sx:3, sy:3, sz:3, num_conditions:2
condition:1, metric:[0.86895145 0.         0.        ]
condition:2, metric:[0.66944546 0.         0.        ]
condition batch eval, img shape:(212, 284, 284), sx:3, sy:3, sz:3, num_conditions:2
condition:3, metric:[0.44357095 0.         0.        ]
condition:4, metric:[0.09406953 0.         0.        ]
condition batch eval, img shape:(212, 284, 284), sx:3, sy:3, sz:3, num_conditions:2
condition:5, metric:[0. 0. 0.]
condition:6, metric:[0.58536086 0.         0.        ]
condition batch eval, img shape:(212, 284, 284), sx:3, sy:3, sz:3, num_conditions:2
condition:7, metric:[0.11743287 0.         0.        ]
condition:8, metric:[0.70557885 0.         0.        ]
condition batch eval, img shape:(212, 284, 284), sx:3, sy:3, sz:3, num_conditions:2
condition:9, metric:[0.17078436 0.         0.        ]
condition:10, metric:[0.10830398 0.         0.        ]
condition batch eval, img shape:(212, 284, 284), sx:3, sy:3, sz:3, num_conditions:2
condition:11, metric:[0.01854091 0.         0.        ]
condition:12, metric:[  0. 150. 150.]
condition batch eval, img shape:(212, 284, 284), sx:3, sy:3, sz:3, num_conditions:1
condition:13, metric:[  0. 150. 150.]
===>test image:/projects/weilab/liupeng/data/raw/ssl_seg/BTCV/Training_resampled_1.5_1.5_2.0_npy_zscore/img/img0004.npy
condition batch eval, img shape:(210, 203, 203), sx:3, sy:2, sz:2, num_conditions:2
condition:1, metric:[0.8788029 0.        0.       ]
condition:2, metric:[0.65626619 0.         0.        ]
condition batch eval, img shape:(210, 203, 203), sx:3, sy:2, sz:2, num_conditions:2
condition:3, metric:[0.85169612 0.         0.        ]
condition:4, metric:[  0. 150. 150.]
condition batch eval, img shape:(210, 203, 203), sx:3, sy:2, sz:2, num_conditions:2
condition:5, metric:[0. 0. 0.]
condition:6, metric:[0.80847557 0.         0.        ]
condition batch eval, img shape:(210, 203, 203), sx:3, sy:2, sz:2, num_conditions:2
condition:7, metric:[0.1188487 0.        0.       ]
condition:8, metric:[0.62178717 0.         0.        ]
condition batch eval, img shape:(210, 203, 203), sx:3, sy:2, sz:2, num_conditions:2
condition:9, metric:[0.61509984 0.         0.        ]
condition:10, metric:[0.222544 0.       0.      ]
condition batch eval, img shape:(210, 203, 203), sx:3, sy:2, sz:2, num_conditions:2
condition:11, metric:[0.0465542 0.        0.       ]
condition:12, metric:[0. 0. 0.]
condition batch eval, img shape:(210, 203, 203), sx:3, sy:2, sz:2, num_conditions:1
condition:13, metric:[  0. 150. 150.]
===>test image:/projects/weilab/liupeng/data/raw/ssl_seg/BTCV/Training_resampled_1.5_1.5_2.0_npy_zscore/img/img0032.npy
condition batch eval, img shape:(216, 253, 253), sx:3, sy:3, sz:3, num_conditions:2
condition:1, metric:[0.74563091 0.         0.        ]
condition:2, metric:[0.81462012 0.         0.        ]
condition batch eval, img shape:(216, 253, 253), sx:3, sy:3, sz:3, num_conditions:2
condition:3, metric:[0.83109996 0.         0.        ]
condition:4, metric:[0.20988961 0.         0.        ]
condition batch eval, img shape:(216, 253, 253), sx:3, sy:3, sz:3, num_conditions:2
condition:5, metric:[0.00342943 0.         0.        ]
condition:6, metric:[0.76369135 0.         0.        ]
condition batch eval, img shape:(216, 253, 253), sx:3, sy:3, sz:3, num_conditions:2
condition:7, metric:[0.38807225 0.         0.        ]
condition:8, metric:[0.65770424 0.         0.        ]
condition batch eval, img shape:(216, 253, 253), sx:3, sy:3, sz:3, num_conditions:2
condition:9, metric:[0.22241386 0.         0.        ]
condition:10, metric:[0. 0. 0.]
condition batch eval, img shape:(216, 253, 253), sx:3, sy:3, sz:3, num_conditions:2
condition:11, metric:[0.00946042 0.         0.        ]
condition:12, metric:[0. 0. 0.]
condition batch eval, img shape:(216, 253, 253), sx:3, sy:3, sz:3, num_conditions:1
condition:13, metric:[0. 0. 0.]
Validation end
avg metric shape: (13, 3)
iteration 13200 : model2_dice_score : 0.368547 model2_hd95 : 11.538462
save model to ../model/BTCV_5_C3PS_scalar_baseline_same_split_with_magicNet_3channels_nosemi_SGD_SGD/unet_3D_old/model_iter_13200.pth
save model2 to ../model/BTCV_5_C3PS_scalar_baseline_same_split_with_magicNet_3channels_nosemi_SGD_SGD/unet_3D_old/model2_iter_13200.pth
iteration 13220 :model1 loss : 0.150025model2 loss : 0.179154pseudo_supervision1 : 0.000000pseudo_supervision2 : 0.000000
iteration 13240 :model1 loss : 0.173330model2 loss : 0.138345pseudo_supervision1 : 0.000000pseudo_supervision2 : 0.000000
iteration 13260 :model1 loss : 0.117356model2 loss : 0.062843pseudo_supervision1 : 0.000000pseudo_supervision2 : 0.000000
iteration 13280 :model1 loss : 0.230731model2 loss : 0.094580pseudo_supervision1 : 0.000000pseudo_supervision2 : 0.000000
iteration 13300 :model1 loss : 0.226480model2 loss : 0.055607pseudo_supervision1 : 0.000000pseudo_supervision2 : 0.000000
iteration 13320 :model1 loss : 0.200801model2 loss : 0.046826pseudo_supervision1 : 0.000000pseudo_supervision2 : 0.000000
iteration 13340 :model1 loss : 0.157678model2 loss : 0.119427pseudo_supervision1 : 0.000000pseudo_supervision2 : 0.000000
iteration 13360 :model1 loss : 0.143488model2 loss : 0.071907pseudo_supervision1 : 0.000000pseudo_supervision2 : 0.000000
iteration 13380 :model1 loss : 0.191246model2 loss : 0.068814pseudo_supervision1 : 0.000000pseudo_supervision2 : 0.000000
iteration 13400 :model1 loss : 0.329713model2 loss : 0.070846pseudo_supervision1 : 0.000000pseudo_supervision2 : 0.000000
save model to ../model/BTCV_5_C3PS_scalar_baseline_same_split_with_magicNet_3channels_nosemi_SGD_SGD/unet_3D_old/model_iter_13400.pth
save model2 to ../model/BTCV_5_C3PS_scalar_baseline_same_split_with_magicNet_3channels_nosemi_SGD_SGD/unet_3D_old/model2_iter_13400.pth
iteration 13420 :model1 loss : 0.213096model2 loss : 0.111450pseudo_supervision1 : 0.000000pseudo_supervision2 : 0.000000
iteration 13440 :model1 loss : 0.169480model2 loss : 0.219303pseudo_supervision1 : 0.000000pseudo_supervision2 : 0.000000
iteration 13460 :model1 loss : 0.135499model2 loss : 0.314102pseudo_supervision1 : 0.000000pseudo_supervision2 : 0.000000
iteration 13480 :model1 loss : 0.326292model2 loss : 0.054542pseudo_supervision1 : 0.000000pseudo_supervision2 : 0.000000
iteration 13500 :model1 loss : 0.167567model2 loss : 0.144053pseudo_supervision1 : 0.000000pseudo_supervision2 : 0.000000
iteration 13520 :model1 loss : 0.138191model2 loss : 0.110357pseudo_supervision1 : 0.000000pseudo_supervision2 : 0.000000
iteration 13540 :model1 loss : 0.153641model2 loss : 0.110009pseudo_supervision1 : 0.000000pseudo_supervision2 : 0.000000
iteration 13560 :model1 loss : 0.145834model2 loss : 0.092528pseudo_supervision1 : 0.000000pseudo_supervision2 : 0.000000
iteration 13580 :model1 loss : 0.165812model2 loss : 0.125541pseudo_supervision1 : 0.000000pseudo_supervision2 : 0.000000
iteration 13600 :model1 loss : 0.272009model2 loss : 0.065807pseudo_supervision1 : 0.000000pseudo_supervision2 : 0.000000
began evaluation!
iteration 13600: validation sampled 4/12 cases
Total test images: 4
Validation begin
Validation end
avg metric shape: (13, 3)
iteration 13600 : model_dice_score : 0.598631 model_hd95 : 2.884615
began evaluation!
Total test images: 4
Validation begin
===>test image:/projects/weilab/liupeng/data/raw/ssl_seg/BTCV/Training_resampled_1.5_1.5_2.0_npy_zscore/img/img0035.npy
condition batch eval, img shape:(235, 314, 314), sx:4, sy:4, sz:4, num_conditions:2
condition:1, metric:[0.75284668 0.         0.        ]
condition:2, metric:[0.64383134 0.         0.        ]
condition batch eval, img shape:(235, 314, 314), sx:4, sy:4, sz:4, num_conditions:2
condition:3, metric:[0.85184854 0.         0.        ]
condition:4, metric:[  0. 150. 150.]
condition batch eval, img shape:(235, 314, 314), sx:4, sy:4, sz:4, num_conditions:2
condition:5, metric:[0. 0. 0.]
condition:6, metric:[0.88445894 0.         0.        ]
condition batch eval, img shape:(235, 314, 314), sx:4, sy:4, sz:4, num_conditions:2
condition:7, metric:[0.26827585 0.         0.        ]
condition:8, metric:[0.85164468 0.         0.        ]
condition batch eval, img shape:(235, 314, 314), sx:4, sy:4, sz:4, num_conditions:2
condition:9, metric:[0.65321538 0.         0.        ]
condition:10, metric:[0.15012707 0.         0.        ]
condition batch eval, img shape:(235, 314, 314), sx:4, sy:4, sz:4, num_conditions:2
condition:11, metric:[0.0165046 0.        0.       ]
condition:12, metric:[  0. 150. 150.]
condition batch eval, img shape:(235, 314, 314), sx:4, sy:4, sz:4, num_conditions:1
condition:13, metric:[  0. 150. 150.]
===>test image:/projects/weilab/liupeng/data/raw/ssl_seg/BTCV/Training_resampled_1.5_1.5_2.0_npy_zscore/img/img0036.npy
condition batch eval, img shape:(276, 255, 255), sx:4, sy:3, sz:3, num_conditions:2
condition:1, metric:[0.8399692 0.        0.       ]
condition:2, metric:[0.73623217 0.         0.        ]
condition batch eval, img shape:(276, 255, 255), sx:4, sy:3, sz:3, num_conditions:2
condition:3, metric:[0.92849518 0.         0.        ]
condition:4, metric:[0.36520312 0.         0.        ]
condition batch eval, img shape:(276, 255, 255), sx:4, sy:3, sz:3, num_conditions:2
condition:5, metric:[0.00402496 0.         0.        ]
condition:6, metric:[0.87391079 0.         0.        ]
condition batch eval, img shape:(276, 255, 255), sx:4, sy:3, sz:3, num_conditions:2
condition:7, metric:[0.65618016 0.         0.        ]
condition:8, metric:[0.79390953 0.         0.        ]
condition batch eval, img shape:(276, 255, 255), sx:4, sy:3, sz:3, num_conditions:2
condition:9, metric:[0.44264738 0.         0.        ]
condition:10, metric:[0.16037893 0.         0.        ]
condition batch eval, img shape:(276, 255, 255), sx:4, sy:3, sz:3, num_conditions:2
condition:11, metric:[0.0671209 0.        0.       ]
condition:12, metric:[0. 0. 0.]
condition batch eval, img shape:(276, 255, 255), sx:4, sy:3, sz:3, num_conditions:1
condition:13, metric:[0. 0. 0.]
===>test image:/projects/weilab/liupeng/data/raw/ssl_seg/BTCV/Training_resampled_1.5_1.5_2.0_npy_zscore/img/img0025.npy
condition batch eval, img shape:(212, 284, 284), sx:3, sy:3, sz:3, num_conditions:2
condition:1, metric:[0.87777345 0.         0.        ]
condition:2, metric:[0.51511043 0.         0.        ]
condition batch eval, img shape:(212, 284, 284), sx:3, sy:3, sz:3, num_conditions:2
condition:3, metric:[0.45421403 0.         0.        ]
condition:4, metric:[0.79482457 0.         0.        ]
condition batch eval, img shape:(212, 284, 284), sx:3, sy:3, sz:3, num_conditions:2
condition:5, metric:[0.00945493 0.         0.        ]
condition:6, metric:[0.8671168 0.        0.       ]
condition batch eval, img shape:(212, 284, 284), sx:3, sy:3, sz:3, num_conditions:2
condition:7, metric:[0.50849501 0.         0.        ]
condition:8, metric:[0.72798315 0.         0.        ]
condition batch eval, img shape:(212, 284, 284), sx:3, sy:3, sz:3, num_conditions:2
condition:9, metric:[0.36251296 0.         0.        ]
condition:10, metric:[0.0361199 0.        0.       ]
condition batch eval, img shape:(212, 284, 284), sx:3, sy:3, sz:3, num_conditions:2
condition:11, metric:[0.0159354 0.        0.       ]
condition:12, metric:[0. 0. 0.]
condition batch eval, img shape:(212, 284, 284), sx:3, sy:3, sz:3, num_conditions:1
condition:13, metric:[0. 0. 0.]
===>test image:/projects/weilab/liupeng/data/raw/ssl_seg/BTCV/Training_resampled_1.5_1.5_2.0_npy_zscore/img/img0038.npy
condition batch eval, img shape:(250, 333, 333), sx:4, sy:4, sz:4, num_conditions:2
condition:1, metric:[0.63567195 0.         0.        ]
condition:2, metric:[0.49759559 0.         0.        ]
condition batch eval, img shape:(250, 333, 333), sx:4, sy:4, sz:4, num_conditions:2
condition:3, metric:[0.77860561 0.         0.        ]
condition:4, metric:[0.00071937 0.         0.        ]
condition batch eval, img shape:(250, 333, 333), sx:4, sy:4, sz:4, num_conditions:2
condition:5, metric:[0. 0. 0.]
condition:6, metric:[0.74838775 0.         0.        ]
condition batch eval, img shape:(250, 333, 333), sx:4, sy:4, sz:4, num_conditions:2
condition:7, metric:[0.11324467 0.         0.        ]
condition:8, metric:[0.84760979 0.         0.        ]
condition batch eval, img shape:(250, 333, 333), sx:4, sy:4, sz:4, num_conditions:2
condition:9, metric:[0.3656395 0.        0.       ]
condition:10, metric:[0.15324663 0.         0.        ]
condition batch eval, img shape:(250, 333, 333), sx:4, sy:4, sz:4, num_conditions:2
condition:11, metric:[0.01142709 0.         0.        ]
condition:12, metric:[0. 0. 0.]
condition batch eval, img shape:(250, 333, 333), sx:4, sy:4, sz:4, num_conditions:1
condition:13, metric:[  0. 150. 150.]
Validation end
avg metric shape: (13, 3)
iteration 13600 : model2_dice_score : 0.389664 model2_hd95 : 11.538462
save model to ../model/BTCV_5_C3PS_scalar_baseline_same_split_with_magicNet_3channels_nosemi_SGD_SGD/unet_3D_old/model_iter_13600.pth
save model2 to ../model/BTCV_5_C3PS_scalar_baseline_same_split_with_magicNet_3channels_nosemi_SGD_SGD/unet_3D_old/model2_iter_13600.pth
iteration 13620 :model1 loss : 0.325416model2 loss : 0.087420pseudo_supervision1 : 0.000000pseudo_supervision2 : 0.000000
iteration 13640 :model1 loss : 0.229662model2 loss : 0.089896pseudo_supervision1 : 0.000000pseudo_supervision2 : 0.000000
iteration 13660 :model1 loss : 0.154683model2 loss : 0.118460pseudo_supervision1 : 0.000000pseudo_supervision2 : 0.000000
iteration 13680 :model1 loss : 0.139535model2 loss : 0.053601pseudo_supervision1 : 0.000000pseudo_supervision2 : 0.000000
iteration 13700 :model1 loss : 0.155365model2 loss : 0.060317pseudo_supervision1 : 0.000000pseudo_supervision2 : 0.000000
iteration 13720 :model1 loss : 0.326156model2 loss : 0.052690pseudo_supervision1 : 0.000000pseudo_supervision2 : 0.000000
iteration 13740 :model1 loss : 0.196453model2 loss : 0.074647pseudo_supervision1 : 0.000000pseudo_supervision2 : 0.000000
iteration 13760 :model1 loss : 0.291831model2 loss : 0.051506pseudo_supervision1 : 0.000000pseudo_supervision2 : 0.000000
iteration 13780 :model1 loss : 0.163996model2 loss : 0.185527pseudo_supervision1 : 0.000000pseudo_supervision2 : 0.000000
iteration 13800 :model1 loss : 0.136537model2 loss : 0.078916pseudo_supervision1 : 0.000000pseudo_supervision2 : 0.000000
save model to ../model/BTCV_5_C3PS_scalar_baseline_same_split_with_magicNet_3channels_nosemi_SGD_SGD/unet_3D_old/model_iter_13800.pth
save model2 to ../model/BTCV_5_C3PS_scalar_baseline_same_split_with_magicNet_3channels_nosemi_SGD_SGD/unet_3D_old/model2_iter_13800.pth
iteration 13820 :model1 loss : 0.135932model2 loss : 0.102527pseudo_supervision1 : 0.000000pseudo_supervision2 : 0.000000
iteration 13840 :model1 loss : 0.268682model2 loss : 0.055482pseudo_supervision1 : 0.000000pseudo_supervision2 : 0.000000
iteration 13860 :model1 loss : 0.155253model2 loss : 0.192636pseudo_supervision1 : 0.000000pseudo_supervision2 : 0.000000
iteration 13880 :model1 loss : 0.130300model2 loss : 0.057014pseudo_supervision1 : 0.000000pseudo_supervision2 : 0.000000
iteration 13900 :model1 loss : 0.153994model2 loss : 0.144965pseudo_supervision1 : 0.000000pseudo_supervision2 : 0.000000
iteration 13920 :model1 loss : 0.250888model2 loss : 0.087640pseudo_supervision1 : 0.000000pseudo_supervision2 : 0.000000
iteration 13940 :model1 loss : 0.184687model2 loss : 0.180190pseudo_supervision1 : 0.000000pseudo_supervision2 : 0.000000
iteration 13960 :model1 loss : 0.292341model2 loss : 0.041050pseudo_supervision1 : 0.000000pseudo_supervision2 : 0.000000
iteration 13980 :model1 loss : 0.141872model2 loss : 0.077312pseudo_supervision1 : 0.000000pseudo_supervision2 : 0.000000
iteration 14000 :model1 loss : 0.351359model2 loss : 0.110841pseudo_supervision1 : 0.000000pseudo_supervision2 : 0.000000
began evaluation!
iteration 14000: validation sampled 4/12 cases
Total test images: 4
Validation begin
Validation end
avg metric shape: (13, 3)
iteration 14000 : model_dice_score : 0.566543 model_hd95 : 8.653846
began evaluation!
Total test images: 4
Validation begin
===>test image:/projects/weilab/liupeng/data/raw/ssl_seg/BTCV/Training_resampled_1.5_1.5_2.0_npy_zscore/img/img0003.npy
condition batch eval, img shape:(297, 307, 307), sx:5, sy:4, sz:4, num_conditions:2
condition:1, metric:[0.8186543 0.        0.       ]
condition:2, metric:[0.65873748 0.         0.        ]
condition batch eval, img shape:(297, 307, 307), sx:5, sy:4, sz:4, num_conditions:2
condition:3, metric:[0.85523522 0.         0.        ]
condition:4, metric:[0. 0. 0.]
condition batch eval, img shape:(297, 307, 307), sx:5, sy:4, sz:4, num_conditions:2
condition:5, metric:[0. 0. 0.]
condition:6, metric:[0.01454225 0.         0.        ]
condition batch eval, img shape:(297, 307, 307), sx:5, sy:4, sz:4, num_conditions:2
condition:7, metric:[0. 0. 0.]
condition:8, metric:[0. 0. 0.]
condition batch eval, img shape:(297, 307, 307), sx:5, sy:4, sz:4, num_conditions:2
condition:9, metric:[0.0117885 0.        0.       ]
condition:10, metric:[  0. 150. 150.]
condition batch eval, img shape:(297, 307, 307), sx:5, sy:4, sz:4, num_conditions:2
condition:11, metric:[  0. 150. 150.]
condition:12, metric:[  0. 150. 150.]
condition batch eval, img shape:(297, 307, 307), sx:5, sy:4, sz:4, num_conditions:1
condition:13, metric:[  0. 150. 150.]
===>test image:/projects/weilab/liupeng/data/raw/ssl_seg/BTCV/Training_resampled_1.5_1.5_2.0_npy_zscore/img/img0029.npy
condition batch eval, img shape:(150, 299, 299), sx:2, sy:4, sz:4, num_conditions:2
condition:1, metric:[0.90219283 0.         0.        ]
condition:2, metric:[0.86669923 0.         0.        ]
condition batch eval, img shape:(150, 299, 299), sx:2, sy:4, sz:4, num_conditions:2
condition:3, metric:[0.86764285 0.         0.        ]
condition:4, metric:[0. 0. 0.]
condition batch eval, img shape:(150, 299, 299), sx:2, sy:4, sz:4, num_conditions:2
condition:5, metric:[0.00142942 0.         0.        ]
condition:6, metric:[0.0691835 0.        0.       ]
condition batch eval, img shape:(150, 299, 299), sx:2, sy:4, sz:4, num_conditions:2
condition:7, metric:[0.01005718 0.         0.        ]
condition:8, metric:[0.0756556 0.        0.       ]
condition batch eval, img shape:(150, 299, 299), sx:2, sy:4, sz:4, num_conditions:2
condition:9, metric:[0.02621364 0.         0.        ]
condition:10, metric:[0.00170474 0.         0.        ]
condition batch eval, img shape:(150, 299, 299), sx:2, sy:4, sz:4, num_conditions:2
condition:11, metric:[  0. 150. 150.]
condition:12, metric:[  0. 150. 150.]
condition batch eval, img shape:(150, 299, 299), sx:2, sy:4, sz:4, num_conditions:1
condition:13, metric:[  0. 150. 150.]
===>test image:/projects/weilab/liupeng/data/raw/ssl_seg/BTCV/Training_resampled_1.5_1.5_2.0_npy_zscore/img/img0004.npy
condition batch eval, img shape:(210, 203, 203), sx:3, sy:2, sz:2, num_conditions:2
condition:1, metric:[0.90252936 0.         0.        ]
condition:2, metric:[0.72253471 0.         0.        ]
condition batch eval, img shape:(210, 203, 203), sx:3, sy:2, sz:2, num_conditions:2
condition:3, metric:[0.84411642 0.         0.        ]
condition:4, metric:[  0. 150. 150.]
condition batch eval, img shape:(210, 203, 203), sx:3, sy:2, sz:2, num_conditions:2
condition:5, metric:[0.00281101 0.         0.        ]
condition:6, metric:[0.13964869 0.         0.        ]
condition batch eval, img shape:(210, 203, 203), sx:3, sy:2, sz:2, num_conditions:2
condition:7, metric:[0. 0. 0.]
condition:8, metric:[0.0944961 0.        0.       ]
condition batch eval, img shape:(210, 203, 203), sx:3, sy:2, sz:2, num_conditions:2
condition:9, metric:[0.02329509 0.         0.        ]
condition:10, metric:[  0. 150. 150.]
condition batch eval, img shape:(210, 203, 203), sx:3, sy:2, sz:2, num_conditions:2
condition:11, metric:[  0. 150. 150.]
condition:12, metric:[  0. 150. 150.]
condition batch eval, img shape:(210, 203, 203), sx:3, sy:2, sz:2, num_conditions:1
condition:13, metric:[  0. 150. 150.]
===>test image:/projects/weilab/liupeng/data/raw/ssl_seg/BTCV/Training_resampled_1.5_1.5_2.0_npy_zscore/img/img0025.npy
condition batch eval, img shape:(212, 284, 284), sx:3, sy:3, sz:3, num_conditions:2
condition:1, metric:[0.88015191 0.         0.        ]
condition:2, metric:[0.51126766 0.         0.        ]
condition batch eval, img shape:(212, 284, 284), sx:3, sy:3, sz:3, num_conditions:2
condition:3, metric:[0.00017117 0.         0.        ]
condition:4, metric:[0. 0. 0.]
condition batch eval, img shape:(212, 284, 284), sx:3, sy:3, sz:3, num_conditions:2
condition:5, metric:[0.01234857 0.         0.        ]
condition:6, metric:[0.01890004 0.         0.        ]
condition batch eval, img shape:(212, 284, 284), sx:3, sy:3, sz:3, num_conditions:2
condition:7, metric:[0. 0. 0.]
condition:8, metric:[0.04227333 0.         0.        ]
condition batch eval, img shape:(212, 284, 284), sx:3, sy:3, sz:3, num_conditions:2
condition:9, metric:[0.00849874 0.         0.        ]
condition:10, metric:[0. 0. 0.]
condition batch eval, img shape:(212, 284, 284), sx:3, sy:3, sz:3, num_conditions:2
condition:11, metric:[0. 0. 0.]
condition:12, metric:[0. 0. 0.]
condition batch eval, img shape:(212, 284, 284), sx:3, sy:3, sz:3, num_conditions:1
condition:13, metric:[  0. 150. 150.]
Validation end
avg metric shape: (13, 3)
iteration 14000 : model2_dice_score : 0.180438 model2_hd95 : 37.500000
save model to ../model/BTCV_5_C3PS_scalar_baseline_same_split_with_magicNet_3channels_nosemi_SGD_SGD/unet_3D_old/model_iter_14000.pth
save model2 to ../model/BTCV_5_C3PS_scalar_baseline_same_split_with_magicNet_3channels_nosemi_SGD_SGD/unet_3D_old/model2_iter_14000.pth
iteration 14020 :model1 loss : 0.166364model2 loss : 0.187600pseudo_supervision1 : 0.000000pseudo_supervision2 : 0.000000
iteration 14040 :model1 loss : 0.133173model2 loss : 0.190596pseudo_supervision1 : 0.000000pseudo_supervision2 : 0.000000
iteration 14060 :model1 loss : 0.154692model2 loss : 0.139973pseudo_supervision1 : 0.000000pseudo_supervision2 : 0.000000
iteration 14080 :model1 loss : 0.171477model2 loss : 0.135445pseudo_supervision1 : 0.000000pseudo_supervision2 : 0.000000
iteration 14100 :model1 loss : 0.184322model2 loss : 0.096477pseudo_supervision1 : 0.000000pseudo_supervision2 : 0.000000
iteration 14120 :model1 loss : 0.250380model2 loss : 0.043681pseudo_supervision1 : 0.000000pseudo_supervision2 : 0.000000
iteration 14140 :model1 loss : 0.333144model2 loss : 0.108611pseudo_supervision1 : 0.000000pseudo_supervision2 : 0.000000
iteration 14160 :model1 loss : 0.157319model2 loss : 0.109629pseudo_supervision1 : 0.000000pseudo_supervision2 : 0.000000
iteration 14180 :model1 loss : 0.130968model2 loss : 0.052252pseudo_supervision1 : 0.000000pseudo_supervision2 : 0.000000
iteration 14200 :model1 loss : 0.239435model2 loss : 0.121651pseudo_supervision1 : 0.000000pseudo_supervision2 : 0.000000
save model to ../model/BTCV_5_C3PS_scalar_baseline_same_split_with_magicNet_3channels_nosemi_SGD_SGD/unet_3D_old/model_iter_14200.pth
save model2 to ../model/BTCV_5_C3PS_scalar_baseline_same_split_with_magicNet_3channels_nosemi_SGD_SGD/unet_3D_old/model2_iter_14200.pth
iteration 14220 :model1 loss : 0.186381model2 loss : 0.069259pseudo_supervision1 : 0.000000pseudo_supervision2 : 0.000000
iteration 14240 :model1 loss : 0.152983model2 loss : 0.067561pseudo_supervision1 : 0.000000pseudo_supervision2 : 0.000000
iteration 14260 :model1 loss : 0.221540model2 loss : 0.108069pseudo_supervision1 : 0.000000pseudo_supervision2 : 0.000000
iteration 14280 :model1 loss : 0.294932model2 loss : 0.046265pseudo_supervision1 : 0.000000pseudo_supervision2 : 0.000000
iteration 14300 :model1 loss : 0.171121model2 loss : 0.098174pseudo_supervision1 : 0.000000pseudo_supervision2 : 0.000000
iteration 14320 :model1 loss : 0.170881model2 loss : 0.062172pseudo_supervision1 : 0.000000pseudo_supervision2 : 0.000000
iteration 14340 :model1 loss : 0.225497model2 loss : 0.155967pseudo_supervision1 : 0.000000pseudo_supervision2 : 0.000000
iteration 14360 :model1 loss : 0.235164model2 loss : 0.063564pseudo_supervision1 : 0.000000pseudo_supervision2 : 0.000000
iteration 14380 :model1 loss : 0.333055model2 loss : 0.058613pseudo_supervision1 : 0.000000pseudo_supervision2 : 0.000000
iteration 14400 :model1 loss : 0.269326model2 loss : 0.112373pseudo_supervision1 : 0.000000pseudo_supervision2 : 0.000000
began evaluation!
iteration 14400: validation sampled 4/12 cases
Total test images: 4
Validation begin
Validation end
avg metric shape: (13, 3)
save model to ../model/BTCV_5_C3PS_scalar_baseline_same_split_with_magicNet_3channels_nosemi_SGD_SGD/unet_3D_old/iter_14400_dice_0.6596
iteration 14400 : model_dice_score : 0.659611 model_hd95 : 0.000000
began evaluation!
Total test images: 4
Validation begin
===>test image:/projects/weilab/liupeng/data/raw/ssl_seg/BTCV/Training_resampled_1.5_1.5_2.0_npy_zscore/img/img0001.npy
condition batch eval, img shape:(220, 228, 228), sx:3, sy:3, sz:3, num_conditions:2
condition:1, metric:[0.88746398 0.         0.        ]
condition:2, metric:[0.62642604 0.         0.        ]
condition batch eval, img shape:(220, 228, 228), sx:3, sy:3, sz:3, num_conditions:2
condition:3, metric:[0.71082942 0.         0.        ]
condition:4, metric:[0.00692226 0.         0.        ]
condition batch eval, img shape:(220, 228, 228), sx:3, sy:3, sz:3, num_conditions:2
condition:5, metric:[0.12281459 0.         0.        ]
condition:6, metric:[0.83589962 0.         0.        ]
condition batch eval, img shape:(220, 228, 228), sx:3, sy:3, sz:3, num_conditions:2
condition:7, metric:[0.20147035 0.         0.        ]
condition:8, metric:[0.88271268 0.         0.        ]
condition batch eval, img shape:(220, 228, 228), sx:3, sy:3, sz:3, num_conditions:2
condition:9, metric:[0.6697759 0.        0.       ]
condition:10, metric:[0.22806339 0.         0.        ]
condition batch eval, img shape:(220, 228, 228), sx:3, sy:3, sz:3, num_conditions:2
condition:11, metric:[  0. 150. 150.]
condition:12, metric:[  0. 150. 150.]
condition batch eval, img shape:(220, 228, 228), sx:3, sy:3, sz:3, num_conditions:1
condition:13, metric:[  0. 150. 150.]
===>test image:/projects/weilab/liupeng/data/raw/ssl_seg/BTCV/Training_resampled_1.5_1.5_2.0_npy_zscore/img/img0032.npy
condition batch eval, img shape:(216, 253, 253), sx:3, sy:3, sz:3, num_conditions:2
condition:1, metric:[0.89070895 0.         0.        ]
condition:2, metric:[0.88783145 0.         0.        ]
condition batch eval, img shape:(216, 253, 253), sx:3, sy:3, sz:3, num_conditions:2
condition:3, metric:[0.79577856 0.         0.        ]
condition:4, metric:[0.63229002 0.         0.        ]
condition batch eval, img shape:(216, 253, 253), sx:3, sy:3, sz:3, num_conditions:2
condition:5, metric:[0.02947506 0.         0.        ]
condition:6, metric:[0.87959623 0.         0.        ]
condition batch eval, img shape:(216, 253, 253), sx:3, sy:3, sz:3, num_conditions:2
condition:7, metric:[0.31565383 0.         0.        ]
condition:8, metric:[0.89522148 0.         0.        ]
condition batch eval, img shape:(216, 253, 253), sx:3, sy:3, sz:3, num_conditions:2
condition:9, metric:[0.6359162 0.        0.       ]
condition:10, metric:[0.07557927 0.         0.        ]
condition batch eval, img shape:(216, 253, 253), sx:3, sy:3, sz:3, num_conditions:2
condition:11, metric:[0.24897927 0.         0.        ]
condition:12, metric:[0. 0. 0.]
condition batch eval, img shape:(216, 253, 253), sx:3, sy:3, sz:3, num_conditions:1
condition:13, metric:[  0. 150. 150.]
===>test image:/projects/weilab/liupeng/data/raw/ssl_seg/BTCV/Training_resampled_1.5_1.5_2.0_npy_zscore/img/img0038.npy
condition batch eval, img shape:(250, 333, 333), sx:4, sy:4, sz:4, num_conditions:2
condition:1, metric:[0.77077412 0.         0.        ]
condition:2, metric:[0.60872656 0.         0.        ]
condition batch eval, img shape:(250, 333, 333), sx:4, sy:4, sz:4, num_conditions:2
condition:3, metric:[0.85020999 0.         0.        ]
condition:4, metric:[0. 0. 0.]
condition batch eval, img shape:(250, 333, 333), sx:4, sy:4, sz:4, num_conditions:2
condition:5, metric:[0. 0. 0.]
condition:6, metric:[0.55335628 0.         0.        ]
condition batch eval, img shape:(250, 333, 333), sx:4, sy:4, sz:4, num_conditions:2
condition:7, metric:[0.00403897 0.         0.        ]
condition:8, metric:[0.86280397 0.         0.        ]
condition batch eval, img shape:(250, 333, 333), sx:4, sy:4, sz:4, num_conditions:2
condition:9, metric:[0.47738611 0.         0.        ]
condition:10, metric:[0.04750879 0.         0.        ]
condition batch eval, img shape:(250, 333, 333), sx:4, sy:4, sz:4, num_conditions:2
condition:11, metric:[0.00013121 0.         0.        ]
condition:12, metric:[  0. 150. 150.]
condition batch eval, img shape:(250, 333, 333), sx:4, sy:4, sz:4, num_conditions:1
condition:13, metric:[  0. 150. 150.]
===>test image:/projects/weilab/liupeng/data/raw/ssl_seg/BTCV/Training_resampled_1.5_1.5_2.0_npy_zscore/img/img0036.npy
condition batch eval, img shape:(276, 255, 255), sx:4, sy:3, sz:3, num_conditions:2
condition:1, metric:[0.89746738 0.         0.        ]
condition:2, metric:[0.92638255 0.         0.        ]
condition batch eval, img shape:(276, 255, 255), sx:4, sy:3, sz:3, num_conditions:2
condition:3, metric:[0.92700718 0.         0.        ]
condition:4, metric:[0.00973236 0.         0.        ]
condition batch eval, img shape:(276, 255, 255), sx:4, sy:3, sz:3, num_conditions:2
condition:5, metric:[0.05309285 0.         0.        ]
condition:6, metric:[0.71834188 0.         0.        ]
condition batch eval, img shape:(276, 255, 255), sx:4, sy:3, sz:3, num_conditions:2
condition:7, metric:[0.6111434 0.        0.       ]
condition:8, metric:[0.78631802 0.         0.        ]
condition batch eval, img shape:(276, 255, 255), sx:4, sy:3, sz:3, num_conditions:2
condition:9, metric:[0.52981475 0.         0.        ]
condition:10, metric:[0.13555693 0.         0.        ]
condition batch eval, img shape:(276, 255, 255), sx:4, sy:3, sz:3, num_conditions:2
condition:11, metric:[0. 0. 0.]
condition:12, metric:[  0. 150. 150.]
condition batch eval, img shape:(276, 255, 255), sx:4, sy:3, sz:3, num_conditions:1
condition:13, metric:[  0. 150. 150.]
Validation end
avg metric shape: (13, 3)
iteration 14400 : model2_dice_score : 0.408254 model2_hd95 : 23.076923
save model to ../model/BTCV_5_C3PS_scalar_baseline_same_split_with_magicNet_3channels_nosemi_SGD_SGD/unet_3D_old/model_iter_14400.pth
save model2 to ../model/BTCV_5_C3PS_scalar_baseline_same_split_with_magicNet_3channels_nosemi_SGD_SGD/unet_3D_old/model2_iter_14400.pth
iteration 14420 :model1 loss : 0.246072model2 loss : 0.051225pseudo_supervision1 : 0.000000pseudo_supervision2 : 0.000000
iteration 14440 :model1 loss : 0.138318model2 loss : 0.081391pseudo_supervision1 : 0.000000pseudo_supervision2 : 0.000000
iteration 14460 :model1 loss : 0.235828model2 loss : 0.059327pseudo_supervision1 : 0.000000pseudo_supervision2 : 0.000000
iteration 14480 :model1 loss : 0.437753model2 loss : 0.195609pseudo_supervision1 : 0.000000pseudo_supervision2 : 0.000000
iteration 14500 :model1 loss : 0.229693model2 loss : 0.077360pseudo_supervision1 : 0.000000pseudo_supervision2 : 0.000000
iteration 14520 :model1 loss : 0.136777model2 loss : 0.109023pseudo_supervision1 : 0.000000pseudo_supervision2 : 0.000000
iteration 14540 :model1 loss : 0.127608model2 loss : 0.102187pseudo_supervision1 : 0.000000pseudo_supervision2 : 0.000000
iteration 14560 :model1 loss : 0.158218model2 loss : 0.074663pseudo_supervision1 : 0.000000pseudo_supervision2 : 0.000000
iteration 14580 :model1 loss : 0.144265model2 loss : 0.066137pseudo_supervision1 : 0.000000pseudo_supervision2 : 0.000000
iteration 14600 :model1 loss : 0.124265model2 loss : 0.134678pseudo_supervision1 : 0.000000pseudo_supervision2 : 0.000000
save model to ../model/BTCV_5_C3PS_scalar_baseline_same_split_with_magicNet_3channels_nosemi_SGD_SGD/unet_3D_old/model_iter_14600.pth
save model2 to ../model/BTCV_5_C3PS_scalar_baseline_same_split_with_magicNet_3channels_nosemi_SGD_SGD/unet_3D_old/model2_iter_14600.pth
iteration 14620 :model1 loss : 0.125718model2 loss : 0.052936pseudo_supervision1 : 0.000000pseudo_supervision2 : 0.000000
iteration 14640 :model1 loss : 0.201841model2 loss : 0.136514pseudo_supervision1 : 0.000000pseudo_supervision2 : 0.000000
iteration 14660 :model1 loss : 0.284364model2 loss : 0.195912pseudo_supervision1 : 0.000000pseudo_supervision2 : 0.000000
iteration 14680 :model1 loss : 0.173080model2 loss : 0.154517pseudo_supervision1 : 0.000000pseudo_supervision2 : 0.000000
iteration 14700 :model1 loss : 0.150890model2 loss : 0.128184pseudo_supervision1 : 0.000000pseudo_supervision2 : 0.000000
iteration 14720 :model1 loss : 0.126680model2 loss : 0.119170pseudo_supervision1 : 0.000000pseudo_supervision2 : 0.000000
iteration 14740 :model1 loss : 0.253185model2 loss : 0.088886pseudo_supervision1 : 0.000000pseudo_supervision2 : 0.000000
iteration 14760 :model1 loss : 0.151366model2 loss : 0.159410pseudo_supervision1 : 0.000000pseudo_supervision2 : 0.000000
iteration 14780 :model1 loss : 0.161081model2 loss : 0.146585pseudo_supervision1 : 0.000000pseudo_supervision2 : 0.000000
iteration 14800 :model1 loss : 0.185158model2 loss : 0.046148pseudo_supervision1 : 0.000000pseudo_supervision2 : 0.000000
began evaluation!
iteration 14800: validation sampled 4/12 cases
Total test images: 4
Validation begin
Validation end
avg metric shape: (13, 3)
save model to ../model/BTCV_5_C3PS_scalar_baseline_same_split_with_magicNet_3channels_nosemi_SGD_SGD/unet_3D_old/iter_14800_dice_0.6747
iteration 14800 : model_dice_score : 0.674661 model_hd95 : 5.769231
began evaluation!
Total test images: 4
Validation begin
===>test image:/projects/weilab/liupeng/data/raw/ssl_seg/BTCV/Training_resampled_1.5_1.5_2.0_npy_zscore/img/img0035.npy
condition batch eval, img shape:(235, 314, 314), sx:4, sy:4, sz:4, num_conditions:2
condition:1, metric:[0.67023849 0.         0.        ]
condition:2, metric:[0.70946107 0.         0.        ]
condition batch eval, img shape:(235, 314, 314), sx:4, sy:4, sz:4, num_conditions:2
condition:3, metric:[0.87559175 0.         0.        ]
condition:4, metric:[  0. 150. 150.]
condition batch eval, img shape:(235, 314, 314), sx:4, sy:4, sz:4, num_conditions:2
condition:5, metric:[0.11260474 0.         0.        ]
condition:6, metric:[0.8870144 0.        0.       ]
condition batch eval, img shape:(235, 314, 314), sx:4, sy:4, sz:4, num_conditions:2
condition:7, metric:[0.37797324 0.         0.        ]
condition:8, metric:[0.77297361 0.         0.        ]
condition batch eval, img shape:(235, 314, 314), sx:4, sy:4, sz:4, num_conditions:2
condition:9, metric:[0.560841 0.       0.      ]
condition:10, metric:[0.05669503 0.         0.        ]
condition batch eval, img shape:(235, 314, 314), sx:4, sy:4, sz:4, num_conditions:2
condition:11, metric:[0.00136756 0.         0.        ]
condition:12, metric:[  0. 150. 150.]
condition batch eval, img shape:(235, 314, 314), sx:4, sy:4, sz:4, num_conditions:1
condition:13, metric:[  0. 150. 150.]
===>test image:/projects/weilab/liupeng/data/raw/ssl_seg/BTCV/Training_resampled_1.5_1.5_2.0_npy_zscore/img/img0002.npy
condition batch eval, img shape:(208, 246, 246), sx:3, sy:3, sz:3, num_conditions:2
condition:1, metric:[0.68227204 0.         0.        ]
condition:2, metric:[0.90182927 0.         0.        ]
condition batch eval, img shape:(208, 246, 246), sx:3, sy:3, sz:3, num_conditions:2
condition:3, metric:[0.90613393 0.         0.        ]
condition:4, metric:[0.60880583 0.         0.        ]
condition batch eval, img shape:(208, 246, 246), sx:3, sy:3, sz:3, num_conditions:2
condition:5, metric:[0.128552 0.       0.      ]
condition:6, metric:[0.94132233 0.         0.        ]
condition batch eval, img shape:(208, 246, 246), sx:3, sy:3, sz:3, num_conditions:2
condition:7, metric:[0.80474958 0.         0.        ]
condition:8, metric:[0.79612578 0.         0.        ]
condition batch eval, img shape:(208, 246, 246), sx:3, sy:3, sz:3, num_conditions:2
condition:9, metric:[0.51646571 0.         0.        ]
condition:10, metric:[0.12373775 0.         0.        ]
condition batch eval, img shape:(208, 246, 246), sx:3, sy:3, sz:3, num_conditions:2
condition:11, metric:[0.53177447 0.         0.        ]
condition:12, metric:[0. 0. 0.]
condition batch eval, img shape:(208, 246, 246), sx:3, sy:3, sz:3, num_conditions:1
condition:13, metric:[  0. 150. 150.]
===>test image:/projects/weilab/liupeng/data/raw/ssl_seg/BTCV/Training_resampled_1.5_1.5_2.0_npy_zscore/img/img0029.npy
condition batch eval, img shape:(150, 299, 299), sx:2, sy:4, sz:4, num_conditions:2
condition:1, metric:[0.74914089 0.         0.        ]
condition:2, metric:[0.8588397 0.        0.       ]
condition batch eval, img shape:(150, 299, 299), sx:2, sy:4, sz:4, num_conditions:2
condition:3, metric:[0.77810921 0.         0.        ]
condition:4, metric:[0.26379591 0.         0.        ]
condition batch eval, img shape:(150, 299, 299), sx:2, sy:4, sz:4, num_conditions:2
condition:5, metric:[0.30735308 0.         0.        ]
condition:6, metric:[0.94693172 0.         0.        ]
condition batch eval, img shape:(150, 299, 299), sx:2, sy:4, sz:4, num_conditions:2
condition:7, metric:[0.63740582 0.         0.        ]
condition:8, metric:[0.8856389 0.        0.       ]
condition batch eval, img shape:(150, 299, 299), sx:2, sy:4, sz:4, num_conditions:2
condition:9, metric:[0.53218802 0.         0.        ]
condition:10, metric:[0.16475789 0.         0.        ]
condition batch eval, img shape:(150, 299, 299), sx:2, sy:4, sz:4, num_conditions:2
condition:11, metric:[0.08724322 0.         0.        ]
condition:12, metric:[0. 0. 0.]
condition batch eval, img shape:(150, 299, 299), sx:2, sy:4, sz:4, num_conditions:1
condition:13, metric:[  0. 150. 150.]
===>test image:/projects/weilab/liupeng/data/raw/ssl_seg/BTCV/Training_resampled_1.5_1.5_2.0_npy_zscore/img/img0036.npy
condition batch eval, img shape:(276, 255, 255), sx:4, sy:3, sz:3, num_conditions:2
condition:1, metric:[0.90505064 0.         0.        ]
condition:2, metric:[0.91860076 0.         0.        ]
condition batch eval, img shape:(276, 255, 255), sx:4, sy:3, sz:3, num_conditions:2
condition:3, metric:[0.9408117 0.        0.       ]
condition:4, metric:[0.12507791 0.         0.        ]
condition batch eval, img shape:(276, 255, 255), sx:4, sy:3, sz:3, num_conditions:2
condition:5, metric:[0.26583666 0.         0.        ]
condition:6, metric:[0.88360581 0.         0.        ]
condition batch eval, img shape:(276, 255, 255), sx:4, sy:3, sz:3, num_conditions:2
condition:7, metric:[0.81831561 0.         0.        ]
condition:8, metric:[0.75172957 0.         0.        ]
condition batch eval, img shape:(276, 255, 255), sx:4, sy:3, sz:3, num_conditions:2
condition:9, metric:[0.39037673 0.         0.        ]
condition:10, metric:[0.13111607 0.         0.        ]
condition batch eval, img shape:(276, 255, 255), sx:4, sy:3, sz:3, num_conditions:2
condition:11, metric:[0.2609369 0.        0.       ]
condition:12, metric:[0. 0. 0.]
condition batch eval, img shape:(276, 255, 255), sx:4, sy:3, sz:3, num_conditions:1
condition:13, metric:[0.00956175 0.         0.        ]
Validation end
avg metric shape: (13, 3)
save model to ../model/BTCV_5_C3PS_scalar_baseline_same_split_with_magicNet_3channels_nosemi_SGD_SGD/unet_3D_old/iter_14800_dice_0.4727
iteration 14800 : model2_dice_score : 0.472672 model2_hd95 : 14.423077
save model to ../model/BTCV_5_C3PS_scalar_baseline_same_split_with_magicNet_3channels_nosemi_SGD_SGD/unet_3D_old/model_iter_14800.pth
save model2 to ../model/BTCV_5_C3PS_scalar_baseline_same_split_with_magicNet_3channels_nosemi_SGD_SGD/unet_3D_old/model2_iter_14800.pth
iteration 14820 :model1 loss : 0.141507model2 loss : 0.084926pseudo_supervision1 : 0.000000pseudo_supervision2 : 0.000000
iteration 14840 :model1 loss : 0.148304model2 loss : 0.080103pseudo_supervision1 : 0.000000pseudo_supervision2 : 0.000000
iteration 14860 :model1 loss : 0.212299model2 loss : 0.044301pseudo_supervision1 : 0.000000pseudo_supervision2 : 0.000000
iteration 14880 :model1 loss : 0.115135model2 loss : 0.088999pseudo_supervision1 : 0.000000pseudo_supervision2 : 0.000000
iteration 14900 :model1 loss : 0.243569model2 loss : 0.121129pseudo_supervision1 : 0.000000pseudo_supervision2 : 0.000000
iteration 14920 :model1 loss : 0.196433model2 loss : 0.173890pseudo_supervision1 : 0.000000pseudo_supervision2 : 0.000000
iteration 14940 :model1 loss : 0.142464model2 loss : 0.077924pseudo_supervision1 : 0.000000pseudo_supervision2 : 0.000000
iteration 14960 :model1 loss : 0.178605model2 loss : 0.113197pseudo_supervision1 : 0.000000pseudo_supervision2 : 0.000000
iteration 14980 :model1 loss : 0.170616model2 loss : 0.043300pseudo_supervision1 : 0.000000pseudo_supervision2 : 0.000000
iteration 15000 :model1 loss : 0.123870model2 loss : 0.136210pseudo_supervision1 : 0.000000pseudo_supervision2 : 0.000000
save model to ../model/BTCV_5_C3PS_scalar_baseline_same_split_with_magicNet_3channels_nosemi_SGD_SGD/unet_3D_old/model_iter_15000.pth
save model2 to ../model/BTCV_5_C3PS_scalar_baseline_same_split_with_magicNet_3channels_nosemi_SGD_SGD/unet_3D_old/model2_iter_15000.pth
iteration 15020 :model1 loss : 0.146191model2 loss : 0.054073pseudo_supervision1 : 0.000000pseudo_supervision2 : 0.000000
iteration 15040 :model1 loss : 0.211452model2 loss : 0.062888pseudo_supervision1 : 0.000000pseudo_supervision2 : 0.000000
iteration 15060 :model1 loss : 0.160158model2 loss : 0.120925pseudo_supervision1 : 0.000000pseudo_supervision2 : 0.000000
iteration 15080 :model1 loss : 0.123234model2 loss : 0.067952pseudo_supervision1 : 0.000000pseudo_supervision2 : 0.000000
iteration 15100 :model1 loss : 0.185170model2 loss : 0.065487pseudo_supervision1 : 0.000000pseudo_supervision2 : 0.000000
iteration 15120 :model1 loss : 0.158236model2 loss : 0.150249pseudo_supervision1 : 0.000000pseudo_supervision2 : 0.000000
iteration 15140 :model1 loss : 0.167593model2 loss : 0.082334pseudo_supervision1 : 0.000000pseudo_supervision2 : 0.000000
iteration 15160 :model1 loss : 0.214193model2 loss : 0.055921pseudo_supervision1 : 0.000000pseudo_supervision2 : 0.000000
iteration 15180 :model1 loss : 0.154469model2 loss : 0.168230pseudo_supervision1 : 0.000000pseudo_supervision2 : 0.000000
iteration 15200 :model1 loss : 0.156398model2 loss : 0.084078pseudo_supervision1 : 0.000000pseudo_supervision2 : 0.000000
began evaluation!
iteration 15200: validation sampled 4/12 cases
Total test images: 4
Validation begin
Validation end
avg metric shape: (13, 3)
iteration 15200 : model_dice_score : 0.586746 model_hd95 : 5.769231
began evaluation!
Total test images: 4
Validation begin
===>test image:/projects/weilab/liupeng/data/raw/ssl_seg/BTCV/Training_resampled_1.5_1.5_2.0_npy_zscore/img/img0004.npy
condition batch eval, img shape:(210, 203, 203), sx:3, sy:2, sz:2, num_conditions:2
condition:1, metric:[0.84513653 0.         0.        ]
condition:2, metric:[0.64753757 0.         0.        ]
condition batch eval, img shape:(210, 203, 203), sx:3, sy:2, sz:2, num_conditions:2
condition:3, metric:[0.73495332 0.         0.        ]
condition:4, metric:[  0. 150. 150.]
condition batch eval, img shape:(210, 203, 203), sx:3, sy:2, sz:2, num_conditions:2
condition:5, metric:[0. 0. 0.]
condition:6, metric:[0.89431362 0.         0.        ]
condition batch eval, img shape:(210, 203, 203), sx:3, sy:2, sz:2, num_conditions:2
condition:7, metric:[0.43874303 0.         0.        ]
condition:8, metric:[0.86846819 0.         0.        ]
condition batch eval, img shape:(210, 203, 203), sx:3, sy:2, sz:2, num_conditions:2
condition:9, metric:[0.67952403 0.         0.        ]
condition:10, metric:[0.13519603 0.         0.        ]
condition batch eval, img shape:(210, 203, 203), sx:3, sy:2, sz:2, num_conditions:2
condition:11, metric:[0.17610755 0.         0.        ]
condition:12, metric:[  0. 150. 150.]
condition batch eval, img shape:(210, 203, 203), sx:3, sy:2, sz:2, num_conditions:1
condition:13, metric:[  0. 150. 150.]
===>test image:/projects/weilab/liupeng/data/raw/ssl_seg/BTCV/Training_resampled_1.5_1.5_2.0_npy_zscore/img/img0029.npy
condition batch eval, img shape:(150, 299, 299), sx:2, sy:4, sz:4, num_conditions:2
condition:1, metric:[0.82436404 0.         0.        ]
condition:2, metric:[0.9018479 0.        0.       ]
condition batch eval, img shape:(150, 299, 299), sx:2, sy:4, sz:4, num_conditions:2
condition:3, metric:[0.70805676 0.         0.        ]
condition:4, metric:[0.07394669 0.         0.        ]
condition batch eval, img shape:(150, 299, 299), sx:2, sy:4, sz:4, num_conditions:2
condition:5, metric:[0. 0. 0.]
condition:6, metric:[0.9082878 0.        0.       ]
condition batch eval, img shape:(150, 299, 299), sx:2, sy:4, sz:4, num_conditions:2
condition:7, metric:[0.23036105 0.         0.        ]
condition:8, metric:[0.9044767 0.        0.       ]
condition batch eval, img shape:(150, 299, 299), sx:2, sy:4, sz:4, num_conditions:2
condition:9, metric:[0.59094973 0.         0.        ]
condition:10, metric:[0.24313372 0.         0.        ]
condition batch eval, img shape:(150, 299, 299), sx:2, sy:4, sz:4, num_conditions:2
condition:11, metric:[0.20337591 0.         0.        ]
condition:12, metric:[0. 0. 0.]
condition batch eval, img shape:(150, 299, 299), sx:2, sy:4, sz:4, num_conditions:1
condition:13, metric:[  0. 150. 150.]
===>test image:/projects/weilab/liupeng/data/raw/ssl_seg/BTCV/Training_resampled_1.5_1.5_2.0_npy_zscore/img/img0038.npy
condition batch eval, img shape:(250, 333, 333), sx:4, sy:4, sz:4, num_conditions:2
condition:1, metric:[0.67318527 0.         0.        ]
condition:2, metric:[0.55782238 0.         0.        ]
condition batch eval, img shape:(250, 333, 333), sx:4, sy:4, sz:4, num_conditions:2
condition:3, metric:[0.75640262 0.         0.        ]
condition:4, metric:[0. 0. 0.]
condition batch eval, img shape:(250, 333, 333), sx:4, sy:4, sz:4, num_conditions:2
condition:5, metric:[0. 0. 0.]
condition:6, metric:[0.75588238 0.         0.        ]
condition batch eval, img shape:(250, 333, 333), sx:4, sy:4, sz:4, num_conditions:2
condition:7, metric:[0.03086939 0.         0.        ]
condition:8, metric:[0.87447007 0.         0.        ]
condition batch eval, img shape:(250, 333, 333), sx:4, sy:4, sz:4, num_conditions:2
condition:9, metric:[0.31513281 0.         0.        ]
condition:10, metric:[0.17425202 0.         0.        ]
condition batch eval, img shape:(250, 333, 333), sx:4, sy:4, sz:4, num_conditions:2
condition:11, metric:[0.1015048 0.        0.       ]
condition:12, metric:[  0. 150. 150.]
condition batch eval, img shape:(250, 333, 333), sx:4, sy:4, sz:4, num_conditions:1
condition:13, metric:[  0. 150. 150.]
===>test image:/projects/weilab/liupeng/data/raw/ssl_seg/BTCV/Training_resampled_1.5_1.5_2.0_npy_zscore/img/img0003.npy
condition batch eval, img shape:(297, 307, 307), sx:5, sy:4, sz:4, num_conditions:2
condition:1, metric:[0.48536864 0.         0.        ]
condition:2, metric:[0.7088713 0.        0.       ]
condition batch eval, img shape:(297, 307, 307), sx:5, sy:4, sz:4, num_conditions:2
condition:3, metric:[0.7772574 0.        0.       ]
condition:4, metric:[0.13326668 0.         0.        ]
condition batch eval, img shape:(297, 307, 307), sx:5, sy:4, sz:4, num_conditions:2
condition:5, metric:[0. 0. 0.]
condition:6, metric:[0.66114556 0.         0.        ]
condition batch eval, img shape:(297, 307, 307), sx:5, sy:4, sz:4, num_conditions:2
condition:7, metric:[0.02973693 0.         0.        ]
condition:8, metric:[0.73934924 0.         0.        ]
condition batch eval, img shape:(297, 307, 307), sx:5, sy:4, sz:4, num_conditions:2
condition:9, metric:[0.48700525 0.         0.        ]
condition:10, metric:[0. 0. 0.]
condition batch eval, img shape:(297, 307, 307), sx:5, sy:4, sz:4, num_conditions:2
condition:11, metric:[  0. 150. 150.]
condition:12, metric:[  0. 150. 150.]
condition batch eval, img shape:(297, 307, 307), sx:5, sy:4, sz:4, num_conditions:1
condition:13, metric:[  0. 150. 150.]
Validation end
avg metric shape: (13, 3)
iteration 15200 : model2_dice_score : 0.370583 model2_hd95 : 25.961538
save model to ../model/BTCV_5_C3PS_scalar_baseline_same_split_with_magicNet_3channels_nosemi_SGD_SGD/unet_3D_old/model_iter_15200.pth
save model2 to ../model/BTCV_5_C3PS_scalar_baseline_same_split_with_magicNet_3channels_nosemi_SGD_SGD/unet_3D_old/model2_iter_15200.pth
iteration 15220 :model1 loss : 0.213525model2 loss : 0.042852pseudo_supervision1 : 0.000000pseudo_supervision2 : 0.000000
iteration 15240 :model1 loss : 0.165771model2 loss : 0.090202pseudo_supervision1 : 0.000000pseudo_supervision2 : 0.000000
iteration 15260 :model1 loss : 0.165114model2 loss : 0.048826pseudo_supervision1 : 0.000000pseudo_supervision2 : 0.000000
iteration 15280 :model1 loss : 0.146744model2 loss : 0.142324pseudo_supervision1 : 0.000000pseudo_supervision2 : 0.000000
iteration 15300 :model1 loss : 0.122787model2 loss : 0.066390pseudo_supervision1 : 0.000000pseudo_supervision2 : 0.000000
iteration 15320 :model1 loss : 0.178453model2 loss : 0.126068pseudo_supervision1 : 0.000000pseudo_supervision2 : 0.000000
iteration 15340 :model1 loss : 0.185862model2 loss : 0.155079pseudo_supervision1 : 0.000000pseudo_supervision2 : 0.000000
iteration 15360 :model1 loss : 0.158320model2 loss : 0.084788pseudo_supervision1 : 0.000000pseudo_supervision2 : 0.000000
iteration 15380 :model1 loss : 0.152988model2 loss : 0.159442pseudo_supervision1 : 0.000000pseudo_supervision2 : 0.000000
iteration 15400 :model1 loss : 0.158475model2 loss : 0.048466pseudo_supervision1 : 0.000000pseudo_supervision2 : 0.000000
save model to ../model/BTCV_5_C3PS_scalar_baseline_same_split_with_magicNet_3channels_nosemi_SGD_SGD/unet_3D_old/model_iter_15400.pth
save model2 to ../model/BTCV_5_C3PS_scalar_baseline_same_split_with_magicNet_3channels_nosemi_SGD_SGD/unet_3D_old/model2_iter_15400.pth
iteration 15420 :model1 loss : 0.154120model2 loss : 0.071727pseudo_supervision1 : 0.000000pseudo_supervision2 : 0.000000
iteration 15440 :model1 loss : 0.122888model2 loss : 0.055480pseudo_supervision1 : 0.000000pseudo_supervision2 : 0.000000
iteration 15460 :model1 loss : 0.159726model2 loss : 0.228813pseudo_supervision1 : 0.000000pseudo_supervision2 : 0.000000
iteration 15480 :model1 loss : 0.142179model2 loss : 0.112355pseudo_supervision1 : 0.000000pseudo_supervision2 : 0.000000
iteration 15500 :model1 loss : 0.158556model2 loss : 0.150090pseudo_supervision1 : 0.000000pseudo_supervision2 : 0.000000
iteration 15520 :model1 loss : 0.138647model2 loss : 0.211534pseudo_supervision1 : 0.000000pseudo_supervision2 : 0.000000
iteration 15540 :model1 loss : 0.181542model2 loss : 0.063763pseudo_supervision1 : 0.000000pseudo_supervision2 : 0.000000
iteration 15560 :model1 loss : 0.163197model2 loss : 0.092289pseudo_supervision1 : 0.000000pseudo_supervision2 : 0.000000
iteration 15580 :model1 loss : 0.150090model2 loss : 0.055503pseudo_supervision1 : 0.000000pseudo_supervision2 : 0.000000
iteration 15600 :model1 loss : 0.164813model2 loss : 0.060848pseudo_supervision1 : 0.000000pseudo_supervision2 : 0.000000
began evaluation!
iteration 15600: validation sampled 4/12 cases
Total test images: 4
Validation begin
Validation end
avg metric shape: (13, 3)
iteration 15600 : model_dice_score : 0.623043 model_hd95 : 0.000000
began evaluation!
Total test images: 4
Validation begin
===>test image:/projects/weilab/liupeng/data/raw/ssl_seg/BTCV/Training_resampled_1.5_1.5_2.0_npy_zscore/img/img0004.npy
condition batch eval, img shape:(210, 203, 203), sx:3, sy:2, sz:2, num_conditions:2
condition:1, metric:[0.79015427 0.         0.        ]
condition:2, metric:[0.73442528 0.         0.        ]
condition batch eval, img shape:(210, 203, 203), sx:3, sy:2, sz:2, num_conditions:2
condition:3, metric:[0.8445084 0.        0.       ]
condition:4, metric:[0. 0. 0.]
condition batch eval, img shape:(210, 203, 203), sx:3, sy:2, sz:2, num_conditions:2
condition:5, metric:[0.35528596 0.         0.        ]
condition:6, metric:[0.91636583 0.         0.        ]
condition batch eval, img shape:(210, 203, 203), sx:3, sy:2, sz:2, num_conditions:2
condition:7, metric:[0.53918735 0.         0.        ]
condition:8, metric:[0.82873261 0.         0.        ]
condition batch eval, img shape:(210, 203, 203), sx:3, sy:2, sz:2, num_conditions:2
condition:9, metric:[0.69354374 0.         0.        ]
condition:10, metric:[0.2406015 0.        0.       ]
condition batch eval, img shape:(210, 203, 203), sx:3, sy:2, sz:2, num_conditions:2
condition:11, metric:[0.013707 0.       0.      ]
condition:12, metric:[  0. 150. 150.]
condition batch eval, img shape:(210, 203, 203), sx:3, sy:2, sz:2, num_conditions:1
condition:13, metric:[  0. 150. 150.]
===>test image:/projects/weilab/liupeng/data/raw/ssl_seg/BTCV/Training_resampled_1.5_1.5_2.0_npy_zscore/img/img0025.npy
condition batch eval, img shape:(212, 284, 284), sx:3, sy:3, sz:3, num_conditions:2
condition:1, metric:[0.93006233 0.         0.        ]
condition:2, metric:[0.45029774 0.         0.        ]
condition batch eval, img shape:(212, 284, 284), sx:3, sy:3, sz:3, num_conditions:2
condition:3, metric:[0.49113521 0.         0.        ]
condition:4, metric:[0. 0. 0.]
condition batch eval, img shape:(212, 284, 284), sx:3, sy:3, sz:3, num_conditions:2
condition:5, metric:[0.10071547 0.         0.        ]
condition:6, metric:[0.87624625 0.         0.        ]
condition batch eval, img shape:(212, 284, 284), sx:3, sy:3, sz:3, num_conditions:2
condition:7, metric:[0.53453908 0.         0.        ]
condition:8, metric:[0.78034517 0.         0.        ]
condition batch eval, img shape:(212, 284, 284), sx:3, sy:3, sz:3, num_conditions:2
condition:9, metric:[0.24265676 0.         0.        ]
condition:10, metric:[0. 0. 0.]
condition batch eval, img shape:(212, 284, 284), sx:3, sy:3, sz:3, num_conditions:2
condition:11, metric:[  0. 150. 150.]
condition:12, metric:[  0. 150. 150.]
condition batch eval, img shape:(212, 284, 284), sx:3, sy:3, sz:3, num_conditions:1
condition:13, metric:[  0. 150. 150.]
===>test image:/projects/weilab/liupeng/data/raw/ssl_seg/BTCV/Training_resampled_1.5_1.5_2.0_npy_zscore/img/img0002.npy
condition batch eval, img shape:(208, 246, 246), sx:3, sy:3, sz:3, num_conditions:2
condition:1, metric:[0.82313955 0.         0.        ]
condition:2, metric:[0.92159425 0.         0.        ]
condition batch eval, img shape:(208, 246, 246), sx:3, sy:3, sz:3, num_conditions:2
condition:3, metric:[0.91845849 0.         0.        ]
condition:4, metric:[0.33990431 0.         0.        ]
condition batch eval, img shape:(208, 246, 246), sx:3, sy:3, sz:3, num_conditions:2
condition:5, metric:[0.08887545 0.         0.        ]
condition:6, metric:[0.94142105 0.         0.        ]
condition batch eval, img shape:(208, 246, 246), sx:3, sy:3, sz:3, num_conditions:2
condition:7, metric:[0.80247116 0.         0.        ]
condition:8, metric:[0.85978414 0.         0.        ]
condition batch eval, img shape:(208, 246, 246), sx:3, sy:3, sz:3, num_conditions:2
condition:9, metric:[0.58424915 0.         0.        ]
condition:10, metric:[0.26025105 0.         0.        ]
condition batch eval, img shape:(208, 246, 246), sx:3, sy:3, sz:3, num_conditions:2
condition:11, metric:[0.39190506 0.         0.        ]
condition:12, metric:[  0. 150. 150.]
condition batch eval, img shape:(208, 246, 246), sx:3, sy:3, sz:3, num_conditions:1
condition:13, metric:[  0. 150. 150.]
===>test image:/projects/weilab/liupeng/data/raw/ssl_seg/BTCV/Training_resampled_1.5_1.5_2.0_npy_zscore/img/img0008.npy
condition batch eval, img shape:(222, 249, 249), sx:3, sy:3, sz:3, num_conditions:2
condition:1, metric:[0.76205531 0.         0.        ]
condition:2, metric:[0.01051005 0.         0.        ]
condition batch eval, img shape:(222, 249, 249), sx:3, sy:3, sz:3, num_conditions:2
condition:3, metric:[0.00977995 0.         0.        ]
condition:4, metric:[0.1857071 0.        0.       ]
condition batch eval, img shape:(222, 249, 249), sx:3, sy:3, sz:3, num_conditions:2
condition:5, metric:[0.07038949 0.         0.        ]
condition:6, metric:[0.92533519 0.         0.        ]
condition batch eval, img shape:(222, 249, 249), sx:3, sy:3, sz:3, num_conditions:2
condition:7, metric:[0.59760911 0.         0.        ]
condition:8, metric:[0.82709035 0.         0.        ]
condition batch eval, img shape:(222, 249, 249), sx:3, sy:3, sz:3, num_conditions:2
condition:9, metric:[0.84617851 0.         0.        ]
condition:10, metric:[0.084196 0.       0.      ]
condition batch eval, img shape:(222, 249, 249), sx:3, sy:3, sz:3, num_conditions:2
condition:11, metric:[0.015766 0.       0.      ]
condition:12, metric:[0. 0. 0.]
condition batch eval, img shape:(222, 249, 249), sx:3, sy:3, sz:3, num_conditions:1
condition:13, metric:[  0. 150. 150.]
Validation end
avg metric shape: (13, 3)
iteration 15600 : model2_dice_score : 0.415946 model2_hd95 : 23.076923
save model to ../model/BTCV_5_C3PS_scalar_baseline_same_split_with_magicNet_3channels_nosemi_SGD_SGD/unet_3D_old/model_iter_15600.pth
save model2 to ../model/BTCV_5_C3PS_scalar_baseline_same_split_with_magicNet_3channels_nosemi_SGD_SGD/unet_3D_old/model2_iter_15600.pth
iteration 15620 :model1 loss : 0.467684model2 loss : 0.335726pseudo_supervision1 : 0.000000pseudo_supervision2 : 0.000000
iteration 15640 :model1 loss : 0.356057model2 loss : 0.064236pseudo_supervision1 : 0.000000pseudo_supervision2 : 0.000000
iteration 15660 :model1 loss : 0.160606model2 loss : 0.100383pseudo_supervision1 : 0.000000pseudo_supervision2 : 0.000000
iteration 15680 :model1 loss : 0.175769model2 loss : 0.142225pseudo_supervision1 : 0.000000pseudo_supervision2 : 0.000000
iteration 15700 :model1 loss : 0.437481model2 loss : 0.188041pseudo_supervision1 : 0.000000pseudo_supervision2 : 0.000000
iteration 15720 :model1 loss : 0.242331model2 loss : 0.070709pseudo_supervision1 : 0.000000pseudo_supervision2 : 0.000000
iteration 15740 :model1 loss : 0.138628model2 loss : 0.076233pseudo_supervision1 : 0.000000pseudo_supervision2 : 0.000000
iteration 15760 :model1 loss : 0.165655model2 loss : 0.168541pseudo_supervision1 : 0.000000pseudo_supervision2 : 0.000000
iteration 15780 :model1 loss : 0.118779model2 loss : 0.050692pseudo_supervision1 : 0.000000pseudo_supervision2 : 0.000000
iteration 15800 :model1 loss : 0.125805model2 loss : 0.193091pseudo_supervision1 : 0.000000pseudo_supervision2 : 0.000000
save model to ../model/BTCV_5_C3PS_scalar_baseline_same_split_with_magicNet_3channels_nosemi_SGD_SGD/unet_3D_old/model_iter_15800.pth
save model2 to ../model/BTCV_5_C3PS_scalar_baseline_same_split_with_magicNet_3channels_nosemi_SGD_SGD/unet_3D_old/model2_iter_15800.pth
iteration 15820 :model1 loss : 0.151678model2 loss : 0.062110pseudo_supervision1 : 0.000000pseudo_supervision2 : 0.000000
iteration 15840 :model1 loss : 0.150798model2 loss : 0.075899pseudo_supervision1 : 0.000000pseudo_supervision2 : 0.000000
iteration 15860 :model1 loss : 0.342264model2 loss : 0.051206pseudo_supervision1 : 0.000000pseudo_supervision2 : 0.000000
iteration 15880 :model1 loss : 0.251843model2 loss : 0.051511pseudo_supervision1 : 0.000000pseudo_supervision2 : 0.000000
iteration 15900 :model1 loss : 0.236824model2 loss : 0.073573pseudo_supervision1 : 0.000000pseudo_supervision2 : 0.000000
iteration 15920 :model1 loss : 0.212801model2 loss : 0.049310pseudo_supervision1 : 0.000000pseudo_supervision2 : 0.000000
iteration 15940 :model1 loss : 0.142073model2 loss : 0.154328pseudo_supervision1 : 0.000000pseudo_supervision2 : 0.000000
iteration 15960 :model1 loss : 0.127957model2 loss : 0.060797pseudo_supervision1 : 0.000000pseudo_supervision2 : 0.000000
iteration 15980 :model1 loss : 0.139606model2 loss : 0.181986pseudo_supervision1 : 0.000000pseudo_supervision2 : 0.000000
iteration 16000 :model1 loss : 0.172075model2 loss : 0.090555pseudo_supervision1 : 0.000000pseudo_supervision2 : 0.000000
began evaluation!
iteration 16000: validation sampled 4/12 cases
Total test images: 4
Validation begin
Validation end
avg metric shape: (13, 3)
iteration 16000 : model_dice_score : 0.653140 model_hd95 : 0.000000
began evaluation!
Total test images: 4
Validation begin
===>test image:/projects/weilab/liupeng/data/raw/ssl_seg/BTCV/Training_resampled_1.5_1.5_2.0_npy_zscore/img/img0008.npy
condition batch eval, img shape:(222, 249, 249), sx:3, sy:3, sz:3, num_conditions:2
condition:1, metric:[0.76744829 0.         0.        ]
condition:2, metric:[0.01159969 0.         0.        ]
condition batch eval, img shape:(222, 249, 249), sx:3, sy:3, sz:3, num_conditions:2
condition:3, metric:[0. 0. 0.]
condition:4, metric:[0.39480752 0.         0.        ]
condition batch eval, img shape:(222, 249, 249), sx:3, sy:3, sz:3, num_conditions:2
condition:5, metric:[0.1135402 0.        0.       ]
condition:6, metric:[0.90664539 0.         0.        ]
condition batch eval, img shape:(222, 249, 249), sx:3, sy:3, sz:3, num_conditions:2
condition:7, metric:[0.53295603 0.         0.        ]
condition:8, metric:[0.76818039 0.         0.        ]
condition batch eval, img shape:(222, 249, 249), sx:3, sy:3, sz:3, num_conditions:2
condition:9, metric:[0.80732857 0.         0.        ]
condition:10, metric:[0.12757682 0.         0.        ]
condition batch eval, img shape:(222, 249, 249), sx:3, sy:3, sz:3, num_conditions:2
condition:11, metric:[0.52004852 0.         0.        ]
condition:12, metric:[0. 0. 0.]
condition batch eval, img shape:(222, 249, 249), sx:3, sy:3, sz:3, num_conditions:1
condition:13, metric:[0.14973262 0.         0.        ]
===>test image:/projects/weilab/liupeng/data/raw/ssl_seg/BTCV/Training_resampled_1.5_1.5_2.0_npy_zscore/img/img0001.npy
condition batch eval, img shape:(220, 228, 228), sx:3, sy:3, sz:3, num_conditions:2
condition:1, metric:[0.88620655 0.         0.        ]
condition:2, metric:[0.61327159 0.         0.        ]
condition batch eval, img shape:(220, 228, 228), sx:3, sy:3, sz:3, num_conditions:2
condition:3, metric:[0.74327561 0.         0.        ]
condition:4, metric:[0. 0. 0.]
condition batch eval, img shape:(220, 228, 228), sx:3, sy:3, sz:3, num_conditions:2
condition:5, metric:[0.6372635 0.        0.       ]
condition:6, metric:[0.89286777 0.         0.        ]
condition batch eval, img shape:(220, 228, 228), sx:3, sy:3, sz:3, num_conditions:2
condition:7, metric:[0.70549077 0.         0.        ]
condition:8, metric:[0.49340637 0.         0.        ]
condition batch eval, img shape:(220, 228, 228), sx:3, sy:3, sz:3, num_conditions:2
condition:9, metric:[0.66722768 0.         0.        ]
condition:10, metric:[0.28508308 0.         0.        ]
condition batch eval, img shape:(220, 228, 228), sx:3, sy:3, sz:3, num_conditions:2
condition:11, metric:[0.44019975 0.         0.        ]
condition:12, metric:[0. 0. 0.]
condition batch eval, img shape:(220, 228, 228), sx:3, sy:3, sz:3, num_conditions:1
condition:13, metric:[0.28648811 0.         0.        ]
===>test image:/projects/weilab/liupeng/data/raw/ssl_seg/BTCV/Training_resampled_1.5_1.5_2.0_npy_zscore/img/img0004.npy
condition batch eval, img shape:(210, 203, 203), sx:3, sy:2, sz:2, num_conditions:2
condition:1, metric:[0.77809138 0.         0.        ]
condition:2, metric:[0.75273633 0.         0.        ]
condition batch eval, img shape:(210, 203, 203), sx:3, sy:2, sz:2, num_conditions:2
condition:3, metric:[0.84750524 0.         0.        ]
condition:4, metric:[0.10153483 0.         0.        ]
condition batch eval, img shape:(210, 203, 203), sx:3, sy:2, sz:2, num_conditions:2
condition:5, metric:[0.16141236 0.         0.        ]
condition:6, metric:[0.89913968 0.         0.        ]
condition batch eval, img shape:(210, 203, 203), sx:3, sy:2, sz:2, num_conditions:2
condition:7, metric:[0.4264253 0.        0.       ]
condition:8, metric:[0.73307283 0.         0.        ]
condition batch eval, img shape:(210, 203, 203), sx:3, sy:2, sz:2, num_conditions:2
condition:9, metric:[0.53047688 0.         0.        ]
condition:10, metric:[0.10539677 0.         0.        ]
condition batch eval, img shape:(210, 203, 203), sx:3, sy:2, sz:2, num_conditions:2
condition:11, metric:[0.25468607 0.         0.        ]
condition:12, metric:[0. 0. 0.]
condition batch eval, img shape:(210, 203, 203), sx:3, sy:2, sz:2, num_conditions:1
condition:13, metric:[0. 0. 0.]
===>test image:/projects/weilab/liupeng/data/raw/ssl_seg/BTCV/Training_resampled_1.5_1.5_2.0_npy_zscore/img/img0036.npy
condition batch eval, img shape:(276, 255, 255), sx:4, sy:3, sz:3, num_conditions:2
condition:1, metric:[0.90774784 0.         0.        ]
condition:2, metric:[0.93607344 0.         0.        ]
condition batch eval, img shape:(276, 255, 255), sx:4, sy:3, sz:3, num_conditions:2
condition:3, metric:[0.94209863 0.         0.        ]
condition:4, metric:[0.15703824 0.         0.        ]
condition batch eval, img shape:(276, 255, 255), sx:4, sy:3, sz:3, num_conditions:2
condition:5, metric:[0.34876123 0.         0.        ]
condition:6, metric:[0.77589871 0.         0.        ]
condition batch eval, img shape:(276, 255, 255), sx:4, sy:3, sz:3, num_conditions:2
condition:7, metric:[0.75912229 0.         0.        ]
condition:8, metric:[0.70353676 0.         0.        ]
condition batch eval, img shape:(276, 255, 255), sx:4, sy:3, sz:3, num_conditions:2
condition:9, metric:[0.57916026 0.         0.        ]
condition:10, metric:[0.1510307 0.        0.       ]
condition batch eval, img shape:(276, 255, 255), sx:4, sy:3, sz:3, num_conditions:2
condition:11, metric:[0.39185257 0.         0.        ]
condition:12, metric:[0. 0. 0.]
condition batch eval, img shape:(276, 255, 255), sx:4, sy:3, sz:3, num_conditions:1
condition:13, metric:[0.28318584 0.         0.        ]
Validation end
avg metric shape: (13, 3)
iteration 16000 : model2_dice_score : 0.466858 model2_hd95 : 0.000000
save model to ../model/BTCV_5_C3PS_scalar_baseline_same_split_with_magicNet_3channels_nosemi_SGD_SGD/unet_3D_old/model_iter_16000.pth
save model2 to ../model/BTCV_5_C3PS_scalar_baseline_same_split_with_magicNet_3channels_nosemi_SGD_SGD/unet_3D_old/model2_iter_16000.pth
iteration 16020 :model1 loss : 0.130191model2 loss : 0.078995pseudo_supervision1 : 0.000000pseudo_supervision2 : 0.000000
iteration 16040 :model1 loss : 0.121898model2 loss : 0.073154pseudo_supervision1 : 0.000000pseudo_supervision2 : 0.000000
iteration 16060 :model1 loss : 0.143054model2 loss : 0.072087pseudo_supervision1 : 0.000000pseudo_supervision2 : 0.000000
iteration 16080 :model1 loss : 0.225868model2 loss : 0.047462pseudo_supervision1 : 0.000000pseudo_supervision2 : 0.000000
iteration 16100 :model1 loss : 0.154268model2 loss : 0.202228pseudo_supervision1 : 0.000000pseudo_supervision2 : 0.000000
iteration 16120 :model1 loss : 0.468044model2 loss : 0.335165pseudo_supervision1 : 0.000000pseudo_supervision2 : 0.000000
iteration 16140 :model1 loss : 0.238828model2 loss : 0.063104pseudo_supervision1 : 0.000000pseudo_supervision2 : 0.000000
iteration 16160 :model1 loss : 0.134830model2 loss : 0.103796pseudo_supervision1 : 0.000000pseudo_supervision2 : 0.000000
iteration 16180 :model1 loss : 0.467548model2 loss : 0.334847pseudo_supervision1 : 0.000000pseudo_supervision2 : 0.000000
iteration 16200 :model1 loss : 0.147035model2 loss : 0.066556pseudo_supervision1 : 0.000000pseudo_supervision2 : 0.000000
save model to ../model/BTCV_5_C3PS_scalar_baseline_same_split_with_magicNet_3channels_nosemi_SGD_SGD/unet_3D_old/model_iter_16200.pth
save model2 to ../model/BTCV_5_C3PS_scalar_baseline_same_split_with_magicNet_3channels_nosemi_SGD_SGD/unet_3D_old/model2_iter_16200.pth
iteration 16220 :model1 loss : 0.126570model2 loss : 0.076673pseudo_supervision1 : 0.000000pseudo_supervision2 : 0.000000
iteration 16240 :model1 loss : 0.186728model2 loss : 0.084898pseudo_supervision1 : 0.000000pseudo_supervision2 : 0.000000
iteration 16260 :model1 loss : 0.344300model2 loss : 0.057226pseudo_supervision1 : 0.000000pseudo_supervision2 : 0.000000
iteration 16280 :model1 loss : 0.153192model2 loss : 0.072138pseudo_supervision1 : 0.000000pseudo_supervision2 : 0.000000
iteration 16300 :model1 loss : 0.143738model2 loss : 0.075296pseudo_supervision1 : 0.000000pseudo_supervision2 : 0.000000
iteration 16320 :model1 loss : 0.144691model2 loss : 0.104894pseudo_supervision1 : 0.000000pseudo_supervision2 : 0.000000
iteration 16340 :model1 loss : 0.224481model2 loss : 0.077495pseudo_supervision1 : 0.000000pseudo_supervision2 : 0.000000
iteration 16360 :model1 loss : 0.300880model2 loss : 0.054030pseudo_supervision1 : 0.000000pseudo_supervision2 : 0.000000
iteration 16380 :model1 loss : 0.365257model2 loss : 0.059205pseudo_supervision1 : 0.000000pseudo_supervision2 : 0.000000
iteration 16400 :model1 loss : 0.175253model2 loss : 0.049775pseudo_supervision1 : 0.000000pseudo_supervision2 : 0.000000
began evaluation!
iteration 16400: validation sampled 4/12 cases
Total test images: 4
Validation begin
Validation end
avg metric shape: (13, 3)
iteration 16400 : model_dice_score : 0.601511 model_hd95 : 5.769231
began evaluation!
Total test images: 4
Validation begin
===>test image:/projects/weilab/liupeng/data/raw/ssl_seg/BTCV/Training_resampled_1.5_1.5_2.0_npy_zscore/img/img0025.npy
condition batch eval, img shape:(212, 284, 284), sx:3, sy:3, sz:3, num_conditions:2
condition:1, metric:[0.92865383 0.         0.        ]
condition:2, metric:[0.43642144 0.         0.        ]
condition batch eval, img shape:(212, 284, 284), sx:3, sy:3, sz:3, num_conditions:2
condition:3, metric:[0.48973037 0.         0.        ]
condition:4, metric:[0.8342079 0.        0.       ]
condition batch eval, img shape:(212, 284, 284), sx:3, sy:3, sz:3, num_conditions:2
condition:5, metric:[0.07164537 0.         0.        ]
condition:6, metric:[0.89382225 0.         0.        ]
condition batch eval, img shape:(212, 284, 284), sx:3, sy:3, sz:3, num_conditions:2
condition:7, metric:[0.48124563 0.         0.        ]
condition:8, metric:[0.77711089 0.         0.        ]
condition batch eval, img shape:(212, 284, 284), sx:3, sy:3, sz:3, num_conditions:2
condition:9, metric:[0.39755837 0.         0.        ]
condition:10, metric:[0.0886936 0.        0.       ]
condition batch eval, img shape:(212, 284, 284), sx:3, sy:3, sz:3, num_conditions:2
condition:11, metric:[0.19675613 0.         0.        ]
condition:12, metric:[0. 0. 0.]
condition batch eval, img shape:(212, 284, 284), sx:3, sy:3, sz:3, num_conditions:1
condition:13, metric:[0. 0. 0.]
===>test image:/projects/weilab/liupeng/data/raw/ssl_seg/BTCV/Training_resampled_1.5_1.5_2.0_npy_zscore/img/img0029.npy
condition batch eval, img shape:(150, 299, 299), sx:2, sy:4, sz:4, num_conditions:2
condition:1, metric:[0.88327249 0.         0.        ]
condition:2, metric:[0.92147392 0.         0.        ]
condition batch eval, img shape:(150, 299, 299), sx:2, sy:4, sz:4, num_conditions:2
condition:3, metric:[0.81521031 0.         0.        ]
condition:4, metric:[0.41895369 0.         0.        ]
condition batch eval, img shape:(150, 299, 299), sx:2, sy:4, sz:4, num_conditions:2
condition:5, metric:[0.03268613 0.         0.        ]
condition:6, metric:[0.93002984 0.         0.        ]
condition batch eval, img shape:(150, 299, 299), sx:2, sy:4, sz:4, num_conditions:2
condition:7, metric:[0.45665085 0.         0.        ]
condition:8, metric:[0.90386343 0.         0.        ]
condition batch eval, img shape:(150, 299, 299), sx:2, sy:4, sz:4, num_conditions:2
condition:9, metric:[0.8004075 0.        0.       ]
condition:10, metric:[0.26609391 0.         0.        ]
condition batch eval, img shape:(150, 299, 299), sx:2, sy:4, sz:4, num_conditions:2
condition:11, metric:[0.21701594 0.         0.        ]
condition:12, metric:[0. 0. 0.]
condition batch eval, img shape:(150, 299, 299), sx:2, sy:4, sz:4, num_conditions:1
condition:13, metric:[0. 0. 0.]
===>test image:/projects/weilab/liupeng/data/raw/ssl_seg/BTCV/Training_resampled_1.5_1.5_2.0_npy_zscore/img/img0032.npy
condition batch eval, img shape:(216, 253, 253), sx:3, sy:3, sz:3, num_conditions:2
condition:1, metric:[0.8867382 0.        0.       ]
condition:2, metric:[0.875 0.    0.   ]
condition batch eval, img shape:(216, 253, 253), sx:3, sy:3, sz:3, num_conditions:2
condition:3, metric:[0.82967123 0.         0.        ]
condition:4, metric:[0.73196881 0.         0.        ]
condition batch eval, img shape:(216, 253, 253), sx:3, sy:3, sz:3, num_conditions:2
condition:5, metric:[0.1514998 0.        0.       ]
condition:6, metric:[0.92936711 0.         0.        ]
condition batch eval, img shape:(216, 253, 253), sx:3, sy:3, sz:3, num_conditions:2
condition:7, metric:[0.82389076 0.         0.        ]
condition:8, metric:[0.89999023 0.         0.        ]
condition batch eval, img shape:(216, 253, 253), sx:3, sy:3, sz:3, num_conditions:2
condition:9, metric:[0.60213887 0.         0.        ]
condition:10, metric:[0.09472733 0.         0.        ]
condition batch eval, img shape:(216, 253, 253), sx:3, sy:3, sz:3, num_conditions:2
condition:11, metric:[0.4462524 0.        0.       ]
condition:12, metric:[0. 0. 0.]
condition batch eval, img shape:(216, 253, 253), sx:3, sy:3, sz:3, num_conditions:1
condition:13, metric:[0. 0. 0.]
===>test image:/projects/weilab/liupeng/data/raw/ssl_seg/BTCV/Training_resampled_1.5_1.5_2.0_npy_zscore/img/img0001.npy
condition batch eval, img shape:(220, 228, 228), sx:3, sy:3, sz:3, num_conditions:2
condition:1, metric:[0.91436779 0.         0.        ]
condition:2, metric:[0.63067773 0.         0.        ]
condition batch eval, img shape:(220, 228, 228), sx:3, sy:3, sz:3, num_conditions:2
condition:3, metric:[0.77777508 0.         0.        ]
condition:4, metric:[0.10001852 0.         0.        ]
condition batch eval, img shape:(220, 228, 228), sx:3, sy:3, sz:3, num_conditions:2
condition:5, metric:[0.28183997 0.         0.        ]
condition:6, metric:[0.91526936 0.         0.        ]
condition batch eval, img shape:(220, 228, 228), sx:3, sy:3, sz:3, num_conditions:2
condition:7, metric:[0.74567912 0.         0.        ]
condition:8, metric:[0.86507915 0.         0.        ]
condition batch eval, img shape:(220, 228, 228), sx:3, sy:3, sz:3, num_conditions:2
condition:9, metric:[0.77391051 0.         0.        ]
condition:10, metric:[0.29531336 0.         0.        ]
condition batch eval, img shape:(220, 228, 228), sx:3, sy:3, sz:3, num_conditions:2
condition:11, metric:[0.43750349 0.         0.        ]
condition:12, metric:[0. 0. 0.]
condition batch eval, img shape:(220, 228, 228), sx:3, sy:3, sz:3, num_conditions:1
condition:13, metric:[0. 0. 0.]
Validation end
avg metric shape: (13, 3)
save model to ../model/BTCV_5_C3PS_scalar_baseline_same_split_with_magicNet_3channels_nosemi_SGD_SGD/unet_3D_old/iter_16400_dice_0.5048
iteration 16400 : model2_dice_score : 0.504811 model2_hd95 : 0.000000
save model to ../model/BTCV_5_C3PS_scalar_baseline_same_split_with_magicNet_3channels_nosemi_SGD_SGD/unet_3D_old/model_iter_16400.pth
save model2 to ../model/BTCV_5_C3PS_scalar_baseline_same_split_with_magicNet_3channels_nosemi_SGD_SGD/unet_3D_old/model2_iter_16400.pth
iteration 16420 :model1 loss : 0.140143model2 loss : 0.124687pseudo_supervision1 : 0.000000pseudo_supervision2 : 0.000000
iteration 16440 :model1 loss : 0.175052model2 loss : 0.127110pseudo_supervision1 : 0.000000pseudo_supervision2 : 0.000000
iteration 16460 :model1 loss : 0.149902model2 loss : 0.057990pseudo_supervision1 : 0.000000pseudo_supervision2 : 0.000000
iteration 16480 :model1 loss : 0.144585model2 loss : 0.178923pseudo_supervision1 : 0.000000pseudo_supervision2 : 0.000000
iteration 16500 :model1 loss : 0.287039model2 loss : 0.079027pseudo_supervision1 : 0.000000pseudo_supervision2 : 0.000000
iteration 16520 :model1 loss : 0.293692model2 loss : 0.043361pseudo_supervision1 : 0.000000pseudo_supervision2 : 0.000000
iteration 16540 :model1 loss : 0.160288model2 loss : 0.095502pseudo_supervision1 : 0.000000pseudo_supervision2 : 0.000000
iteration 16560 :model1 loss : 0.138128model2 loss : 0.105612pseudo_supervision1 : 0.000000pseudo_supervision2 : 0.000000
iteration 16580 :model1 loss : 0.150506model2 loss : 0.073919pseudo_supervision1 : 0.000000pseudo_supervision2 : 0.000000
iteration 16600 :model1 loss : 0.345564model2 loss : 0.184814pseudo_supervision1 : 0.000000pseudo_supervision2 : 0.000000
save model to ../model/BTCV_5_C3PS_scalar_baseline_same_split_with_magicNet_3channels_nosemi_SGD_SGD/unet_3D_old/model_iter_16600.pth
save model2 to ../model/BTCV_5_C3PS_scalar_baseline_same_split_with_magicNet_3channels_nosemi_SGD_SGD/unet_3D_old/model2_iter_16600.pth
iteration 16620 :model1 loss : 0.467813model2 loss : 0.337286pseudo_supervision1 : 0.000000pseudo_supervision2 : 0.000000
iteration 16640 :model1 loss : 0.138087model2 loss : 0.101004pseudo_supervision1 : 0.000000pseudo_supervision2 : 0.000000
iteration 16660 :model1 loss : 0.124599model2 loss : 0.073220pseudo_supervision1 : 0.000000pseudo_supervision2 : 0.000000
iteration 16680 :model1 loss : 0.218055model2 loss : 0.059098pseudo_supervision1 : 0.000000pseudo_supervision2 : 0.000000
iteration 16700 :model1 loss : 0.262729model2 loss : 0.049636pseudo_supervision1 : 0.000000pseudo_supervision2 : 0.000000
iteration 16720 :model1 loss : 0.242730model2 loss : 0.043376pseudo_supervision1 : 0.000000pseudo_supervision2 : 0.000000
iteration 16740 :model1 loss : 0.133058model2 loss : 0.074037pseudo_supervision1 : 0.000000pseudo_supervision2 : 0.000000
iteration 16760 :model1 loss : 0.146417model2 loss : 0.144071pseudo_supervision1 : 0.000000pseudo_supervision2 : 0.000000
iteration 16780 :model1 loss : 0.179780model2 loss : 0.190636pseudo_supervision1 : 0.000000pseudo_supervision2 : 0.000000
iteration 16800 :model1 loss : 0.243686model2 loss : 0.079724pseudo_supervision1 : 0.000000pseudo_supervision2 : 0.000000
began evaluation!
iteration 16800: validation sampled 4/12 cases
Total test images: 4
Validation begin
Validation end
avg metric shape: (13, 3)
iteration 16800 : model_dice_score : 0.654678 model_hd95 : 5.769231
began evaluation!
Total test images: 4
Validation begin
===>test image:/projects/weilab/liupeng/data/raw/ssl_seg/BTCV/Training_resampled_1.5_1.5_2.0_npy_zscore/img/img0002.npy
condition batch eval, img shape:(208, 246, 246), sx:3, sy:3, sz:3, num_conditions:2
condition:1, metric:[0.79760051 0.         0.        ]
condition:2, metric:[0.91988167 0.         0.        ]
condition batch eval, img shape:(208, 246, 246), sx:3, sy:3, sz:3, num_conditions:2
condition:3, metric:[0.90376821 0.         0.        ]
condition:4, metric:[0.7346409 0.        0.       ]
condition batch eval, img shape:(208, 246, 246), sx:3, sy:3, sz:3, num_conditions:2
condition:5, metric:[0.08217541 0.         0.        ]
condition:6, metric:[0.93676142 0.         0.        ]
condition batch eval, img shape:(208, 246, 246), sx:3, sy:3, sz:3, num_conditions:2
condition:7, metric:[0.73056242 0.         0.        ]
condition:8, metric:[0.86015052 0.         0.        ]
condition batch eval, img shape:(208, 246, 246), sx:3, sy:3, sz:3, num_conditions:2
condition:9, metric:[0.65686593 0.         0.        ]
condition:10, metric:[0.3061599 0.        0.       ]
condition batch eval, img shape:(208, 246, 246), sx:3, sy:3, sz:3, num_conditions:2
condition:11, metric:[0.23771065 0.         0.        ]
condition:12, metric:[  0. 150. 150.]
condition batch eval, img shape:(208, 246, 246), sx:3, sy:3, sz:3, num_conditions:1
condition:13, metric:[  0. 150. 150.]
===>test image:/projects/weilab/liupeng/data/raw/ssl_seg/BTCV/Training_resampled_1.5_1.5_2.0_npy_zscore/img/img0029.npy
condition batch eval, img shape:(150, 299, 299), sx:2, sy:4, sz:4, num_conditions:2
condition:1, metric:[0.83367971 0.         0.        ]
condition:2, metric:[0.91570664 0.         0.        ]
condition batch eval, img shape:(150, 299, 299), sx:2, sy:4, sz:4, num_conditions:2
condition:3, metric:[0.77526811 0.         0.        ]
condition:4, metric:[0.07932961 0.         0.        ]
condition batch eval, img shape:(150, 299, 299), sx:2, sy:4, sz:4, num_conditions:2
condition:5, metric:[0.01095732 0.         0.        ]
condition:6, metric:[0.91422253 0.         0.        ]
condition batch eval, img shape:(150, 299, 299), sx:2, sy:4, sz:4, num_conditions:2
condition:7, metric:[0.5376126 0.        0.       ]
condition:8, metric:[0.90802575 0.         0.        ]
condition batch eval, img shape:(150, 299, 299), sx:2, sy:4, sz:4, num_conditions:2
condition:9, metric:[0.69700643 0.         0.        ]
condition:10, metric:[0.35566793 0.         0.        ]
condition batch eval, img shape:(150, 299, 299), sx:2, sy:4, sz:4, num_conditions:2
condition:11, metric:[  0. 150. 150.]
condition:12, metric:[  0. 150. 150.]
condition batch eval, img shape:(150, 299, 299), sx:2, sy:4, sz:4, num_conditions:1
condition:13, metric:[  0. 150. 150.]
===>test image:/projects/weilab/liupeng/data/raw/ssl_seg/BTCV/Training_resampled_1.5_1.5_2.0_npy_zscore/img/img0035.npy
condition batch eval, img shape:(235, 314, 314), sx:4, sy:4, sz:4, num_conditions:2
condition:1, metric:[0.79231838 0.         0.        ]
condition:2, metric:[0.78196138 0.         0.        ]
condition batch eval, img shape:(235, 314, 314), sx:4, sy:4, sz:4, num_conditions:2
condition:3, metric:[0.85485681 0.         0.        ]
condition:4, metric:[  0. 150. 150.]
condition batch eval, img shape:(235, 314, 314), sx:4, sy:4, sz:4, num_conditions:2
condition:5, metric:[0. 0. 0.]
condition:6, metric:[0.86982036 0.         0.        ]
condition batch eval, img shape:(235, 314, 314), sx:4, sy:4, sz:4, num_conditions:2
condition:7, metric:[0.55173666 0.         0.        ]
condition:8, metric:[0.85097962 0.         0.        ]
condition batch eval, img shape:(235, 314, 314), sx:4, sy:4, sz:4, num_conditions:2
condition:9, metric:[0.44729128 0.         0.        ]
condition:10, metric:[0.27921952 0.         0.        ]
condition batch eval, img shape:(235, 314, 314), sx:4, sy:4, sz:4, num_conditions:2
condition:11, metric:[0.00453564 0.         0.        ]
condition:12, metric:[  0. 150. 150.]
condition batch eval, img shape:(235, 314, 314), sx:4, sy:4, sz:4, num_conditions:1
condition:13, metric:[  0. 150. 150.]
===>test image:/projects/weilab/liupeng/data/raw/ssl_seg/BTCV/Training_resampled_1.5_1.5_2.0_npy_zscore/img/img0036.npy
condition batch eval, img shape:(276, 255, 255), sx:4, sy:3, sz:3, num_conditions:2
condition:1, metric:[0.91902179 0.         0.        ]
condition:2, metric:[0.91202394 0.         0.        ]
condition batch eval, img shape:(276, 255, 255), sx:4, sy:3, sz:3, num_conditions:2
condition:3, metric:[0.93098422 0.         0.        ]
condition:4, metric:[0.008626 0.       0.      ]
condition batch eval, img shape:(276, 255, 255), sx:4, sy:3, sz:3, num_conditions:2
condition:5, metric:[0.3954035 0.        0.       ]
condition:6, metric:[0.83563824 0.         0.        ]
condition batch eval, img shape:(276, 255, 255), sx:4, sy:3, sz:3, num_conditions:2
condition:7, metric:[0.85174893 0.         0.        ]
condition:8, metric:[0.80935107 0.         0.        ]
condition batch eval, img shape:(276, 255, 255), sx:4, sy:3, sz:3, num_conditions:2
condition:9, metric:[0.51609986 0.         0.        ]
condition:10, metric:[0.23455559 0.         0.        ]
condition batch eval, img shape:(276, 255, 255), sx:4, sy:3, sz:3, num_conditions:2
condition:11, metric:[0. 0. 0.]
condition:12, metric:[  0. 150. 150.]
condition batch eval, img shape:(276, 255, 255), sx:4, sy:3, sz:3, num_conditions:1
condition:13, metric:[  0. 150. 150.]
Validation end
avg metric shape: (13, 3)
iteration 16800 : model2_dice_score : 0.481537 model2_hd95 : 28.846154
save model to ../model/BTCV_5_C3PS_scalar_baseline_same_split_with_magicNet_3channels_nosemi_SGD_SGD/unet_3D_old/model_iter_16800.pth
save model2 to ../model/BTCV_5_C3PS_scalar_baseline_same_split_with_magicNet_3channels_nosemi_SGD_SGD/unet_3D_old/model2_iter_16800.pth
iteration 16820 :model1 loss : 0.230793model2 loss : 0.050829pseudo_supervision1 : 0.000000pseudo_supervision2 : 0.000000
iteration 16840 :model1 loss : 0.245313model2 loss : 0.100939pseudo_supervision1 : 0.000000pseudo_supervision2 : 0.000000
iteration 16860 :model1 loss : 0.191953model2 loss : 0.109435pseudo_supervision1 : 0.000000pseudo_supervision2 : 0.000000
iteration 16880 :model1 loss : 0.264724model2 loss : 0.035654pseudo_supervision1 : 0.000000pseudo_supervision2 : 0.000000
iteration 16900 :model1 loss : 0.245429model2 loss : 0.086894pseudo_supervision1 : 0.000000pseudo_supervision2 : 0.000000
iteration 16920 :model1 loss : 0.132268model2 loss : 0.144049pseudo_supervision1 : 0.000000pseudo_supervision2 : 0.000000
iteration 16940 :model1 loss : 0.467804model2 loss : 0.335726pseudo_supervision1 : 0.000000pseudo_supervision2 : 0.000000
iteration 16960 :model1 loss : 0.152257model2 loss : 0.127944pseudo_supervision1 : 0.000000pseudo_supervision2 : 0.000000
iteration 16980 :model1 loss : 0.117523model2 loss : 0.050547pseudo_supervision1 : 0.000000pseudo_supervision2 : 0.000000
iteration 17000 :model1 loss : 0.332130model2 loss : 0.049109pseudo_supervision1 : 0.000000pseudo_supervision2 : 0.000000
save model to ../model/BTCV_5_C3PS_scalar_baseline_same_split_with_magicNet_3channels_nosemi_SGD_SGD/unet_3D_old/model_iter_17000.pth
save model2 to ../model/BTCV_5_C3PS_scalar_baseline_same_split_with_magicNet_3channels_nosemi_SGD_SGD/unet_3D_old/model2_iter_17000.pth
iteration 17020 :model1 loss : 0.217762model2 loss : 0.040949pseudo_supervision1 : 0.000000pseudo_supervision2 : 0.000000
iteration 17040 :model1 loss : 0.115440model2 loss : 0.050223pseudo_supervision1 : 0.000000pseudo_supervision2 : 0.000000
iteration 17060 :model1 loss : 0.238506model2 loss : 0.065108pseudo_supervision1 : 0.000000pseudo_supervision2 : 0.000000
iteration 17080 :model1 loss : 0.269734model2 loss : 0.047259pseudo_supervision1 : 0.000000pseudo_supervision2 : 0.000000
iteration 17100 :model1 loss : 0.121326model2 loss : 0.078183pseudo_supervision1 : 0.000000pseudo_supervision2 : 0.000000
iteration 17120 :model1 loss : 0.127816model2 loss : 0.095729pseudo_supervision1 : 0.000000pseudo_supervision2 : 0.000000
iteration 17140 :model1 loss : 0.157291model2 loss : 0.106005pseudo_supervision1 : 0.000000pseudo_supervision2 : 0.000000
iteration 17160 :model1 loss : 0.235094model2 loss : 0.060885pseudo_supervision1 : 0.000000pseudo_supervision2 : 0.000000
iteration 17180 :model1 loss : 0.173342model2 loss : 0.080922pseudo_supervision1 : 0.000000pseudo_supervision2 : 0.000000
iteration 17200 :model1 loss : 0.206288model2 loss : 0.042923pseudo_supervision1 : 0.000000pseudo_supervision2 : 0.000000
began evaluation!
iteration 17200: validation sampled 4/12 cases
Total test images: 4
Validation begin
Validation end
avg metric shape: (13, 3)
iteration 17200 : model_dice_score : 0.594779 model_hd95 : 11.538462
began evaluation!
Total test images: 4
Validation begin
===>test image:/projects/weilab/liupeng/data/raw/ssl_seg/BTCV/Training_resampled_1.5_1.5_2.0_npy_zscore/img/img0032.npy
condition batch eval, img shape:(216, 253, 253), sx:3, sy:3, sz:3, num_conditions:2
condition:1, metric:[0.8046182 0.        0.       ]
condition:2, metric:[0.86412638 0.         0.        ]
condition batch eval, img shape:(216, 253, 253), sx:3, sy:3, sz:3, num_conditions:2
condition:3, metric:[0.85560392 0.         0.        ]
condition:4, metric:[0.34801289 0.         0.        ]
condition batch eval, img shape:(216, 253, 253), sx:3, sy:3, sz:3, num_conditions:2
condition:5, metric:[0.26516929 0.         0.        ]
condition:6, metric:[0.9117122 0.        0.       ]
condition batch eval, img shape:(216, 253, 253), sx:3, sy:3, sz:3, num_conditions:2
condition:7, metric:[0.72497091 0.         0.        ]
condition:8, metric:[0.88570888 0.         0.        ]
condition batch eval, img shape:(216, 253, 253), sx:3, sy:3, sz:3, num_conditions:2
condition:9, metric:[0.76677928 0.         0.        ]
condition:10, metric:[0.10840611 0.         0.        ]
condition batch eval, img shape:(216, 253, 253), sx:3, sy:3, sz:3, num_conditions:2
condition:11, metric:[0.37179303 0.         0.        ]
condition:12, metric:[0. 0. 0.]
condition batch eval, img shape:(216, 253, 253), sx:3, sy:3, sz:3, num_conditions:1
condition:13, metric:[0. 0. 0.]
===>test image:/projects/weilab/liupeng/data/raw/ssl_seg/BTCV/Training_resampled_1.5_1.5_2.0_npy_zscore/img/img0003.npy
condition batch eval, img shape:(297, 307, 307), sx:5, sy:4, sz:4, num_conditions:2
condition:1, metric:[0.67625566 0.         0.        ]
condition:2, metric:[0.73846239 0.         0.        ]
condition batch eval, img shape:(297, 307, 307), sx:5, sy:4, sz:4, num_conditions:2
condition:3, metric:[0.87244727 0.         0.        ]
condition:4, metric:[0.09673941 0.         0.        ]
condition batch eval, img shape:(297, 307, 307), sx:5, sy:4, sz:4, num_conditions:2
condition:5, metric:[0.03717472 0.         0.        ]
condition:6, metric:[0.7359384 0.        0.       ]
condition batch eval, img shape:(297, 307, 307), sx:5, sy:4, sz:4, num_conditions:2
condition:7, metric:[0.11496071 0.         0.        ]
condition:8, metric:[0.77222914 0.         0.        ]
condition batch eval, img shape:(297, 307, 307), sx:5, sy:4, sz:4, num_conditions:2
condition:9, metric:[0.72589575 0.         0.        ]
condition:10, metric:[0.08026671 0.         0.        ]
condition batch eval, img shape:(297, 307, 307), sx:5, sy:4, sz:4, num_conditions:2
condition:11, metric:[0. 0. 0.]
condition:12, metric:[0. 0. 0.]
condition batch eval, img shape:(297, 307, 307), sx:5, sy:4, sz:4, num_conditions:1
condition:13, metric:[  0. 150. 150.]
===>test image:/projects/weilab/liupeng/data/raw/ssl_seg/BTCV/Training_resampled_1.5_1.5_2.0_npy_zscore/img/img0004.npy
condition batch eval, img shape:(210, 203, 203), sx:3, sy:2, sz:2, num_conditions:2
condition:1, metric:[0.82206673 0.         0.        ]
condition:2, metric:[0.75755772 0.         0.        ]
condition batch eval, img shape:(210, 203, 203), sx:3, sy:2, sz:2, num_conditions:2
condition:3, metric:[0.89211819 0.         0.        ]
condition:4, metric:[0. 0. 0.]
condition batch eval, img shape:(210, 203, 203), sx:3, sy:2, sz:2, num_conditions:2
condition:5, metric:[0.30243024 0.         0.        ]
condition:6, metric:[0.89795308 0.         0.        ]
condition batch eval, img shape:(210, 203, 203), sx:3, sy:2, sz:2, num_conditions:2
condition:7, metric:[0.09259206 0.         0.        ]
condition:8, metric:[0.81491507 0.         0.        ]
condition batch eval, img shape:(210, 203, 203), sx:3, sy:2, sz:2, num_conditions:2
condition:9, metric:[0.61498515 0.         0.        ]
condition:10, metric:[0.07664772 0.         0.        ]
condition batch eval, img shape:(210, 203, 203), sx:3, sy:2, sz:2, num_conditions:2
condition:11, metric:[0.28002843 0.         0.        ]
condition:12, metric:[  0. 150. 150.]
condition batch eval, img shape:(210, 203, 203), sx:3, sy:2, sz:2, num_conditions:1
condition:13, metric:[  0. 150. 150.]
===>test image:/projects/weilab/liupeng/data/raw/ssl_seg/BTCV/Training_resampled_1.5_1.5_2.0_npy_zscore/img/img0029.npy
condition batch eval, img shape:(150, 299, 299), sx:2, sy:4, sz:4, num_conditions:2
condition:1, metric:[0.89179675 0.         0.        ]
condition:2, metric:[0.91536691 0.         0.        ]
condition batch eval, img shape:(150, 299, 299), sx:2, sy:4, sz:4, num_conditions:2
condition:3, metric:[0.83477269 0.         0.        ]
condition:4, metric:[0.02323651 0.         0.        ]
condition batch eval, img shape:(150, 299, 299), sx:2, sy:4, sz:4, num_conditions:2
condition:5, metric:[0.04363089 0.         0.        ]
condition:6, metric:[0.92241937 0.         0.        ]
condition batch eval, img shape:(150, 299, 299), sx:2, sy:4, sz:4, num_conditions:2
condition:7, metric:[0.393251 0.       0.      ]
condition:8, metric:[0.89946821 0.         0.        ]
condition batch eval, img shape:(150, 299, 299), sx:2, sy:4, sz:4, num_conditions:2
condition:9, metric:[0.82490327 0.         0.        ]
condition:10, metric:[0.18391177 0.         0.        ]
condition batch eval, img shape:(150, 299, 299), sx:2, sy:4, sz:4, num_conditions:2
condition:11, metric:[0.37459813 0.         0.        ]
condition:12, metric:[0. 0. 0.]
condition batch eval, img shape:(150, 299, 299), sx:2, sy:4, sz:4, num_conditions:1
condition:13, metric:[0. 0. 0.]
Validation end
avg metric shape: (13, 3)
iteration 17200 : model2_dice_score : 0.454152 model2_hd95 : 8.653846
save model to ../model/BTCV_5_C3PS_scalar_baseline_same_split_with_magicNet_3channels_nosemi_SGD_SGD/unet_3D_old/model_iter_17200.pth
save model2 to ../model/BTCV_5_C3PS_scalar_baseline_same_split_with_magicNet_3channels_nosemi_SGD_SGD/unet_3D_old/model2_iter_17200.pth
iteration 17220 :model1 loss : 0.141552model2 loss : 0.120488pseudo_supervision1 : 0.000000pseudo_supervision2 : 0.000000
iteration 17240 :model1 loss : 0.133796model2 loss : 0.077141pseudo_supervision1 : 0.000000pseudo_supervision2 : 0.000000
iteration 17260 :model1 loss : 0.138884model2 loss : 0.083168pseudo_supervision1 : 0.000000pseudo_supervision2 : 0.000000
iteration 17280 :model1 loss : 0.356991model2 loss : 0.077605pseudo_supervision1 : 0.000000pseudo_supervision2 : 0.000000
iteration 17300 :model1 loss : 0.233700model2 loss : 0.082760pseudo_supervision1 : 0.000000pseudo_supervision2 : 0.000000
iteration 17320 :model1 loss : 0.409253model2 loss : 0.076535pseudo_supervision1 : 0.000000pseudo_supervision2 : 0.000000
iteration 17340 :model1 loss : 0.225935model2 loss : 0.142244pseudo_supervision1 : 0.000000pseudo_supervision2 : 0.000000
iteration 17360 :model1 loss : 0.125583model2 loss : 0.091656pseudo_supervision1 : 0.000000pseudo_supervision2 : 0.000000
iteration 17380 :model1 loss : 0.180502model2 loss : 0.077533pseudo_supervision1 : 0.000000pseudo_supervision2 : 0.000000
iteration 17400 :model1 loss : 0.155361model2 loss : 0.058546pseudo_supervision1 : 0.000000pseudo_supervision2 : 0.000000
save model to ../model/BTCV_5_C3PS_scalar_baseline_same_split_with_magicNet_3channels_nosemi_SGD_SGD/unet_3D_old/model_iter_17400.pth
save model2 to ../model/BTCV_5_C3PS_scalar_baseline_same_split_with_magicNet_3channels_nosemi_SGD_SGD/unet_3D_old/model2_iter_17400.pth
iteration 17420 :model1 loss : 0.387536model2 loss : 0.085859pseudo_supervision1 : 0.000000pseudo_supervision2 : 0.000000
iteration 17440 :model1 loss : 0.149385model2 loss : 0.050178pseudo_supervision1 : 0.000000pseudo_supervision2 : 0.000000
iteration 17460 :model1 loss : 0.125012model2 loss : 0.058083pseudo_supervision1 : 0.000000pseudo_supervision2 : 0.000000
iteration 17480 :model1 loss : 0.315331model2 loss : 0.102555pseudo_supervision1 : 0.000000pseudo_supervision2 : 0.000000
iteration 17500 :model1 loss : 0.112195model2 loss : 0.082409pseudo_supervision1 : 0.000000pseudo_supervision2 : 0.000000
iteration 17520 :model1 loss : 0.467645model2 loss : 0.334744pseudo_supervision1 : 0.000000pseudo_supervision2 : 0.000000
iteration 17540 :model1 loss : 0.156663model2 loss : 0.061601pseudo_supervision1 : 0.000000pseudo_supervision2 : 0.000000
iteration 17560 :model1 loss : 0.261688model2 loss : 0.054667pseudo_supervision1 : 0.000000pseudo_supervision2 : 0.000000
iteration 17580 :model1 loss : 0.387615model2 loss : 0.123372pseudo_supervision1 : 0.000000pseudo_supervision2 : 0.000000
iteration 17600 :model1 loss : 0.132461model2 loss : 0.143482pseudo_supervision1 : 0.000000pseudo_supervision2 : 0.000000
began evaluation!
iteration 17600: validation sampled 4/12 cases
Total test images: 4
Validation begin
Validation end
avg metric shape: (13, 3)
iteration 17600 : model_dice_score : 0.600528 model_hd95 : 0.000000
began evaluation!
Total test images: 4
Validation begin
===>test image:/projects/weilab/liupeng/data/raw/ssl_seg/BTCV/Training_resampled_1.5_1.5_2.0_npy_zscore/img/img0025.npy
condition batch eval, img shape:(212, 284, 284), sx:3, sy:3, sz:3, num_conditions:2
condition:1, metric:[0.92285216 0.         0.        ]
condition:2, metric:[0.63757032 0.         0.        ]
condition batch eval, img shape:(212, 284, 284), sx:3, sy:3, sz:3, num_conditions:2
condition:3, metric:[0.55903318 0.         0.        ]
condition:4, metric:[0.02587302 0.         0.        ]
condition batch eval, img shape:(212, 284, 284), sx:3, sy:3, sz:3, num_conditions:2
condition:5, metric:[0.15001709 0.         0.        ]
condition:6, metric:[0.87640901 0.         0.        ]
condition batch eval, img shape:(212, 284, 284), sx:3, sy:3, sz:3, num_conditions:2
condition:7, metric:[0.6335982 0.        0.       ]
condition:8, metric:[0.73745256 0.         0.        ]
condition batch eval, img shape:(212, 284, 284), sx:3, sy:3, sz:3, num_conditions:2
condition:9, metric:[0.30836697 0.         0.        ]
condition:10, metric:[0.10014795 0.         0.        ]
condition batch eval, img shape:(212, 284, 284), sx:3, sy:3, sz:3, num_conditions:2
condition:11, metric:[0.1271618 0.        0.       ]
condition:12, metric:[0. 0. 0.]
condition batch eval, img shape:(212, 284, 284), sx:3, sy:3, sz:3, num_conditions:1
condition:13, metric:[0.26221805 0.         0.        ]
===>test image:/projects/weilab/liupeng/data/raw/ssl_seg/BTCV/Training_resampled_1.5_1.5_2.0_npy_zscore/img/img0029.npy
condition batch eval, img shape:(150, 299, 299), sx:2, sy:4, sz:4, num_conditions:2
condition:1, metric:[0.82571093 0.         0.        ]
condition:2, metric:[0.89530017 0.         0.        ]
condition batch eval, img shape:(150, 299, 299), sx:2, sy:4, sz:4, num_conditions:2
condition:3, metric:[0.8091453 0.        0.       ]
condition:4, metric:[0. 0. 0.]
condition batch eval, img shape:(150, 299, 299), sx:2, sy:4, sz:4, num_conditions:2
condition:5, metric:[0.00090662 0.         0.        ]
condition:6, metric:[0.92126892 0.         0.        ]
condition batch eval, img shape:(150, 299, 299), sx:2, sy:4, sz:4, num_conditions:2
condition:7, metric:[0.60231358 0.         0.        ]
condition:8, metric:[0.90553958 0.         0.        ]
condition batch eval, img shape:(150, 299, 299), sx:2, sy:4, sz:4, num_conditions:2
condition:9, metric:[0.71304086 0.         0.        ]
condition:10, metric:[0.22132182 0.         0.        ]
condition batch eval, img shape:(150, 299, 299), sx:2, sy:4, sz:4, num_conditions:2
condition:11, metric:[0.06274608 0.         0.        ]
condition:12, metric:[0. 0. 0.]
condition batch eval, img shape:(150, 299, 299), sx:2, sy:4, sz:4, num_conditions:1
condition:13, metric:[0.38871951 0.         0.        ]
===>test image:/projects/weilab/liupeng/data/raw/ssl_seg/BTCV/Training_resampled_1.5_1.5_2.0_npy_zscore/img/img0038.npy
condition batch eval, img shape:(250, 333, 333), sx:4, sy:4, sz:4, num_conditions:2
condition:1, metric:[0.83626661 0.         0.        ]
condition:2, metric:[0.65646251 0.         0.        ]
condition batch eval, img shape:(250, 333, 333), sx:4, sy:4, sz:4, num_conditions:2
condition:3, metric:[0.85820712 0.         0.        ]
condition:4, metric:[0. 0. 0.]
condition batch eval, img shape:(250, 333, 333), sx:4, sy:4, sz:4, num_conditions:2
condition:5, metric:[0.23959321 0.         0.        ]
condition:6, metric:[0.79518658 0.         0.        ]
condition batch eval, img shape:(250, 333, 333), sx:4, sy:4, sz:4, num_conditions:2
condition:7, metric:[0.1961399 0.        0.       ]
condition:8, metric:[0.77337944 0.         0.        ]
condition batch eval, img shape:(250, 333, 333), sx:4, sy:4, sz:4, num_conditions:2
condition:9, metric:[0.41685405 0.         0.        ]
condition:10, metric:[0.07007617 0.         0.        ]
condition batch eval, img shape:(250, 333, 333), sx:4, sy:4, sz:4, num_conditions:2
condition:11, metric:[0.02420788 0.         0.        ]
condition:12, metric:[0. 0. 0.]
condition batch eval, img shape:(250, 333, 333), sx:4, sy:4, sz:4, num_conditions:1
condition:13, metric:[0.38984169 0.         0.        ]
===>test image:/projects/weilab/liupeng/data/raw/ssl_seg/BTCV/Training_resampled_1.5_1.5_2.0_npy_zscore/img/img0032.npy
condition batch eval, img shape:(216, 253, 253), sx:3, sy:3, sz:3, num_conditions:2
condition:1, metric:[0.9179784 0.        0.       ]
condition:2, metric:[0.90571461 0.         0.        ]
condition batch eval, img shape:(216, 253, 253), sx:3, sy:3, sz:3, num_conditions:2
condition:3, metric:[0.80190818 0.         0.        ]
condition:4, metric:[0.00068764 0.         0.        ]
condition batch eval, img shape:(216, 253, 253), sx:3, sy:3, sz:3, num_conditions:2
condition:5, metric:[0.44594595 0.         0.        ]
condition:6, metric:[0.91578699 0.         0.        ]
condition batch eval, img shape:(216, 253, 253), sx:3, sy:3, sz:3, num_conditions:2
condition:7, metric:[0.81545255 0.         0.        ]
condition:8, metric:[0.90445569 0.         0.        ]
condition batch eval, img shape:(216, 253, 253), sx:3, sy:3, sz:3, num_conditions:2
condition:9, metric:[0.54499668 0.         0.        ]
condition:10, metric:[0.11582855 0.         0.        ]
condition batch eval, img shape:(216, 253, 253), sx:3, sy:3, sz:3, num_conditions:2
condition:11, metric:[0.10750339 0.         0.        ]
condition:12, metric:[0. 0. 0.]
condition batch eval, img shape:(216, 253, 253), sx:3, sy:3, sz:3, num_conditions:1
condition:13, metric:[0. 0. 0.]
Validation end
avg metric shape: (13, 3)
iteration 17600 : model2_dice_score : 0.450369 model2_hd95 : 0.000000
save model to ../model/BTCV_5_C3PS_scalar_baseline_same_split_with_magicNet_3channels_nosemi_SGD_SGD/unet_3D_old/model_iter_17600.pth
save model2 to ../model/BTCV_5_C3PS_scalar_baseline_same_split_with_magicNet_3channels_nosemi_SGD_SGD/unet_3D_old/model2_iter_17600.pth
iteration 17620 :model1 loss : 0.136122model2 loss : 0.122870pseudo_supervision1 : 0.000000pseudo_supervision2 : 0.000000
iteration 17640 :model1 loss : 0.134443model2 loss : 0.071970pseudo_supervision1 : 0.000000pseudo_supervision2 : 0.000000
iteration 17660 :model1 loss : 0.155773model2 loss : 0.080956pseudo_supervision1 : 0.000000pseudo_supervision2 : 0.000000
iteration 17680 :model1 loss : 0.140146model2 loss : 0.084225pseudo_supervision1 : 0.000000pseudo_supervision2 : 0.000000
iteration 17700 :model1 loss : 0.168478model2 loss : 0.064604pseudo_supervision1 : 0.000000pseudo_supervision2 : 0.000000
iteration 17720 :model1 loss : 0.145106model2 loss : 0.046623pseudo_supervision1 : 0.000000pseudo_supervision2 : 0.000000
iteration 17740 :model1 loss : 0.199399model2 loss : 0.044700pseudo_supervision1 : 0.000000pseudo_supervision2 : 0.000000
iteration 17760 :model1 loss : 0.150829model2 loss : 0.095646pseudo_supervision1 : 0.000000pseudo_supervision2 : 0.000000
iteration 17780 :model1 loss : 0.146855model2 loss : 0.063328pseudo_supervision1 : 0.000000pseudo_supervision2 : 0.000000
iteration 17800 :model1 loss : 0.260953model2 loss : 0.089535pseudo_supervision1 : 0.000000pseudo_supervision2 : 0.000000
save model to ../model/BTCV_5_C3PS_scalar_baseline_same_split_with_magicNet_3channels_nosemi_SGD_SGD/unet_3D_old/model_iter_17800.pth
save model2 to ../model/BTCV_5_C3PS_scalar_baseline_same_split_with_magicNet_3channels_nosemi_SGD_SGD/unet_3D_old/model2_iter_17800.pth
iteration 17820 :model1 loss : 0.186911model2 loss : 0.189776pseudo_supervision1 : 0.000000pseudo_supervision2 : 0.000000
iteration 17840 :model1 loss : 0.146280model2 loss : 0.104054pseudo_supervision1 : 0.000000pseudo_supervision2 : 0.000000
iteration 17860 :model1 loss : 0.183629model2 loss : 0.048911pseudo_supervision1 : 0.000000pseudo_supervision2 : 0.000000
iteration 17880 :model1 loss : 0.138266model2 loss : 0.054785pseudo_supervision1 : 0.000000pseudo_supervision2 : 0.000000
iteration 17900 :model1 loss : 0.158324model2 loss : 0.044636pseudo_supervision1 : 0.000000pseudo_supervision2 : 0.000000
iteration 17920 :model1 loss : 0.218517model2 loss : 0.134051pseudo_supervision1 : 0.000000pseudo_supervision2 : 0.000000
iteration 17940 :model1 loss : 0.120028model2 loss : 0.101691pseudo_supervision1 : 0.000000pseudo_supervision2 : 0.000000
iteration 17960 :model1 loss : 0.132549model2 loss : 0.129474pseudo_supervision1 : 0.000000pseudo_supervision2 : 0.000000
iteration 17980 :model1 loss : 0.349526model2 loss : 0.078854pseudo_supervision1 : 0.000000pseudo_supervision2 : 0.000000
iteration 18000 :model1 loss : 0.161374model2 loss : 0.189987pseudo_supervision1 : 0.000000pseudo_supervision2 : 0.000000
began evaluation!
iteration 18000: validation sampled 4/12 cases
Total test images: 4
Validation begin
Validation end
avg metric shape: (13, 3)
iteration 18000 : model_dice_score : 0.635594 model_hd95 : 5.769231
began evaluation!
Total test images: 4
Validation begin
===>test image:/projects/weilab/liupeng/data/raw/ssl_seg/BTCV/Training_resampled_1.5_1.5_2.0_npy_zscore/img/img0035.npy
condition batch eval, img shape:(235, 314, 314), sx:4, sy:4, sz:4, num_conditions:2
condition:1, metric:[0.80790803 0.         0.        ]
condition:2, metric:[0.78574195 0.         0.        ]
condition batch eval, img shape:(235, 314, 314), sx:4, sy:4, sz:4, num_conditions:2
condition:3, metric:[0.85600989 0.         0.        ]
condition:4, metric:[  0. 150. 150.]
condition batch eval, img shape:(235, 314, 314), sx:4, sy:4, sz:4, num_conditions:2
condition:5, metric:[0.09488085 0.         0.        ]
condition:6, metric:[0.89555901 0.         0.        ]
condition batch eval, img shape:(235, 314, 314), sx:4, sy:4, sz:4, num_conditions:2
condition:7, metric:[0.64352199 0.         0.        ]
condition:8, metric:[0.86790374 0.         0.        ]
condition batch eval, img shape:(235, 314, 314), sx:4, sy:4, sz:4, num_conditions:2
condition:9, metric:[0.72906449 0.         0.        ]
condition:10, metric:[0.1825217 0.        0.       ]
condition batch eval, img shape:(235, 314, 314), sx:4, sy:4, sz:4, num_conditions:2
condition:11, metric:[0.36241315 0.         0.        ]
condition:12, metric:[0. 0. 0.]
condition batch eval, img shape:(235, 314, 314), sx:4, sy:4, sz:4, num_conditions:1
condition:13, metric:[  0. 150. 150.]
===>test image:/projects/weilab/liupeng/data/raw/ssl_seg/BTCV/Training_resampled_1.5_1.5_2.0_npy_zscore/img/img0036.npy
condition batch eval, img shape:(276, 255, 255), sx:4, sy:3, sz:3, num_conditions:2
condition:1, metric:[0.90818226 0.         0.        ]
condition:2, metric:[0.9363498 0.        0.       ]
condition batch eval, img shape:(276, 255, 255), sx:4, sy:3, sz:3, num_conditions:2
condition:3, metric:[0.93702877 0.         0.        ]
condition:4, metric:[0.01736527 0.         0.        ]
condition batch eval, img shape:(276, 255, 255), sx:4, sy:3, sz:3, num_conditions:2
condition:5, metric:[0.36846325 0.         0.        ]
condition:6, metric:[0.89397071 0.         0.        ]
condition batch eval, img shape:(276, 255, 255), sx:4, sy:3, sz:3, num_conditions:2
condition:7, metric:[0.73635056 0.         0.        ]
condition:8, metric:[0.77607049 0.         0.        ]
condition batch eval, img shape:(276, 255, 255), sx:4, sy:3, sz:3, num_conditions:2
condition:9, metric:[0.51541108 0.         0.        ]
condition:10, metric:[0.16936344 0.         0.        ]
condition batch eval, img shape:(276, 255, 255), sx:4, sy:3, sz:3, num_conditions:2
condition:11, metric:[0.29052503 0.         0.        ]
condition:12, metric:[0. 0. 0.]
condition batch eval, img shape:(276, 255, 255), sx:4, sy:3, sz:3, num_conditions:1
condition:13, metric:[  0. 150. 150.]
===>test image:/projects/weilab/liupeng/data/raw/ssl_seg/BTCV/Training_resampled_1.5_1.5_2.0_npy_zscore/img/img0029.npy
condition batch eval, img shape:(150, 299, 299), sx:2, sy:4, sz:4, num_conditions:2
condition:1, metric:[0.92194153 0.         0.        ]
condition:2, metric:[0.88629814 0.         0.        ]
condition batch eval, img shape:(150, 299, 299), sx:2, sy:4, sz:4, num_conditions:2
condition:3, metric:[0.86128822 0.         0.        ]
condition:4, metric:[0.10798775 0.         0.        ]
condition batch eval, img shape:(150, 299, 299), sx:2, sy:4, sz:4, num_conditions:2
condition:5, metric:[0.1699982 0.        0.       ]
condition:6, metric:[0.93116695 0.         0.        ]
condition batch eval, img shape:(150, 299, 299), sx:2, sy:4, sz:4, num_conditions:2
condition:7, metric:[0.70186525 0.         0.        ]
condition:8, metric:[0.91566663 0.         0.        ]
condition batch eval, img shape:(150, 299, 299), sx:2, sy:4, sz:4, num_conditions:2
condition:9, metric:[0.72321036 0.         0.        ]
condition:10, metric:[0.18763715 0.         0.        ]
condition batch eval, img shape:(150, 299, 299), sx:2, sy:4, sz:4, num_conditions:2
condition:11, metric:[0.39844151 0.         0.        ]
condition:12, metric:[0. 0. 0.]
condition batch eval, img shape:(150, 299, 299), sx:2, sy:4, sz:4, num_conditions:1
condition:13, metric:[  0. 150. 150.]
===>test image:/projects/weilab/liupeng/data/raw/ssl_seg/BTCV/Training_resampled_1.5_1.5_2.0_npy_zscore/img/img0022.npy
condition batch eval, img shape:(222, 262, 262), sx:3, sy:3, sz:3, num_conditions:2
condition:1, metric:[0.81660805 0.         0.        ]
condition:2, metric:[0.84212143 0.         0.        ]
condition batch eval, img shape:(222, 262, 262), sx:3, sy:3, sz:3, num_conditions:2
condition:3, metric:[0.86936561 0.         0.        ]
condition:4, metric:[0.16492656 0.         0.        ]
condition batch eval, img shape:(222, 262, 262), sx:3, sy:3, sz:3, num_conditions:2
condition:5, metric:[0.03208661 0.         0.        ]
condition:6, metric:[0.90749081 0.         0.        ]
condition batch eval, img shape:(222, 262, 262), sx:3, sy:3, sz:3, num_conditions:2
condition:7, metric:[0.2794479 0.        0.       ]
condition:8, metric:[0.90527998 0.         0.        ]
condition batch eval, img shape:(222, 262, 262), sx:3, sy:3, sz:3, num_conditions:2
condition:9, metric:[0.68152357 0.         0.        ]
condition:10, metric:[0.15453059 0.         0.        ]
condition batch eval, img shape:(222, 262, 262), sx:3, sy:3, sz:3, num_conditions:2
condition:11, metric:[0.34810751 0.         0.        ]
condition:12, metric:[0. 0. 0.]
condition batch eval, img shape:(222, 262, 262), sx:3, sy:3, sz:3, num_conditions:1
condition:13, metric:[0.02937576 0.         0.        ]
Validation end
avg metric shape: (13, 3)
iteration 18000 : model2_dice_score : 0.492519 model2_hd95 : 11.538462
save model to ../model/BTCV_5_C3PS_scalar_baseline_same_split_with_magicNet_3channels_nosemi_SGD_SGD/unet_3D_old/model_iter_18000.pth
save model2 to ../model/BTCV_5_C3PS_scalar_baseline_same_split_with_magicNet_3channels_nosemi_SGD_SGD/unet_3D_old/model2_iter_18000.pth
iteration 18020 :model1 loss : 0.129913model2 loss : 0.094192pseudo_supervision1 : 0.000000pseudo_supervision2 : 0.000000
iteration 18040 :model1 loss : 0.321836model2 loss : 0.040664pseudo_supervision1 : 0.000000pseudo_supervision2 : 0.000000
iteration 18060 :model1 loss : 0.431004model2 loss : 0.321218pseudo_supervision1 : 0.000000pseudo_supervision2 : 0.000000
iteration 18080 :model1 loss : 0.136483model2 loss : 0.097967pseudo_supervision1 : 0.000000pseudo_supervision2 : 0.000000
iteration 18100 :model1 loss : 0.293030model2 loss : 0.071178pseudo_supervision1 : 0.000000pseudo_supervision2 : 0.000000
iteration 18120 :model1 loss : 0.164243model2 loss : 0.105119pseudo_supervision1 : 0.000000pseudo_supervision2 : 0.000000
iteration 18140 :model1 loss : 0.293539model2 loss : 0.056410pseudo_supervision1 : 0.000000pseudo_supervision2 : 0.000000
iteration 18160 :model1 loss : 0.165599model2 loss : 0.062024pseudo_supervision1 : 0.000000pseudo_supervision2 : 0.000000
iteration 18180 :model1 loss : 0.436457model2 loss : 0.186708pseudo_supervision1 : 0.000000pseudo_supervision2 : 0.000000
iteration 18200 :model1 loss : 0.129990model2 loss : 0.059285pseudo_supervision1 : 0.000000pseudo_supervision2 : 0.000000
save model to ../model/BTCV_5_C3PS_scalar_baseline_same_split_with_magicNet_3channels_nosemi_SGD_SGD/unet_3D_old/model_iter_18200.pth
save model2 to ../model/BTCV_5_C3PS_scalar_baseline_same_split_with_magicNet_3channels_nosemi_SGD_SGD/unet_3D_old/model2_iter_18200.pth
iteration 18220 :model1 loss : 0.183893model2 loss : 0.089857pseudo_supervision1 : 0.000000pseudo_supervision2 : 0.000000
iteration 18240 :model1 loss : 0.145587model2 loss : 0.110260pseudo_supervision1 : 0.000000pseudo_supervision2 : 0.000000
iteration 18260 :model1 loss : 0.148983model2 loss : 0.059308pseudo_supervision1 : 0.000000pseudo_supervision2 : 0.000000
iteration 18280 :model1 loss : 0.164426model2 loss : 0.060886pseudo_supervision1 : 0.000000pseudo_supervision2 : 0.000000
iteration 18300 :model1 loss : 0.194556model2 loss : 0.058603pseudo_supervision1 : 0.000000pseudo_supervision2 : 0.000000
iteration 18320 :model1 loss : 0.122867model2 loss : 0.054489pseudo_supervision1 : 0.000000pseudo_supervision2 : 0.000000
iteration 18340 :model1 loss : 0.135494model2 loss : 0.091306pseudo_supervision1 : 0.000000pseudo_supervision2 : 0.000000
iteration 18360 :model1 loss : 0.234674model2 loss : 0.052369pseudo_supervision1 : 0.000000pseudo_supervision2 : 0.000000
iteration 18380 :model1 loss : 0.180929model2 loss : 0.065164pseudo_supervision1 : 0.000000pseudo_supervision2 : 0.000000
iteration 18400 :model1 loss : 0.140490model2 loss : 0.059045pseudo_supervision1 : 0.000000pseudo_supervision2 : 0.000000
began evaluation!
iteration 18400: validation sampled 4/12 cases
Total test images: 4
Validation begin
Validation end
avg metric shape: (13, 3)
iteration 18400 : model_dice_score : 0.599488 model_hd95 : 2.884615
began evaluation!
Total test images: 4
Validation begin
===>test image:/projects/weilab/liupeng/data/raw/ssl_seg/BTCV/Training_resampled_1.5_1.5_2.0_npy_zscore/img/img0003.npy
condition batch eval, img shape:(297, 307, 307), sx:5, sy:4, sz:4, num_conditions:2
condition:1, metric:[0.86593363 0.         0.        ]
condition:2, metric:[0.71849416 0.         0.        ]
condition batch eval, img shape:(297, 307, 307), sx:5, sy:4, sz:4, num_conditions:2
condition:3, metric:[0.85037656 0.         0.        ]
condition:4, metric:[0.4496047 0.        0.       ]
condition batch eval, img shape:(297, 307, 307), sx:5, sy:4, sz:4, num_conditions:2
condition:5, metric:[0.02472572 0.         0.        ]
condition:6, metric:[0.75459355 0.         0.        ]
condition batch eval, img shape:(297, 307, 307), sx:5, sy:4, sz:4, num_conditions:2
condition:7, metric:[0.15033153 0.         0.        ]
condition:8, metric:[0.78353668 0.         0.        ]
condition batch eval, img shape:(297, 307, 307), sx:5, sy:4, sz:4, num_conditions:2
condition:9, metric:[0.65722761 0.         0.        ]
condition:10, metric:[0.11283069 0.         0.        ]
condition batch eval, img shape:(297, 307, 307), sx:5, sy:4, sz:4, num_conditions:2
condition:11, metric:[0. 0. 0.]
condition:12, metric:[0. 0. 0.]
condition batch eval, img shape:(297, 307, 307), sx:5, sy:4, sz:4, num_conditions:1
condition:13, metric:[0. 0. 0.]
===>test image:/projects/weilab/liupeng/data/raw/ssl_seg/BTCV/Training_resampled_1.5_1.5_2.0_npy_zscore/img/img0008.npy
condition batch eval, img shape:(222, 249, 249), sx:3, sy:3, sz:3, num_conditions:2
condition:1, metric:[0.82631642 0.         0.        ]
condition:2, metric:[0.03045865 0.         0.        ]
condition batch eval, img shape:(222, 249, 249), sx:3, sy:3, sz:3, num_conditions:2
condition:3, metric:[0.03691496 0.         0.        ]
condition:4, metric:[0.68038371 0.         0.        ]
condition batch eval, img shape:(222, 249, 249), sx:3, sy:3, sz:3, num_conditions:2
condition:5, metric:[0.23555071 0.         0.        ]
condition:6, metric:[0.92671852 0.         0.        ]
condition batch eval, img shape:(222, 249, 249), sx:3, sy:3, sz:3, num_conditions:2
condition:7, metric:[0.66409685 0.         0.        ]
condition:8, metric:[0.83165014 0.         0.        ]
condition batch eval, img shape:(222, 249, 249), sx:3, sy:3, sz:3, num_conditions:2
condition:9, metric:[0.82272727 0.         0.        ]
condition:10, metric:[0.23636474 0.         0.        ]
condition batch eval, img shape:(222, 249, 249), sx:3, sy:3, sz:3, num_conditions:2
condition:11, metric:[0.33677087 0.         0.        ]
condition:12, metric:[0. 0. 0.]
condition batch eval, img shape:(222, 249, 249), sx:3, sy:3, sz:3, num_conditions:1
condition:13, metric:[0.11570248 0.         0.        ]
===>test image:/projects/weilab/liupeng/data/raw/ssl_seg/BTCV/Training_resampled_1.5_1.5_2.0_npy_zscore/img/img0002.npy
condition batch eval, img shape:(208, 246, 246), sx:3, sy:3, sz:3, num_conditions:2
condition:1, metric:[0.81823961 0.         0.        ]
condition:2, metric:[0.90295166 0.         0.        ]
condition batch eval, img shape:(208, 246, 246), sx:3, sy:3, sz:3, num_conditions:2
condition:3, metric:[0.86035627 0.         0.        ]
condition:4, metric:[0.6931677 0.        0.       ]
condition batch eval, img shape:(208, 246, 246), sx:3, sy:3, sz:3, num_conditions:2
condition:5, metric:[0.16824966 0.         0.        ]
condition:6, metric:[0.94036 0.      0.     ]
condition batch eval, img shape:(208, 246, 246), sx:3, sy:3, sz:3, num_conditions:2
condition:7, metric:[0.68731935 0.         0.        ]
condition:8, metric:[0.85635335 0.         0.        ]
condition batch eval, img shape:(208, 246, 246), sx:3, sy:3, sz:3, num_conditions:2
condition:9, metric:[0.72133963 0.         0.        ]
condition:10, metric:[0.22142783 0.         0.        ]
condition batch eval, img shape:(208, 246, 246), sx:3, sy:3, sz:3, num_conditions:2
condition:11, metric:[0.44418095 0.         0.        ]
condition:12, metric:[0. 0. 0.]
condition batch eval, img shape:(208, 246, 246), sx:3, sy:3, sz:3, num_conditions:1
condition:13, metric:[0.07509881 0.         0.        ]
===>test image:/projects/weilab/liupeng/data/raw/ssl_seg/BTCV/Training_resampled_1.5_1.5_2.0_npy_zscore/img/img0022.npy
condition batch eval, img shape:(222, 262, 262), sx:3, sy:3, sz:3, num_conditions:2
condition:1, metric:[0.79874874 0.         0.        ]
condition:2, metric:[0.78222914 0.         0.        ]
condition batch eval, img shape:(222, 262, 262), sx:3, sy:3, sz:3, num_conditions:2
condition:3, metric:[0.76198432 0.         0.        ]
condition:4, metric:[0.27671672 0.         0.        ]
condition batch eval, img shape:(222, 262, 262), sx:3, sy:3, sz:3, num_conditions:2
condition:5, metric:[0.08156486 0.         0.        ]
condition:6, metric:[0.90596689 0.         0.        ]
condition batch eval, img shape:(222, 262, 262), sx:3, sy:3, sz:3, num_conditions:2
condition:7, metric:[0.27356889 0.         0.        ]
condition:8, metric:[0.92534545 0.         0.        ]
condition batch eval, img shape:(222, 262, 262), sx:3, sy:3, sz:3, num_conditions:2
condition:9, metric:[0.72864337 0.         0.        ]
condition:10, metric:[0.21914339 0.         0.        ]
condition batch eval, img shape:(222, 262, 262), sx:3, sy:3, sz:3, num_conditions:2
condition:11, metric:[0.25423729 0.         0.        ]
condition:12, metric:[0. 0. 0.]
condition batch eval, img shape:(222, 262, 262), sx:3, sy:3, sz:3, num_conditions:1
condition:13, metric:[0.31663327 0.         0.        ]
Validation end
avg metric shape: (13, 3)
iteration 18400 : model2_dice_score : 0.477406 model2_hd95 : 0.000000
save model to ../model/BTCV_5_C3PS_scalar_baseline_same_split_with_magicNet_3channels_nosemi_SGD_SGD/unet_3D_old/model_iter_18400.pth
save model2 to ../model/BTCV_5_C3PS_scalar_baseline_same_split_with_magicNet_3channels_nosemi_SGD_SGD/unet_3D_old/model2_iter_18400.pth
iteration 18420 :model1 loss : 0.176622model2 loss : 0.063272pseudo_supervision1 : 0.000000pseudo_supervision2 : 0.000000
iteration 18440 :model1 loss : 0.154814model2 loss : 0.056301pseudo_supervision1 : 0.000000pseudo_supervision2 : 0.000000
iteration 18460 :model1 loss : 0.131499model2 loss : 0.109912pseudo_supervision1 : 0.000000pseudo_supervision2 : 0.000000
iteration 18480 :model1 loss : 0.212496model2 loss : 0.053198pseudo_supervision1 : 0.000000pseudo_supervision2 : 0.000000
iteration 18500 :model1 loss : 0.175680model2 loss : 0.099652pseudo_supervision1 : 0.000000pseudo_supervision2 : 0.000000
iteration 18520 :model1 loss : 0.120712model2 loss : 0.091762pseudo_supervision1 : 0.000000pseudo_supervision2 : 0.000000
iteration 18540 :model1 loss : 0.129548model2 loss : 0.067483pseudo_supervision1 : 0.000000pseudo_supervision2 : 0.000000
iteration 18560 :model1 loss : 0.121635model2 loss : 0.113386pseudo_supervision1 : 0.000000pseudo_supervision2 : 0.000000
iteration 18580 :model1 loss : 0.149857model2 loss : 0.082457pseudo_supervision1 : 0.000000pseudo_supervision2 : 0.000000
iteration 18600 :model1 loss : 0.354032model2 loss : 0.104911pseudo_supervision1 : 0.000000pseudo_supervision2 : 0.000000
save model to ../model/BTCV_5_C3PS_scalar_baseline_same_split_with_magicNet_3channels_nosemi_SGD_SGD/unet_3D_old/model_iter_18600.pth
save model2 to ../model/BTCV_5_C3PS_scalar_baseline_same_split_with_magicNet_3channels_nosemi_SGD_SGD/unet_3D_old/model2_iter_18600.pth
iteration 18620 :model1 loss : 0.159195model2 loss : 0.118720pseudo_supervision1 : 0.000000pseudo_supervision2 : 0.000000
iteration 18640 :model1 loss : 0.347452model2 loss : 0.059548pseudo_supervision1 : 0.000000pseudo_supervision2 : 0.000000
iteration 18660 :model1 loss : 0.209655model2 loss : 0.065240pseudo_supervision1 : 0.000000pseudo_supervision2 : 0.000000
iteration 18680 :model1 loss : 0.154663model2 loss : 0.075497pseudo_supervision1 : 0.000000pseudo_supervision2 : 0.000000
iteration 18700 :model1 loss : 0.134534model2 loss : 0.082170pseudo_supervision1 : 0.000000pseudo_supervision2 : 0.000000
iteration 18720 :model1 loss : 0.258915model2 loss : 0.094876pseudo_supervision1 : 0.000000pseudo_supervision2 : 0.000000
iteration 18740 :model1 loss : 0.150783model2 loss : 0.068054pseudo_supervision1 : 0.000000pseudo_supervision2 : 0.000000
iteration 18760 :model1 loss : 0.216693model2 loss : 0.090091pseudo_supervision1 : 0.000000pseudo_supervision2 : 0.000000
iteration 18780 :model1 loss : 0.291282model2 loss : 0.044009pseudo_supervision1 : 0.000000pseudo_supervision2 : 0.000000
iteration 18800 :model1 loss : 0.134131model2 loss : 0.066550pseudo_supervision1 : 0.000000pseudo_supervision2 : 0.000000
began evaluation!
iteration 18800: validation sampled 4/12 cases
Total test images: 4
Validation begin
Validation end
avg metric shape: (13, 3)
iteration 18800 : model_dice_score : 0.589857 model_hd95 : 8.653846
began evaluation!
Total test images: 4
Validation begin
===>test image:/projects/weilab/liupeng/data/raw/ssl_seg/BTCV/Training_resampled_1.5_1.5_2.0_npy_zscore/img/img0032.npy
condition batch eval, img shape:(216, 253, 253), sx:3, sy:3, sz:3, num_conditions:2
condition:1, metric:[0.75887372 0.         0.        ]
condition:2, metric:[0.89680139 0.         0.        ]
condition batch eval, img shape:(216, 253, 253), sx:3, sy:3, sz:3, num_conditions:2
condition:3, metric:[0.83536735 0.         0.        ]
condition:4, metric:[0.51525082 0.         0.        ]
condition batch eval, img shape:(216, 253, 253), sx:3, sy:3, sz:3, num_conditions:2
condition:5, metric:[0.27104443 0.         0.        ]
condition:6, metric:[0.89101423 0.         0.        ]
condition batch eval, img shape:(216, 253, 253), sx:3, sy:3, sz:3, num_conditions:2
condition:7, metric:[0.74099725 0.         0.        ]
condition:8, metric:[0.89823336 0.         0.        ]
condition batch eval, img shape:(216, 253, 253), sx:3, sy:3, sz:3, num_conditions:2
condition:9, metric:[0.35604885 0.         0.        ]
condition:10, metric:[0.17938099 0.         0.        ]
condition batch eval, img shape:(216, 253, 253), sx:3, sy:3, sz:3, num_conditions:2
condition:11, metric:[0.02959728 0.         0.        ]
condition:12, metric:[0. 0. 0.]
condition batch eval, img shape:(216, 253, 253), sx:3, sy:3, sz:3, num_conditions:1
condition:13, metric:[  0. 150. 150.]
===>test image:/projects/weilab/liupeng/data/raw/ssl_seg/BTCV/Training_resampled_1.5_1.5_2.0_npy_zscore/img/img0003.npy
condition batch eval, img shape:(297, 307, 307), sx:5, sy:4, sz:4, num_conditions:2
condition:1, metric:[0.79456467 0.         0.        ]
condition:2, metric:[0.73160239 0.         0.        ]
condition batch eval, img shape:(297, 307, 307), sx:5, sy:4, sz:4, num_conditions:2
condition:3, metric:[0.78120786 0.         0.        ]
condition:4, metric:[0.17219331 0.         0.        ]
condition batch eval, img shape:(297, 307, 307), sx:5, sy:4, sz:4, num_conditions:2
condition:5, metric:[0. 0. 0.]
condition:6, metric:[0.63509964 0.         0.        ]
condition batch eval, img shape:(297, 307, 307), sx:5, sy:4, sz:4, num_conditions:2
condition:7, metric:[0.13259285 0.         0.        ]
condition:8, metric:[0.7777797 0.        0.       ]
condition batch eval, img shape:(297, 307, 307), sx:5, sy:4, sz:4, num_conditions:2
condition:9, metric:[0.52835821 0.         0.        ]
condition:10, metric:[0.04214989 0.         0.        ]
condition batch eval, img shape:(297, 307, 307), sx:5, sy:4, sz:4, num_conditions:2
condition:11, metric:[  0. 150. 150.]
condition:12, metric:[  0. 150. 150.]
condition batch eval, img shape:(297, 307, 307), sx:5, sy:4, sz:4, num_conditions:1
condition:13, metric:[  0. 150. 150.]
===>test image:/projects/weilab/liupeng/data/raw/ssl_seg/BTCV/Training_resampled_1.5_1.5_2.0_npy_zscore/img/img0001.npy
condition batch eval, img shape:(220, 228, 228), sx:3, sy:3, sz:3, num_conditions:2
condition:1, metric:[0.92132249 0.         0.        ]
condition:2, metric:[0.66088682 0.         0.        ]
condition batch eval, img shape:(220, 228, 228), sx:3, sy:3, sz:3, num_conditions:2
condition:3, metric:[0.7987846 0.        0.       ]
condition:4, metric:[0.01811024 0.         0.        ]
condition batch eval, img shape:(220, 228, 228), sx:3, sy:3, sz:3, num_conditions:2
condition:5, metric:[0.53274835 0.         0.        ]
condition:6, metric:[0.80729467 0.         0.        ]
condition batch eval, img shape:(220, 228, 228), sx:3, sy:3, sz:3, num_conditions:2
condition:7, metric:[0.64707937 0.         0.        ]
condition:8, metric:[0.90252324 0.         0.        ]
condition batch eval, img shape:(220, 228, 228), sx:3, sy:3, sz:3, num_conditions:2
condition:9, metric:[0.65833105 0.         0.        ]
condition:10, metric:[0.36693594 0.         0.        ]
condition batch eval, img shape:(220, 228, 228), sx:3, sy:3, sz:3, num_conditions:2
condition:11, metric:[0.02577097 0.         0.        ]
condition:12, metric:[0. 0. 0.]
condition batch eval, img shape:(220, 228, 228), sx:3, sy:3, sz:3, num_conditions:1
condition:13, metric:[0.00163265 0.         0.        ]
===>test image:/projects/weilab/liupeng/data/raw/ssl_seg/BTCV/Training_resampled_1.5_1.5_2.0_npy_zscore/img/img0029.npy
condition batch eval, img shape:(150, 299, 299), sx:2, sy:4, sz:4, num_conditions:2
condition:1, metric:[0.86636567 0.         0.        ]
condition:2, metric:[0.90079553 0.         0.        ]
condition batch eval, img shape:(150, 299, 299), sx:2, sy:4, sz:4, num_conditions:2
condition:3, metric:[0.70298951 0.         0.        ]
condition:4, metric:[0.15565908 0.         0.        ]
condition batch eval, img shape:(150, 299, 299), sx:2, sy:4, sz:4, num_conditions:2
condition:5, metric:[0.11588605 0.         0.        ]
condition:6, metric:[0.88029696 0.         0.        ]
condition batch eval, img shape:(150, 299, 299), sx:2, sy:4, sz:4, num_conditions:2
condition:7, metric:[0.29173099 0.         0.        ]
condition:8, metric:[0.91167821 0.         0.        ]
condition batch eval, img shape:(150, 299, 299), sx:2, sy:4, sz:4, num_conditions:2
condition:9, metric:[0.64381972 0.         0.        ]
condition:10, metric:[0.37284186 0.         0.        ]
condition batch eval, img shape:(150, 299, 299), sx:2, sy:4, sz:4, num_conditions:2
condition:11, metric:[0.02013277 0.         0.        ]
condition:12, metric:[0. 0. 0.]
condition batch eval, img shape:(150, 299, 299), sx:2, sy:4, sz:4, num_conditions:1
condition:13, metric:[  0. 150. 150.]
Validation end
avg metric shape: (13, 3)
iteration 18800 : model2_dice_score : 0.445611 model2_hd95 : 14.423077
save model to ../model/BTCV_5_C3PS_scalar_baseline_same_split_with_magicNet_3channels_nosemi_SGD_SGD/unet_3D_old/model_iter_18800.pth
save model2 to ../model/BTCV_5_C3PS_scalar_baseline_same_split_with_magicNet_3channels_nosemi_SGD_SGD/unet_3D_old/model2_iter_18800.pth
iteration 18820 :model1 loss : 0.236039model2 loss : 0.039896pseudo_supervision1 : 0.000000pseudo_supervision2 : 0.000000
iteration 18840 :model1 loss : 0.198538model2 loss : 0.098557pseudo_supervision1 : 0.000000pseudo_supervision2 : 0.000000
iteration 18860 :model1 loss : 0.156831model2 loss : 0.045060pseudo_supervision1 : 0.000000pseudo_supervision2 : 0.000000
iteration 18880 :model1 loss : 0.449576model2 loss : 0.281232pseudo_supervision1 : 0.000000pseudo_supervision2 : 0.000000
iteration 18900 :model1 loss : 0.112458model2 loss : 0.073193pseudo_supervision1 : 0.000000pseudo_supervision2 : 0.000000
iteration 18920 :model1 loss : 0.148979model2 loss : 0.183629pseudo_supervision1 : 0.000000pseudo_supervision2 : 0.000000
iteration 18940 :model1 loss : 0.147140model2 loss : 0.069044pseudo_supervision1 : 0.000000pseudo_supervision2 : 0.000000
iteration 18960 :model1 loss : 0.312102model2 loss : 0.056250pseudo_supervision1 : 0.000000pseudo_supervision2 : 0.000000
iteration 18980 :model1 loss : 0.272271model2 loss : 0.053162pseudo_supervision1 : 0.000000pseudo_supervision2 : 0.000000
iteration 19000 :model1 loss : 0.249787model2 loss : 0.051133pseudo_supervision1 : 0.000000pseudo_supervision2 : 0.000000
save model to ../model/BTCV_5_C3PS_scalar_baseline_same_split_with_magicNet_3channels_nosemi_SGD_SGD/unet_3D_old/model_iter_19000.pth
save model2 to ../model/BTCV_5_C3PS_scalar_baseline_same_split_with_magicNet_3channels_nosemi_SGD_SGD/unet_3D_old/model2_iter_19000.pth
iteration 19020 :model1 loss : 0.118364model2 loss : 0.053843pseudo_supervision1 : 0.000000pseudo_supervision2 : 0.000000
iteration 19040 :model1 loss : 0.143303model2 loss : 0.073950pseudo_supervision1 : 0.000000pseudo_supervision2 : 0.000000
iteration 19060 :model1 loss : 0.467329model2 loss : 0.334741pseudo_supervision1 : 0.000000pseudo_supervision2 : 0.000000
iteration 19080 :model1 loss : 0.118993model2 loss : 0.060823pseudo_supervision1 : 0.000000pseudo_supervision2 : 0.000000
iteration 19100 :model1 loss : 0.155916model2 loss : 0.065140pseudo_supervision1 : 0.000000pseudo_supervision2 : 0.000000
iteration 19120 :model1 loss : 0.139761model2 loss : 0.155881pseudo_supervision1 : 0.000000pseudo_supervision2 : 0.000000
iteration 19140 :model1 loss : 0.165902model2 loss : 0.148151pseudo_supervision1 : 0.000000pseudo_supervision2 : 0.000000
iteration 19160 :model1 loss : 0.127943model2 loss : 0.086140pseudo_supervision1 : 0.000000pseudo_supervision2 : 0.000000
iteration 19180 :model1 loss : 0.341170model2 loss : 0.040222pseudo_supervision1 : 0.000000pseudo_supervision2 : 0.000000
iteration 19200 :model1 loss : 0.467461model2 loss : 0.334642pseudo_supervision1 : 0.000000pseudo_supervision2 : 0.000000
began evaluation!
iteration 19200: validation sampled 4/12 cases
Total test images: 4
Validation begin
Validation end
avg metric shape: (13, 3)
iteration 19200 : model_dice_score : 0.616955 model_hd95 : 2.884615
began evaluation!
Total test images: 4
Validation begin
===>test image:/projects/weilab/liupeng/data/raw/ssl_seg/BTCV/Training_resampled_1.5_1.5_2.0_npy_zscore/img/img0038.npy
condition batch eval, img shape:(250, 333, 333), sx:4, sy:4, sz:4, num_conditions:2
condition:1, metric:[0.84911272 0.         0.        ]
condition:2, metric:[0.69267857 0.         0.        ]
condition batch eval, img shape:(250, 333, 333), sx:4, sy:4, sz:4, num_conditions:2
condition:3, metric:[0.85406036 0.         0.        ]
condition:4, metric:[0. 0. 0.]
condition batch eval, img shape:(250, 333, 333), sx:4, sy:4, sz:4, num_conditions:2
condition:5, metric:[0.03653097 0.         0.        ]
condition:6, metric:[0.84968343 0.         0.        ]
condition batch eval, img shape:(250, 333, 333), sx:4, sy:4, sz:4, num_conditions:2
condition:7, metric:[0.13566929 0.         0.        ]
condition:8, metric:[0.82510326 0.         0.        ]
condition batch eval, img shape:(250, 333, 333), sx:4, sy:4, sz:4, num_conditions:2
condition:9, metric:[0.5202321 0.        0.       ]
condition:10, metric:[0.14364384 0.         0.        ]
condition batch eval, img shape:(250, 333, 333), sx:4, sy:4, sz:4, num_conditions:2
condition:11, metric:[0.12713268 0.         0.        ]
condition:12, metric:[0. 0. 0.]
condition batch eval, img shape:(250, 333, 333), sx:4, sy:4, sz:4, num_conditions:1
condition:13, metric:[0.3030303 0.        0.       ]
===>test image:/projects/weilab/liupeng/data/raw/ssl_seg/BTCV/Training_resampled_1.5_1.5_2.0_npy_zscore/img/img0008.npy
condition batch eval, img shape:(222, 249, 249), sx:3, sy:3, sz:3, num_conditions:2
condition:1, metric:[0.83853193 0.         0.        ]
condition:2, metric:[0.03323718 0.         0.        ]
condition batch eval, img shape:(222, 249, 249), sx:3, sy:3, sz:3, num_conditions:2
condition:3, metric:[0. 0. 0.]
condition:4, metric:[0.69989358 0.         0.        ]
condition batch eval, img shape:(222, 249, 249), sx:3, sy:3, sz:3, num_conditions:2
condition:5, metric:[0.07176766 0.         0.        ]
condition:6, metric:[0.92844122 0.         0.        ]
condition batch eval, img shape:(222, 249, 249), sx:3, sy:3, sz:3, num_conditions:2
condition:7, metric:[0.67524375 0.         0.        ]
condition:8, metric:[0.76566007 0.         0.        ]
condition batch eval, img shape:(222, 249, 249), sx:3, sy:3, sz:3, num_conditions:2
condition:9, metric:[0.79704554 0.         0.        ]
condition:10, metric:[0.24389891 0.         0.        ]
condition batch eval, img shape:(222, 249, 249), sx:3, sy:3, sz:3, num_conditions:2
condition:11, metric:[0.15529242 0.         0.        ]
condition:12, metric:[0. 0. 0.]
condition batch eval, img shape:(222, 249, 249), sx:3, sy:3, sz:3, num_conditions:1
condition:13, metric:[0.33975904 0.         0.        ]
===>test image:/projects/weilab/liupeng/data/raw/ssl_seg/BTCV/Training_resampled_1.5_1.5_2.0_npy_zscore/img/img0001.npy
condition batch eval, img shape:(220, 228, 228), sx:3, sy:3, sz:3, num_conditions:2
condition:1, metric:[0.91580734 0.         0.        ]
condition:2, metric:[0.65827308 0.         0.        ]
condition batch eval, img shape:(220, 228, 228), sx:3, sy:3, sz:3, num_conditions:2
condition:3, metric:[0.73494054 0.         0.        ]
condition:4, metric:[0.10817942 0.         0.        ]
condition batch eval, img shape:(220, 228, 228), sx:3, sy:3, sz:3, num_conditions:2
condition:5, metric:[0.42440202 0.         0.        ]
condition:6, metric:[0.91849637 0.         0.        ]
condition batch eval, img shape:(220, 228, 228), sx:3, sy:3, sz:3, num_conditions:2
condition:7, metric:[0.70399317 0.         0.        ]
condition:8, metric:[0.84392615 0.         0.        ]
condition batch eval, img shape:(220, 228, 228), sx:3, sy:3, sz:3, num_conditions:2
condition:9, metric:[0.74033097 0.         0.        ]
condition:10, metric:[0.28846525 0.         0.        ]
condition batch eval, img shape:(220, 228, 228), sx:3, sy:3, sz:3, num_conditions:2
condition:11, metric:[0.37702917 0.         0.        ]
condition:12, metric:[0. 0. 0.]
condition batch eval, img shape:(220, 228, 228), sx:3, sy:3, sz:3, num_conditions:1
condition:13, metric:[0.22901679 0.         0.        ]
===>test image:/projects/weilab/liupeng/data/raw/ssl_seg/BTCV/Training_resampled_1.5_1.5_2.0_npy_zscore/img/img0029.npy
condition batch eval, img shape:(150, 299, 299), sx:2, sy:4, sz:4, num_conditions:2
condition:1, metric:[0.85032748 0.         0.        ]
condition:2, metric:[0.90939814 0.         0.        ]
condition batch eval, img shape:(150, 299, 299), sx:2, sy:4, sz:4, num_conditions:2
condition:3, metric:[0.82923709 0.         0.        ]
condition:4, metric:[0.05936599 0.         0.        ]
condition batch eval, img shape:(150, 299, 299), sx:2, sy:4, sz:4, num_conditions:2
condition:5, metric:[0.15292508 0.         0.        ]
condition:6, metric:[0.92265946 0.         0.        ]
condition batch eval, img shape:(150, 299, 299), sx:2, sy:4, sz:4, num_conditions:2
condition:7, metric:[0.34970046 0.         0.        ]
condition:8, metric:[0.89128241 0.         0.        ]
condition batch eval, img shape:(150, 299, 299), sx:2, sy:4, sz:4, num_conditions:2
condition:9, metric:[0.81630703 0.         0.        ]
condition:10, metric:[0.3043687 0.        0.       ]
condition batch eval, img shape:(150, 299, 299), sx:2, sy:4, sz:4, num_conditions:2
condition:11, metric:[0.19445099 0.         0.        ]
condition:12, metric:[0. 0. 0.]
condition batch eval, img shape:(150, 299, 299), sx:2, sy:4, sz:4, num_conditions:1
condition:13, metric:[0.01057082 0.         0.        ]
Validation end
avg metric shape: (13, 3)
iteration 19200 : model2_dice_score : 0.463829 model2_hd95 : 0.000000
save model to ../model/BTCV_5_C3PS_scalar_baseline_same_split_with_magicNet_3channels_nosemi_SGD_SGD/unet_3D_old/model_iter_19200.pth
save model2 to ../model/BTCV_5_C3PS_scalar_baseline_same_split_with_magicNet_3channels_nosemi_SGD_SGD/unet_3D_old/model2_iter_19200.pth
iteration 19220 :model1 loss : 0.138735model2 loss : 0.038768pseudo_supervision1 : 0.000000pseudo_supervision2 : 0.000000
iteration 19240 :model1 loss : 0.138822model2 loss : 0.053002pseudo_supervision1 : 0.000000pseudo_supervision2 : 0.000000
iteration 19260 :model1 loss : 0.156236model2 loss : 0.098458pseudo_supervision1 : 0.000000pseudo_supervision2 : 0.000000
iteration 19280 :model1 loss : 0.171901model2 loss : 0.082733pseudo_supervision1 : 0.000000pseudo_supervision2 : 0.000000
iteration 19300 :model1 loss : 0.257951model2 loss : 0.085705pseudo_supervision1 : 0.000000pseudo_supervision2 : 0.000000
iteration 19320 :model1 loss : 0.153436model2 loss : 0.157200pseudo_supervision1 : 0.000000pseudo_supervision2 : 0.000000
iteration 19340 :model1 loss : 0.144787model2 loss : 0.092324pseudo_supervision1 : 0.000000pseudo_supervision2 : 0.000000
iteration 19360 :model1 loss : 0.131450model2 loss : 0.065407pseudo_supervision1 : 0.000000pseudo_supervision2 : 0.000000
iteration 19380 :model1 loss : 0.119299model2 loss : 0.098718pseudo_supervision1 : 0.000000pseudo_supervision2 : 0.000000
iteration 19400 :model1 loss : 0.235511model2 loss : 0.037654pseudo_supervision1 : 0.000000pseudo_supervision2 : 0.000000
save model to ../model/BTCV_5_C3PS_scalar_baseline_same_split_with_magicNet_3channels_nosemi_SGD_SGD/unet_3D_old/model_iter_19400.pth
save model2 to ../model/BTCV_5_C3PS_scalar_baseline_same_split_with_magicNet_3channels_nosemi_SGD_SGD/unet_3D_old/model2_iter_19400.pth
iteration 19420 :model1 loss : 0.348856model2 loss : 0.072257pseudo_supervision1 : 0.000000pseudo_supervision2 : 0.000000
iteration 19440 :model1 loss : 0.180580model2 loss : 0.167938pseudo_supervision1 : 0.000000pseudo_supervision2 : 0.000000
iteration 19460 :model1 loss : 0.237995model2 loss : 0.066702pseudo_supervision1 : 0.000000pseudo_supervision2 : 0.000000
iteration 19480 :model1 loss : 0.122622model2 loss : 0.098942pseudo_supervision1 : 0.000000pseudo_supervision2 : 0.000000
iteration 19500 :model1 loss : 0.134749model2 loss : 0.047943pseudo_supervision1 : 0.000000pseudo_supervision2 : 0.000000
iteration 19520 :model1 loss : 0.141384model2 loss : 0.137959pseudo_supervision1 : 0.000000pseudo_supervision2 : 0.000000
iteration 19540 :model1 loss : 0.292009model2 loss : 0.053492pseudo_supervision1 : 0.000000pseudo_supervision2 : 0.000000
iteration 19560 :model1 loss : 0.136210model2 loss : 0.108756pseudo_supervision1 : 0.000000pseudo_supervision2 : 0.000000
iteration 19580 :model1 loss : 0.244415model2 loss : 0.065934pseudo_supervision1 : 0.000000pseudo_supervision2 : 0.000000
iteration 19600 :model1 loss : 0.160349model2 loss : 0.111723pseudo_supervision1 : 0.000000pseudo_supervision2 : 0.000000
began evaluation!
iteration 19600: validation sampled 4/12 cases
Total test images: 4
Validation begin
Validation end
avg metric shape: (13, 3)
iteration 19600 : model_dice_score : 0.563632 model_hd95 : 5.769231
began evaluation!
Total test images: 4
Validation begin
===>test image:/projects/weilab/liupeng/data/raw/ssl_seg/BTCV/Training_resampled_1.5_1.5_2.0_npy_zscore/img/img0036.npy
condition batch eval, img shape:(276, 255, 255), sx:4, sy:3, sz:3, num_conditions:2
condition:1, metric:[0.93338986 0.         0.        ]
condition:2, metric:[0.90880821 0.         0.        ]
condition batch eval, img shape:(276, 255, 255), sx:4, sy:3, sz:3, num_conditions:2
condition:3, metric:[0.9389661 0.        0.       ]
condition:4, metric:[0.43023432 0.         0.        ]
condition batch eval, img shape:(276, 255, 255), sx:4, sy:3, sz:3, num_conditions:2
condition:5, metric:[0.0836976 0.        0.       ]
condition:6, metric:[0.91968405 0.         0.        ]
condition batch eval, img shape:(276, 255, 255), sx:4, sy:3, sz:3, num_conditions:2
condition:7, metric:[0.83705232 0.         0.        ]
condition:8, metric:[0.73007371 0.         0.        ]
condition batch eval, img shape:(276, 255, 255), sx:4, sy:3, sz:3, num_conditions:2
condition:9, metric:[0.54552 0.      0.     ]
condition:10, metric:[0.1445968 0.        0.       ]
condition batch eval, img shape:(276, 255, 255), sx:4, sy:3, sz:3, num_conditions:2
condition:11, metric:[0. 0. 0.]
condition:12, metric:[0. 0. 0.]
condition batch eval, img shape:(276, 255, 255), sx:4, sy:3, sz:3, num_conditions:1
condition:13, metric:[0.02615519 0.         0.        ]
===>test image:/projects/weilab/liupeng/data/raw/ssl_seg/BTCV/Training_resampled_1.5_1.5_2.0_npy_zscore/img/img0025.npy
condition batch eval, img shape:(212, 284, 284), sx:3, sy:3, sz:3, num_conditions:2
condition:1, metric:[0.93593558 0.         0.        ]
condition:2, metric:[0.32689283 0.         0.        ]
condition batch eval, img shape:(212, 284, 284), sx:3, sy:3, sz:3, num_conditions:2
condition:3, metric:[0.19088661 0.         0.        ]
condition:4, metric:[0.81927515 0.         0.        ]
condition batch eval, img shape:(212, 284, 284), sx:3, sy:3, sz:3, num_conditions:2
condition:5, metric:[0.05133703 0.         0.        ]
condition:6, metric:[0.91832403 0.         0.        ]
condition batch eval, img shape:(212, 284, 284), sx:3, sy:3, sz:3, num_conditions:2
condition:7, metric:[0.41227393 0.         0.        ]
condition:8, metric:[0.78190559 0.         0.        ]
condition batch eval, img shape:(212, 284, 284), sx:3, sy:3, sz:3, num_conditions:2
condition:9, metric:[0.25499311 0.         0.        ]
condition:10, metric:[0. 0. 0.]
condition batch eval, img shape:(212, 284, 284), sx:3, sy:3, sz:3, num_conditions:2
condition:11, metric:[0. 0. 0.]
condition:12, metric:[0. 0. 0.]
condition batch eval, img shape:(212, 284, 284), sx:3, sy:3, sz:3, num_conditions:1
condition:13, metric:[0. 0. 0.]
===>test image:/projects/weilab/liupeng/data/raw/ssl_seg/BTCV/Training_resampled_1.5_1.5_2.0_npy_zscore/img/img0003.npy
condition batch eval, img shape:(297, 307, 307), sx:5, sy:4, sz:4, num_conditions:2
condition:1, metric:[0.82756738 0.         0.        ]
condition:2, metric:[0.70575988 0.         0.        ]
condition batch eval, img shape:(297, 307, 307), sx:5, sy:4, sz:4, num_conditions:2
condition:3, metric:[0.85376346 0.         0.        ]
condition:4, metric:[0.48991603 0.         0.        ]
condition batch eval, img shape:(297, 307, 307), sx:5, sy:4, sz:4, num_conditions:2
condition:5, metric:[0.01040015 0.         0.        ]
condition:6, metric:[0.79552824 0.         0.        ]
condition batch eval, img shape:(297, 307, 307), sx:5, sy:4, sz:4, num_conditions:2
condition:7, metric:[0.14654213 0.         0.        ]
condition:8, metric:[0.76219757 0.         0.        ]
condition batch eval, img shape:(297, 307, 307), sx:5, sy:4, sz:4, num_conditions:2
condition:9, metric:[0.58440411 0.         0.        ]
condition:10, metric:[0.03718798 0.         0.        ]
condition batch eval, img shape:(297, 307, 307), sx:5, sy:4, sz:4, num_conditions:2
condition:11, metric:[  0. 150. 150.]
condition:12, metric:[  0. 150. 150.]
condition batch eval, img shape:(297, 307, 307), sx:5, sy:4, sz:4, num_conditions:1
condition:13, metric:[  0. 150. 150.]
===>test image:/projects/weilab/liupeng/data/raw/ssl_seg/BTCV/Training_resampled_1.5_1.5_2.0_npy_zscore/img/img0022.npy
condition batch eval, img shape:(222, 262, 262), sx:3, sy:3, sz:3, num_conditions:2
condition:1, metric:[0.8092152 0.        0.       ]
condition:2, metric:[0.72032773 0.         0.        ]
condition batch eval, img shape:(222, 262, 262), sx:3, sy:3, sz:3, num_conditions:2
condition:3, metric:[0.801569 0.       0.      ]
condition:4, metric:[0.52970162 0.         0.        ]
condition batch eval, img shape:(222, 262, 262), sx:3, sy:3, sz:3, num_conditions:2
condition:5, metric:[0.00195039 0.         0.        ]
condition:6, metric:[0.91234213 0.         0.        ]
condition batch eval, img shape:(222, 262, 262), sx:3, sy:3, sz:3, num_conditions:2
condition:7, metric:[0.13349494 0.         0.        ]
condition:8, metric:[0.92656043 0.         0.        ]
condition batch eval, img shape:(222, 262, 262), sx:3, sy:3, sz:3, num_conditions:2
condition:9, metric:[0.56257343 0.         0.        ]
condition:10, metric:[0.00391819 0.         0.        ]
condition batch eval, img shape:(222, 262, 262), sx:3, sy:3, sz:3, num_conditions:2
condition:11, metric:[0.00318044 0.         0.        ]
condition:12, metric:[0. 0. 0.]
condition batch eval, img shape:(222, 262, 262), sx:3, sy:3, sz:3, num_conditions:1
condition:13, metric:[0.2289767 0.        0.       ]
Validation end
avg metric shape: (13, 3)
iteration 19600 : model2_dice_score : 0.423790 model2_hd95 : 8.653846
save model to ../model/BTCV_5_C3PS_scalar_baseline_same_split_with_magicNet_3channels_nosemi_SGD_SGD/unet_3D_old/model_iter_19600.pth
save model2 to ../model/BTCV_5_C3PS_scalar_baseline_same_split_with_magicNet_3channels_nosemi_SGD_SGD/unet_3D_old/model2_iter_19600.pth
iteration 19620 :model1 loss : 0.354283model2 loss : 0.073322pseudo_supervision1 : 0.000000pseudo_supervision2 : 0.000000
iteration 19640 :model1 loss : 0.243750model2 loss : 0.088100pseudo_supervision1 : 0.000000pseudo_supervision2 : 0.000000
iteration 19660 :model1 loss : 0.206257model2 loss : 0.036278pseudo_supervision1 : 0.000000pseudo_supervision2 : 0.000000
iteration 19680 :model1 loss : 0.330537model2 loss : 0.088909pseudo_supervision1 : 0.000000pseudo_supervision2 : 0.000000
iteration 19700 :model1 loss : 0.166525model2 loss : 0.047509pseudo_supervision1 : 0.000000pseudo_supervision2 : 0.000000
iteration 19720 :model1 loss : 0.157848model2 loss : 0.071108pseudo_supervision1 : 0.000000pseudo_supervision2 : 0.000000
iteration 19740 :model1 loss : 0.237429model2 loss : 0.116837pseudo_supervision1 : 0.000000pseudo_supervision2 : 0.000000
iteration 19760 :model1 loss : 0.318946model2 loss : 0.060687pseudo_supervision1 : 0.000000pseudo_supervision2 : 0.000000
iteration 19780 :model1 loss : 0.148511model2 loss : 0.052660pseudo_supervision1 : 0.000000pseudo_supervision2 : 0.000000
iteration 19800 :model1 loss : 0.155929model2 loss : 0.040387pseudo_supervision1 : 0.000000pseudo_supervision2 : 0.000000
save model to ../model/BTCV_5_C3PS_scalar_baseline_same_split_with_magicNet_3channels_nosemi_SGD_SGD/unet_3D_old/model_iter_19800.pth
save model2 to ../model/BTCV_5_C3PS_scalar_baseline_same_split_with_magicNet_3channels_nosemi_SGD_SGD/unet_3D_old/model2_iter_19800.pth
iteration 19820 :model1 loss : 0.143810model2 loss : 0.043203pseudo_supervision1 : 0.000000pseudo_supervision2 : 0.000000
iteration 19840 :model1 loss : 0.116579model2 loss : 0.053970pseudo_supervision1 : 0.000000pseudo_supervision2 : 0.000000
iteration 19860 :model1 loss : 0.120880model2 loss : 0.052646pseudo_supervision1 : 0.000000pseudo_supervision2 : 0.000000
iteration 19880 :model1 loss : 0.267364model2 loss : 0.043491pseudo_supervision1 : 0.000000pseudo_supervision2 : 0.000000
iteration 19900 :model1 loss : 0.132714model2 loss : 0.075568pseudo_supervision1 : 0.000000pseudo_supervision2 : 0.000000
iteration 19920 :model1 loss : 0.310590model2 loss : 0.037323pseudo_supervision1 : 0.000000pseudo_supervision2 : 0.000000
iteration 19940 :model1 loss : 0.122172model2 loss : 0.062120pseudo_supervision1 : 0.000000pseudo_supervision2 : 0.000000
iteration 19960 :model1 loss : 0.140404model2 loss : 0.044124pseudo_supervision1 : 0.000000pseudo_supervision2 : 0.000000
iteration 19980 :model1 loss : 0.117083model2 loss : 0.055020pseudo_supervision1 : 0.000000pseudo_supervision2 : 0.000000
iteration 20000 :model1 loss : 0.382572model2 loss : 0.055096pseudo_supervision1 : 0.000000pseudo_supervision2 : 0.000000
began evaluation!
iteration 20000: validation sampled 4/12 cases
Total test images: 4
Validation begin
Validation end
avg metric shape: (13, 3)
iteration 20000 : model_dice_score : 0.603452 model_hd95 : 0.000000
began evaluation!
Total test images: 4
Validation begin
===>test image:/projects/weilab/liupeng/data/raw/ssl_seg/BTCV/Training_resampled_1.5_1.5_2.0_npy_zscore/img/img0025.npy
condition batch eval, img shape:(212, 284, 284), sx:3, sy:3, sz:3, num_conditions:2
condition:1, metric:[0.92123807 0.         0.        ]
condition:2, metric:[0.48984803 0.         0.        ]
condition batch eval, img shape:(212, 284, 284), sx:3, sy:3, sz:3, num_conditions:2
condition:3, metric:[0.52376988 0.         0.        ]
condition:4, metric:[0.87289961 0.         0.        ]
condition batch eval, img shape:(212, 284, 284), sx:3, sy:3, sz:3, num_conditions:2
condition:5, metric:[0.10468237 0.         0.        ]
condition:6, metric:[0.92552196 0.         0.        ]
condition batch eval, img shape:(212, 284, 284), sx:3, sy:3, sz:3, num_conditions:2
condition:7, metric:[0.49090443 0.         0.        ]
condition:8, metric:[0.79091657 0.         0.        ]
condition batch eval, img shape:(212, 284, 284), sx:3, sy:3, sz:3, num_conditions:2
condition:9, metric:[0.17774973 0.         0.        ]
condition:10, metric:[0.10272227 0.         0.        ]
condition batch eval, img shape:(212, 284, 284), sx:3, sy:3, sz:3, num_conditions:2
condition:11, metric:[0.02943607 0.         0.        ]
condition:12, metric:[0. 0. 0.]
condition batch eval, img shape:(212, 284, 284), sx:3, sy:3, sz:3, num_conditions:1
condition:13, metric:[0.18621399 0.         0.        ]
===>test image:/projects/weilab/liupeng/data/raw/ssl_seg/BTCV/Training_resampled_1.5_1.5_2.0_npy_zscore/img/img0036.npy
condition batch eval, img shape:(276, 255, 255), sx:4, sy:3, sz:3, num_conditions:2
condition:1, metric:[0.92808693 0.         0.        ]
condition:2, metric:[0.93758878 0.         0.        ]
condition batch eval, img shape:(276, 255, 255), sx:4, sy:3, sz:3, num_conditions:2
condition:3, metric:[0.9283875 0.        0.       ]
condition:4, metric:[0.31061405 0.         0.        ]
condition batch eval, img shape:(276, 255, 255), sx:4, sy:3, sz:3, num_conditions:2
condition:5, metric:[0.32816603 0.         0.        ]
condition:6, metric:[0.93088894 0.         0.        ]
condition batch eval, img shape:(276, 255, 255), sx:4, sy:3, sz:3, num_conditions:2
condition:7, metric:[0.82043399 0.         0.        ]
condition:8, metric:[0.8190842 0.        0.       ]
condition batch eval, img shape:(276, 255, 255), sx:4, sy:3, sz:3, num_conditions:2
condition:9, metric:[0.51534015 0.         0.        ]
condition:10, metric:[0.31575295 0.         0.        ]
condition batch eval, img shape:(276, 255, 255), sx:4, sy:3, sz:3, num_conditions:2
condition:11, metric:[0.19271478 0.         0.        ]
condition:12, metric:[0. 0. 0.]
condition batch eval, img shape:(276, 255, 255), sx:4, sy:3, sz:3, num_conditions:1
condition:13, metric:[  0. 150. 150.]
===>test image:/projects/weilab/liupeng/data/raw/ssl_seg/BTCV/Training_resampled_1.5_1.5_2.0_npy_zscore/img/img0032.npy
condition batch eval, img shape:(216, 253, 253), sx:3, sy:3, sz:3, num_conditions:2
condition:1, metric:[0.88395926 0.         0.        ]
condition:2, metric:[0.90851868 0.         0.        ]
condition batch eval, img shape:(216, 253, 253), sx:3, sy:3, sz:3, num_conditions:2
condition:3, metric:[0.82883788 0.         0.        ]
condition:4, metric:[0.72296875 0.         0.        ]
condition batch eval, img shape:(216, 253, 253), sx:3, sy:3, sz:3, num_conditions:2
condition:5, metric:[0.17204811 0.         0.        ]
condition:6, metric:[0.93599409 0.         0.        ]
condition batch eval, img shape:(216, 253, 253), sx:3, sy:3, sz:3, num_conditions:2
condition:7, metric:[0.82099089 0.         0.        ]
condition:8, metric:[0.88251682 0.         0.        ]
condition batch eval, img shape:(216, 253, 253), sx:3, sy:3, sz:3, num_conditions:2
condition:9, metric:[0.46699507 0.         0.        ]
condition:10, metric:[0.15209021 0.         0.        ]
condition batch eval, img shape:(216, 253, 253), sx:3, sy:3, sz:3, num_conditions:2
condition:11, metric:[0.29712909 0.         0.        ]
condition:12, metric:[0. 0. 0.]
condition batch eval, img shape:(216, 253, 253), sx:3, sy:3, sz:3, num_conditions:1
condition:13, metric:[  0. 150. 150.]
===>test image:/projects/weilab/liupeng/data/raw/ssl_seg/BTCV/Training_resampled_1.5_1.5_2.0_npy_zscore/img/img0008.npy
condition batch eval, img shape:(222, 249, 249), sx:3, sy:3, sz:3, num_conditions:2
condition:1, metric:[0.8300814 0.        0.       ]
condition:2, metric:[0.00815343 0.         0.        ]
condition batch eval, img shape:(222, 249, 249), sx:3, sy:3, sz:3, num_conditions:2
condition:3, metric:[0. 0. 0.]
condition:4, metric:[0.76286645 0.         0.        ]
condition batch eval, img shape:(222, 249, 249), sx:3, sy:3, sz:3, num_conditions:2
condition:5, metric:[0.08896846 0.         0.        ]
condition:6, metric:[0.93366721 0.         0.        ]
condition batch eval, img shape:(222, 249, 249), sx:3, sy:3, sz:3, num_conditions:2
condition:7, metric:[0.72534073 0.         0.        ]
condition:8, metric:[0.87240327 0.         0.        ]
condition batch eval, img shape:(222, 249, 249), sx:3, sy:3, sz:3, num_conditions:2
condition:9, metric:[0.8359596 0.        0.       ]
condition:10, metric:[0.29341374 0.         0.        ]
condition batch eval, img shape:(222, 249, 249), sx:3, sy:3, sz:3, num_conditions:2
condition:11, metric:[0.09448157 0.         0.        ]
condition:12, metric:[  0. 150. 150.]
condition batch eval, img shape:(222, 249, 249), sx:3, sy:3, sz:3, num_conditions:1
condition:13, metric:[  0. 150. 150.]
Validation end
avg metric shape: (13, 3)
iteration 20000 : model2_dice_score : 0.483853 model2_hd95 : 11.538462
save model to ../model/BTCV_5_C3PS_scalar_baseline_same_split_with_magicNet_3channels_nosemi_SGD_SGD/unet_3D_old/model_iter_20000.pth
save model2 to ../model/BTCV_5_C3PS_scalar_baseline_same_split_with_magicNet_3channels_nosemi_SGD_SGD/unet_3D_old/model2_iter_20000.pth
iteration 20020 :model1 loss : 0.201402model2 loss : 0.043108pseudo_supervision1 : 0.000000pseudo_supervision2 : 0.000000
iteration 20040 :model1 loss : 0.126352model2 loss : 0.051931pseudo_supervision1 : 0.000000pseudo_supervision2 : 0.000000
iteration 20060 :model1 loss : 0.147359model2 loss : 0.034941pseudo_supervision1 : 0.000000pseudo_supervision2 : 0.000000
iteration 20080 :model1 loss : 0.139713model2 loss : 0.139999pseudo_supervision1 : 0.000000pseudo_supervision2 : 0.000000
iteration 20100 :model1 loss : 0.128579model2 loss : 0.080093pseudo_supervision1 : 0.000000pseudo_supervision2 : 0.000000
iteration 20120 :model1 loss : 0.165101model2 loss : 0.051080pseudo_supervision1 : 0.000000pseudo_supervision2 : 0.000000
iteration 20140 :model1 loss : 0.189272model2 loss : 0.047425pseudo_supervision1 : 0.000000pseudo_supervision2 : 0.000000
iteration 20160 :model1 loss : 0.109096model2 loss : 0.135559pseudo_supervision1 : 0.000000pseudo_supervision2 : 0.000000
iteration 20180 :model1 loss : 0.319223model2 loss : 0.041734pseudo_supervision1 : 0.000000pseudo_supervision2 : 0.000000
iteration 20200 :model1 loss : 0.119123model2 loss : 0.049904pseudo_supervision1 : 0.000000pseudo_supervision2 : 0.000000
save model to ../model/BTCV_5_C3PS_scalar_baseline_same_split_with_magicNet_3channels_nosemi_SGD_SGD/unet_3D_old/model_iter_20200.pth
save model2 to ../model/BTCV_5_C3PS_scalar_baseline_same_split_with_magicNet_3channels_nosemi_SGD_SGD/unet_3D_old/model2_iter_20200.pth
iteration 20220 :model1 loss : 0.400208model2 loss : 0.144768pseudo_supervision1 : 0.000000pseudo_supervision2 : 0.000000
iteration 20240 :model1 loss : 0.123392model2 loss : 0.063480pseudo_supervision1 : 0.000000pseudo_supervision2 : 0.000000
iteration 20260 :model1 loss : 0.121272model2 loss : 0.058174pseudo_supervision1 : 0.000000pseudo_supervision2 : 0.000000
iteration 20280 :model1 loss : 0.149478model2 loss : 0.058017pseudo_supervision1 : 0.000000pseudo_supervision2 : 0.000000
iteration 20300 :model1 loss : 0.326848model2 loss : 0.065885pseudo_supervision1 : 0.000000pseudo_supervision2 : 0.000000
iteration 20320 :model1 loss : 0.250250model2 loss : 0.058078pseudo_supervision1 : 0.000000pseudo_supervision2 : 0.000000
iteration 20340 :model1 loss : 0.161974model2 loss : 0.063677pseudo_supervision1 : 0.000000pseudo_supervision2 : 0.000000
iteration 20360 :model1 loss : 0.156934model2 loss : 0.070477pseudo_supervision1 : 0.000000pseudo_supervision2 : 0.000000
iteration 20380 :model1 loss : 0.156270model2 loss : 0.233792pseudo_supervision1 : 0.000000pseudo_supervision2 : 0.000000
iteration 20400 :model1 loss : 0.412980model2 loss : 0.151727pseudo_supervision1 : 0.000000pseudo_supervision2 : 0.000000
began evaluation!
iteration 20400: validation sampled 4/12 cases
Total test images: 4
Validation begin
Validation end
avg metric shape: (13, 3)
iteration 20400 : model_dice_score : 0.612529 model_hd95 : 5.769231
began evaluation!
Total test images: 4
Validation begin
===>test image:/projects/weilab/liupeng/data/raw/ssl_seg/BTCV/Training_resampled_1.5_1.5_2.0_npy_zscore/img/img0003.npy
condition batch eval, img shape:(297, 307, 307), sx:5, sy:4, sz:4, num_conditions:2
condition:1, metric:[0.75769703 0.         0.        ]
condition:2, metric:[0.84638631 0.         0.        ]
condition batch eval, img shape:(297, 307, 307), sx:5, sy:4, sz:4, num_conditions:2
condition:3, metric:[0.85557815 0.         0.        ]
condition:4, metric:[0.37577846 0.         0.        ]
condition batch eval, img shape:(297, 307, 307), sx:5, sy:4, sz:4, num_conditions:2
condition:5, metric:[0.00121065 0.         0.        ]
condition:6, metric:[0.78423232 0.         0.        ]
condition batch eval, img shape:(297, 307, 307), sx:5, sy:4, sz:4, num_conditions:2
condition:7, metric:[0.10904544 0.         0.        ]
condition:8, metric:[0.7987228 0.        0.       ]
condition batch eval, img shape:(297, 307, 307), sx:5, sy:4, sz:4, num_conditions:2
condition:9, metric:[0.70410131 0.         0.        ]
condition:10, metric:[0.02253376 0.         0.        ]
condition batch eval, img shape:(297, 307, 307), sx:5, sy:4, sz:4, num_conditions:2
condition:11, metric:[  0. 150. 150.]
condition:12, metric:[0. 0. 0.]
condition batch eval, img shape:(297, 307, 307), sx:5, sy:4, sz:4, num_conditions:1
condition:13, metric:[  0. 150. 150.]
===>test image:/projects/weilab/liupeng/data/raw/ssl_seg/BTCV/Training_resampled_1.5_1.5_2.0_npy_zscore/img/img0036.npy
condition batch eval, img shape:(276, 255, 255), sx:4, sy:3, sz:3, num_conditions:2
condition:1, metric:[0.92657956 0.         0.        ]
condition:2, metric:[0.93993753 0.         0.        ]
condition batch eval, img shape:(276, 255, 255), sx:4, sy:3, sz:3, num_conditions:2
condition:3, metric:[0.93143279 0.         0.        ]
condition:4, metric:[0.06328843 0.         0.        ]
condition batch eval, img shape:(276, 255, 255), sx:4, sy:3, sz:3, num_conditions:2
condition:5, metric:[0.5253528 0.        0.       ]
condition:6, metric:[0.87861733 0.         0.        ]
condition batch eval, img shape:(276, 255, 255), sx:4, sy:3, sz:3, num_conditions:2
condition:7, metric:[0.86239027 0.         0.        ]
condition:8, metric:[0.81904637 0.         0.        ]
condition batch eval, img shape:(276, 255, 255), sx:4, sy:3, sz:3, num_conditions:2
condition:9, metric:[0.53780734 0.         0.        ]
condition:10, metric:[0.24378954 0.         0.        ]
condition batch eval, img shape:(276, 255, 255), sx:4, sy:3, sz:3, num_conditions:2
condition:11, metric:[0.02497582 0.         0.        ]
condition:12, metric:[0. 0. 0.]
condition batch eval, img shape:(276, 255, 255), sx:4, sy:3, sz:3, num_conditions:1
condition:13, metric:[0.01607143 0.         0.        ]
===>test image:/projects/weilab/liupeng/data/raw/ssl_seg/BTCV/Training_resampled_1.5_1.5_2.0_npy_zscore/img/img0002.npy
condition batch eval, img shape:(208, 246, 246), sx:3, sy:3, sz:3, num_conditions:2
condition:1, metric:[0.8456743 0.        0.       ]
condition:2, metric:[0.9145739 0.        0.       ]
condition batch eval, img shape:(208, 246, 246), sx:3, sy:3, sz:3, num_conditions:2
condition:3, metric:[0.86860804 0.         0.        ]
condition:4, metric:[0.708264 0.       0.      ]
condition batch eval, img shape:(208, 246, 246), sx:3, sy:3, sz:3, num_conditions:2
condition:5, metric:[0.24014257 0.         0.        ]
condition:6, metric:[0.89653307 0.         0.        ]
condition batch eval, img shape:(208, 246, 246), sx:3, sy:3, sz:3, num_conditions:2
condition:7, metric:[0.82803352 0.         0.        ]
condition:8, metric:[0.86336372 0.         0.        ]
condition batch eval, img shape:(208, 246, 246), sx:3, sy:3, sz:3, num_conditions:2
condition:9, metric:[0.72107661 0.         0.        ]
condition:10, metric:[0.26619669 0.         0.        ]
condition batch eval, img shape:(208, 246, 246), sx:3, sy:3, sz:3, num_conditions:2
condition:11, metric:[0.54907687 0.         0.        ]
condition:12, metric:[0. 0. 0.]
condition batch eval, img shape:(208, 246, 246), sx:3, sy:3, sz:3, num_conditions:1
condition:13, metric:[0.08084824 0.         0.        ]
===>test image:/projects/weilab/liupeng/data/raw/ssl_seg/BTCV/Training_resampled_1.5_1.5_2.0_npy_zscore/img/img0001.npy
condition batch eval, img shape:(220, 228, 228), sx:3, sy:3, sz:3, num_conditions:2
condition:1, metric:[0.92104487 0.         0.        ]
condition:2, metric:[0.64741888 0.         0.        ]
condition batch eval, img shape:(220, 228, 228), sx:3, sy:3, sz:3, num_conditions:2
condition:3, metric:[0.81044829 0.         0.        ]
condition:4, metric:[0.00230947 0.         0.        ]
condition batch eval, img shape:(220, 228, 228), sx:3, sy:3, sz:3, num_conditions:2
condition:5, metric:[0.75231551 0.         0.        ]
condition:6, metric:[0.74115443 0.         0.        ]
condition batch eval, img shape:(220, 228, 228), sx:3, sy:3, sz:3, num_conditions:2
condition:7, metric:[0.75696015 0.         0.        ]
condition:8, metric:[0.89096923 0.         0.        ]
condition batch eval, img shape:(220, 228, 228), sx:3, sy:3, sz:3, num_conditions:2
condition:9, metric:[0.77409545 0.         0.        ]
condition:10, metric:[0.30748821 0.         0.        ]
condition batch eval, img shape:(220, 228, 228), sx:3, sy:3, sz:3, num_conditions:2
condition:11, metric:[0.17824861 0.         0.        ]
condition:12, metric:[0. 0. 0.]
condition batch eval, img shape:(220, 228, 228), sx:3, sy:3, sz:3, num_conditions:1
condition:13, metric:[0.00326264 0.         0.        ]
Validation end
avg metric shape: (13, 3)
save model to ../model/BTCV_5_C3PS_scalar_baseline_same_split_with_magicNet_3channels_nosemi_SGD_SGD/unet_3D_old/iter_20400_dice_0.5114
iteration 20400 : model2_dice_score : 0.511398 model2_hd95 : 5.769231
save model to ../model/BTCV_5_C3PS_scalar_baseline_same_split_with_magicNet_3channels_nosemi_SGD_SGD/unet_3D_old/model_iter_20400.pth
save model2 to ../model/BTCV_5_C3PS_scalar_baseline_same_split_with_magicNet_3channels_nosemi_SGD_SGD/unet_3D_old/model2_iter_20400.pth
iteration 20420 :model1 loss : 0.238634model2 loss : 0.089354pseudo_supervision1 : 0.000000pseudo_supervision2 : 0.000000
iteration 20440 :model1 loss : 0.138336model2 loss : 0.087656pseudo_supervision1 : 0.000000pseudo_supervision2 : 0.000000
iteration 20460 :model1 loss : 0.113116model2 loss : 0.060587pseudo_supervision1 : 0.000000pseudo_supervision2 : 0.000000
iteration 20480 :model1 loss : 0.245421model2 loss : 0.035239pseudo_supervision1 : 0.000000pseudo_supervision2 : 0.000000
iteration 20500 :model1 loss : 0.140134model2 loss : 0.062352pseudo_supervision1 : 0.000000pseudo_supervision2 : 0.000000
iteration 20520 :model1 loss : 0.157460model2 loss : 0.052786pseudo_supervision1 : 0.000000pseudo_supervision2 : 0.000000
iteration 20540 :model1 loss : 0.145917model2 loss : 0.069331pseudo_supervision1 : 0.000000pseudo_supervision2 : 0.000000
iteration 20560 :model1 loss : 0.467129model2 loss : 0.334997pseudo_supervision1 : 0.000000pseudo_supervision2 : 0.000000
iteration 20580 :model1 loss : 0.174682model2 loss : 0.123011pseudo_supervision1 : 0.000000pseudo_supervision2 : 0.000000
iteration 20600 :model1 loss : 0.309361model2 loss : 0.038965pseudo_supervision1 : 0.000000pseudo_supervision2 : 0.000000
save model to ../model/BTCV_5_C3PS_scalar_baseline_same_split_with_magicNet_3channels_nosemi_SGD_SGD/unet_3D_old/model_iter_20600.pth
save model2 to ../model/BTCV_5_C3PS_scalar_baseline_same_split_with_magicNet_3channels_nosemi_SGD_SGD/unet_3D_old/model2_iter_20600.pth
iteration 20620 :model1 loss : 0.434073model2 loss : 0.185652pseudo_supervision1 : 0.000000pseudo_supervision2 : 0.000000
iteration 20640 :model1 loss : 0.159354model2 loss : 0.083793pseudo_supervision1 : 0.000000pseudo_supervision2 : 0.000000
iteration 20660 :model1 loss : 0.301229model2 loss : 0.033454pseudo_supervision1 : 0.000000pseudo_supervision2 : 0.000000
iteration 20680 :model1 loss : 0.133774model2 loss : 0.040110pseudo_supervision1 : 0.000000pseudo_supervision2 : 0.000000
iteration 20700 :model1 loss : 0.192992model2 loss : 0.096255pseudo_supervision1 : 0.000000pseudo_supervision2 : 0.000000
iteration 20720 :model1 loss : 0.278827model2 loss : 0.056992pseudo_supervision1 : 0.000000pseudo_supervision2 : 0.000000
iteration 20740 :model1 loss : 0.467033model2 loss : 0.334611pseudo_supervision1 : 0.000000pseudo_supervision2 : 0.000000
iteration 20760 :model1 loss : 0.325722model2 loss : 0.035358pseudo_supervision1 : 0.000000pseudo_supervision2 : 0.000000
iteration 20780 :model1 loss : 0.158366model2 loss : 0.120799pseudo_supervision1 : 0.000000pseudo_supervision2 : 0.000000
iteration 20800 :model1 loss : 0.241119model2 loss : 0.098874pseudo_supervision1 : 0.000000pseudo_supervision2 : 0.000000
began evaluation!
iteration 20800: validation sampled 4/12 cases
Total test images: 4
Validation begin
Validation end
avg metric shape: (13, 3)
save model to ../model/BTCV_5_C3PS_scalar_baseline_same_split_with_magicNet_3channels_nosemi_SGD_SGD/unet_3D_old/iter_20800_dice_0.6773
iteration 20800 : model_dice_score : 0.677320 model_hd95 : 0.000000
began evaluation!
Total test images: 4
Validation begin
===>test image:/projects/weilab/liupeng/data/raw/ssl_seg/BTCV/Training_resampled_1.5_1.5_2.0_npy_zscore/img/img0002.npy
condition batch eval, img shape:(208, 246, 246), sx:3, sy:3, sz:3, num_conditions:2
condition:1, metric:[0.88425321 0.         0.        ]
condition:2, metric:[0.9261577 0.        0.       ]
condition batch eval, img shape:(208, 246, 246), sx:3, sy:3, sz:3, num_conditions:2
condition:3, metric:[0.911549 0.       0.      ]
condition:4, metric:[0.48402076 0.         0.        ]
condition batch eval, img shape:(208, 246, 246), sx:3, sy:3, sz:3, num_conditions:2
condition:5, metric:[0.30080738 0.         0.        ]
condition:6, metric:[0.94459122 0.         0.        ]
condition batch eval, img shape:(208, 246, 246), sx:3, sy:3, sz:3, num_conditions:2
condition:7, metric:[0.80356637 0.         0.        ]
condition:8, metric:[0.85624608 0.         0.        ]
condition batch eval, img shape:(208, 246, 246), sx:3, sy:3, sz:3, num_conditions:2
condition:9, metric:[0.71759465 0.         0.        ]
condition:10, metric:[0.27651156 0.         0.        ]
condition batch eval, img shape:(208, 246, 246), sx:3, sy:3, sz:3, num_conditions:2
condition:11, metric:[0.35366366 0.         0.        ]
condition:12, metric:[0. 0. 0.]
condition batch eval, img shape:(208, 246, 246), sx:3, sy:3, sz:3, num_conditions:1
condition:13, metric:[0.06382979 0.         0.        ]
===>test image:/projects/weilab/liupeng/data/raw/ssl_seg/BTCV/Training_resampled_1.5_1.5_2.0_npy_zscore/img/img0032.npy
condition batch eval, img shape:(216, 253, 253), sx:3, sy:3, sz:3, num_conditions:2
condition:1, metric:[0.86794802 0.         0.        ]
condition:2, metric:[0.91946319 0.         0.        ]
condition batch eval, img shape:(216, 253, 253), sx:3, sy:3, sz:3, num_conditions:2
condition:3, metric:[0.83128442 0.         0.        ]
condition:4, metric:[0.41681736 0.         0.        ]
condition batch eval, img shape:(216, 253, 253), sx:3, sy:3, sz:3, num_conditions:2
condition:5, metric:[0.29537053 0.         0.        ]
condition:6, metric:[0.91126751 0.         0.        ]
condition batch eval, img shape:(216, 253, 253), sx:3, sy:3, sz:3, num_conditions:2
condition:7, metric:[0.7630455 0.        0.       ]
condition:8, metric:[0.90207923 0.         0.        ]
condition batch eval, img shape:(216, 253, 253), sx:3, sy:3, sz:3, num_conditions:2
condition:9, metric:[0.71507453 0.         0.        ]
condition:10, metric:[0.15884421 0.         0.        ]
condition batch eval, img shape:(216, 253, 253), sx:3, sy:3, sz:3, num_conditions:2
condition:11, metric:[0.19845977 0.         0.        ]
condition:12, metric:[0. 0. 0.]
condition batch eval, img shape:(216, 253, 253), sx:3, sy:3, sz:3, num_conditions:1
condition:13, metric:[  0. 150. 150.]
===>test image:/projects/weilab/liupeng/data/raw/ssl_seg/BTCV/Training_resampled_1.5_1.5_2.0_npy_zscore/img/img0004.npy
condition batch eval, img shape:(210, 203, 203), sx:3, sy:2, sz:2, num_conditions:2
condition:1, metric:[0.88093466 0.         0.        ]
condition:2, metric:[0.68471296 0.         0.        ]
condition batch eval, img shape:(210, 203, 203), sx:3, sy:2, sz:2, num_conditions:2
condition:3, metric:[0.87364408 0.         0.        ]
condition:4, metric:[0. 0. 0.]
condition batch eval, img shape:(210, 203, 203), sx:3, sy:2, sz:2, num_conditions:2
condition:5, metric:[0.46251053 0.         0.        ]
condition:6, metric:[0.92070642 0.         0.        ]
condition batch eval, img shape:(210, 203, 203), sx:3, sy:2, sz:2, num_conditions:2
condition:7, metric:[0.36637931 0.         0.        ]
condition:8, metric:[0.7767189 0.        0.       ]
condition batch eval, img shape:(210, 203, 203), sx:3, sy:2, sz:2, num_conditions:2
condition:9, metric:[0.63142597 0.         0.        ]
condition:10, metric:[0.15720292 0.         0.        ]
condition batch eval, img shape:(210, 203, 203), sx:3, sy:2, sz:2, num_conditions:2
condition:11, metric:[0.01433318 0.         0.        ]
condition:12, metric:[0. 0. 0.]
condition batch eval, img shape:(210, 203, 203), sx:3, sy:2, sz:2, num_conditions:1
condition:13, metric:[0. 0. 0.]
===>test image:/projects/weilab/liupeng/data/raw/ssl_seg/BTCV/Training_resampled_1.5_1.5_2.0_npy_zscore/img/img0022.npy
condition batch eval, img shape:(222, 262, 262), sx:3, sy:3, sz:3, num_conditions:2
condition:1, metric:[0.81996401 0.         0.        ]
condition:2, metric:[0.91707139 0.         0.        ]
condition batch eval, img shape:(222, 262, 262), sx:3, sy:3, sz:3, num_conditions:2
condition:3, metric:[0.88479009 0.         0.        ]
condition:4, metric:[0.13100987 0.         0.        ]
condition batch eval, img shape:(222, 262, 262), sx:3, sy:3, sz:3, num_conditions:2
condition:5, metric:[0.48666339 0.         0.        ]
condition:6, metric:[0.92020804 0.         0.        ]
condition batch eval, img shape:(222, 262, 262), sx:3, sy:3, sz:3, num_conditions:2
condition:7, metric:[0.23636712 0.         0.        ]
condition:8, metric:[0.93191223 0.         0.        ]
condition batch eval, img shape:(222, 262, 262), sx:3, sy:3, sz:3, num_conditions:2
condition:9, metric:[0.80125847 0.         0.        ]
condition:10, metric:[0.28497825 0.         0.        ]
condition batch eval, img shape:(222, 262, 262), sx:3, sy:3, sz:3, num_conditions:2
condition:11, metric:[0.13652098 0.         0.        ]
condition:12, metric:[0. 0. 0.]
condition batch eval, img shape:(222, 262, 262), sx:3, sy:3, sz:3, num_conditions:1
condition:13, metric:[0.18518519 0.         0.        ]
Validation end
avg metric shape: (13, 3)
save model to ../model/BTCV_5_C3PS_scalar_baseline_same_split_with_magicNet_3channels_nosemi_SGD_SGD/unet_3D_old/iter_20800_dice_0.5194
iteration 20800 : model2_dice_score : 0.519364 model2_hd95 : 2.884615
save model to ../model/BTCV_5_C3PS_scalar_baseline_same_split_with_magicNet_3channels_nosemi_SGD_SGD/unet_3D_old/model_iter_20800.pth
save model2 to ../model/BTCV_5_C3PS_scalar_baseline_same_split_with_magicNet_3channels_nosemi_SGD_SGD/unet_3D_old/model2_iter_20800.pth
iteration 20820 :model1 loss : 0.182158model2 loss : 0.069054pseudo_supervision1 : 0.000000pseudo_supervision2 : 0.000000
iteration 20840 :model1 loss : 0.162373model2 loss : 0.046463pseudo_supervision1 : 0.000000pseudo_supervision2 : 0.000000
iteration 20860 :model1 loss : 0.262362model2 loss : 0.063203pseudo_supervision1 : 0.000000pseudo_supervision2 : 0.000000
iteration 20880 :model1 loss : 0.146037model2 loss : 0.140138pseudo_supervision1 : 0.000000pseudo_supervision2 : 0.000000
iteration 20900 :model1 loss : 0.112236model2 loss : 0.069488pseudo_supervision1 : 0.000000pseudo_supervision2 : 0.000000
iteration 20920 :model1 loss : 0.259712model2 loss : 0.035747pseudo_supervision1 : 0.000000pseudo_supervision2 : 0.000000
iteration 20940 :model1 loss : 0.164015model2 loss : 0.065961pseudo_supervision1 : 0.000000pseudo_supervision2 : 0.000000
iteration 20960 :model1 loss : 0.204802model2 loss : 0.055382pseudo_supervision1 : 0.000000pseudo_supervision2 : 0.000000
iteration 20980 :model1 loss : 0.201534model2 loss : 0.150974pseudo_supervision1 : 0.000000pseudo_supervision2 : 0.000000
iteration 21000 :model1 loss : 0.138957model2 loss : 0.061895pseudo_supervision1 : 0.000000pseudo_supervision2 : 0.000000
save model to ../model/BTCV_5_C3PS_scalar_baseline_same_split_with_magicNet_3channels_nosemi_SGD_SGD/unet_3D_old/model_iter_21000.pth
save model2 to ../model/BTCV_5_C3PS_scalar_baseline_same_split_with_magicNet_3channels_nosemi_SGD_SGD/unet_3D_old/model2_iter_21000.pth
iteration 21020 :model1 loss : 0.140696model2 loss : 0.036849pseudo_supervision1 : 0.000000pseudo_supervision2 : 0.000000
iteration 21040 :model1 loss : 0.166752model2 loss : 0.064996pseudo_supervision1 : 0.000000pseudo_supervision2 : 0.000000
iteration 21060 :model1 loss : 0.217267model2 loss : 0.104412pseudo_supervision1 : 0.000000pseudo_supervision2 : 0.000000
iteration 21080 :model1 loss : 0.296532model2 loss : 0.040372pseudo_supervision1 : 0.000000pseudo_supervision2 : 0.000000
iteration 21100 :model1 loss : 0.321749model2 loss : 0.037327pseudo_supervision1 : 0.000000pseudo_supervision2 : 0.000000
iteration 21120 :model1 loss : 0.157576model2 loss : 0.120504pseudo_supervision1 : 0.000000pseudo_supervision2 : 0.000000
iteration 21140 :model1 loss : 0.136730model2 loss : 0.188123pseudo_supervision1 : 0.000000pseudo_supervision2 : 0.000000
iteration 21160 :model1 loss : 0.113242model2 loss : 0.086341pseudo_supervision1 : 0.000000pseudo_supervision2 : 0.000000
iteration 21180 :model1 loss : 0.260184model2 loss : 0.072396pseudo_supervision1 : 0.000000pseudo_supervision2 : 0.000000
iteration 21200 :model1 loss : 0.158724model2 loss : 0.123416pseudo_supervision1 : 0.000000pseudo_supervision2 : 0.000000
began evaluation!
iteration 21200: validation sampled 4/12 cases
Total test images: 4
Validation begin
Validation end
avg metric shape: (13, 3)
iteration 21200 : model_dice_score : 0.608678 model_hd95 : 2.884615
began evaluation!
Total test images: 4
Validation begin
===>test image:/projects/weilab/liupeng/data/raw/ssl_seg/BTCV/Training_resampled_1.5_1.5_2.0_npy_zscore/img/img0025.npy
condition batch eval, img shape:(212, 284, 284), sx:3, sy:3, sz:3, num_conditions:2
condition:1, metric:[0.92746285 0.         0.        ]
condition:2, metric:[0.44504166 0.         0.        ]
condition batch eval, img shape:(212, 284, 284), sx:3, sy:3, sz:3, num_conditions:2
condition:3, metric:[0.59785246 0.         0.        ]
condition:4, metric:[0.64302364 0.         0.        ]
condition batch eval, img shape:(212, 284, 284), sx:3, sy:3, sz:3, num_conditions:2
condition:5, metric:[0.0084196 0.        0.       ]
condition:6, metric:[0.93288426 0.         0.        ]
condition batch eval, img shape:(212, 284, 284), sx:3, sy:3, sz:3, num_conditions:2
condition:7, metric:[0.67752252 0.         0.        ]
condition:8, metric:[0.74012756 0.         0.        ]
condition batch eval, img shape:(212, 284, 284), sx:3, sy:3, sz:3, num_conditions:2
condition:9, metric:[0.3269206 0.        0.       ]
condition:10, metric:[0.11184211 0.         0.        ]
condition batch eval, img shape:(212, 284, 284), sx:3, sy:3, sz:3, num_conditions:2
condition:11, metric:[0.33011217 0.         0.        ]
condition:12, metric:[0. 0. 0.]
condition batch eval, img shape:(212, 284, 284), sx:3, sy:3, sz:3, num_conditions:1
condition:13, metric:[0.49896194 0.         0.        ]
===>test image:/projects/weilab/liupeng/data/raw/ssl_seg/BTCV/Training_resampled_1.5_1.5_2.0_npy_zscore/img/img0035.npy
condition batch eval, img shape:(235, 314, 314), sx:4, sy:4, sz:4, num_conditions:2
condition:1, metric:[0.88840256 0.         0.        ]
condition:2, metric:[0.82479013 0.         0.        ]
condition batch eval, img shape:(235, 314, 314), sx:4, sy:4, sz:4, num_conditions:2
condition:3, metric:[0.90124366 0.         0.        ]
condition:4, metric:[  0. 150. 150.]
condition batch eval, img shape:(235, 314, 314), sx:4, sy:4, sz:4, num_conditions:2
condition:5, metric:[0.07248545 0.         0.        ]
condition:6, metric:[0.90968613 0.         0.        ]
condition batch eval, img shape:(235, 314, 314), sx:4, sy:4, sz:4, num_conditions:2
condition:7, metric:[0.68261423 0.         0.        ]
condition:8, metric:[0.90246457 0.         0.        ]
condition batch eval, img shape:(235, 314, 314), sx:4, sy:4, sz:4, num_conditions:2
condition:9, metric:[0.85206368 0.         0.        ]
condition:10, metric:[0.30568193 0.         0.        ]
condition batch eval, img shape:(235, 314, 314), sx:4, sy:4, sz:4, num_conditions:2
condition:11, metric:[0.5696066 0.        0.       ]
condition:12, metric:[0. 0. 0.]
condition batch eval, img shape:(235, 314, 314), sx:4, sy:4, sz:4, num_conditions:1
condition:13, metric:[0.52195734 0.         0.        ]
===>test image:/projects/weilab/liupeng/data/raw/ssl_seg/BTCV/Training_resampled_1.5_1.5_2.0_npy_zscore/img/img0038.npy
condition batch eval, img shape:(250, 333, 333), sx:4, sy:4, sz:4, num_conditions:2
condition:1, metric:[0.8063667 0.        0.       ]
condition:2, metric:[0.64236364 0.         0.        ]
condition batch eval, img shape:(250, 333, 333), sx:4, sy:4, sz:4, num_conditions:2
condition:3, metric:[0.86616292 0.         0.        ]
condition:4, metric:[0. 0. 0.]
condition batch eval, img shape:(250, 333, 333), sx:4, sy:4, sz:4, num_conditions:2
condition:5, metric:[0.01205909 0.         0.        ]
condition:6, metric:[0.83960919 0.         0.        ]
condition batch eval, img shape:(250, 333, 333), sx:4, sy:4, sz:4, num_conditions:2
condition:7, metric:[0.32319483 0.         0.        ]
condition:8, metric:[0.81089253 0.         0.        ]
condition batch eval, img shape:(250, 333, 333), sx:4, sy:4, sz:4, num_conditions:2
condition:9, metric:[0.39309711 0.         0.        ]
condition:10, metric:[0.21871065 0.         0.        ]
condition batch eval, img shape:(250, 333, 333), sx:4, sy:4, sz:4, num_conditions:2
condition:11, metric:[0.57497227 0.         0.        ]
condition:12, metric:[0. 0. 0.]
condition batch eval, img shape:(250, 333, 333), sx:4, sy:4, sz:4, num_conditions:1
condition:13, metric:[0.37822045 0.         0.        ]
===>test image:/projects/weilab/liupeng/data/raw/ssl_seg/BTCV/Training_resampled_1.5_1.5_2.0_npy_zscore/img/img0001.npy
condition batch eval, img shape:(220, 228, 228), sx:3, sy:3, sz:3, num_conditions:2
condition:1, metric:[0.93128904 0.         0.        ]
condition:2, metric:[0.64180108 0.         0.        ]
condition batch eval, img shape:(220, 228, 228), sx:3, sy:3, sz:3, num_conditions:2
condition:3, metric:[0.83442203 0.         0.        ]
condition:4, metric:[0.04272802 0.         0.        ]
condition batch eval, img shape:(220, 228, 228), sx:3, sy:3, sz:3, num_conditions:2
condition:5, metric:[0.47207321 0.         0.        ]
condition:6, metric:[0.89921888 0.         0.        ]
condition batch eval, img shape:(220, 228, 228), sx:3, sy:3, sz:3, num_conditions:2
condition:7, metric:[0.70328828 0.         0.        ]
condition:8, metric:[0.87011734 0.         0.        ]
condition batch eval, img shape:(220, 228, 228), sx:3, sy:3, sz:3, num_conditions:2
condition:9, metric:[0.79344181 0.         0.        ]
condition:10, metric:[0.3384785 0.        0.       ]
condition batch eval, img shape:(220, 228, 228), sx:3, sy:3, sz:3, num_conditions:2
condition:11, metric:[0.48693236 0.         0.        ]
condition:12, metric:[0. 0. 0.]
condition batch eval, img shape:(220, 228, 228), sx:3, sy:3, sz:3, num_conditions:1
condition:13, metric:[0.21337976 0.         0.        ]
Validation end
avg metric shape: (13, 3)
iteration 21200 : model2_dice_score : 0.514692 model2_hd95 : 2.884615
save model to ../model/BTCV_5_C3PS_scalar_baseline_same_split_with_magicNet_3channels_nosemi_SGD_SGD/unet_3D_old/model_iter_21200.pth
save model2 to ../model/BTCV_5_C3PS_scalar_baseline_same_split_with_magicNet_3channels_nosemi_SGD_SGD/unet_3D_old/model2_iter_21200.pth
iteration 21220 :model1 loss : 0.156535model2 loss : 0.093761pseudo_supervision1 : 0.000000pseudo_supervision2 : 0.000000
iteration 21240 :model1 loss : 0.143342model2 loss : 0.100127pseudo_supervision1 : 0.000000pseudo_supervision2 : 0.000000
iteration 21260 :model1 loss : 0.151979model2 loss : 0.060641pseudo_supervision1 : 0.000000pseudo_supervision2 : 0.000000
iteration 21280 :model1 loss : 0.225986model2 loss : 0.071694pseudo_supervision1 : 0.000000pseudo_supervision2 : 0.000000
iteration 21300 :model1 loss : 0.291249model2 loss : 0.035900pseudo_supervision1 : 0.000000pseudo_supervision2 : 0.000000
iteration 21320 :model1 loss : 0.120031model2 loss : 0.053175pseudo_supervision1 : 0.000000pseudo_supervision2 : 0.000000
iteration 21340 :model1 loss : 0.115428model2 loss : 0.054381pseudo_supervision1 : 0.000000pseudo_supervision2 : 0.000000
iteration 21360 :model1 loss : 0.136219model2 loss : 0.044873pseudo_supervision1 : 0.000000pseudo_supervision2 : 0.000000
iteration 21380 :model1 loss : 0.225576model2 loss : 0.030726pseudo_supervision1 : 0.000000pseudo_supervision2 : 0.000000
iteration 21400 :model1 loss : 0.158271model2 loss : 0.197889pseudo_supervision1 : 0.000000pseudo_supervision2 : 0.000000
save model to ../model/BTCV_5_C3PS_scalar_baseline_same_split_with_magicNet_3channels_nosemi_SGD_SGD/unet_3D_old/model_iter_21400.pth
save model2 to ../model/BTCV_5_C3PS_scalar_baseline_same_split_with_magicNet_3channels_nosemi_SGD_SGD/unet_3D_old/model2_iter_21400.pth
iteration 21420 :model1 loss : 0.113076model2 loss : 0.066119pseudo_supervision1 : 0.000000pseudo_supervision2 : 0.000000
iteration 21440 :model1 loss : 0.167357model2 loss : 0.054552pseudo_supervision1 : 0.000000pseudo_supervision2 : 0.000000
iteration 21460 :model1 loss : 0.124963model2 loss : 0.069229pseudo_supervision1 : 0.000000pseudo_supervision2 : 0.000000
iteration 21480 :model1 loss : 0.119107model2 loss : 0.055960pseudo_supervision1 : 0.000000pseudo_supervision2 : 0.000000
iteration 21500 :model1 loss : 0.135431model2 loss : 0.117233pseudo_supervision1 : 0.000000pseudo_supervision2 : 0.000000
iteration 21520 :model1 loss : 0.321663model2 loss : 0.050122pseudo_supervision1 : 0.000000pseudo_supervision2 : 0.000000
iteration 21540 :model1 loss : 0.124182model2 loss : 0.049888pseudo_supervision1 : 0.000000pseudo_supervision2 : 0.000000
iteration 21560 :model1 loss : 0.128118model2 loss : 0.078216pseudo_supervision1 : 0.000000pseudo_supervision2 : 0.000000
iteration 21580 :model1 loss : 0.158839model2 loss : 0.092385pseudo_supervision1 : 0.000000pseudo_supervision2 : 0.000000
iteration 21600 :model1 loss : 0.142519model2 loss : 0.188455pseudo_supervision1 : 0.000000pseudo_supervision2 : 0.000000
began evaluation!
iteration 21600: validation sampled 4/12 cases
Total test images: 4
Validation begin
Validation end
avg metric shape: (13, 3)
iteration 21600 : model_dice_score : 0.628451 model_hd95 : 0.000000
began evaluation!
Total test images: 4
Validation begin
===>test image:/projects/weilab/liupeng/data/raw/ssl_seg/BTCV/Training_resampled_1.5_1.5_2.0_npy_zscore/img/img0004.npy
condition batch eval, img shape:(210, 203, 203), sx:3, sy:2, sz:2, num_conditions:2
condition:1, metric:[0.81027298 0.         0.        ]
condition:2, metric:[0.69735655 0.         0.        ]
condition batch eval, img shape:(210, 203, 203), sx:3, sy:2, sz:2, num_conditions:2
condition:3, metric:[0.88885557 0.         0.        ]
condition:4, metric:[0.33685801 0.         0.        ]
condition batch eval, img shape:(210, 203, 203), sx:3, sy:2, sz:2, num_conditions:2
condition:5, metric:[0.32881556 0.         0.        ]
condition:6, metric:[0.93214092 0.         0.        ]
condition batch eval, img shape:(210, 203, 203), sx:3, sy:2, sz:2, num_conditions:2
condition:7, metric:[0.57657146 0.         0.        ]
condition:8, metric:[0.82421336 0.         0.        ]
condition batch eval, img shape:(210, 203, 203), sx:3, sy:2, sz:2, num_conditions:2
condition:9, metric:[0.7501836 0.        0.       ]
condition:10, metric:[0.24764406 0.         0.        ]
condition batch eval, img shape:(210, 203, 203), sx:3, sy:2, sz:2, num_conditions:2
condition:11, metric:[0.46909076 0.         0.        ]
condition:12, metric:[0. 0. 0.]
condition batch eval, img shape:(210, 203, 203), sx:3, sy:2, sz:2, num_conditions:1
condition:13, metric:[0.17473118 0.         0.        ]
===>test image:/projects/weilab/liupeng/data/raw/ssl_seg/BTCV/Training_resampled_1.5_1.5_2.0_npy_zscore/img/img0025.npy
condition batch eval, img shape:(212, 284, 284), sx:3, sy:3, sz:3, num_conditions:2
condition:1, metric:[0.92167491 0.         0.        ]
condition:2, metric:[0.36129032 0.         0.        ]
condition batch eval, img shape:(212, 284, 284), sx:3, sy:3, sz:3, num_conditions:2
condition:3, metric:[0.54208712 0.         0.        ]
condition:4, metric:[0.78498796 0.         0.        ]
condition batch eval, img shape:(212, 284, 284), sx:3, sy:3, sz:3, num_conditions:2
condition:5, metric:[0.03114525 0.         0.        ]
condition:6, metric:[0.94119934 0.         0.        ]
condition batch eval, img shape:(212, 284, 284), sx:3, sy:3, sz:3, num_conditions:2
condition:7, metric:[0.65045201 0.         0.        ]
condition:8, metric:[0.80653565 0.         0.        ]
condition batch eval, img shape:(212, 284, 284), sx:3, sy:3, sz:3, num_conditions:2
condition:9, metric:[0.37049153 0.         0.        ]
condition:10, metric:[0.10066544 0.         0.        ]
condition batch eval, img shape:(212, 284, 284), sx:3, sy:3, sz:3, num_conditions:2
condition:11, metric:[0. 0. 0.]
condition:12, metric:[0. 0. 0.]
condition batch eval, img shape:(212, 284, 284), sx:3, sy:3, sz:3, num_conditions:1
condition:13, metric:[0.15962925 0.         0.        ]
===>test image:/projects/weilab/liupeng/data/raw/ssl_seg/BTCV/Training_resampled_1.5_1.5_2.0_npy_zscore/img/img0008.npy
condition batch eval, img shape:(222, 249, 249), sx:3, sy:3, sz:3, num_conditions:2
condition:1, metric:[0.79819273 0.         0.        ]
condition:2, metric:[0.00924482 0.         0.        ]
condition batch eval, img shape:(222, 249, 249), sx:3, sy:3, sz:3, num_conditions:2
condition:3, metric:[0.01079784 0.         0.        ]
condition:4, metric:[0.7897535 0.        0.       ]
condition batch eval, img shape:(222, 249, 249), sx:3, sy:3, sz:3, num_conditions:2
condition:5, metric:[0.14124206 0.         0.        ]
condition:6, metric:[0.93626812 0.         0.        ]
condition batch eval, img shape:(222, 249, 249), sx:3, sy:3, sz:3, num_conditions:2
condition:7, metric:[0.6802982 0.        0.       ]
condition:8, metric:[0.85001402 0.         0.        ]
condition batch eval, img shape:(222, 249, 249), sx:3, sy:3, sz:3, num_conditions:2
condition:9, metric:[0.86978675 0.         0.        ]
condition:10, metric:[0.4105868 0.        0.       ]
condition batch eval, img shape:(222, 249, 249), sx:3, sy:3, sz:3, num_conditions:2
condition:11, metric:[0.33765732 0.         0.        ]
condition:12, metric:[0. 0. 0.]
condition batch eval, img shape:(222, 249, 249), sx:3, sy:3, sz:3, num_conditions:1
condition:13, metric:[0.44444444 0.         0.        ]
===>test image:/projects/weilab/liupeng/data/raw/ssl_seg/BTCV/Training_resampled_1.5_1.5_2.0_npy_zscore/img/img0001.npy
condition batch eval, img shape:(220, 228, 228), sx:3, sy:3, sz:3, num_conditions:2
condition:1, metric:[0.92136559 0.         0.        ]
condition:2, metric:[0.65945056 0.         0.        ]
condition batch eval, img shape:(220, 228, 228), sx:3, sy:3, sz:3, num_conditions:2
condition:3, metric:[0.82217486 0.         0.        ]
condition:4, metric:[0.13978209 0.         0.        ]
condition batch eval, img shape:(220, 228, 228), sx:3, sy:3, sz:3, num_conditions:2
condition:5, metric:[0.54229364 0.         0.        ]
condition:6, metric:[0.9323734 0.        0.       ]
condition batch eval, img shape:(220, 228, 228), sx:3, sy:3, sz:3, num_conditions:2
condition:7, metric:[0.7894443 0.        0.       ]
condition:8, metric:[0.89418989 0.         0.        ]
condition batch eval, img shape:(220, 228, 228), sx:3, sy:3, sz:3, num_conditions:2
condition:9, metric:[0.75023127 0.         0.        ]
condition:10, metric:[0.48610884 0.         0.        ]
condition batch eval, img shape:(220, 228, 228), sx:3, sy:3, sz:3, num_conditions:2
condition:11, metric:[0.32346227 0.         0.        ]
condition:12, metric:[0. 0. 0.]
condition batch eval, img shape:(220, 228, 228), sx:3, sy:3, sz:3, num_conditions:1
condition:13, metric:[0.00326264 0.         0.        ]
Validation end
avg metric shape: (13, 3)
iteration 21600 : model2_dice_score : 0.504795 model2_hd95 : 0.000000
save model to ../model/BTCV_5_C3PS_scalar_baseline_same_split_with_magicNet_3channels_nosemi_SGD_SGD/unet_3D_old/model_iter_21600.pth
save model2 to ../model/BTCV_5_C3PS_scalar_baseline_same_split_with_magicNet_3channels_nosemi_SGD_SGD/unet_3D_old/model2_iter_21600.pth
iteration 21620 :model1 loss : 0.139481model2 loss : 0.063843pseudo_supervision1 : 0.000000pseudo_supervision2 : 0.000000
iteration 21640 :model1 loss : 0.418514model2 loss : 0.111711pseudo_supervision1 : 0.000000pseudo_supervision2 : 0.000000
iteration 21660 :model1 loss : 0.141303model2 loss : 0.066783pseudo_supervision1 : 0.000000pseudo_supervision2 : 0.000000
iteration 21680 :model1 loss : 0.144856model2 loss : 0.070125pseudo_supervision1 : 0.000000pseudo_supervision2 : 0.000000
iteration 21700 :model1 loss : 0.177342model2 loss : 0.056051pseudo_supervision1 : 0.000000pseudo_supervision2 : 0.000000
iteration 21720 :model1 loss : 0.261302model2 loss : 0.056792pseudo_supervision1 : 0.000000pseudo_supervision2 : 0.000000
iteration 21740 :model1 loss : 0.437682model2 loss : 0.195016pseudo_supervision1 : 0.000000pseudo_supervision2 : 0.000000
iteration 21760 :model1 loss : 0.144769model2 loss : 0.047594pseudo_supervision1 : 0.000000pseudo_supervision2 : 0.000000
iteration 21780 :model1 loss : 0.175067model2 loss : 0.128546pseudo_supervision1 : 0.000000pseudo_supervision2 : 0.000000
iteration 21800 :model1 loss : 0.117042model2 loss : 0.057244pseudo_supervision1 : 0.000000pseudo_supervision2 : 0.000000
save model to ../model/BTCV_5_C3PS_scalar_baseline_same_split_with_magicNet_3channels_nosemi_SGD_SGD/unet_3D_old/model_iter_21800.pth
save model2 to ../model/BTCV_5_C3PS_scalar_baseline_same_split_with_magicNet_3channels_nosemi_SGD_SGD/unet_3D_old/model2_iter_21800.pth
iteration 21820 :model1 loss : 0.148492model2 loss : 0.210701pseudo_supervision1 : 0.000000pseudo_supervision2 : 0.000000
iteration 21840 :model1 loss : 0.185632model2 loss : 0.068958pseudo_supervision1 : 0.000000pseudo_supervision2 : 0.000000
iteration 21860 :model1 loss : 0.156397model2 loss : 0.063182pseudo_supervision1 : 0.000000pseudo_supervision2 : 0.000000
iteration 21880 :model1 loss : 0.175386model2 loss : 0.045400pseudo_supervision1 : 0.000000pseudo_supervision2 : 0.000000
iteration 21900 :model1 loss : 0.118091model2 loss : 0.075008pseudo_supervision1 : 0.000000pseudo_supervision2 : 0.000000
iteration 21920 :model1 loss : 0.143162model2 loss : 0.101927pseudo_supervision1 : 0.000000pseudo_supervision2 : 0.000000
iteration 21940 :model1 loss : 0.289247model2 loss : 0.031005pseudo_supervision1 : 0.000000pseudo_supervision2 : 0.000000
iteration 21960 :model1 loss : 0.409736model2 loss : 0.088406pseudo_supervision1 : 0.000000pseudo_supervision2 : 0.000000
iteration 21980 :model1 loss : 0.138000model2 loss : 0.141850pseudo_supervision1 : 0.000000pseudo_supervision2 : 0.000000
iteration 22000 :model1 loss : 0.139929model2 loss : 0.109465pseudo_supervision1 : 0.000000pseudo_supervision2 : 0.000000
began evaluation!
iteration 22000: validation sampled 4/12 cases
Total test images: 4
Validation begin
Validation end
avg metric shape: (13, 3)
iteration 22000 : model_dice_score : 0.560872 model_hd95 : 5.769231
began evaluation!
Total test images: 4
Validation begin
===>test image:/projects/weilab/liupeng/data/raw/ssl_seg/BTCV/Training_resampled_1.5_1.5_2.0_npy_zscore/img/img0003.npy
condition batch eval, img shape:(297, 307, 307), sx:5, sy:4, sz:4, num_conditions:2
condition:1, metric:[0.84861512 0.         0.        ]
condition:2, metric:[0.7422391 0.        0.       ]
condition batch eval, img shape:(297, 307, 307), sx:5, sy:4, sz:4, num_conditions:2
condition:3, metric:[0.85287612 0.         0.        ]
condition:4, metric:[0.27453189 0.         0.        ]
condition batch eval, img shape:(297, 307, 307), sx:5, sy:4, sz:4, num_conditions:2
condition:5, metric:[0.01185453 0.         0.        ]
condition:6, metric:[0.72929045 0.         0.        ]
condition batch eval, img shape:(297, 307, 307), sx:5, sy:4, sz:4, num_conditions:2
condition:7, metric:[0.03220434 0.         0.        ]
condition:8, metric:[0.79984055 0.         0.        ]
condition batch eval, img shape:(297, 307, 307), sx:5, sy:4, sz:4, num_conditions:2
condition:9, metric:[0.60401756 0.         0.        ]
condition:10, metric:[0.04829514 0.         0.        ]
condition batch eval, img shape:(297, 307, 307), sx:5, sy:4, sz:4, num_conditions:2
condition:11, metric:[0. 0. 0.]
condition:12, metric:[  0. 150. 150.]
condition batch eval, img shape:(297, 307, 307), sx:5, sy:4, sz:4, num_conditions:1
condition:13, metric:[  0. 150. 150.]
===>test image:/projects/weilab/liupeng/data/raw/ssl_seg/BTCV/Training_resampled_1.5_1.5_2.0_npy_zscore/img/img0032.npy
condition batch eval, img shape:(216, 253, 253), sx:3, sy:3, sz:3, num_conditions:2
condition:1, metric:[0.87677966 0.         0.        ]
condition:2, metric:[0.90741865 0.         0.        ]
condition batch eval, img shape:(216, 253, 253), sx:3, sy:3, sz:3, num_conditions:2
condition:3, metric:[0.85522307 0.         0.        ]
condition:4, metric:[0.7509808 0.        0.       ]
condition batch eval, img shape:(216, 253, 253), sx:3, sy:3, sz:3, num_conditions:2
condition:5, metric:[0.17002907 0.         0.        ]
condition:6, metric:[0.91929649 0.         0.        ]
condition batch eval, img shape:(216, 253, 253), sx:3, sy:3, sz:3, num_conditions:2
condition:7, metric:[0.62295302 0.         0.        ]
condition:8, metric:[0.90741366 0.         0.        ]
condition batch eval, img shape:(216, 253, 253), sx:3, sy:3, sz:3, num_conditions:2
condition:9, metric:[0.52409535 0.         0.        ]
condition:10, metric:[0.00771476 0.         0.        ]
condition batch eval, img shape:(216, 253, 253), sx:3, sy:3, sz:3, num_conditions:2
condition:11, metric:[0.27050305 0.         0.        ]
condition:12, metric:[0. 0. 0.]
condition batch eval, img shape:(216, 253, 253), sx:3, sy:3, sz:3, num_conditions:1
condition:13, metric:[0. 0. 0.]
===>test image:/projects/weilab/liupeng/data/raw/ssl_seg/BTCV/Training_resampled_1.5_1.5_2.0_npy_zscore/img/img0008.npy
condition batch eval, img shape:(222, 249, 249), sx:3, sy:3, sz:3, num_conditions:2
condition:1, metric:[0.77467709 0.         0.        ]
condition:2, metric:[0.03390317 0.         0.        ]
condition batch eval, img shape:(222, 249, 249), sx:3, sy:3, sz:3, num_conditions:2
condition:3, metric:[0. 0. 0.]
condition:4, metric:[0.62338157 0.         0.        ]
condition batch eval, img shape:(222, 249, 249), sx:3, sy:3, sz:3, num_conditions:2
condition:5, metric:[0.21541552 0.         0.        ]
condition:6, metric:[0.92970878 0.         0.        ]
condition batch eval, img shape:(222, 249, 249), sx:3, sy:3, sz:3, num_conditions:2
condition:7, metric:[0.56882646 0.         0.        ]
condition:8, metric:[0.86406901 0.         0.        ]
condition batch eval, img shape:(222, 249, 249), sx:3, sy:3, sz:3, num_conditions:2
condition:9, metric:[0.87798884 0.         0.        ]
condition:10, metric:[0.17421272 0.         0.        ]
condition batch eval, img shape:(222, 249, 249), sx:3, sy:3, sz:3, num_conditions:2
condition:11, metric:[0.26622326 0.         0.        ]
condition:12, metric:[0. 0. 0.]
condition batch eval, img shape:(222, 249, 249), sx:3, sy:3, sz:3, num_conditions:1
condition:13, metric:[0.00711744 0.         0.        ]
===>test image:/projects/weilab/liupeng/data/raw/ssl_seg/BTCV/Training_resampled_1.5_1.5_2.0_npy_zscore/img/img0038.npy
condition batch eval, img shape:(250, 333, 333), sx:4, sy:4, sz:4, num_conditions:2
condition:1, metric:[0.87021786 0.         0.        ]
condition:2, metric:[0.73465935 0.         0.        ]
condition batch eval, img shape:(250, 333, 333), sx:4, sy:4, sz:4, num_conditions:2
condition:3, metric:[0.90220212 0.         0.        ]
condition:4, metric:[0. 0. 0.]
condition batch eval, img shape:(250, 333, 333), sx:4, sy:4, sz:4, num_conditions:2
condition:5, metric:[0.07992058 0.         0.        ]
condition:6, metric:[0.80045318 0.         0.        ]
condition batch eval, img shape:(250, 333, 333), sx:4, sy:4, sz:4, num_conditions:2
condition:7, metric:[0.01708853 0.         0.        ]
condition:8, metric:[0.89781804 0.         0.        ]
condition batch eval, img shape:(250, 333, 333), sx:4, sy:4, sz:4, num_conditions:2
condition:9, metric:[0.50087812 0.         0.        ]
condition:10, metric:[0.21928148 0.         0.        ]
condition batch eval, img shape:(250, 333, 333), sx:4, sy:4, sz:4, num_conditions:2
condition:11, metric:[0.27261402 0.         0.        ]
condition:12, metric:[0. 0. 0.]
condition batch eval, img shape:(250, 333, 333), sx:4, sy:4, sz:4, num_conditions:1
condition:13, metric:[0.03351955 0.         0.        ]
Validation end
avg metric shape: (13, 3)
iteration 22000 : model2_dice_score : 0.431161 model2_hd95 : 5.769231
save model to ../model/BTCV_5_C3PS_scalar_baseline_same_split_with_magicNet_3channels_nosemi_SGD_SGD/unet_3D_old/model_iter_22000.pth
save model2 to ../model/BTCV_5_C3PS_scalar_baseline_same_split_with_magicNet_3channels_nosemi_SGD_SGD/unet_3D_old/model2_iter_22000.pth
iteration 22020 :model1 loss : 0.132580model2 loss : 0.054890pseudo_supervision1 : 0.000000pseudo_supervision2 : 0.000000
iteration 22040 :model1 loss : 0.308162model2 loss : 0.094639pseudo_supervision1 : 0.000000pseudo_supervision2 : 0.000000
iteration 22060 :model1 loss : 0.282323model2 loss : 0.039986pseudo_supervision1 : 0.000000pseudo_supervision2 : 0.000000
iteration 22080 :model1 loss : 0.150614model2 loss : 0.051066pseudo_supervision1 : 0.000000pseudo_supervision2 : 0.000000
iteration 22100 :model1 loss : 0.126064model2 loss : 0.076883pseudo_supervision1 : 0.000000pseudo_supervision2 : 0.000000
iteration 22120 :model1 loss : 0.126414model2 loss : 0.113603pseudo_supervision1 : 0.000000pseudo_supervision2 : 0.000000
iteration 22140 :model1 loss : 0.183408model2 loss : 0.061890pseudo_supervision1 : 0.000000pseudo_supervision2 : 0.000000
iteration 22160 :model1 loss : 0.137105model2 loss : 0.183588pseudo_supervision1 : 0.000000pseudo_supervision2 : 0.000000
iteration 22180 :model1 loss : 0.152383model2 loss : 0.033057pseudo_supervision1 : 0.000000pseudo_supervision2 : 0.000000
iteration 22200 :model1 loss : 0.109670model2 loss : 0.074932pseudo_supervision1 : 0.000000pseudo_supervision2 : 0.000000
save model to ../model/BTCV_5_C3PS_scalar_baseline_same_split_with_magicNet_3channels_nosemi_SGD_SGD/unet_3D_old/model_iter_22200.pth
save model2 to ../model/BTCV_5_C3PS_scalar_baseline_same_split_with_magicNet_3channels_nosemi_SGD_SGD/unet_3D_old/model2_iter_22200.pth
iteration 22220 :model1 loss : 0.467128model2 loss : 0.334656pseudo_supervision1 : 0.000000pseudo_supervision2 : 0.000000
iteration 22240 :model1 loss : 0.466925model2 loss : 0.334527pseudo_supervision1 : 0.000000pseudo_supervision2 : 0.000000
iteration 22260 :model1 loss : 0.160513model2 loss : 0.066168pseudo_supervision1 : 0.000000pseudo_supervision2 : 0.000000
iteration 22280 :model1 loss : 0.270180model2 loss : 0.045961pseudo_supervision1 : 0.000000pseudo_supervision2 : 0.000000
iteration 22300 :model1 loss : 0.124593model2 loss : 0.041901pseudo_supervision1 : 0.000000pseudo_supervision2 : 0.000000
iteration 22320 :model1 loss : 0.140779model2 loss : 0.112445pseudo_supervision1 : 0.000000pseudo_supervision2 : 0.000000
iteration 22340 :model1 loss : 0.159512model2 loss : 0.035258pseudo_supervision1 : 0.000000pseudo_supervision2 : 0.000000
iteration 22360 :model1 loss : 0.132283model2 loss : 0.066194pseudo_supervision1 : 0.000000pseudo_supervision2 : 0.000000
iteration 22380 :model1 loss : 0.359482model2 loss : 0.187473pseudo_supervision1 : 0.000000pseudo_supervision2 : 0.000000
iteration 22400 :model1 loss : 0.233873model2 loss : 0.036838pseudo_supervision1 : 0.000000pseudo_supervision2 : 0.000000
began evaluation!
iteration 22400: validation sampled 4/12 cases
Total test images: 4
Validation begin
Validation end
avg metric shape: (13, 3)
iteration 22400 : model_dice_score : 0.567422 model_hd95 : 5.769231
began evaluation!
Total test images: 4
Validation begin
===>test image:/projects/weilab/liupeng/data/raw/ssl_seg/BTCV/Training_resampled_1.5_1.5_2.0_npy_zscore/img/img0038.npy
condition batch eval, img shape:(250, 333, 333), sx:4, sy:4, sz:4, num_conditions:2
condition:1, metric:[0.83930138 0.         0.        ]
condition:2, metric:[0.65181303 0.         0.        ]
condition batch eval, img shape:(250, 333, 333), sx:4, sy:4, sz:4, num_conditions:2
condition:3, metric:[0.81863922 0.         0.        ]
condition:4, metric:[0. 0. 0.]
condition batch eval, img shape:(250, 333, 333), sx:4, sy:4, sz:4, num_conditions:2
condition:5, metric:[0.11976048 0.         0.        ]
condition:6, metric:[0.82051898 0.         0.        ]
condition batch eval, img shape:(250, 333, 333), sx:4, sy:4, sz:4, num_conditions:2
condition:7, metric:[0.0237944 0.        0.       ]
condition:8, metric:[0.90346494 0.         0.        ]
condition batch eval, img shape:(250, 333, 333), sx:4, sy:4, sz:4, num_conditions:2
condition:9, metric:[0.56077883 0.         0.        ]
condition:10, metric:[0.10592014 0.         0.        ]
condition batch eval, img shape:(250, 333, 333), sx:4, sy:4, sz:4, num_conditions:2
condition:11, metric:[0.00266597 0.         0.        ]
condition:12, metric:[0. 0. 0.]
condition batch eval, img shape:(250, 333, 333), sx:4, sy:4, sz:4, num_conditions:1
condition:13, metric:[0.01036269 0.         0.        ]
===>test image:/projects/weilab/liupeng/data/raw/ssl_seg/BTCV/Training_resampled_1.5_1.5_2.0_npy_zscore/img/img0003.npy
condition batch eval, img shape:(297, 307, 307), sx:5, sy:4, sz:4, num_conditions:2
condition:1, metric:[0.83500725 0.         0.        ]
condition:2, metric:[0.73615919 0.         0.        ]
condition batch eval, img shape:(297, 307, 307), sx:5, sy:4, sz:4, num_conditions:2
condition:3, metric:[0.85003992 0.         0.        ]
condition:4, metric:[0.29166294 0.         0.        ]
condition batch eval, img shape:(297, 307, 307), sx:5, sy:4, sz:4, num_conditions:2
condition:5, metric:[0.1031746 0.        0.       ]
condition:6, metric:[0.73977135 0.         0.        ]
condition batch eval, img shape:(297, 307, 307), sx:5, sy:4, sz:4, num_conditions:2
condition:7, metric:[0.07889285 0.         0.        ]
condition:8, metric:[0.79502613 0.         0.        ]
condition batch eval, img shape:(297, 307, 307), sx:5, sy:4, sz:4, num_conditions:2
condition:9, metric:[0.57015334 0.         0.        ]
condition:10, metric:[0.03266332 0.         0.        ]
condition batch eval, img shape:(297, 307, 307), sx:5, sy:4, sz:4, num_conditions:2
condition:11, metric:[  0. 150. 150.]
condition:12, metric:[0. 0. 0.]
condition batch eval, img shape:(297, 307, 307), sx:5, sy:4, sz:4, num_conditions:1
condition:13, metric:[0. 0. 0.]
===>test image:/projects/weilab/liupeng/data/raw/ssl_seg/BTCV/Training_resampled_1.5_1.5_2.0_npy_zscore/img/img0022.npy
condition batch eval, img shape:(222, 262, 262), sx:3, sy:3, sz:3, num_conditions:2
condition:1, metric:[0.78202196 0.         0.        ]
condition:2, metric:[0.89035393 0.         0.        ]
condition batch eval, img shape:(222, 262, 262), sx:3, sy:3, sz:3, num_conditions:2
condition:3, metric:[0.85166428 0.         0.        ]
condition:4, metric:[0.14089625 0.         0.        ]
condition batch eval, img shape:(222, 262, 262), sx:3, sy:3, sz:3, num_conditions:2
condition:5, metric:[0.30414883 0.         0.        ]
condition:6, metric:[0.91280367 0.         0.        ]
condition batch eval, img shape:(222, 262, 262), sx:3, sy:3, sz:3, num_conditions:2
condition:7, metric:[0.14141819 0.         0.        ]
condition:8, metric:[0.94209853 0.         0.        ]
condition batch eval, img shape:(222, 262, 262), sx:3, sy:3, sz:3, num_conditions:2
condition:9, metric:[0.67725548 0.         0.        ]
condition:10, metric:[0.23683642 0.         0.        ]
condition batch eval, img shape:(222, 262, 262), sx:3, sy:3, sz:3, num_conditions:2
condition:11, metric:[0.21972447 0.         0.        ]
condition:12, metric:[  0. 150. 150.]
condition batch eval, img shape:(222, 262, 262), sx:3, sy:3, sz:3, num_conditions:1
condition:13, metric:[0.15402299 0.         0.        ]
===>test image:/projects/weilab/liupeng/data/raw/ssl_seg/BTCV/Training_resampled_1.5_1.5_2.0_npy_zscore/img/img0025.npy
condition batch eval, img shape:(212, 284, 284), sx:3, sy:3, sz:3, num_conditions:2
condition:1, metric:[0.92691768 0.         0.        ]
condition:2, metric:[0.43075599 0.         0.        ]
condition batch eval, img shape:(212, 284, 284), sx:3, sy:3, sz:3, num_conditions:2
condition:3, metric:[0.48145584 0.         0.        ]
condition:4, metric:[0.66074058 0.         0.        ]
condition batch eval, img shape:(212, 284, 284), sx:3, sy:3, sz:3, num_conditions:2
condition:5, metric:[0.26940754 0.         0.        ]
condition:6, metric:[0.90832146 0.         0.        ]
condition batch eval, img shape:(212, 284, 284), sx:3, sy:3, sz:3, num_conditions:2
condition:7, metric:[0.44352338 0.         0.        ]
condition:8, metric:[0.83080879 0.         0.        ]
condition batch eval, img shape:(212, 284, 284), sx:3, sy:3, sz:3, num_conditions:2
condition:9, metric:[0.36454849 0.         0.        ]
condition:10, metric:[0.00502372 0.         0.        ]
condition batch eval, img shape:(212, 284, 284), sx:3, sy:3, sz:3, num_conditions:2
condition:11, metric:[0. 0. 0.]
condition:12, metric:[0.00508647 0.         0.        ]
condition batch eval, img shape:(212, 284, 284), sx:3, sy:3, sz:3, num_conditions:1
condition:13, metric:[0.19286791 0.         0.        ]
Validation end
avg metric shape: (13, 3)
iteration 22400 : model2_dice_score : 0.416582 model2_hd95 : 5.769231
save model to ../model/BTCV_5_C3PS_scalar_baseline_same_split_with_magicNet_3channels_nosemi_SGD_SGD/unet_3D_old/model_iter_22400.pth
save model2 to ../model/BTCV_5_C3PS_scalar_baseline_same_split_with_magicNet_3channels_nosemi_SGD_SGD/unet_3D_old/model2_iter_22400.pth
iteration 22420 :model1 loss : 0.438561model2 loss : 0.183864pseudo_supervision1 : 0.000000pseudo_supervision2 : 0.000000
iteration 22440 :model1 loss : 0.108539model2 loss : 0.050413pseudo_supervision1 : 0.000000pseudo_supervision2 : 0.000000
iteration 22460 :model1 loss : 0.147717model2 loss : 0.048315pseudo_supervision1 : 0.000000pseudo_supervision2 : 0.000000
iteration 22480 :model1 loss : 0.279294model2 loss : 0.040027pseudo_supervision1 : 0.000000pseudo_supervision2 : 0.000000
iteration 22500 :model1 loss : 0.153174model2 loss : 0.085983pseudo_supervision1 : 0.000000pseudo_supervision2 : 0.000000
iteration 22520 :model1 loss : 0.117695model2 loss : 0.089896pseudo_supervision1 : 0.000000pseudo_supervision2 : 0.000000
iteration 22540 :model1 loss : 0.146596model2 loss : 0.102242pseudo_supervision1 : 0.000000pseudo_supervision2 : 0.000000
iteration 22560 :model1 loss : 0.322402model2 loss : 0.047489pseudo_supervision1 : 0.000000pseudo_supervision2 : 0.000000
iteration 22580 :model1 loss : 0.139793model2 loss : 0.057314pseudo_supervision1 : 0.000000pseudo_supervision2 : 0.000000
iteration 22600 :model1 loss : 0.137706model2 loss : 0.098001pseudo_supervision1 : 0.000000pseudo_supervision2 : 0.000000
save model to ../model/BTCV_5_C3PS_scalar_baseline_same_split_with_magicNet_3channels_nosemi_SGD_SGD/unet_3D_old/model_iter_22600.pth
save model2 to ../model/BTCV_5_C3PS_scalar_baseline_same_split_with_magicNet_3channels_nosemi_SGD_SGD/unet_3D_old/model2_iter_22600.pth
iteration 22620 :model1 loss : 0.144140model2 loss : 0.078543pseudo_supervision1 : 0.000000pseudo_supervision2 : 0.000000
iteration 22640 :model1 loss : 0.114334model2 loss : 0.074032pseudo_supervision1 : 0.000000pseudo_supervision2 : 0.000000
iteration 22660 :model1 loss : 0.467707model2 loss : 0.334876pseudo_supervision1 : 0.000000pseudo_supervision2 : 0.000000
iteration 22680 :model1 loss : 0.124119model2 loss : 0.057909pseudo_supervision1 : 0.000000pseudo_supervision2 : 0.000000
iteration 22700 :model1 loss : 0.230660model2 loss : 0.037053pseudo_supervision1 : 0.000000pseudo_supervision2 : 0.000000
iteration 22720 :model1 loss : 0.135849model2 loss : 0.076683pseudo_supervision1 : 0.000000pseudo_supervision2 : 0.000000
iteration 22740 :model1 loss : 0.122973model2 loss : 0.134543pseudo_supervision1 : 0.000000pseudo_supervision2 : 0.000000
iteration 22760 :model1 loss : 0.144780model2 loss : 0.140046pseudo_supervision1 : 0.000000pseudo_supervision2 : 0.000000
iteration 22780 :model1 loss : 0.153634model2 loss : 0.050489pseudo_supervision1 : 0.000000pseudo_supervision2 : 0.000000
iteration 22800 :model1 loss : 0.147607model2 loss : 0.082268pseudo_supervision1 : 0.000000pseudo_supervision2 : 0.000000
began evaluation!
iteration 22800: validation sampled 4/12 cases
Total test images: 4
Validation begin
Validation end
avg metric shape: (13, 3)
iteration 22800 : model_dice_score : 0.554997 model_hd95 : 5.769231
began evaluation!
Total test images: 4
Validation begin
===>test image:/projects/weilab/liupeng/data/raw/ssl_seg/BTCV/Training_resampled_1.5_1.5_2.0_npy_zscore/img/img0003.npy
condition batch eval, img shape:(297, 307, 307), sx:5, sy:4, sz:4, num_conditions:2
condition:1, metric:[0.76050035 0.         0.        ]
condition:2, metric:[0.68127494 0.         0.        ]
condition batch eval, img shape:(297, 307, 307), sx:5, sy:4, sz:4, num_conditions:2
condition:3, metric:[0.79951797 0.         0.        ]
condition:4, metric:[0.54344403 0.         0.        ]
condition batch eval, img shape:(297, 307, 307), sx:5, sy:4, sz:4, num_conditions:2
condition:5, metric:[0.0055311 0.        0.       ]
condition:6, metric:[0.79003323 0.         0.        ]
condition batch eval, img shape:(297, 307, 307), sx:5, sy:4, sz:4, num_conditions:2
condition:7, metric:[0.054413 0.       0.      ]
condition:8, metric:[0.79544139 0.         0.        ]
condition batch eval, img shape:(297, 307, 307), sx:5, sy:4, sz:4, num_conditions:2
condition:9, metric:[0.58869531 0.         0.        ]
condition:10, metric:[0.00313572 0.         0.        ]
condition batch eval, img shape:(297, 307, 307), sx:5, sy:4, sz:4, num_conditions:2
condition:11, metric:[  0. 150. 150.]
condition:12, metric:[0. 0. 0.]
condition batch eval, img shape:(297, 307, 307), sx:5, sy:4, sz:4, num_conditions:1
condition:13, metric:[0. 0. 0.]
===>test image:/projects/weilab/liupeng/data/raw/ssl_seg/BTCV/Training_resampled_1.5_1.5_2.0_npy_zscore/img/img0008.npy
condition batch eval, img shape:(222, 249, 249), sx:3, sy:3, sz:3, num_conditions:2
condition:1, metric:[0.79373851 0.         0.        ]
condition:2, metric:[0.00541462 0.         0.        ]
condition batch eval, img shape:(222, 249, 249), sx:3, sy:3, sz:3, num_conditions:2
condition:3, metric:[0.00046674 0.         0.        ]
condition:4, metric:[0.77569816 0.         0.        ]
condition batch eval, img shape:(222, 249, 249), sx:3, sy:3, sz:3, num_conditions:2
condition:5, metric:[0.18527443 0.         0.        ]
condition:6, metric:[0.9322139 0.        0.       ]
condition batch eval, img shape:(222, 249, 249), sx:3, sy:3, sz:3, num_conditions:2
condition:7, metric:[0.62871781 0.         0.        ]
condition:8, metric:[0.86371279 0.         0.        ]
condition batch eval, img shape:(222, 249, 249), sx:3, sy:3, sz:3, num_conditions:2
condition:9, metric:[0.76439524 0.         0.        ]
condition:10, metric:[0.07997622 0.         0.        ]
condition batch eval, img shape:(222, 249, 249), sx:3, sy:3, sz:3, num_conditions:2
condition:11, metric:[0.02550809 0.         0.        ]
condition:12, metric:[0. 0. 0.]
condition batch eval, img shape:(222, 249, 249), sx:3, sy:3, sz:3, num_conditions:1
condition:13, metric:[0.02120141 0.         0.        ]
===>test image:/projects/weilab/liupeng/data/raw/ssl_seg/BTCV/Training_resampled_1.5_1.5_2.0_npy_zscore/img/img0038.npy
condition batch eval, img shape:(250, 333, 333), sx:4, sy:4, sz:4, num_conditions:2
condition:1, metric:[0.87746652 0.         0.        ]
condition:2, metric:[0.742864 0.       0.      ]
condition batch eval, img shape:(250, 333, 333), sx:4, sy:4, sz:4, num_conditions:2
condition:3, metric:[0.87511466 0.         0.        ]
condition:4, metric:[0. 0. 0.]
condition batch eval, img shape:(250, 333, 333), sx:4, sy:4, sz:4, num_conditions:2
condition:5, metric:[0.03078012 0.         0.        ]
condition:6, metric:[0.84636255 0.         0.        ]
condition batch eval, img shape:(250, 333, 333), sx:4, sy:4, sz:4, num_conditions:2
condition:7, metric:[0.10769113 0.         0.        ]
condition:8, metric:[0.85534591 0.         0.        ]
condition batch eval, img shape:(250, 333, 333), sx:4, sy:4, sz:4, num_conditions:2
condition:9, metric:[0.42760195 0.         0.        ]
condition:10, metric:[0.02953773 0.         0.        ]
condition batch eval, img shape:(250, 333, 333), sx:4, sy:4, sz:4, num_conditions:2
condition:11, metric:[0.00045957 0.         0.        ]
condition:12, metric:[0. 0. 0.]
condition batch eval, img shape:(250, 333, 333), sx:4, sy:4, sz:4, num_conditions:1
condition:13, metric:[  0. 150. 150.]
===>test image:/projects/weilab/liupeng/data/raw/ssl_seg/BTCV/Training_resampled_1.5_1.5_2.0_npy_zscore/img/img0036.npy
condition batch eval, img shape:(276, 255, 255), sx:4, sy:3, sz:3, num_conditions:2
condition:1, metric:[0.93507149 0.         0.        ]
condition:2, metric:[0.95114294 0.         0.        ]
condition batch eval, img shape:(276, 255, 255), sx:4, sy:3, sz:3, num_conditions:2
condition:3, metric:[0.9286038 0.        0.       ]
condition:4, metric:[0.28397994 0.         0.        ]
condition batch eval, img shape:(276, 255, 255), sx:4, sy:3, sz:3, num_conditions:2
condition:5, metric:[0.19131426 0.         0.        ]
condition:6, metric:[0.92479184 0.         0.        ]
condition batch eval, img shape:(276, 255, 255), sx:4, sy:3, sz:3, num_conditions:2
condition:7, metric:[0.8713985 0.        0.       ]
condition:8, metric:[0.82725694 0.         0.        ]
condition batch eval, img shape:(276, 255, 255), sx:4, sy:3, sz:3, num_conditions:2
condition:9, metric:[0.53194951 0.         0.        ]
condition:10, metric:[0.15831913 0.         0.        ]
condition batch eval, img shape:(276, 255, 255), sx:4, sy:3, sz:3, num_conditions:2
condition:11, metric:[0. 0. 0.]
condition:12, metric:[  0. 150. 150.]
condition batch eval, img shape:(276, 255, 255), sx:4, sy:3, sz:3, num_conditions:1
condition:13, metric:[  0. 150. 150.]
Validation end
avg metric shape: (13, 3)
iteration 22800 : model2_dice_score : 0.413372 model2_hd95 : 11.538462
save model to ../model/BTCV_5_C3PS_scalar_baseline_same_split_with_magicNet_3channels_nosemi_SGD_SGD/unet_3D_old/model_iter_22800.pth
save model2 to ../model/BTCV_5_C3PS_scalar_baseline_same_split_with_magicNet_3channels_nosemi_SGD_SGD/unet_3D_old/model2_iter_22800.pth
iteration 22820 :model1 loss : 0.396329model2 loss : 0.146785pseudo_supervision1 : 0.000000pseudo_supervision2 : 0.000000
iteration 22840 :model1 loss : 0.309561model2 loss : 0.043228pseudo_supervision1 : 0.000000pseudo_supervision2 : 0.000000
iteration 22860 :model1 loss : 0.120604model2 loss : 0.077139pseudo_supervision1 : 0.000000pseudo_supervision2 : 0.000000
iteration 22880 :model1 loss : 0.202104model2 loss : 0.041622pseudo_supervision1 : 0.000000pseudo_supervision2 : 0.000000
iteration 22900 :model1 loss : 0.109479model2 loss : 0.069323pseudo_supervision1 : 0.000000pseudo_supervision2 : 0.000000
iteration 22920 :model1 loss : 0.229819model2 loss : 0.035913pseudo_supervision1 : 0.000000pseudo_supervision2 : 0.000000
iteration 22940 :model1 loss : 0.137204model2 loss : 0.060139pseudo_supervision1 : 0.000000pseudo_supervision2 : 0.000000
iteration 22960 :model1 loss : 0.182524model2 loss : 0.042712pseudo_supervision1 : 0.000000pseudo_supervision2 : 0.000000
iteration 22980 :model1 loss : 0.117436model2 loss : 0.051368pseudo_supervision1 : 0.000000pseudo_supervision2 : 0.000000
iteration 23000 :model1 loss : 0.162552model2 loss : 0.046801pseudo_supervision1 : 0.000000pseudo_supervision2 : 0.000000
save model to ../model/BTCV_5_C3PS_scalar_baseline_same_split_with_magicNet_3channels_nosemi_SGD_SGD/unet_3D_old/model_iter_23000.pth
save model2 to ../model/BTCV_5_C3PS_scalar_baseline_same_split_with_magicNet_3channels_nosemi_SGD_SGD/unet_3D_old/model2_iter_23000.pth
iteration 23020 :model1 loss : 0.164670model2 loss : 0.058361pseudo_supervision1 : 0.000000pseudo_supervision2 : 0.000000
iteration 23040 :model1 loss : 0.263130model2 loss : 0.038774pseudo_supervision1 : 0.000000pseudo_supervision2 : 0.000000
iteration 23060 :model1 loss : 0.131231model2 loss : 0.073236pseudo_supervision1 : 0.000000pseudo_supervision2 : 0.000000
iteration 23080 :model1 loss : 0.147520model2 loss : 0.058480pseudo_supervision1 : 0.000000pseudo_supervision2 : 0.000000
iteration 23100 :model1 loss : 0.166744model2 loss : 0.156639pseudo_supervision1 : 0.000000pseudo_supervision2 : 0.000000
iteration 23120 :model1 loss : 0.132171model2 loss : 0.113808pseudo_supervision1 : 0.000000pseudo_supervision2 : 0.000000
iteration 23140 :model1 loss : 0.164666model2 loss : 0.039300pseudo_supervision1 : 0.000000pseudo_supervision2 : 0.000000
iteration 23160 :model1 loss : 0.132580model2 loss : 0.058632pseudo_supervision1 : 0.000000pseudo_supervision2 : 0.000000
iteration 23180 :model1 loss : 0.126900model2 loss : 0.055135pseudo_supervision1 : 0.000000pseudo_supervision2 : 0.000000
iteration 23200 :model1 loss : 0.226061model2 loss : 0.039054pseudo_supervision1 : 0.000000pseudo_supervision2 : 0.000000
began evaluation!
iteration 23200: validation sampled 4/12 cases
Total test images: 4
Validation begin
Validation end
avg metric shape: (13, 3)
iteration 23200 : model_dice_score : 0.585256 model_hd95 : 0.000000
began evaluation!
Total test images: 4
Validation begin
===>test image:/projects/weilab/liupeng/data/raw/ssl_seg/BTCV/Training_resampled_1.5_1.5_2.0_npy_zscore/img/img0038.npy
condition batch eval, img shape:(250, 333, 333), sx:4, sy:4, sz:4, num_conditions:2
condition:1, metric:[0.84381595 0.         0.        ]
condition:2, metric:[0.7234745 0.        0.       ]
condition batch eval, img shape:(250, 333, 333), sx:4, sy:4, sz:4, num_conditions:2
condition:3, metric:[0.84258131 0.         0.        ]
condition:4, metric:[0.00103022 0.         0.        ]
condition batch eval, img shape:(250, 333, 333), sx:4, sy:4, sz:4, num_conditions:2
condition:5, metric:[0.14281053 0.         0.        ]
condition:6, metric:[0.7985156 0.        0.       ]
condition batch eval, img shape:(250, 333, 333), sx:4, sy:4, sz:4, num_conditions:2
condition:7, metric:[0.17618716 0.         0.        ]
condition:8, metric:[0.85869076 0.         0.        ]
condition batch eval, img shape:(250, 333, 333), sx:4, sy:4, sz:4, num_conditions:2
condition:9, metric:[0.36175687 0.         0.        ]
condition:10, metric:[0.29244432 0.         0.        ]
condition batch eval, img shape:(250, 333, 333), sx:4, sy:4, sz:4, num_conditions:2
condition:11, metric:[0.16240635 0.         0.        ]
condition:12, metric:[0.00635786 0.         0.        ]
condition batch eval, img shape:(250, 333, 333), sx:4, sy:4, sz:4, num_conditions:1
condition:13, metric:[0.226645 0.       0.      ]
===>test image:/projects/weilab/liupeng/data/raw/ssl_seg/BTCV/Training_resampled_1.5_1.5_2.0_npy_zscore/img/img0036.npy
condition batch eval, img shape:(276, 255, 255), sx:4, sy:3, sz:3, num_conditions:2
condition:1, metric:[0.92442103 0.         0.        ]
condition:2, metric:[0.95078263 0.         0.        ]
condition batch eval, img shape:(276, 255, 255), sx:4, sy:3, sz:3, num_conditions:2
condition:3, metric:[0.93901835 0.         0.        ]
condition:4, metric:[0.15184523 0.         0.        ]
condition batch eval, img shape:(276, 255, 255), sx:4, sy:3, sz:3, num_conditions:2
condition:5, metric:[0.54992646 0.         0.        ]
condition:6, metric:[0.93560252 0.         0.        ]
condition batch eval, img shape:(276, 255, 255), sx:4, sy:3, sz:3, num_conditions:2
condition:7, metric:[0.87671363 0.         0.        ]
condition:8, metric:[0.86642242 0.         0.        ]
condition batch eval, img shape:(276, 255, 255), sx:4, sy:3, sz:3, num_conditions:2
condition:9, metric:[0.44337197 0.         0.        ]
condition:10, metric:[0.31222499 0.         0.        ]
condition batch eval, img shape:(276, 255, 255), sx:4, sy:3, sz:3, num_conditions:2
condition:11, metric:[0.22279321 0.         0.        ]
condition:12, metric:[0. 0. 0.]
condition batch eval, img shape:(276, 255, 255), sx:4, sy:3, sz:3, num_conditions:1
condition:13, metric:[0.28725038 0.         0.        ]
===>test image:/projects/weilab/liupeng/data/raw/ssl_seg/BTCV/Training_resampled_1.5_1.5_2.0_npy_zscore/img/img0025.npy
condition batch eval, img shape:(212, 284, 284), sx:3, sy:3, sz:3, num_conditions:2
condition:1, metric:[0.92430709 0.         0.        ]
condition:2, metric:[0.5425178 0.        0.       ]
condition batch eval, img shape:(212, 284, 284), sx:3, sy:3, sz:3, num_conditions:2
condition:3, metric:[0.60397723 0.         0.        ]
condition:4, metric:[0.58559798 0.         0.        ]
condition batch eval, img shape:(212, 284, 284), sx:3, sy:3, sz:3, num_conditions:2
condition:5, metric:[0.24434695 0.         0.        ]
condition:6, metric:[0.94246313 0.         0.        ]
condition batch eval, img shape:(212, 284, 284), sx:3, sy:3, sz:3, num_conditions:2
condition:7, metric:[0.73000013 0.         0.        ]
condition:8, metric:[0.81922656 0.         0.        ]
condition batch eval, img shape:(212, 284, 284), sx:3, sy:3, sz:3, num_conditions:2
condition:9, metric:[0.36263689 0.         0.        ]
condition:10, metric:[0.16028816 0.         0.        ]
condition batch eval, img shape:(212, 284, 284), sx:3, sy:3, sz:3, num_conditions:2
condition:11, metric:[0.0011766 0.        0.       ]
condition:12, metric:[0.00092293 0.         0.        ]
condition batch eval, img shape:(212, 284, 284), sx:3, sy:3, sz:3, num_conditions:1
condition:13, metric:[0.07303124 0.         0.        ]
===>test image:/projects/weilab/liupeng/data/raw/ssl_seg/BTCV/Training_resampled_1.5_1.5_2.0_npy_zscore/img/img0008.npy
condition batch eval, img shape:(222, 249, 249), sx:3, sy:3, sz:3, num_conditions:2
condition:1, metric:[0.83351763 0.         0.        ]
condition:2, metric:[0.01426992 0.         0.        ]
condition batch eval, img shape:(222, 249, 249), sx:3, sy:3, sz:3, num_conditions:2
condition:3, metric:[0.02259522 0.         0.        ]
condition:4, metric:[0.69735294 0.         0.        ]
condition batch eval, img shape:(222, 249, 249), sx:3, sy:3, sz:3, num_conditions:2
condition:5, metric:[0.3880956 0.        0.       ]
condition:6, metric:[0.93509242 0.         0.        ]
condition batch eval, img shape:(222, 249, 249), sx:3, sy:3, sz:3, num_conditions:2
condition:7, metric:[0.70684939 0.         0.        ]
condition:8, metric:[0.8455941 0.        0.       ]
condition batch eval, img shape:(222, 249, 249), sx:3, sy:3, sz:3, num_conditions:2
condition:9, metric:[0.86637531 0.         0.        ]
condition:10, metric:[0.40694702 0.         0.        ]
condition batch eval, img shape:(222, 249, 249), sx:3, sy:3, sz:3, num_conditions:2
condition:11, metric:[0.2479536 0.        0.       ]
condition:12, metric:[0.09090909 0.         0.        ]
condition batch eval, img shape:(222, 249, 249), sx:3, sy:3, sz:3, num_conditions:1
condition:13, metric:[0.18461538 0.         0.        ]
Validation end
avg metric shape: (13, 3)
iteration 23200 : model2_dice_score : 0.483226 model2_hd95 : 0.000000
save model to ../model/BTCV_5_C3PS_scalar_baseline_same_split_with_magicNet_3channels_nosemi_SGD_SGD/unet_3D_old/model_iter_23200.pth
save model2 to ../model/BTCV_5_C3PS_scalar_baseline_same_split_with_magicNet_3channels_nosemi_SGD_SGD/unet_3D_old/model2_iter_23200.pth
iteration 23220 :model1 loss : 0.321363model2 loss : 0.044121pseudo_supervision1 : 0.000000pseudo_supervision2 : 0.000000
iteration 23240 :model1 loss : 0.230161model2 loss : 0.035671pseudo_supervision1 : 0.000000pseudo_supervision2 : 0.000000
iteration 23260 :model1 loss : 0.240263model2 loss : 0.041598pseudo_supervision1 : 0.000000pseudo_supervision2 : 0.000000
iteration 23280 :model1 loss : 0.127631model2 loss : 0.050636pseudo_supervision1 : 0.000000pseudo_supervision2 : 0.000000
iteration 23300 :model1 loss : 0.116002model2 loss : 0.061601pseudo_supervision1 : 0.000000pseudo_supervision2 : 0.000000
iteration 23320 :model1 loss : 0.171980model2 loss : 0.038522pseudo_supervision1 : 0.000000pseudo_supervision2 : 0.000000
iteration 23340 :model1 loss : 0.143195model2 loss : 0.037395pseudo_supervision1 : 0.000000pseudo_supervision2 : 0.000000
iteration 23360 :model1 loss : 0.108400model2 loss : 0.037808pseudo_supervision1 : 0.000000pseudo_supervision2 : 0.000000
iteration 23380 :model1 loss : 0.234307model2 loss : 0.034690pseudo_supervision1 : 0.000000pseudo_supervision2 : 0.000000
iteration 23400 :model1 loss : 0.150340model2 loss : 0.051470pseudo_supervision1 : 0.000000pseudo_supervision2 : 0.000000
save model to ../model/BTCV_5_C3PS_scalar_baseline_same_split_with_magicNet_3channels_nosemi_SGD_SGD/unet_3D_old/model_iter_23400.pth
save model2 to ../model/BTCV_5_C3PS_scalar_baseline_same_split_with_magicNet_3channels_nosemi_SGD_SGD/unet_3D_old/model2_iter_23400.pth
iteration 23420 :model1 loss : 0.184230model2 loss : 0.059695pseudo_supervision1 : 0.000000pseudo_supervision2 : 0.000000
iteration 23440 :model1 loss : 0.207572model2 loss : 0.048498pseudo_supervision1 : 0.000000pseudo_supervision2 : 0.000000
iteration 23460 :model1 loss : 0.143153model2 loss : 0.070698pseudo_supervision1 : 0.000000pseudo_supervision2 : 0.000000
iteration 23480 :model1 loss : 0.159312model2 loss : 0.091170pseudo_supervision1 : 0.000000pseudo_supervision2 : 0.000000
iteration 23500 :model1 loss : 0.155286model2 loss : 0.064957pseudo_supervision1 : 0.000000pseudo_supervision2 : 0.000000
iteration 23520 :model1 loss : 0.268219model2 loss : 0.034209pseudo_supervision1 : 0.000000pseudo_supervision2 : 0.000000
iteration 23540 :model1 loss : 0.258059model2 loss : 0.030501pseudo_supervision1 : 0.000000pseudo_supervision2 : 0.000000
iteration 23560 :model1 loss : 0.146502model2 loss : 0.122975pseudo_supervision1 : 0.000000pseudo_supervision2 : 0.000000
iteration 23580 :model1 loss : 0.114129model2 loss : 0.071313pseudo_supervision1 : 0.000000pseudo_supervision2 : 0.000000
iteration 23600 :model1 loss : 0.181803model2 loss : 0.037827pseudo_supervision1 : 0.000000pseudo_supervision2 : 0.000000
began evaluation!
iteration 23600: validation sampled 4/12 cases
Total test images: 4
Validation begin
Validation end
avg metric shape: (13, 3)
iteration 23600 : model_dice_score : 0.579018 model_hd95 : 5.769231
began evaluation!
Total test images: 4
Validation begin
===>test image:/projects/weilab/liupeng/data/raw/ssl_seg/BTCV/Training_resampled_1.5_1.5_2.0_npy_zscore/img/img0035.npy
condition batch eval, img shape:(235, 314, 314), sx:4, sy:4, sz:4, num_conditions:2
condition:1, metric:[0.8663662 0.        0.       ]
condition:2, metric:[0.83503994 0.         0.        ]
condition batch eval, img shape:(235, 314, 314), sx:4, sy:4, sz:4, num_conditions:2
condition:3, metric:[0.89412037 0.         0.        ]
condition:4, metric:[  0. 150. 150.]
condition batch eval, img shape:(235, 314, 314), sx:4, sy:4, sz:4, num_conditions:2
condition:5, metric:[0.23079615 0.         0.        ]
condition:6, metric:[0.90261002 0.         0.        ]
condition batch eval, img shape:(235, 314, 314), sx:4, sy:4, sz:4, num_conditions:2
condition:7, metric:[0.61830873 0.         0.        ]
condition:8, metric:[0.90195786 0.         0.        ]
condition batch eval, img shape:(235, 314, 314), sx:4, sy:4, sz:4, num_conditions:2
condition:9, metric:[0.82259064 0.         0.        ]
condition:10, metric:[0.30940902 0.         0.        ]
condition batch eval, img shape:(235, 314, 314), sx:4, sy:4, sz:4, num_conditions:2
condition:11, metric:[0.34052739 0.         0.        ]
condition:12, metric:[0.00168067 0.         0.        ]
condition batch eval, img shape:(235, 314, 314), sx:4, sy:4, sz:4, num_conditions:1
condition:13, metric:[0.21979866 0.         0.        ]
===>test image:/projects/weilab/liupeng/data/raw/ssl_seg/BTCV/Training_resampled_1.5_1.5_2.0_npy_zscore/img/img0025.npy
condition batch eval, img shape:(212, 284, 284), sx:3, sy:3, sz:3, num_conditions:2
condition:1, metric:[0.93609625 0.         0.        ]
condition:2, metric:[0.50192923 0.         0.        ]
condition batch eval, img shape:(212, 284, 284), sx:3, sy:3, sz:3, num_conditions:2
condition:3, metric:[0.48670053 0.         0.        ]
condition:4, metric:[0.86284444 0.         0.        ]
condition batch eval, img shape:(212, 284, 284), sx:3, sy:3, sz:3, num_conditions:2
condition:5, metric:[0.40296106 0.         0.        ]
condition:6, metric:[0.95053911 0.         0.        ]
condition batch eval, img shape:(212, 284, 284), sx:3, sy:3, sz:3, num_conditions:2
condition:7, metric:[0.77130241 0.         0.        ]
condition:8, metric:[0.74539787 0.         0.        ]
condition batch eval, img shape:(212, 284, 284), sx:3, sy:3, sz:3, num_conditions:2
condition:9, metric:[0.42657209 0.         0.        ]
condition:10, metric:[0.10825314 0.         0.        ]
condition batch eval, img shape:(212, 284, 284), sx:3, sy:3, sz:3, num_conditions:2
condition:11, metric:[0.04216559 0.         0.        ]
condition:12, metric:[0.00078802 0.         0.        ]
condition batch eval, img shape:(212, 284, 284), sx:3, sy:3, sz:3, num_conditions:1
condition:13, metric:[0.28249497 0.         0.        ]
===>test image:/projects/weilab/liupeng/data/raw/ssl_seg/BTCV/Training_resampled_1.5_1.5_2.0_npy_zscore/img/img0003.npy
condition batch eval, img shape:(297, 307, 307), sx:5, sy:4, sz:4, num_conditions:2
condition:1, metric:[0.73094283 0.         0.        ]
condition:2, metric:[0.79170492 0.         0.        ]
condition batch eval, img shape:(297, 307, 307), sx:5, sy:4, sz:4, num_conditions:2
condition:3, metric:[0.84848942 0.         0.        ]
condition:4, metric:[0.48432141 0.         0.        ]
condition batch eval, img shape:(297, 307, 307), sx:5, sy:4, sz:4, num_conditions:2
condition:5, metric:[0.14731389 0.         0.        ]
condition:6, metric:[0.78925895 0.         0.        ]
condition batch eval, img shape:(297, 307, 307), sx:5, sy:4, sz:4, num_conditions:2
condition:7, metric:[0.27958399 0.         0.        ]
condition:8, metric:[0.78175662 0.         0.        ]
condition batch eval, img shape:(297, 307, 307), sx:5, sy:4, sz:4, num_conditions:2
condition:9, metric:[0.65194654 0.         0.        ]
condition:10, metric:[0.14958556 0.         0.        ]
condition batch eval, img shape:(297, 307, 307), sx:5, sy:4, sz:4, num_conditions:2
condition:11, metric:[0. 0. 0.]
condition:12, metric:[  0. 150. 150.]
condition batch eval, img shape:(297, 307, 307), sx:5, sy:4, sz:4, num_conditions:1
condition:13, metric:[  0. 150. 150.]
===>test image:/projects/weilab/liupeng/data/raw/ssl_seg/BTCV/Training_resampled_1.5_1.5_2.0_npy_zscore/img/img0004.npy
condition batch eval, img shape:(210, 203, 203), sx:3, sy:2, sz:2, num_conditions:2
condition:1, metric:[0.90881373 0.         0.        ]
condition:2, metric:[0.72547641 0.         0.        ]
condition batch eval, img shape:(210, 203, 203), sx:3, sy:2, sz:2, num_conditions:2
condition:3, metric:[0.91549942 0.         0.        ]
condition:4, metric:[0.31638418 0.         0.        ]
condition batch eval, img shape:(210, 203, 203), sx:3, sy:2, sz:2, num_conditions:2
condition:5, metric:[0.67860798 0.         0.        ]
condition:6, metric:[0.92521533 0.         0.        ]
condition batch eval, img shape:(210, 203, 203), sx:3, sy:2, sz:2, num_conditions:2
condition:7, metric:[0.54589617 0.         0.        ]
condition:8, metric:[0.82813267 0.         0.        ]
condition batch eval, img shape:(210, 203, 203), sx:3, sy:2, sz:2, num_conditions:2
condition:9, metric:[0.75397326 0.         0.        ]
condition:10, metric:[0.14479098 0.         0.        ]
condition batch eval, img shape:(210, 203, 203), sx:3, sy:2, sz:2, num_conditions:2
condition:11, metric:[0.50400065 0.         0.        ]
condition:12, metric:[0.18995182 0.         0.        ]
condition batch eval, img shape:(210, 203, 203), sx:3, sy:2, sz:2, num_conditions:1
condition:13, metric:[0.30680886 0.         0.        ]
Validation end
avg metric shape: (13, 3)
iteration 23600 : model2_dice_score : 0.516533 model2_hd95 : 8.653846
save model to ../model/BTCV_5_C3PS_scalar_baseline_same_split_with_magicNet_3channels_nosemi_SGD_SGD/unet_3D_old/model_iter_23600.pth
save model2 to ../model/BTCV_5_C3PS_scalar_baseline_same_split_with_magicNet_3channels_nosemi_SGD_SGD/unet_3D_old/model2_iter_23600.pth
iteration 23620 :model1 loss : 0.228914model2 loss : 0.038553pseudo_supervision1 : 0.000000pseudo_supervision2 : 0.000000
iteration 23640 :model1 loss : 0.157027model2 loss : 0.058509pseudo_supervision1 : 0.000000pseudo_supervision2 : 0.000000
iteration 23660 :model1 loss : 0.133601model2 loss : 0.071063pseudo_supervision1 : 0.000000pseudo_supervision2 : 0.000000
iteration 23680 :model1 loss : 0.150909model2 loss : 0.049003pseudo_supervision1 : 0.000000pseudo_supervision2 : 0.000000
iteration 23700 :model1 loss : 0.345405model2 loss : 0.045398pseudo_supervision1 : 0.000000pseudo_supervision2 : 0.000000
iteration 23720 :model1 loss : 0.268198model2 loss : 0.050665pseudo_supervision1 : 0.000000pseudo_supervision2 : 0.000000
iteration 23740 :model1 loss : 0.258079model2 loss : 0.151815pseudo_supervision1 : 0.000000pseudo_supervision2 : 0.000000
iteration 23760 :model1 loss : 0.466940model2 loss : 0.334946pseudo_supervision1 : 0.000000pseudo_supervision2 : 0.000000
iteration 23780 :model1 loss : 0.142824model2 loss : 0.064501pseudo_supervision1 : 0.000000pseudo_supervision2 : 0.000000
iteration 23800 :model1 loss : 0.131742model2 loss : 0.126496pseudo_supervision1 : 0.000000pseudo_supervision2 : 0.000000
save model to ../model/BTCV_5_C3PS_scalar_baseline_same_split_with_magicNet_3channels_nosemi_SGD_SGD/unet_3D_old/model_iter_23800.pth
save model2 to ../model/BTCV_5_C3PS_scalar_baseline_same_split_with_magicNet_3channels_nosemi_SGD_SGD/unet_3D_old/model2_iter_23800.pth
iteration 23820 :model1 loss : 0.276837model2 loss : 0.059841pseudo_supervision1 : 0.000000pseudo_supervision2 : 0.000000
iteration 23840 :model1 loss : 0.198077model2 loss : 0.041428pseudo_supervision1 : 0.000000pseudo_supervision2 : 0.000000
iteration 23860 :model1 loss : 0.122356model2 loss : 0.068120pseudo_supervision1 : 0.000000pseudo_supervision2 : 0.000000
iteration 23880 :model1 loss : 0.218144model2 loss : 0.035374pseudo_supervision1 : 0.000000pseudo_supervision2 : 0.000000
iteration 23900 :model1 loss : 0.264431model2 loss : 0.031512pseudo_supervision1 : 0.000000pseudo_supervision2 : 0.000000
iteration 23920 :model1 loss : 0.332445model2 loss : 0.033031pseudo_supervision1 : 0.000000pseudo_supervision2 : 0.000000
iteration 23940 :model1 loss : 0.120477model2 loss : 0.063863pseudo_supervision1 : 0.000000pseudo_supervision2 : 0.000000
iteration 23960 :model1 loss : 0.209089model2 loss : 0.049239pseudo_supervision1 : 0.000000pseudo_supervision2 : 0.000000
iteration 23980 :model1 loss : 0.193828model2 loss : 0.055333pseudo_supervision1 : 0.000000pseudo_supervision2 : 0.000000
iteration 24000 :model1 loss : 0.133590model2 loss : 0.035254pseudo_supervision1 : 0.000000pseudo_supervision2 : 0.000000
began evaluation!
iteration 24000: validation sampled 4/12 cases
Total test images: 4
Validation begin
Validation end
avg metric shape: (13, 3)
iteration 24000 : model_dice_score : 0.669849 model_hd95 : 2.884615
began evaluation!
Total test images: 4
Validation begin
===>test image:/projects/weilab/liupeng/data/raw/ssl_seg/BTCV/Training_resampled_1.5_1.5_2.0_npy_zscore/img/img0035.npy
condition batch eval, img shape:(235, 314, 314), sx:4, sy:4, sz:4, num_conditions:2
condition:1, metric:[0.8441728 0.        0.       ]
condition:2, metric:[0.84690811 0.         0.        ]
condition batch eval, img shape:(235, 314, 314), sx:4, sy:4, sz:4, num_conditions:2
condition:3, metric:[0.88264459 0.         0.        ]
condition:4, metric:[  0. 150. 150.]
condition batch eval, img shape:(235, 314, 314), sx:4, sy:4, sz:4, num_conditions:2
condition:5, metric:[0.22543906 0.         0.        ]
condition:6, metric:[0.91087082 0.         0.        ]
condition batch eval, img shape:(235, 314, 314), sx:4, sy:4, sz:4, num_conditions:2
condition:7, metric:[0.50120194 0.         0.        ]
condition:8, metric:[0.8928008 0.        0.       ]
condition batch eval, img shape:(235, 314, 314), sx:4, sy:4, sz:4, num_conditions:2
condition:9, metric:[0.78537639 0.         0.        ]
condition:10, metric:[0.24627411 0.         0.        ]
condition batch eval, img shape:(235, 314, 314), sx:4, sy:4, sz:4, num_conditions:2
condition:11, metric:[0.08232132 0.         0.        ]
condition:12, metric:[0. 0. 0.]
condition batch eval, img shape:(235, 314, 314), sx:4, sy:4, sz:4, num_conditions:1
condition:13, metric:[0.0464666 0.        0.       ]
===>test image:/projects/weilab/liupeng/data/raw/ssl_seg/BTCV/Training_resampled_1.5_1.5_2.0_npy_zscore/img/img0029.npy
condition batch eval, img shape:(150, 299, 299), sx:2, sy:4, sz:4, num_conditions:2
condition:1, metric:[0.91896874 0.         0.        ]
condition:2, metric:[0.91945741 0.         0.        ]
condition batch eval, img shape:(150, 299, 299), sx:2, sy:4, sz:4, num_conditions:2
condition:3, metric:[0.87912433 0.         0.        ]
condition:4, metric:[0.27085378 0.         0.        ]
condition batch eval, img shape:(150, 299, 299), sx:2, sy:4, sz:4, num_conditions:2
condition:5, metric:[0.34719448 0.         0.        ]
condition:6, metric:[0.93396522 0.         0.        ]
condition batch eval, img shape:(150, 299, 299), sx:2, sy:4, sz:4, num_conditions:2
condition:7, metric:[0.40641024 0.         0.        ]
condition:8, metric:[0.92087043 0.         0.        ]
condition batch eval, img shape:(150, 299, 299), sx:2, sy:4, sz:4, num_conditions:2
condition:9, metric:[0.80150037 0.         0.        ]
condition:10, metric:[0.35323306 0.         0.        ]
condition batch eval, img shape:(150, 299, 299), sx:2, sy:4, sz:4, num_conditions:2
condition:11, metric:[0.37919331 0.         0.        ]
condition:12, metric:[  0. 150. 150.]
condition batch eval, img shape:(150, 299, 299), sx:2, sy:4, sz:4, num_conditions:1
condition:13, metric:[  0. 150. 150.]
===>test image:/projects/weilab/liupeng/data/raw/ssl_seg/BTCV/Training_resampled_1.5_1.5_2.0_npy_zscore/img/img0032.npy
condition batch eval, img shape:(216, 253, 253), sx:3, sy:3, sz:3, num_conditions:2
condition:1, metric:[0.85382923 0.         0.        ]
condition:2, metric:[0.92020239 0.         0.        ]
condition batch eval, img shape:(216, 253, 253), sx:3, sy:3, sz:3, num_conditions:2
condition:3, metric:[0.8327289 0.        0.       ]
condition:4, metric:[0.81355311 0.         0.        ]
condition batch eval, img shape:(216, 253, 253), sx:3, sy:3, sz:3, num_conditions:2
condition:5, metric:[0.28749604 0.         0.        ]
condition:6, metric:[0.93614914 0.         0.        ]
condition batch eval, img shape:(216, 253, 253), sx:3, sy:3, sz:3, num_conditions:2
condition:7, metric:[0.75259891 0.         0.        ]
condition:8, metric:[0.8982292 0.        0.       ]
condition batch eval, img shape:(216, 253, 253), sx:3, sy:3, sz:3, num_conditions:2
condition:9, metric:[0.6598997 0.        0.       ]
condition:10, metric:[0.18549364 0.         0.        ]
condition batch eval, img shape:(216, 253, 253), sx:3, sy:3, sz:3, num_conditions:2
condition:11, metric:[0.27852688 0.         0.        ]
condition:12, metric:[  0. 150. 150.]
condition batch eval, img shape:(216, 253, 253), sx:3, sy:3, sz:3, num_conditions:1
condition:13, metric:[  0. 150. 150.]
===>test image:/projects/weilab/liupeng/data/raw/ssl_seg/BTCV/Training_resampled_1.5_1.5_2.0_npy_zscore/img/img0002.npy
condition batch eval, img shape:(208, 246, 246), sx:3, sy:3, sz:3, num_conditions:2
condition:1, metric:[0.88308731 0.         0.        ]
condition:2, metric:[0.92276887 0.         0.        ]
condition batch eval, img shape:(208, 246, 246), sx:3, sy:3, sz:3, num_conditions:2
condition:3, metric:[0.9036852 0.        0.       ]
condition:4, metric:[0.73699284 0.         0.        ]
condition batch eval, img shape:(208, 246, 246), sx:3, sy:3, sz:3, num_conditions:2
condition:5, metric:[0.17853677 0.         0.        ]
condition:6, metric:[0.94275592 0.         0.        ]
condition batch eval, img shape:(208, 246, 246), sx:3, sy:3, sz:3, num_conditions:2
condition:7, metric:[0.71795958 0.         0.        ]
condition:8, metric:[0.8743818 0.        0.       ]
condition batch eval, img shape:(208, 246, 246), sx:3, sy:3, sz:3, num_conditions:2
condition:9, metric:[0.72200329 0.         0.        ]
condition:10, metric:[0.27249906 0.         0.        ]
condition batch eval, img shape:(208, 246, 246), sx:3, sy:3, sz:3, num_conditions:2
condition:11, metric:[0.37597753 0.         0.        ]
condition:12, metric:[0. 0. 0.]
condition batch eval, img shape:(208, 246, 246), sx:3, sy:3, sz:3, num_conditions:1
condition:13, metric:[0.241944 0.       0.      ]
Validation end
avg metric shape: (13, 3)
save model to ../model/BTCV_5_C3PS_scalar_baseline_same_split_with_magicNet_3channels_nosemi_SGD_SGD/unet_3D_old/iter_24000_dice_0.5497
iteration 24000 : model2_dice_score : 0.549741 model2_hd95 : 14.423077
save model to ../model/BTCV_5_C3PS_scalar_baseline_same_split_with_magicNet_3channels_nosemi_SGD_SGD/unet_3D_old/model_iter_24000.pth
save model2 to ../model/BTCV_5_C3PS_scalar_baseline_same_split_with_magicNet_3channels_nosemi_SGD_SGD/unet_3D_old/model2_iter_24000.pth
iteration 24020 :model1 loss : 0.121205model2 loss : 0.076097pseudo_supervision1 : 0.000000pseudo_supervision2 : 0.000000
iteration 24040 :model1 loss : 0.169463model2 loss : 0.057825pseudo_supervision1 : 0.000000pseudo_supervision2 : 0.000000
iteration 24060 :model1 loss : 0.241847model2 loss : 0.177515pseudo_supervision1 : 0.000000pseudo_supervision2 : 0.000000
iteration 24080 :model1 loss : 0.146394model2 loss : 0.059382pseudo_supervision1 : 0.000000pseudo_supervision2 : 0.000000
iteration 24100 :model1 loss : 0.122153model2 loss : 0.049686pseudo_supervision1 : 0.000000pseudo_supervision2 : 0.000000
iteration 24120 :model1 loss : 0.347002model2 loss : 0.047984pseudo_supervision1 : 0.000000pseudo_supervision2 : 0.000000
iteration 24140 :model1 loss : 0.133330model2 loss : 0.053809pseudo_supervision1 : 0.000000pseudo_supervision2 : 0.000000
iteration 24160 :model1 loss : 0.141093model2 loss : 0.054693pseudo_supervision1 : 0.000000pseudo_supervision2 : 0.000000
iteration 24180 :model1 loss : 0.136904model2 loss : 0.055306pseudo_supervision1 : 0.000000pseudo_supervision2 : 0.000000
iteration 24200 :model1 loss : 0.134813model2 loss : 0.059159pseudo_supervision1 : 0.000000pseudo_supervision2 : 0.000000
save model to ../model/BTCV_5_C3PS_scalar_baseline_same_split_with_magicNet_3channels_nosemi_SGD_SGD/unet_3D_old/model_iter_24200.pth
save model2 to ../model/BTCV_5_C3PS_scalar_baseline_same_split_with_magicNet_3channels_nosemi_SGD_SGD/unet_3D_old/model2_iter_24200.pth
iteration 24220 :model1 loss : 0.140661model2 loss : 0.055466pseudo_supervision1 : 0.000000pseudo_supervision2 : 0.000000
iteration 24240 :model1 loss : 0.467127model2 loss : 0.335776pseudo_supervision1 : 0.000000pseudo_supervision2 : 0.000000
iteration 24260 :model1 loss : 0.205758model2 loss : 0.029648pseudo_supervision1 : 0.000000pseudo_supervision2 : 0.000000
iteration 24280 :model1 loss : 0.324290model2 loss : 0.035905pseudo_supervision1 : 0.000000pseudo_supervision2 : 0.000000
iteration 24300 :model1 loss : 0.274881model2 loss : 0.034129pseudo_supervision1 : 0.000000pseudo_supervision2 : 0.000000
iteration 24320 :model1 loss : 0.133141model2 loss : 0.114339pseudo_supervision1 : 0.000000pseudo_supervision2 : 0.000000
iteration 24340 :model1 loss : 0.159148model2 loss : 0.060854pseudo_supervision1 : 0.000000pseudo_supervision2 : 0.000000
iteration 24360 :model1 loss : 0.146740model2 loss : 0.053735pseudo_supervision1 : 0.000000pseudo_supervision2 : 0.000000
iteration 24380 :model1 loss : 0.323125model2 loss : 0.032514pseudo_supervision1 : 0.000000pseudo_supervision2 : 0.000000
iteration 24400 :model1 loss : 0.215832model2 loss : 0.047417pseudo_supervision1 : 0.000000pseudo_supervision2 : 0.000000
began evaluation!
iteration 24400: validation sampled 4/12 cases
Total test images: 4
Validation begin
Validation end
avg metric shape: (13, 3)
iteration 24400 : model_dice_score : 0.645811 model_hd95 : 2.884615
began evaluation!
Total test images: 4
Validation begin
===>test image:/projects/weilab/liupeng/data/raw/ssl_seg/BTCV/Training_resampled_1.5_1.5_2.0_npy_zscore/img/img0008.npy
condition batch eval, img shape:(222, 249, 249), sx:3, sy:3, sz:3, num_conditions:2
condition:1, metric:[0.87089356 0.         0.        ]
condition:2, metric:[0.01583029 0.         0.        ]
condition batch eval, img shape:(222, 249, 249), sx:3, sy:3, sz:3, num_conditions:2
condition:3, metric:[0.02168413 0.         0.        ]
condition:4, metric:[0.42229199 0.         0.        ]
condition batch eval, img shape:(222, 249, 249), sx:3, sy:3, sz:3, num_conditions:2
condition:5, metric:[0.26341169 0.         0.        ]
condition:6, metric:[0.938026 0.       0.      ]
condition batch eval, img shape:(222, 249, 249), sx:3, sy:3, sz:3, num_conditions:2
condition:7, metric:[0.67808752 0.         0.        ]
condition:8, metric:[0.83295444 0.         0.        ]
condition batch eval, img shape:(222, 249, 249), sx:3, sy:3, sz:3, num_conditions:2
condition:9, metric:[0.79430694 0.         0.        ]
condition:10, metric:[0.47423308 0.         0.        ]
condition batch eval, img shape:(222, 249, 249), sx:3, sy:3, sz:3, num_conditions:2
condition:11, metric:[0.17936331 0.         0.        ]
condition:12, metric:[0.08659794 0.         0.        ]
condition batch eval, img shape:(222, 249, 249), sx:3, sy:3, sz:3, num_conditions:1
condition:13, metric:[0.25737265 0.         0.        ]
===>test image:/projects/weilab/liupeng/data/raw/ssl_seg/BTCV/Training_resampled_1.5_1.5_2.0_npy_zscore/img/img0029.npy
condition batch eval, img shape:(150, 299, 299), sx:2, sy:4, sz:4, num_conditions:2
condition:1, metric:[0.91624499 0.         0.        ]
condition:2, metric:[0.90498903 0.         0.        ]
condition batch eval, img shape:(150, 299, 299), sx:2, sy:4, sz:4, num_conditions:2
condition:3, metric:[0.89992349 0.         0.        ]
condition:4, metric:[0.01360544 0.         0.        ]
condition batch eval, img shape:(150, 299, 299), sx:2, sy:4, sz:4, num_conditions:2
condition:5, metric:[0.34256745 0.         0.        ]
condition:6, metric:[0.93601298 0.         0.        ]
condition batch eval, img shape:(150, 299, 299), sx:2, sy:4, sz:4, num_conditions:2
condition:7, metric:[0.7095723 0.        0.       ]
condition:8, metric:[0.89058383 0.         0.        ]
condition batch eval, img shape:(150, 299, 299), sx:2, sy:4, sz:4, num_conditions:2
condition:9, metric:[0.79875981 0.         0.        ]
condition:10, metric:[0.35610448 0.         0.        ]
condition batch eval, img shape:(150, 299, 299), sx:2, sy:4, sz:4, num_conditions:2
condition:11, metric:[0.23816548 0.         0.        ]
condition:12, metric:[0.0275989 0.        0.       ]
condition batch eval, img shape:(150, 299, 299), sx:2, sy:4, sz:4, num_conditions:1
condition:13, metric:[0. 0. 0.]
===>test image:/projects/weilab/liupeng/data/raw/ssl_seg/BTCV/Training_resampled_1.5_1.5_2.0_npy_zscore/img/img0002.npy
condition batch eval, img shape:(208, 246, 246), sx:3, sy:3, sz:3, num_conditions:2
condition:1, metric:[0.89295588 0.         0.        ]
condition:2, metric:[0.91570406 0.         0.        ]
condition batch eval, img shape:(208, 246, 246), sx:3, sy:3, sz:3, num_conditions:2
condition:3, metric:[0.90975152 0.         0.        ]
condition:4, metric:[0.6381023 0.        0.       ]
condition batch eval, img shape:(208, 246, 246), sx:3, sy:3, sz:3, num_conditions:2
condition:5, metric:[0.2406441 0.        0.       ]
condition:6, metric:[0.94642155 0.         0.        ]
condition batch eval, img shape:(208, 246, 246), sx:3, sy:3, sz:3, num_conditions:2
condition:7, metric:[0.83698773 0.         0.        ]
condition:8, metric:[0.86109637 0.         0.        ]
condition batch eval, img shape:(208, 246, 246), sx:3, sy:3, sz:3, num_conditions:2
condition:9, metric:[0.71890607 0.         0.        ]
condition:10, metric:[0.39523212 0.         0.        ]
condition batch eval, img shape:(208, 246, 246), sx:3, sy:3, sz:3, num_conditions:2
condition:11, metric:[0.70028627 0.         0.        ]
condition:12, metric:[0. 0. 0.]
condition batch eval, img shape:(208, 246, 246), sx:3, sy:3, sz:3, num_conditions:1
condition:13, metric:[0.35877533 0.         0.        ]
===>test image:/projects/weilab/liupeng/data/raw/ssl_seg/BTCV/Training_resampled_1.5_1.5_2.0_npy_zscore/img/img0022.npy
condition batch eval, img shape:(222, 262, 262), sx:3, sy:3, sz:3, num_conditions:2
condition:1, metric:[0.83635895 0.         0.        ]
condition:2, metric:[0.81769778 0.         0.        ]
condition batch eval, img shape:(222, 262, 262), sx:3, sy:3, sz:3, num_conditions:2
condition:3, metric:[0.84782932 0.         0.        ]
condition:4, metric:[0.20926546 0.         0.        ]
condition batch eval, img shape:(222, 262, 262), sx:3, sy:3, sz:3, num_conditions:2
condition:5, metric:[0.11594584 0.         0.        ]
condition:6, metric:[0.91856228 0.         0.        ]
condition batch eval, img shape:(222, 262, 262), sx:3, sy:3, sz:3, num_conditions:2
condition:7, metric:[0.38581572 0.         0.        ]
condition:8, metric:[0.90169078 0.         0.        ]
condition batch eval, img shape:(222, 262, 262), sx:3, sy:3, sz:3, num_conditions:2
condition:9, metric:[0.75054172 0.         0.        ]
condition:10, metric:[0.33257975 0.         0.        ]
condition batch eval, img shape:(222, 262, 262), sx:3, sy:3, sz:3, num_conditions:2
condition:11, metric:[0.28204072 0.         0.        ]
condition:12, metric:[0. 0. 0.]
condition batch eval, img shape:(222, 262, 262), sx:3, sy:3, sz:3, num_conditions:1
condition:13, metric:[0.20263425 0.         0.        ]
Validation end
avg metric shape: (13, 3)
iteration 24400 : model2_dice_score : 0.536250 model2_hd95 : 0.000000
save model to ../model/BTCV_5_C3PS_scalar_baseline_same_split_with_magicNet_3channels_nosemi_SGD_SGD/unet_3D_old/model_iter_24400.pth
save model2 to ../model/BTCV_5_C3PS_scalar_baseline_same_split_with_magicNet_3channels_nosemi_SGD_SGD/unet_3D_old/model2_iter_24400.pth
iteration 24420 :model1 loss : 0.232903model2 loss : 0.033237pseudo_supervision1 : 0.000000pseudo_supervision2 : 0.000000
iteration 24440 :model1 loss : 0.128687model2 loss : 0.181121pseudo_supervision1 : 0.000000pseudo_supervision2 : 0.000000
iteration 24460 :model1 loss : 0.138604model2 loss : 0.037885pseudo_supervision1 : 0.000000pseudo_supervision2 : 0.000000
iteration 24480 :model1 loss : 0.255006model2 loss : 0.037027pseudo_supervision1 : 0.000000pseudo_supervision2 : 0.000000
iteration 24500 :model1 loss : 0.210394model2 loss : 0.036090pseudo_supervision1 : 0.000000pseudo_supervision2 : 0.000000
iteration 24520 :model1 loss : 0.144742model2 loss : 0.039443pseudo_supervision1 : 0.000000pseudo_supervision2 : 0.000000
iteration 24540 :model1 loss : 0.151602model2 loss : 0.162912pseudo_supervision1 : 0.000000pseudo_supervision2 : 0.000000
iteration 24560 :model1 loss : 0.160872model2 loss : 0.033598pseudo_supervision1 : 0.000000pseudo_supervision2 : 0.000000
iteration 24580 :model1 loss : 0.192221model2 loss : 0.033307pseudo_supervision1 : 0.000000pseudo_supervision2 : 0.000000
iteration 24600 :model1 loss : 0.194308model2 loss : 0.067542pseudo_supervision1 : 0.000000pseudo_supervision2 : 0.000000
save model to ../model/BTCV_5_C3PS_scalar_baseline_same_split_with_magicNet_3channels_nosemi_SGD_SGD/unet_3D_old/model_iter_24600.pth
save model2 to ../model/BTCV_5_C3PS_scalar_baseline_same_split_with_magicNet_3channels_nosemi_SGD_SGD/unet_3D_old/model2_iter_24600.pth
iteration 24620 :model1 loss : 0.147931model2 loss : 0.109649pseudo_supervision1 : 0.000000pseudo_supervision2 : 0.000000
iteration 24640 :model1 loss : 0.230631model2 loss : 0.044245pseudo_supervision1 : 0.000000pseudo_supervision2 : 0.000000
iteration 24660 :model1 loss : 0.131637model2 loss : 0.046038pseudo_supervision1 : 0.000000pseudo_supervision2 : 0.000000
iteration 24680 :model1 loss : 0.136547model2 loss : 0.085331pseudo_supervision1 : 0.000000pseudo_supervision2 : 0.000000
iteration 24700 :model1 loss : 0.155158model2 loss : 0.085973pseudo_supervision1 : 0.000000pseudo_supervision2 : 0.000000
iteration 24720 :model1 loss : 0.164064model2 loss : 0.045936pseudo_supervision1 : 0.000000pseudo_supervision2 : 0.000000
iteration 24740 :model1 loss : 0.188737model2 loss : 0.048641pseudo_supervision1 : 0.000000pseudo_supervision2 : 0.000000
iteration 24760 :model1 loss : 0.199325model2 loss : 0.033537pseudo_supervision1 : 0.000000pseudo_supervision2 : 0.000000
iteration 24780 :model1 loss : 0.116301model2 loss : 0.048596pseudo_supervision1 : 0.000000pseudo_supervision2 : 0.000000
iteration 24800 :model1 loss : 0.213597model2 loss : 0.042748pseudo_supervision1 : 0.000000pseudo_supervision2 : 0.000000
began evaluation!
iteration 24800: validation sampled 4/12 cases
Total test images: 4
Validation begin
Validation end
avg metric shape: (13, 3)
iteration 24800 : model_dice_score : 0.618702 model_hd95 : 2.884615
began evaluation!
Total test images: 4
Validation begin
===>test image:/projects/weilab/liupeng/data/raw/ssl_seg/BTCV/Training_resampled_1.5_1.5_2.0_npy_zscore/img/img0038.npy
condition batch eval, img shape:(250, 333, 333), sx:4, sy:4, sz:4, num_conditions:2
condition:1, metric:[0.73688322 0.         0.        ]
condition:2, metric:[0.59362715 0.         0.        ]
condition batch eval, img shape:(250, 333, 333), sx:4, sy:4, sz:4, num_conditions:2
condition:3, metric:[0.84235486 0.         0.        ]
condition:4, metric:[0.00675325 0.         0.        ]
condition batch eval, img shape:(250, 333, 333), sx:4, sy:4, sz:4, num_conditions:2
condition:5, metric:[0.30457998 0.         0.        ]
condition:6, metric:[0.85862901 0.         0.        ]
condition batch eval, img shape:(250, 333, 333), sx:4, sy:4, sz:4, num_conditions:2
condition:7, metric:[0.10007543 0.         0.        ]
condition:8, metric:[0.84818731 0.         0.        ]
condition batch eval, img shape:(250, 333, 333), sx:4, sy:4, sz:4, num_conditions:2
condition:9, metric:[0.41558317 0.         0.        ]
condition:10, metric:[0.29398066 0.         0.        ]
condition batch eval, img shape:(250, 333, 333), sx:4, sy:4, sz:4, num_conditions:2
condition:11, metric:[0.37331698 0.         0.        ]
condition:12, metric:[0.12466125 0.         0.        ]
condition batch eval, img shape:(250, 333, 333), sx:4, sy:4, sz:4, num_conditions:1
condition:13, metric:[0.06929825 0.         0.        ]
===>test image:/projects/weilab/liupeng/data/raw/ssl_seg/BTCV/Training_resampled_1.5_1.5_2.0_npy_zscore/img/img0022.npy
condition batch eval, img shape:(222, 262, 262), sx:3, sy:3, sz:3, num_conditions:2
condition:1, metric:[0.83557866 0.         0.        ]
condition:2, metric:[0.77320973 0.         0.        ]
condition batch eval, img shape:(222, 262, 262), sx:3, sy:3, sz:3, num_conditions:2
condition:3, metric:[0.84335221 0.         0.        ]
condition:4, metric:[0.25796719 0.         0.        ]
condition batch eval, img shape:(222, 262, 262), sx:3, sy:3, sz:3, num_conditions:2
condition:5, metric:[0.2723036 0.        0.       ]
condition:6, metric:[0.90822826 0.         0.        ]
condition batch eval, img shape:(222, 262, 262), sx:3, sy:3, sz:3, num_conditions:2
condition:7, metric:[0.12058023 0.         0.        ]
condition:8, metric:[0.91675682 0.         0.        ]
condition batch eval, img shape:(222, 262, 262), sx:3, sy:3, sz:3, num_conditions:2
condition:9, metric:[0.64281525 0.         0.        ]
condition:10, metric:[0.32095305 0.         0.        ]
condition batch eval, img shape:(222, 262, 262), sx:3, sy:3, sz:3, num_conditions:2
condition:11, metric:[0.29544625 0.         0.        ]
condition:12, metric:[0. 0. 0.]
condition batch eval, img shape:(222, 262, 262), sx:3, sy:3, sz:3, num_conditions:1
condition:13, metric:[0.14965986 0.         0.        ]
===>test image:/projects/weilab/liupeng/data/raw/ssl_seg/BTCV/Training_resampled_1.5_1.5_2.0_npy_zscore/img/img0008.npy
condition batch eval, img shape:(222, 249, 249), sx:3, sy:3, sz:3, num_conditions:2
condition:1, metric:[0.87205209 0.         0.        ]
condition:2, metric:[0.01607462 0.         0.        ]
condition batch eval, img shape:(222, 249, 249), sx:3, sy:3, sz:3, num_conditions:2
condition:3, metric:[0.05158592 0.         0.        ]
condition:4, metric:[0.37072668 0.         0.        ]
condition batch eval, img shape:(222, 249, 249), sx:3, sy:3, sz:3, num_conditions:2
condition:5, metric:[0.47055068 0.         0.        ]
condition:6, metric:[0.92635263 0.         0.        ]
condition batch eval, img shape:(222, 249, 249), sx:3, sy:3, sz:3, num_conditions:2
condition:7, metric:[0.58667038 0.         0.        ]
condition:8, metric:[0.66832422 0.         0.        ]
condition batch eval, img shape:(222, 249, 249), sx:3, sy:3, sz:3, num_conditions:2
condition:9, metric:[0.7594697 0.        0.       ]
condition:10, metric:[0.45453687 0.         0.        ]
condition batch eval, img shape:(222, 249, 249), sx:3, sy:3, sz:3, num_conditions:2
condition:11, metric:[0.28107508 0.         0.        ]
condition:12, metric:[0.32943677 0.         0.        ]
condition batch eval, img shape:(222, 249, 249), sx:3, sy:3, sz:3, num_conditions:1
condition:13, metric:[0.17191283 0.         0.        ]
===>test image:/projects/weilab/liupeng/data/raw/ssl_seg/BTCV/Training_resampled_1.5_1.5_2.0_npy_zscore/img/img0032.npy
condition batch eval, img shape:(216, 253, 253), sx:3, sy:3, sz:3, num_conditions:2
condition:1, metric:[0.82728881 0.         0.        ]
condition:2, metric:[0.88852864 0.         0.        ]
condition batch eval, img shape:(216, 253, 253), sx:3, sy:3, sz:3, num_conditions:2
condition:3, metric:[0.86462029 0.         0.        ]
condition:4, metric:[0.35051039 0.         0.        ]
condition batch eval, img shape:(216, 253, 253), sx:3, sy:3, sz:3, num_conditions:2
condition:5, metric:[0.35324939 0.         0.        ]
condition:6, metric:[0.88770737 0.         0.        ]
condition batch eval, img shape:(216, 253, 253), sx:3, sy:3, sz:3, num_conditions:2
condition:7, metric:[0.22017586 0.         0.        ]
condition:8, metric:[0.61594758 0.         0.        ]
condition batch eval, img shape:(216, 253, 253), sx:3, sy:3, sz:3, num_conditions:2
condition:9, metric:[0.54752384 0.         0.        ]
condition:10, metric:[0.30730363 0.         0.        ]
condition batch eval, img shape:(216, 253, 253), sx:3, sy:3, sz:3, num_conditions:2
condition:11, metric:[0.32939385 0.         0.        ]
condition:12, metric:[0.16024845 0.         0.        ]
condition batch eval, img shape:(216, 253, 253), sx:3, sy:3, sz:3, num_conditions:1
condition:13, metric:[0. 0. 0.]
Validation end
avg metric shape: (13, 3)
iteration 24800 : model2_dice_score : 0.465693 model2_hd95 : 0.000000
save model to ../model/BTCV_5_C3PS_scalar_baseline_same_split_with_magicNet_3channels_nosemi_SGD_SGD/unet_3D_old/model_iter_24800.pth
save model2 to ../model/BTCV_5_C3PS_scalar_baseline_same_split_with_magicNet_3channels_nosemi_SGD_SGD/unet_3D_old/model2_iter_24800.pth
